gloss,variant,signer,session,scene,start_frame,end_frame,session_scene,id
False,False,Tyler,ASL_2008_05_29a,18,560,585,ASL_2008_05_29a-18,0
False,FALSE+,Brady,ASL_2011_06_08_Brady,13,4090,4115,ASL_2011_06_08_Brady-13,1
False,FALSE+,Brady,ASL_2011_06_14_Brady,15,8090,8129,ASL_2011_06_14_Brady-15,2
False,FALSE+,Brady,ASL_2011_06_14_Brady,17,4601,4630,ASL_2011_06_14_Brady-17,3
False,FALSE+,Liz,ASL_2008_01_18,38,662,702,ASL_2008_01_18-38,4
False,FALSE+,Naomi,ASL_2008_08_06,38,320,345,ASL_2008_08_06-38,5
#AC,#AC,Brady,ASL_2011_07_22_Brady,37,332,353,ASL_2011_07_22_Brady-37,6
#AC,#AC,Liz,ASL_2008_01_11,4,3285,3325,ASL_2008_01_11-4,7
#AC,#AC,Naomi,ASL_2008_08_04,3,2382,2400,ASL_2008_08_04-3,8
#AC,#AC,Tyler,ASL_2008_05_12a,3,1995,2035,ASL_2008_05_12a-3,9
#ALL,#ALL,Brady,ASL_2011_06_08_Brady,10,7838,7857,ASL_2011_06_08_Brady-10,10
#ALL,#ALL,Dana,ASL_2007_05_24,5,450,488,ASL_2007_05_24-5,11
#ALL,#ALL,Liz,ASL_2008_01_11,12,275,300,ASL_2008_01_11-12,12
#ALL,#ALL,Naomi,ASL_2008_08_04,8,2922,2942,ASL_2008_08_04-8,13
#ALL,#ALL,Tyler,ASL_2008_05_12a,9,2542,2570,ASL_2008_05_12a-9,14
#ALL,#ALL_2,Lana,ASL_2006_10_10,2,396,416,ASL_2006_10_10-2,15
#ASL,#ASL,Brady,ASL_2011_06_08_Brady,11,6136,6160,ASL_2011_06_08_Brady-11,16
#ASL,#ASL,Brady,ASL_2011_06_08_Brady,13,7966,7985,ASL_2011_06_08_Brady-13,17
#ASL,#ASL,Liz,ASL_2008_01_11,23,680,705,ASL_2008_01_11-23,18
#ASL,#ASL,Naomi,ASL_2008_08_04,15,2411,2430,ASL_2008_08_04-15,19
#ASL,#ASL,Tyler,ASL_2008_05_12a,10,2952,3000,ASL_2008_05_12a-10,20
#ASL,#ASL,Tyler,ASL_2008_05_12a,15,2631,2666,ASL_2008_05_12a-15,21
#BACK,#BACK,Brady,ASL_2011_06_08_Brady,15,1218,1246,ASL_2011_06_08_Brady-15,22
#BACK,#BACK,Liz,ASL_2008_01_11,28,1136,1171,ASL_2008_01_11-28,23
#BACK,#BACK,Tyler,ASL_2008_05_12a,18,3935,3952,ASL_2008_05_12a-18,24
#BACK,#BACK_2,Naomi,ASL_2008_08_04,18,2723,2735,ASL_2008_08_04-18,25
#BBQ,#BBQ,Brady,ASL_2011_06_08_Brady,16,6535,6556,ASL_2011_06_08_Brady-16,26
#BBQ,#BBQ,Liz,ASL_2010_08_10_Liz_additional_lexicon_signs,24,1140,1188,ASL_2010_08_10_Liz_additional_lexicon_signs-24,27
#BUS,#BUS,Brady,ASL_2011_06_08_Brady,24,7710,7725,ASL_2011_06_08_Brady-24,28
#BUS,#BUS,Liz,ASL_2008_01_11,59,1370,1418,ASL_2008_01_11-59,29
#BUS,#BUS,Naomi,ASL_2008_08_04,38,252,268,ASL_2008_08_04-38,30
#BUS,#BUS,Tyler,ASL_2008_05_12a,37,281,305,ASL_2008_05_12a-37,31
#CC,#CC,Brady,ASL_2011_06_08_Brady,26,2832,2848,ASL_2011_06_08_Brady-26,32
#CC,#CC,Liz,ASL_2010_08_10_Liz_additional_lexicon_signs,9,1060,1096,ASL_2010_08_10_Liz_additional_lexicon_signs-9,33
#CLUB,#CLUB,Dana,ASL_2007_05_24,5,809,842,ASL_2007_05_24-5,34
#CLUB,#CLUB,Lana,ASL_2006_10_10,2,660,680,ASL_2006_10_10-2,35
#CO,#CO,Brady,ASL_2011_06_08_Brady,24,10973,10981,ASL_2011_06_08_Brady-24,36
#CO,#CO,Liz,ASL_2008_01_11,61,486,514,ASL_2008_01_11-61,37
#CO,#CO,Naomi,ASL_2008_08_04,38,2375,2388,ASL_2008_08_04-38,38
#CO,#CO,Tyler,ASL_2008_05_12a,37,2290,2310,ASL_2008_05_12a-37,39
#CP,#CP,Brady,ASL_2011_06_08_Brady,24,11178,11192,ASL_2011_06_08_Brady-24,40
#CP,#CP,Liz,ASL_2008_01_11,61,690,725,ASL_2008_01_11-61,41
#CP,#CP,Naomi,ASL_2008_08_04,39,408,422,ASL_2008_08_04-39,42
"#DO++""WHAT""","#DO++""WHAT""",Liz,ASL_2008_03_28,39,1497,1532,ASL_2008_03_28-39,43
#DOG,#DOG+,Brady,ASL_2011_06_08_Brady,37,830,851,ASL_2011_06_08_Brady-37,44
#DOG,#DOG+,Lana,ASL_2006_10_10,7,640,662,ASL_2006_10_10-7,45
#DOG,#DOG+,Naomi,ASL_2008_08_06,21,1707,1730,ASL_2008_08_06-21,46
#DOG,#DOG+,Tyler,ASL_2008_05_29a,1,3946,3984,ASL_2008_05_29a-1,47
#DOG,#DOG++,Dana,ASL_2007_05_24,11,675,735,ASL_2007_05_24-11,48
#DOG,#DOG++,Liz,ASL_2008_01_18,21,1077,1110,ASL_2008_01_18-21,49
#EARLY,#EARLY,Brady,ASL_2011_06_14_Brady,9,4808,4841,ASL_2011_06_14_Brady-9,50
#EARLY,#EARLY,Brady,ASL_2011_06_14_Brady,9,5366,5401,ASL_2011_06_14_Brady-9,51
#EARLY,#EARLY,Liz,ASL_2008_01_18,27,1136,1202,ASL_2008_01_18-27,52
#EARLY,#EARLY,Liz,ASL_2008_01_18,27,1610,1667,ASL_2008_01_18-27,53
#ED,#ED,Brady,ASL_2011_06_14_Brady,10,2928,2946,ASL_2011_06_14_Brady-10,54
#ED,#ED,Liz,ASL_2010_08_10_Liz_additional_lexicon_signs,11,475,530,ASL_2010_08_10_Liz_additional_lexicon_signs-11,55
#ED,#ED,Naomi,ASL_2008_08_06,28,3062,3085,ASL_2008_08_06-28,56
#ED,#ED,Tyler,ASL_2008_05_29a,8,3115,3140,ASL_2008_05_29a-8,57
#ED,(1h)#ED,Liz,ASL_2008_01_18,28,2550,2575,ASL_2008_01_18-28,58
#FF,#FF,Brady,ASL_2011_06_14_Brady,23,879,891,ASL_2011_06_14_Brady-23,59
#FF,#FF,Dana,ASL_2007_05_24,15,2411,2459,ASL_2007_05_24-15,60
#FF,#FF,Liz,ASL_2008_01_18,49,1760,1795,ASL_2008_01_18-49,61
#FF,#FF,Naomi,ASL_2008_08_06,49,1341,1365,ASL_2008_08_06-49,62
#FF,#FF,Tyler,ASL_2008_05_29a,30,1545,1567,ASL_2008_05_29a-30,63
#FF,#FF_2,Lana,ASL_2006_10_10,11,2476,2500,ASL_2006_10_10-11,64
#FIX,#FIX,Liz,ASL_2008_01_18,43,1429,1454,ASL_2008_01_18-43,65
#FIX,#FIX,Naomi,ASL_2008_08_06,43,1445,1461,ASL_2008_08_06-43,66
#FIX,#FIX,Tyler,ASL_2008_05_29a,23,1280,1293,ASL_2008_05_29a-23,67
#HA-HA,#HA-HA+,Brady,ASL_2011_06_14_Brady,30,5273,5293,ASL_2011_06_14_Brady-30,68
#HA-HA,#HA-HA++,Liz,ASL_2010_08_10_Liz_additional_lexicon_signs,20,255,300,ASL_2010_08_10_Liz_additional_lexicon_signs-20,69
#HR,#HR,Brady,ASL_2011_06_14_Brady,30,5005,5016,ASL_2011_06_14_Brady-30,70
#HR,#HR,Liz,ASL_2008_02_01,15,825,865,ASL_2008_02_01-15,71
#HR,#HR,Naomi,ASL_2008_08_13,12,1176,1208,ASL_2008_08_13-12,72
#HR,#HR,Tyler,ASL_2008_05_29a,44,800,825,ASL_2008_05_29a-44,73
#IF,#IF+,Brady,ASL_2011_06_14_Brady,39,152,174,ASL_2011_06_14_Brady-39,74
#IF,#IF+,Liz,ASL_2008_02_01,29,1745,1790,ASL_2008_02_01-29,75
#IF,#IF+,Tyler,ASL_2008_05_29b,4,1730,1747,ASL_2008_05_29b-4,76
#IF,#IF++,Naomi,ASL_2008_08_13,24,4820,4852,ASL_2008_08_13-24,77
#JOB,#JOB,Brady,ASL_2011_06_14_Brady,43,4192,4203,ASL_2011_06_14_Brady-43,78
#JOB,#JOB,Lana,ASL_2006_10_10,2,1090,1103,ASL_2006_10_10-2,79
#JOB,#JOB,Liz,ASL_2008_02_01,37,2185,2216,ASL_2008_02_01-37,80
#JOB,#JOB_2,Dana,ASL_2007_05_24,5,1309,1361,ASL_2007_05_24-5,81
#JOB,#JOB_2,Naomi,ASL_2008_08_13,31,1507,1522,ASL_2008_08_13-31,82
#LAB,#LAB,Brady,ASL_2011_06_14_Brady,46,300,317,ASL_2011_06_14_Brady-46,83
#LAB,#LAB,Liz,ASL_2010_08_10_Liz_additional_lexicon_signs,31,501,535,ASL_2010_08_10_Liz_additional_lexicon_signs-31,84
#MW,#MW,Liz,ASL_2008_02_01,56,1181,1205,ASL_2008_02_01-56,85
#NO,#NO,Lana,ASL_2006_10_10,19,1929,1933,ASL_2006_10_10-19,86
#NO,#NO,Liz,ASL_2008_02_15,19,3673,3705,ASL_2008_02_15-19,87
#NO,#NO++,Dana,ASL_2007_05_24,21,1838,1880,ASL_2007_05_24-21,88
#OD,#OD,Brady,ASL_2011_07_19_Brady,23,3836,3854,ASL_2011_07_19_Brady-23,89
#OD,#OD,Liz,ASL_2010_08_10_Liz_additional_lexicon_signs,21,1502,1541,ASL_2010_08_10_Liz_additional_lexicon_signs-21,90
#OFF,#OFF,Brady,ASL_2011_07_19_Brady,18,1496,1514,ASL_2011_07_19_Brady-18,91
#OFF,#OFF,Liz,ASL_2008_02_15,23,772,800,ASL_2008_02_15-23,92
#OK,#OK,Brady,ASL_2011_07_19_Brady,17,2402,2410,ASL_2011_07_19_Brady-17,93
#OK,#OK,Liz,ASL_2008_02_15,22,1095,1132,ASL_2008_02_15-22,94
#OR,#OR,Brady,ASL_2011_07_19_Brady,17,2600,2612,ASL_2011_07_19_Brady-17,95
#OR,#OR,Liz,ASL_2008_02_15,22,1290,1340,ASL_2008_02_15-22,96
#PE,#PE,Brady,ASL_2011_06_14_Brady,30,3107,3120,ASL_2011_06_14_Brady-30,97
#PE,#PE,Liz,ASL_2008_02_01,13,3275,3320,ASL_2008_02_01-13,98
#PE,#PE,Naomi,ASL_2008_08_13,11,3351,3385,ASL_2008_08_13-11,99
#PE,(2h)#PE,Brady,ASL_2011_06_14_Brady,30,3800,3820,ASL_2011_06_14_Brady-30,100
#PIZZA,#PIZZA,Liz,ASL_2008_02_15,40,3820,3885,ASL_2008_02_15-40,101
#PO,#PO,Brady,ASL_2011_07_19_Brady,39,479,497,ASL_2011_07_19_Brady-39,102
#PO,#PO,Liz,ASL_2008_02_15,45,915,931,ASL_2008_02_15-45,103
#REF,#REF,Brady,ASL_2011_07_19_Brady,53,131,154,ASL_2011_07_19_Brady-53,104
#REF,#REF,Liz,ASL_2008_02_29,8,562,610,ASL_2008_02_29-8,105
#RR,#RR,Brady,ASL_2011_07_19_Brady,58,971,995,ASL_2011_07_19_Brady-58,106
#RR,#RR,Dana,ASL_2007_05_24,25,1152,1186,ASL_2007_05_24-25,107
#RR,#RR,Liz,ASL_2008_02_29,13,1365,1402,ASL_2008_02_29-13,108
#SS,#SS,Brady,ASL_2011_07_19_Brady,89,2426,2464,ASL_2011_07_19_Brady-89,109
#SS,#SS,Liz,ASL_2008_02_29,37,1521,1570,ASL_2008_02_29-37,110
#TTY,#TTY,Brady,ASL_2011_07_22_Brady,12,2338,2362,ASL_2011_07_22_Brady-12,111
#TTY,#TTY,Liz,ASL_2008_03_28,24,1022,1054,ASL_2008_03_28-24,112
#TV,#TV+,Brady,ASL_2011_07_19_Brady,111,1150,1176,ASL_2011_07_19_Brady-111,113
#TV,#TV+,Liz,ASL_2008_03_28,7,490,511,ASL_2008_03_28-7,114
#WHAT,#WHAT,Brady,ASL_2011_07_22_Brady,27,3338,3370,ASL_2011_07_22_Brady-27,115
#WHAT,#WHAT,Liz,ASL_2008_03_28,39,2112,2175,ASL_2008_03_28-39,116
#WILL,#WILL,Brady,ASL_2011_07_22_Brady,30,1345,1374,ASL_2011_07_22_Brady-30,117
#WILL,#WILL,Liz,ASL_2008_03_28,42,1368,1397,ASL_2008_03_28-42,118
#WOW,#WOW,Brady,ASL_2011_07_22_Brady,33,2330,2360,ASL_2011_07_22_Brady-33,119
#WOW,#WOW,Liz,ASL_2008_03_28,45,1615,1662,ASL_2008_03_28-45,120
#YES,#YES,Brady,ASL_2011_07_22_Brady,35,2313,2330,ASL_2011_07_22_Brady-35,121
#YES,#YES,Liz,ASL_2008_03_28,47,2081,2111,ASL_2008_03_28-47,122
#YES,#YES,Liz,ASL_2008_03_28,47,2571,2595,ASL_2008_03_28-47,123
(1)FAR,(1)FAR,Dana,ASL_2007_05_24,13,335,381,ASL_2007_05_24-13,124
(1)FAR,(1)FAR,Lana,ASL_2006_10_10,9,320,361,ASL_2006_10_10-9,125
(1)GO-STEADY,(1)GO-STEADY+,Tyler,ASL_2008_05_29a,38,3070,3145,ASL_2008_05_29a-38,126
(1)WHO,(1)WHO+,Liz,ASL_2008_03_28,41,2111,2140,ASL_2008_03_28-41,127
(1)WHO,(1)WHO++,Brady,ASL_2011_07_22_Brady,30,114,158,ASL_2011_07_22_Brady-30,128
(1h)(L-X)INTERESTING+ZERO_2,(1h)(L-X)INTERESTING+ZERO_2,Liz,ASL_2008_02_15,21,1134,1203,ASL_2008_02_15-21,129
(1h)AREA,(1h)AREA,Lana,ASL_2006_10_10,17,2569,2620,ASL_2006_10_10-17,130
(1h)EAT-UP,(1h)EAT-UP,Liz,ASL_2008_01_18,4,905,950,ASL_2008_01_18-4,131
(1h)EAT-UP,(1h)EAT-UP,Naomi,ASL_2008_08_06,4,540,567,ASL_2008_08_06-4,132
(1h)GOOD/THANK-YOU,(1h)GOOD/THANK-YOU,Brady,ASL_2011_07_19_Brady,113,156,179,ASL_2011_07_19_Brady-113,133
(1h)GOOD/THANK-YOU,(1h)GOOD/THANK-YOU,Brady,ASL_2011_07_22_Brady,27,174,192,ASL_2011_07_22_Brady-27,134
(1h)GOOD/THANK-YOU,(1h)GOOD/THANK-YOU,Lana,ASL_2006_09_26,61,1426,1455,ASL_2006_09_26-61,135
(1h)GOOD/THANK-YOU,(1h)GOOD/THANK-YOU,Liz,ASL_2008_03_28,8,2510,2535,ASL_2008_03_28-8,136
(1h)GOOD/THANK-YOU,(1h)GOOD/THANK-YOU,Liz,ASL_2008_03_28,38,2055,2090,ASL_2008_03_28-38,137
(1h)HAMMER+AGENT,(1h)HAMMER+AGENT,Brady,ASL_2011_06_14_Brady,43,7360,7397,ASL_2011_06_14_Brady-43,138
(1h)HAPPY+(1h)MOST,(1h)HAPPY+(1h)MOST,Liz,ASL_2008_02_15,46,2685,2725,ASL_2008_02_15-46,139
(1h)HAPPY++NEW+YEAR,(1h)HAPPY++NEW+YEAR,Brady,ASL_2011_07_19_Brady,69,678,750,ASL_2011_07_19_Brady-69,140
(1h)HAPPY++NEW+YEAR,(1h)HAPPY++NEW+YEAR,Brady,ASL_2011_07_22_Brady,51,1916,1995,ASL_2011_07_22_Brady-51,141
(1h)LAST-YEAR,(1h)LAST-YEAR,Brady,ASL_2011_06_14_Brady,47,434,458,ASL_2011_06_14_Brady-47,142
(1h)LAST-YEAR,(1h)LAST-YEAR,Liz,ASL_2008_02_01,44,645,675,ASL_2008_02_01-44,143
(1h)LAST-YEAR,LAST-YEAR_2,Naomi,ASL_2008_08_13,37,1367,1388,ASL_2008_08_13-37,144
(1h)NONE/NOTHING,(1h)NONE/NOTHING,Liz,ASL_2008_02_15,20,971,1015,ASL_2008_02_15-20,145
(1h)SCREAM,(1h)SCREAM,Lana,ASL_2006_10_10,25,2276,2287,ASL_2006_10_10-25,146
(1h)STAY,(1h)STAY,Brady,ASL_2011_07_19_Brady,97,143,172,ASL_2011_07_19_Brady-97,147
(1h)STAY,(1h)STAY,Liz,ASL_2008_02_29,44,1945,1970,ASL_2008_02_29-44,148
(2h)#BACK_2,(2h)#BACK_2,Brady,ASL_2011_06_08_Brady,15,2294,2319,ASL_2011_06_08_Brady-15,149
(2h)#BACK_2,(2h)#BACK_2,Liz,ASL_2008_01_11,28,725,770,ASL_2008_01_11-28,150
(2h)DRIBBLE++SHOOT-BASKET,(2h)DRIBBLE++SHOOT-BASKET,Brady,ASL_2011_06_08_Brady,22,24600,24643,ASL_2011_06_08_Brady-22,151
(2h)THANK-YOU+SUGGEST,(2h)THANK-YOU+SUGGEST,Brady,ASL_2011_07_19_Brady,113,3858,3891,ASL_2011_07_19_Brady-113,152
(2h)THANK-YOU+SUGGEST,(2h)THANK-YOU+SUGGEST,Liz,ASL_2008_03_28,9,400,432,ASL_2008_03_28-9,153
(2h)THUMBS-UP/GOOD,(2h)THUMBS-UP/GOOD,Liz,ASL_2008_02_01,9,240,292,ASL_2008_02_01-9,154
(2h)THUMBS-UP/GOOD,(2h)THUMBS-UP/GOOD,Naomi,ASL_2008_08_13,7,3722,3746,ASL_2008_08_13-7,155
(2h)alt.ANGRY,(1h)ANGRY,Lana,ASL_2006_10_10,18,1089,1103,ASL_2006_10_10-18,156
(2h)alt.ANGRY,(2h)alt.ANGRY+,Brady,ASL_2011_06_08_Brady,9,12376,12410,ASL_2011_06_08_Brady-9,157
(2h)alt.ANGRY,(2h)alt.ANGRY+,Brady,ASL_2011_07_19_Brady,50,952,994,ASL_2011_07_19_Brady-50,158
(2h)alt.ANGRY,(2h)alt.ANGRY+,Liz,ASL_2008_01_11,10,380,425,ASL_2008_01_11-10,159
(2h)alt.ANGRY,(2h)alt.ANGRY+,Liz,ASL_2010_08_10_Liz_additional_lexicon_signs,8,2326,2380,ASL_2010_08_10_Liz_additional_lexicon_signs-8,160
(2h)alt.USE-SIGN-LANGUAGE,(2h)alt.USE-SIGN-LANGUAGE+,Brady,ASL_2011_07_19_Brady,82,1900,1950,ASL_2011_07_19_Brady-82,161
(2h)alt.USE-SIGN-LANGUAGE,(2h)alt.USE-SIGN-LANGUAGE+,Liz,ASL_2008_02_29,31,2516,2580,ASL_2008_02_29-31,162
(5)CRASH,(5)CRASH,Brady,ASL_2011_06_08_Brady,31,3061,3084,ASL_2011_06_08_Brady-31,163
(5)CRASH,(5)CRASH,Liz,ASL_2008_01_18,8,266,297,ASL_2008_01_18-8,164
(5)CRASH,(5)CRASH,Naomi,ASL_2008_08_06,7,4397,4430,ASL_2008_08_06-7,165
(5)CRASH,(5)CRASH,Tyler,ASL_2008_05_12b,7,3299,3335,ASL_2008_05_12b-7,166
(5)FOOT,(5)FEET,Tyler,ASL_2008_05_29a,20,1210,1270,ASL_2008_05_29a-20,167
(5)FOOT,(5)FOOT,Tyler,ASL_2008_05_29a,26,1645,1686,ASL_2008_05_29a-26,168
(5)WEATHER,(5)WEATHER,Brady,ASL_2011_07_22_Brady,26,781,813,ASL_2011_07_22_Brady-26,169
(5)WEATHER,(5)WEATHER,Liz,ASL_2008_03_28,37,2905,2935,ASL_2008_03_28-37,170
(A)ns-AFRICA,(A)ns-AFRICA,Liz,ASL_2010_08_10_Liz_additional_lexicon_signs,8,1381,1445,ASL_2010_08_10_Liz_additional_lexicon_signs-8,171
(A)ns-AFRICA,(A)ns-AFRICA,Naomi,ASL_2008_08_04,6,2280,2325,ASL_2008_08_04-6,172
(A)ns-ASIA,(A)ns-ASIA,Liz,ASL_2008_01_11,22,1590,1650,ASL_2008_01_11-22,173
(B)BLINDS,(B)BLINDS,Liz,ASL_2008_01_11,46,675,725,ASL_2008_01_11-46,174
(B)HOSPITAL_2,(B)HOSPITAL_2,Liz,ASL_2010_08_10_Liz_additional_lexicon_signs,11,4470,4550,ASL_2010_08_10_Liz_additional_lexicon_signs-11,175
(B)HOSPITAL_2,(H)HOSPITAL_2,Brady,ASL_2011_06_14_Brady,35,6029,6057,ASL_2011_06_14_Brady-35,176
(B-L)NAPKIN,(B-L)NAPKIN+,Liz,ASL_2008_02_15,15,322,377,ASL_2008_02_15-15,177
(C)VOMIT,(C)VOMIT,Brady,ASL_2011_07_22_Brady,21,2587,2607,ASL_2011_07_22_Brady-21,178
(E)E-MAIL,(E)E-MAIL,Brady,ASL_2011_06_14_Brady,9,2855,2871,ASL_2011_06_14_Brady-9,179
(E)E-MAIL,(E)E-MAIL,Liz,ASL_2008_01_18,26,2426,2455,ASL_2008_01_18-26,180
(G)THANKSGIVING,(G)THANKSGIVING,Liz,ASL_2008_03_28,9,121,175,ASL_2008_03_28-9,181
(Horns)SHOOT-ARROW,(Horns)SHOOT-ARROW,Tyler,ASL_2008_05_12a,13,3036,3067,ASL_2008_05_12a-13,182
(I)IRON-METAL,(I)IRON-METAL,Naomi,ASL_2008_08_13,29,1618,1662,ASL_2008_08_13-29,183
(K)KITCHEN,(K)KITCHEN,Brady,ASL_2011_06_14_Brady,45,2526,2554,ASL_2011_06_14_Brady-45,184
(K)KITCHEN,(K)KITCHEN,Liz,ASL_2008_02_01,41,2690,2735,ASL_2008_02_01-41,185
(K)KITCHEN,(K)KITCHEN,Naomi,ASL_2008_08_13,34,4475,4507,ASL_2008_08_13-34,186
(K)KITCHEN,(K)KITCHEN++,Tyler,ASL_2008_05_29b,14,2320,2370,ASL_2008_05_29b-14,187
(L)LEATHER,(L)LEATHER+,Liz,ASL_2008_02_01,45,1010,1060,ASL_2008_02_01-45,188
(L)LEATHER,(L)LEATHER+,Naomi,ASL_2008_08_13_session2,1,865,902,ASL_2008_08_13_session2-1,189
(L)LEATHER,(L)LEATHER++,Brady,ASL_2011_06_14_Brady,47,4196,4240,ASL_2011_06_14_Brady-47,190
(L)LEATHER,(L)LEATHER++,Tyler,ASL_2008_05_29b,18,471,525,ASL_2008_05_29b-18,191
(L)LIVE+BOX/ROOM,(L)LIVE+BOX/ROOM,Brady,ASL_2011_06_14_Brady,50,3574,3600,ASL_2011_06_14_Brady-50,192
(L)LIVE+BOX/ROOM,(L)LIVE+BOX/ROOM,Tyler,ASL_2008_06_10,3,1945,1993,ASL_2008_06_10-3,193
(L)RIFLE,(L)RIFLE,Liz,ASL_2008_02_29,15,1556,1595,ASL_2008_02_29-15,194
(L-X)INTERESTING,(L-X)INTERESTING,Brady,ASL_2011_06_14_Brady,41,1189,1207,ASL_2011_06_14_Brady-41,195
(L-X)INTERESTING,(L-X)INTERESTING,Liz,ASL_2008_02_01,34,655,692,ASL_2008_02_01-34,196
(L-X)INTERESTING,(L-X)INTERESTING,Naomi,ASL_2008_08_13,28,253,266,ASL_2008_08_13-28,197
(L-X)INTERESTING,(L-X)INTERESTING,Tyler,ASL_2008_05_29b,8,285,310,ASL_2008_05_29b-8,198
(L-X)THICK,(L-X)THICK,Brady,ASL_2011_07_19_Brady,114,1847,1864,ASL_2011_07_19_Brady-114,199
(L-X)THICK,(L-X)THICK+,Liz,ASL_2008_03_28,10,2415,2457,ASL_2008_03_28-10,200
(M)MODEL,(M)MODEL+,Brady,ASL_2011_07_19_Brady,4,3815,3842,ASL_2011_07_19_Brady-4,201
(M)ns-MEXICO,(M)ns-MEXICO,Brady,ASL_2011_06_14_Brady,56,4304,4332,ASL_2011_06_14_Brady-56,202
(P)PARANOID,(P)PARANOID,Brady,ASL_2011_07_19_Brady,26,253,283,ASL_2011_07_19_Brady-26,203
(P)PARANOID,(P)PARANOID,Liz,ASL_2008_02_15,31,503,542,ASL_2008_02_15-31,204
(P)PARTICIPATE,(P)PARTICIPATE,Liz,ASL_2008_02_15,31,2387,2434,ASL_2008_02_15-31,205
(P)PENIS,(P)PENIS+,Liz,ASL_2008_02_15,34,3675,3706,ASL_2008_02_15-34,206
(P)PROFESSION,(P)PROFESSION,Liz,ASL_2010_08_10_Liz_additional_lexicon_signs,3,1345,1385,ASL_2010_08_10_Liz_additional_lexicon_signs-3,207
(P)PROFESSION,(P)PROFESSION+,Liz,ASL_2010_08_10_Liz_additional_lexicon_signs,3,1480,1520,ASL_2010_08_10_Liz_additional_lexicon_signs-3,208
(R)BEST-FRIEND,(R)BEST-FRIEND,Brady,ASL_2011_06_14_Brady,27,3886,3901,ASL_2011_06_14_Brady-27,209
(R)BEST-FRIEND,(R)BEST-FRIEND,Tyler,ASL_2008_05_29a,39,2110,2145,ASL_2008_05_29a-39,210
(S)BOMB,(S)BOMB,Liz,ASL_2008_01_11,50,261,290,ASL_2008_01_11-50,211
(S)BOMB,(S)BOMB,Naomi,ASL_2008_08_04,32,1148,1177,ASL_2008_08_04-32,212
(S)BOMB,(S)BOMB_2,Brady,ASL_2011_06_08_Brady,22,12576,12607,ASL_2011_06_08_Brady-22,213
(S)BROOM,(S)BROOM,Brady,ASL_2011_06_08_Brady,23,11014,11076,ASL_2011_06_08_Brady-23,214
(S)BROOM,(S)BROOM,Liz,ASL_2008_01_11,56,1470,1530,ASL_2008_01_11-56,215
(S)BROOM,(S)BROOM,Naomi,ASL_2008_08_04,36,1042,1093,ASL_2008_08_04-36,216
(S)BROOM,(S)BROOM+,Tyler,ASL_2008_05_12a,35,1020,1075,ASL_2008_05_12a-35,217
(S)KETCHUP,(S)KETCHUP+,Brady,ASL_2011_06_14_Brady,44,4195,4223,ASL_2011_06_14_Brady-44,218
(S)KETCHUP,(S)KETCHUP+,Liz,ASL_2008_02_01,40,600,665,ASL_2008_02_01-40,219
(S)KETCHUP,(S)KETCHUP+,Naomi,ASL_2008_08_13,33,2112,2152,ASL_2008_08_13-33,220
(S)KETCHUP,(S)KETCHUP++,Tyler,ASL_2008_05_29b,13,1555,1610,ASL_2008_05_29b-13,221
(S)MOSQUITO,(S)MOSQUITO+,Brady,ASL_2011_07_19_Brady,6,803,850,ASL_2011_07_19_Brady-6,222
(S)MOSQUITO,(S)MOSQUITO+,Liz,ASL_2008_02_15,10,2910,2970,ASL_2008_02_15-10,223
(S)MOSQUITO,(S)MOSQUITO+,Tyler,ASL_2008_06_10,19,2187,2237,ASL_2008_06_10-19,224
(S)OLD+#FF,(S)OLD+#FF,Brady,ASL_2011_07_19_Brady,19,567,605,ASL_2011_07_19_Brady-19,225
(S)OLD+#FF,(S)OLD+#FF,Liz,ASL_2010_08_10_Liz_additional_lexicon_signs,21,1349,1413,ASL_2010_08_10_Liz_additional_lexicon_signs-21,226
(S)OLD++AVERAGE,(S)OLD++AVERAGE,Liz,ASL_2008_02_29,6,1744,1823,ASL_2008_02_29-6,227
(S)OLD+FIVE_2,(S)OLD+FIVE_2,Liz,ASL_2010_08_10_Liz_additional_lexicon_signs,17,5325,5404,ASL_2010_08_10_Liz_additional_lexicon_signs-17,228
(S)OLD+FOUR_2,(S)OLD+FOUR_2,Liz,ASL_2010_08_10_Liz_additional_lexicon_signs,17,5171,5227,ASL_2010_08_10_Liz_additional_lexicon_signs-17,229
(S)OLD+ONE_2,(S)OLD+ONE_2,Liz,ASL_2010_08_10_Liz_additional_lexicon_signs,17,4725,4780,ASL_2010_08_10_Liz_additional_lexicon_signs-17,230
(S)OLD+TESTAMENT,(S)OLD+TESTAMENT,Liz,ASL_2008_02_15,24,893,965,ASL_2008_02_15-24,231
(S)OLD+TESTAMENT,OLD+TESTAMENT_2,Brady,ASL_2011_07_19_Brady,19,970,1035,ASL_2011_07_19_Brady-19,232
(S)OLD+THREE_2,(S)OLD+THREE_2,Liz,ASL_2010_08_10_Liz_additional_lexicon_signs,17,5018,5072,ASL_2010_08_10_Liz_additional_lexicon_signs-17,233
(S)OLD+TWO_2,(S)OLD+TWO_2,Liz,ASL_2010_08_10_Liz_additional_lexicon_signs,17,4858,4913,ASL_2010_08_10_Liz_additional_lexicon_signs-17,234
(S)PURSE,(S)PURSE+,Brady,ASL_2011_07_19_Brady,47,4477,4517,ASL_2011_07_19_Brady-47,235
(U)BOWTIE,(U)BOWTIE,Brady,ASL_2011_06_08_Brady,22,26548,26564,ASL_2011_06_08_Brady-22,236
(U)BOWTIE,(U)BOWTIE,Brady,ASL_2011_07_19_Brady,59,2995,3011,ASL_2011_07_19_Brady-59,237
(U)BOWTIE,(U)BOWTIE,Brady,ASL_2011_07_19_Brady,59,3571,3584,ASL_2011_07_19_Brady-59,238
(U)BOWTIE,(U)BOWTIE,Brady,ASL_2011_07_22_Brady,13,2966,2993,ASL_2011_07_22_Brady-13,239
(U)BOWTIE,(U)BOWTIE,Brady,ASL_2011_07_22_Brady,56,1210,1234,ASL_2011_07_22_Brady-56,240
(U)BOWTIE,(U)BOWTIE,Liz,ASL_2008_01_11,52,1010,1045,ASL_2008_01_11-52,241
(U)BOWTIE,(U)BOWTIE,Liz,ASL_2008_02_29,14,2055,2090,ASL_2008_02_29-14,242
(U)BOWTIE,(U)BOWTIE,Liz,ASL_2008_03_28,25,2005,2041,ASL_2008_03_28-25,243
(U)BOWTIE,(U)BOWTIE,Naomi,ASL_2008_08_04,33,2737,2760,ASL_2008_08_04-33,244
(U)BOWTIE,(U)BOWTIE,Tyler,ASL_2008_05_12a,32,1780,1821,ASL_2008_05_12a-32,245
(U)SECRETARY,(U)SECRETARY,Lana,ASL_2006_10_10,25,485,517,ASL_2006_10_10-25,246
(V)CRAWL,(V)CRAWL,Liz,ASL_2008_01_18,8,770,895,ASL_2008_01_18-8,247
(V)CRAWL,(V)CRAWL,Naomi,ASL_2008_08_06,8,535,565,ASL_2008_08_06-8,248
(W)WAR,(W)WAR++,Brady,ASL_2011_07_22_Brady,23,1216,1268,ASL_2011_07_22_Brady-23,249
(W)WAR,(W)WAR++,Liz,ASL_2008_03_28,35,640,701,ASL_2008_03_28-35,250
(X)FOOL/DOLL,(X)FOOL/DOLL,Brady,ASL_2011_06_14_Brady,21,2177,2200,ASL_2011_06_14_Brady-21,251
(X)FOOL/DOLL,(X)FOOL/DOLL,Liz,ASL_2008_01_18,46,2066,2095,ASL_2008_01_18-46,252
(X)FOOL/DOLL,(X)FOOL/DOLL,Naomi,ASL_2008_08_06,46,1990,2005,ASL_2008_08_06-46,253
(X)FOOL/DOLL,(X)FOOL/DOLL+,Brady,ASL_2011_06_08_Brady,37,1034,1061,ASL_2011_06_08_Brady-37,254
(X)FOOL/DOLL,(X)FOOL/DOLL+,Liz,ASL_2008_01_18,21,1285,1325,ASL_2008_01_18-21,255
(X)FOOL/DOLL,(X)FOOL/DOLL+,Naomi,ASL_2008_08_06,21,1980,2007,ASL_2008_08_06-21,256
(X)FOOL/DOLL,(X)FOOL/DOLL++,Tyler,ASL_2008_05_29a,1,4140,4185,ASL_2008_05_29a-1,257
(X)FOOL/DOLL+(D)DAY,(X)FOOL/DOLL+(D)DAY,Liz,ASL_2008_01_11,20,1065,1125,ASL_2008_01_11-20,258
(X)FOOL/DOLL+(D)DAY,(X)FOOL/DOLL++(D)DAY,Brady,ASL_2011_06_08_Brady,12,10852,10901,ASL_2011_06_08_Brady-12,259
(Y)BATHING-SUIT,(Y)BATHING-SUIT,Liz,ASL_2008_03_28,2,3725,3785,ASL_2008_03_28-2,260
(Y)BATHING-SUIT,(Y)BATHING-SUIT,Liz,ASL_2010_08_10_Liz_additional_lexicon_signs,9,146,210,ASL_2010_08_10_Liz_additional_lexicon_signs-9,261
(Y)BULL,(Y)BULL,Brady,ASL_2011_06_08_Brady,24,5147,5175,ASL_2011_06_08_Brady-24,262
(Y)BULL,(Y)BULL,Liz,ASL_2008_01_11,59,300,315,ASL_2008_01_11-59,263
(Y)BULL,(Y)BULL,Naomi,ASL_2008_08_04,37,2380,2398,ASL_2008_08_04-37,264
(Y)BULL,(Y)BULL,Tyler,ASL_2008_05_12a,36,2387,2410,ASL_2008_05_12a-36,265
(cheek)BLIND,(cheek)BLIND,Liz,ASL_2008_01_11,46,456,495,ASL_2008_01_11-46,266
(cheek)BLIND,(cheek)BLIND,Naomi,ASL_2008_08_04,29,2895,2917,ASL_2008_08_04-29,267
(cocked-8)FOOL,(cocked-8)FOOL,Tyler,ASL_2008_05_29a,25,6555,6580,ASL_2008_05_29a-25,268
(cocked-8)SHOOT-ARROW,(cocked-8)SHOOT-ARROW,Brady,ASL_2011_06_08_Brady,12,11186,11210,ASL_2011_06_08_Brady-12,269
(elbow)CHEAT,(1)CHEAT+,Liz,ASL_2008_01_11,71,1365,1400,ASL_2008_01_11-71,270
(elbow)CHEAT,(elbow)CHEAT,Brady,ASL_2011_06_08_Brady,26,23063,23088,ASL_2011_06_08_Brady-26,271
(elbow)CHEAT,(elbow)CHEAT+,Liz,ASL_2008_01_11,72,266,310,ASL_2008_01_11-72,272
(elbow)CHEAT,(elbow)CHEAT+,Naomi,ASL_2008_08_04,45,3260,3302,ASL_2008_08_04-45,273
(elbow)CHEAT,(elbow)CHEAT++,Brady,ASL_2011_06_08_Brady,26,22711,22757,ASL_2011_06_08_Brady-26,274
(flat-O)PAY/SPEND,(flat-O)PAY/SPEND++,Tyler,ASL_2008_05_29a,20,465,505,ASL_2008_05_29a-20,275
1p-HELP:i,(rd)HELP+,Lana,ASL_2006_10_10,12,2613,2636,ASL_2006_10_10-12,276
1p-HELP:i,1p-HELP:i,Brady,ASL_2011_06_14_Brady,33,5332,5356,ASL_2011_06_14_Brady-33,277
1p-HELP:i,1p-HELP:i,Liz,ASL_2008_02_01,21,1601,1640,ASL_2008_02_01-21,278
1p-HELP:i,1p-HELP:i,Liz,ASL_2008_02_01,21,1795,1836,ASL_2008_02_01-21,279
1p-HELP:i,1p-HELP:i,Naomi,ASL_2008_08_13,17,1711,1730,ASL_2008_08_13-17,280
1p-HELP:i,1p-HELP:i,Naomi,ASL_2008_08_13,17,1960,1978,ASL_2008_08_13-17,281
1p-HELP:i,1p-HELP:i,Tyler,ASL_2008_05_29a,49,1317,1340,ASL_2008_05_29a-49,282
1p-HELP:i,HELP+,Dana,ASL_2007_05_24,16,2523,2569,ASL_2007_05_24-16,283
1p-HELP:i,HELP++,Tyler,ASL_2008_05_29a,49,1131,1170,ASL_2008_05_29a-49,284
A,A,Brady,ASL_2011_06_08_Brady,6,7024,7048,ASL_2011_06_08_Brady-6,285
A,A,Liz,ASL_2008_01_11,4,2345,2370,ASL_2008_01_11-4,286
A,A,Naomi,ASL_2008_08_04,3,1830,1850,ASL_2008_08_04-3,287
A,A,Tyler,ASL_2008_05_12a,3,1550,1600,ASL_2008_05_12a-3,288
A-LEVEL-ABOVE,A-LEVEL-ABOVE,Brady,ASL_2011_07_19_Brady,44,3575,3594,ASL_2011_07_19_Brady-44,289
A-LEVEL-ABOVE,A-LEVEL-ABOVE,Liz,ASL_2008_02_15,50,420,450,ASL_2008_02_15-50,290
A-LOT,A-LOT,Brady,ASL_2011_06_08_Brady,11,1212,1237,ASL_2011_06_08_Brady-11,291
A-LOT,A-LOT,Brady,ASL_2011_06_14_Brady,14,3394,3420,ASL_2011_06_14_Brady-14,292
A-LOT,A-LOT,Brady,ASL_2011_06_14_Brady,37,5364,5384,ASL_2011_06_14_Brady-37,293
A-LOT,A-LOT,Liz,ASL_2008_01_11,12,1060,1091,ASL_2008_01_11-12,294
A-LOT,A-LOT,Liz,ASL_2008_02_01,25,2125,2150,ASL_2008_02_01-25,295
A-LOT,A-LOT,Naomi,ASL_2008_08_04,9,815,838,ASL_2008_08_04-9,296
A-LOT,A-LOT,Naomi,ASL_2008_08_13,21,4503,4527,ASL_2008_08_13-21,297
A-LOT,A-LOT,Tyler,ASL_2008_05_12a,10,1350,1371,ASL_2008_05_12a-10,298
A-LOT,A-LOT,Tyler,ASL_2008_05_29a,15,1680,1711,ASL_2008_05_29a-15,299
ABANDON,ABANDON,Brady,ASL_2011_06_08_Brady,6,7839,7854,ASL_2011_06_08_Brady-6,300
ABANDON,ABANDON,Liz,ASL_2008_01_11,5,180,206,ASL_2008_01_11-5,301
ABANDON,ABANDON,Tyler,ASL_2008_05_12a,3,2227,2249,ASL_2008_05_12a-3,302
ABDOMEN,ABDOMEN+,Liz,ASL_2010_08_10_Liz_additional_lexicon_signs,5,508,580,ASL_2010_08_10_Liz_additional_lexicon_signs-5,303
ABORTION,(1h)ABORTION,Liz,ASL_2010_08_10_Liz_additional_lexicon_signs,5,1098,1163,ASL_2010_08_10_Liz_additional_lexicon_signs-5,304
ABORTION,(S)ABORTION,Tyler,ASL_2008_05_12a,4,375,400,ASL_2008_05_12a-4,305
ABORTION,ABORTION,Liz,ASL_2008_01_11,5,450,480,ASL_2008_01_11-5,306
ABORTION,ABORTION_2,Naomi,ASL_2008_08_04,4,548,575,ASL_2008_08_04-4,307
ABOUT,(nd-flat-O)ABOUT,Liz,ASL_2008_01_11,5,721,773,ASL_2008_01_11-5,308
ABOUT,(nd-flat-O)ABOUT,Naomi,ASL_2008_08_04,4,1917,1936,ASL_2008_08_04-4,309
ABOUT,ABOUT,Tyler,ASL_2008_05_12a,4,555,618,ASL_2008_05_12a-4,310
ABOVE,ABOVE,Liz,ASL_2008_01_11,5,1296,1325,ASL_2008_01_11-5,311
ABOVE,ABOVE_2,Naomi,ASL_2008_08_04,4,2288,2317,ASL_2008_08_04-4,312
ABOVE,ABOVE_3,Tyler,ASL_2008_05_12a,4,772,810,ASL_2008_05_12a-4,313
ABOVE,ABOVE_3,Tyler,ASL_2008_05_12a,4,969,1006,ASL_2008_05_12a-4,314
ABSENT,ABSENT,Brady,ASL_2011_07_19_Brady,3,2818,2842,ASL_2011_07_19_Brady-3,315
ABSENT,ABSENT,Liz,ASL_2008_02_15,6,4736,4766,ASL_2008_02_15-6,316
ABSTRACT,ABSTRACT+,Brady,ASL_2011_06_14_Brady,26,6187,6225,ASL_2011_06_14_Brady-26,317
ABSTRACT,ABSTRACT+,Liz,ASL_2010_08_10_Liz_additional_lexicon_signs,5,1780,1850,ASL_2010_08_10_Liz_additional_lexicon_signs-5,318
ABUSE,ABUSE+,Brady,ASL_2011_06_08_Brady,8,702,723,ASL_2011_06_08_Brady-8,319
ABUSE,ABUSE+,Brady,ASL_2011_06_08_Brady,17,10960,10992,ASL_2011_06_08_Brady-17,320
ABUSE,ABUSE+,Liz,ASL_2008_01_11,35,1745,1795,ASL_2008_01_11-35,321
ABUSE,ABUSE+,Liz,ASL_2010_08_10_Liz_additional_lexicon_signs,23,288,370,ASL_2010_08_10_Liz_additional_lexicon_signs-23,322
ABUSE,ABUSE++,Naomi,ASL_2008_08_04,24,635,682,ASL_2008_08_04-24,323
ABUSE,ABUSE++,Tyler,ASL_2008_05_12a,23,975,1010,ASL_2008_05_12a-23,324
ABUSE,ABUSE+++,Tyler,ASL_2008_05_12a,23,661,706,ASL_2008_05_12a-23,325
ACCEPT,ACCEPT,Dana,ASL_2007_05_24,5,278,317,ASL_2007_05_24-5,326
ACCEPT,ACCEPT,Lana,ASL_2006_10_10,2,272,283,ASL_2006_10_10-2,327
ACCEPT,ACCEPT,Liz,ASL_2008_01_11,5,1565,1605,ASL_2008_01_11-5,328
ACCEPT,ACCEPT,Naomi,ASL_2008_08_04,4,2903,2930,ASL_2008_08_04-4,329
ACCEPT,ACCEPT,Tyler,ASL_2008_05_12a,4,1351,1375,ASL_2008_05_12a-4,330
ACCIDENT,(3)ACCIDENT,Tyler,ASL_2008_05_12a,4,1705,1725,ASL_2008_05_12a-4,331
ACCIDENT,(5)ACCIDENT,Dana,ASL_2007_05_24,5,632,660,ASL_2007_05_24-5,332
ACCIDENT,(5)ACCIDENT,Lana,ASL_2006_10_10,2,519,562,ASL_2006_10_10-2,333
ACCIDENT,(5)ACCIDENT,Liz,ASL_2008_01_11,5,1795,1840,ASL_2008_01_11-5,334
ACCIDENT,(5)ACCIDENT,Naomi,ASL_2008_08_04,4,3147,3174,ASL_2008_08_04-4,335
ACCIDENT,ACCIDENT,Liz,ASL_2008_01_11,5,2015,2041,ASL_2008_01_11-5,336
ACCIDENT,ACCIDENT,Naomi,ASL_2008_08_04,4,3407,3438,ASL_2008_08_04-4,337
ACCOMPANY,ACCOMPANY,Liz,ASL_2008_01_11,5,2241,2280,ASL_2008_01_11-5,338
ACCOMPANY,ACCOMPANY,Naomi,ASL_2008_08_04,4,3809,3828,ASL_2008_08_04-4,339
ACQUIRE,ACQUIRE,Liz,ASL_2010_08_10_Liz_additional_lexicon_signs,5,1575,1631,ASL_2010_08_10_Liz_additional_lexicon_signs-5,340
ACT,ACT+,Brady,ASL_2011_06_14_Brady,6,7080,7105,ASL_2011_06_14_Brady-6,341
ACT,ACT+,Brady,ASL_2011_07_22_Brady,42,454,489,ASL_2011_07_22_Brady-42,342
ACT,ACT+,Liz,ASL_2008_01_18,23,1387,1445,ASL_2008_01_18-23,343
ACT,ACT+,Naomi,ASL_2008_08_04,5,597,658,ASL_2008_08_04-5,344
ACT,ACT+,Naomi,ASL_2008_08_06,23,1290,1342,ASL_2008_08_06-23,345
ACT,ACT++,Liz,ASL_2008_01_11,6,1605,1670,ASL_2008_01_11-6,346
ACT,ACT++,Tyler,ASL_2008_05_12a,6,3940,3985,ASL_2008_05_12a-6,347
ACT,ACT++,Tyler,ASL_2008_05_29a,3,1620,1665,ASL_2008_05_29a-3,348
ACT+AGENT,ACT++AGENT,Brady,ASL_2011_06_14_Brady,2,200,229,ASL_2011_06_14_Brady-2,349
ACT+AGENT,ACT+AGENT,Brady,ASL_2011_06_08_Brady,15,3122,3156,ASL_2011_06_08_Brady-15,350
ACT+AGENT,ACT+AGENT,Liz,ASL_2008_01_11,6,2199,2266,ASL_2008_01_11-6,351
ACT+AGENT,ACT+AGENT,Naomi,ASL_2008_08_04,5,1055,1107,ASL_2008_08_04-5,352
ACT+AGENT,ACT+AGENT,Tyler,ASL_2008_05_12a,6,4528,4577,ASL_2008_05_12a-6,353
ACTION,ACTION++,Liz,ASL_2008_01_11,6,1855,1915,ASL_2008_01_11-6,354
ACTION,ACTION++,Liz,ASL_2008_01_18,20,2411,2476,ASL_2008_01_18-20,355
ACTION,ACTION++,Naomi,ASL_2008_08_06,20,3655,3710,ASL_2008_08_06-20,356
ACTION,ACTION+++,Brady,ASL_2011_06_08_Brady,18,7236,7308,ASL_2011_06_08_Brady-18,357
ACTION,ACTION+++,Liz,ASL_2008_01_11,38,701,755,ASL_2008_01_11-38,358
ACTION,ACTION+++,Naomi,ASL_2008_08_04,5,802,861,ASL_2008_08_04-5,359
ACTION,ACTION+++,Naomi,ASL_2008_08_04,25,1838,1902,ASL_2008_08_04-25,360
ACTION,ACTION++++,Lana,ASL_2006_10_10,3,2219,2273,ASL_2006_10_10-3,361
ACTION,ACTION++++,Tyler,ASL_2008_05_12a,6,4211,4261,ASL_2008_05_12a-6,362
ADAPT,ADAPT,Brady,ASL_2011_06_08_Brady,26,13941,13961,ASL_2011_06_08_Brady-26,363
ADD,ADD,Liz,ASL_2008_01_11,6,2515,2560,ASL_2008_01_11-6,364
ADD,ADD,Liz,ASL_2008_01_11,6,2820,2860,ASL_2008_01_11-6,365
ADD,ADD,Naomi,ASL_2008_08_04,5,1557,1580,ASL_2008_08_04-5,366
ADD,ADD,Naomi,ASL_2008_08_04,9,3660,3690,ASL_2008_08_04-9,367
ADDICTED,ADDICTED,Liz,ASL_2010_08_10_Liz_additional_lexicon_signs,5,1970,2006,ASL_2010_08_10_Liz_additional_lexicon_signs-5,368
ADDRESS,ADDRESS,Naomi,ASL_2008_08_04,5,1810,1841,ASL_2008_08_04-5,369
ADDRESS,ADDRESS+,Liz,ASL_2008_01_11,6,3076,3120,ASL_2008_01_11-6,370
ADDRESS,ADDRESS_2,Tyler,ASL_2008_05_12a,6,5385,5420,ASL_2008_05_12a-6,371
ADMIT,(1h)ADMIT,Tyler,ASL_2008_05_12a,6,6350,6392,ASL_2008_05_12a-6,372
ADMIT,ADMIT,Liz,ASL_2008_01_11,7,540,573,ASL_2008_01_11-7,373
ADMIT,ADMIT,Naomi,ASL_2008_08_04,5,3507,3537,ASL_2008_08_04-5,374
ADULT-TALL,ADULT,Brady,ASL_2011_07_19_Brady,109,517,535,ASL_2011_07_19_Brady-109,375
ADULT-TALL,ADULT,Liz,ASL_2008_03_28,4,2781,2801,ASL_2008_03_28-4,376
ADULT-TALL,ADULT,Liz,ASL_2010_08_10_Liz_additional_lexicon_signs,1,785,830,ASL_2010_08_10_Liz_additional_lexicon_signs-1,377
ADULT-TALL,ADULT-TALL,Brady,ASL_2011_06_14_Brady,25,5150,5178,ASL_2011_06_14_Brady-25,378
ADULT-TALL,ADULT-TALL,Liz,ASL_2008_02_01,4,1850,1915,ASL_2008_02_01-4,379
ADULT-TALL,ADULT-TALL,Naomi,ASL_2008_08_13,4,2690,2720,ASL_2008_08_13-4,380
ADULT-TALL,ADULT-TALL,Tyler,ASL_2008_05_29a,36,1260,1305,ASL_2008_05_29a-36,381
ADULT-TALL,ADULT-pl,Liz,ASL_2010_08_10_Liz_additional_lexicon_signs,1,980,1011,ASL_2010_08_10_Liz_additional_lexicon_signs-1,382
ADULTERY,ADULTERY,Liz,ASL_2010_08_10_Liz_additional_lexicon_signs,5,2307,2366,ASL_2010_08_10_Liz_additional_lexicon_signs-5,383
ADVENTUROUS/SNEAKY,ADVENTUROUS/SNEAKY,Brady,ASL_2011_07_19_Brady,88,174,225,ASL_2011_07_19_Brady-88,384
ADVENTUROUS/SNEAKY,ADVENTUROUS/SNEAKY,Brady,ASL_2011_07_22_Brady,53,974,1017,ASL_2011_07_22_Brady-53,385
ADVENTUROUS/SNEAKY,ADVENTUROUS/SNEAKY,Liz,ASL_2008_02_29,35,3246,3305,ASL_2008_02_29-35,386
ADVENTUROUS/SNEAKY,ADVENTUROUS/SNEAKY,Liz,ASL_2010_08_10_Liz_additional_lexicon_signs,23,831,883,ASL_2010_08_10_Liz_additional_lexicon_signs-23,387
ADVERTISE,ADVERTISE+,Brady,ASL_2011_07_22_Brady,37,795,828,ASL_2011_07_22_Brady-37,388
ADVERTISE,ADVERTISE++,Liz,ASL_2008_01_11,7,1506,1570,ASL_2008_01_11-7,389
ADVERTISE,ADVERTISE++,Tyler,ASL_2008_05_12a,7,260,305,ASL_2008_05_12a-7,390
ADVERTISE,ADVERTISE++,Tyler,ASL_2008_05_12a,7,550,600,ASL_2008_05_12a-7,391
ADVERTISE,ADVERTISE_2,Naomi,ASL_2008_08_04,6,657,690,ASL_2008_08_04-6,392
ADVISE/INFLUENCE,ADVISE/INFLUENCE,Brady,ASL_2011_06_08_Brady,9,352,365,ASL_2011_06_08_Brady-9,393
ADVISE/INFLUENCE,ADVISE/INFLUENCE,Lana,ASL_2006_10_10,2,951,974,ASL_2006_10_10-2,394
ADVISE/INFLUENCE,ADVISE/INFLUENCE,Liz,ASL_2008_01_11,7,1805,1830,ASL_2008_01_11-7,395
ADVISE/INFLUENCE,ADVISE/INFLUENCE,Naomi,ASL_2008_08_04,6,1008,1041,ASL_2008_08_04-6,396
ADVISE/INFLUENCE,ADVISE/INFLUENCE,Tyler,ASL_2008_05_12a,7,825,850,ASL_2008_05_12a-7,397
ADVISE/INFLUENCE,ADVISE/INFLUENCE+,Dana,ASL_2007_05_24,5,1136,1188,ASL_2007_05_24-5,398
ADVISE/INFLUENCE,ADVISE/INFLUENCE+,Liz,ASL_2008_01_11,7,2110,2145,ASL_2008_01_11-7,399
ADVISE/INFLUENCE,ADVISE/INFLUENCE+,Naomi,ASL_2008_08_04,6,1328,1367,ASL_2008_08_04-6,400
ADVISE/INFLUENCE,ADVISE/INFLUENCE++,Tyler,ASL_2008_05_12a,7,1060,1101,ASL_2008_05_12a-7,401
ADVISE/INFLUENCE,ADVISE/INFLUENCE_2,Brady,ASL_2011_06_14_Brady,40,2471,2487,ASL_2011_06_14_Brady-40,402
ADVISE/INFLUENCE,ADVISE/INFLUENCE_2,Liz,ASL_2008_02_01,31,1740,1772,ASL_2008_02_01-31,403
ADVISE/INFLUENCE,ADVISE/INFLUENCE_2,Naomi,ASL_2008_08_13,26,3587,3610,ASL_2008_08_13-26,404
ADVISE/INFLUENCE+AGENT,ADVISE/INFLUENCE++AGENT,Tyler,ASL_2008_05_12a,7,1306,1350,ASL_2008_05_12a-7,405
ADVISE/INFLUENCE+AGENT,ADVISE/INFLUENCE+AGENT,Liz,ASL_2008_01_11,8,600,662,ASL_2008_01_11-8,406
ADVISE/INFLUENCE+AGENT,ADVISE/INFLUENCE+AGENT,Naomi,ASL_2008_08_04,6,1601,1644,ASL_2008_08_04-6,407
AFRAID,AFRAID,Brady,ASL_2011_06_14_Brady,17,312,332,ASL_2011_06_14_Brady-17,408
AFRAID,AFRAID,Brady,ASL_2011_07_19_Brady,73,1630,1652,ASL_2011_07_19_Brady-73,409
AFRAID,AFRAID,Dana,ASL_2007_05_24,26,2381,2409,ASL_2007_05_24-26,410
AFRAID,AFRAID,Lana,ASL_2006_10_10,24,2306,2319,ASL_2006_10_10-24,411
AFRAID,AFRAID,Liz,ASL_2008_01_18,39,2130,2155,ASL_2008_01_18-39,412
AFRAID,AFRAID,Liz,ASL_2008_02_29,23,1210,1246,ASL_2008_02_29-23,413
AFRAID,AFRAID,Naomi,ASL_2008_08_04,6,1875,1900,ASL_2008_08_04-6,414
AFRAID,AFRAID,Naomi,ASL_2008_08_06,39,2207,2240,ASL_2008_08_06-39,415
AFRAID,AFRAID,Tyler,ASL_2008_05_29a,19,4375,4400,ASL_2008_05_29a-19,416
AFRAID,SCARE+,Brady,ASL_2011_06_08_Brady,9,1148,1172,ASL_2011_06_08_Brady-9,417
AFRAID,SCARE+,Liz,ASL_2008_01_11,8,805,845,ASL_2008_01_11-8,418
AFRAID,SCARE++,Tyler,ASL_2008_05_12a,7,1560,1600,ASL_2008_05_12a-7,419
AFTERNOON,AFTERNOON+,Lana,ASL_2006_10_10,2,1235,1264,ASL_2006_10_10-2,420
AFTERNOON,AFTERNOON+,Naomi,ASL_2008_08_04,7,745,765,ASL_2008_08_04-7,421
AFTERNOON,AFTERNOON++,Tyler,ASL_2008_05_12a,8,590,625,ASL_2008_05_12a-8,422
AFTERNOON,AFTERNOON++,Tyler,ASL_2008_05_29a,13,3510,3545,ASL_2008_05_29a-13,423
AFTERNOON,AFTERNOON+++,Tyler,ASL_2008_05_29a,8,1272,1320,ASL_2008_05_29a-8,424
AFTERNOON,AFTERNOON_2,Brady,ASL_2011_06_08_Brady,9,7773,7793,ASL_2011_06_08_Brady-9,425
AFTERNOON,AFTERNOON_2,Dana,ASL_2007_05_24,5,1482,1522,ASL_2007_05_24-5,426
AGAIN,AGAIN,Brady,ASL_2011_06_08_Brady,9,7979,7999,ASL_2011_06_08_Brady-9,427
AGAIN,AGAIN,Brady,ASL_2011_07_19_Brady,116,1860,1873,ASL_2011_07_19_Brady-116,428
AGAIN,AGAIN,Dana,ASL_2007_05_24,5,1806,1836,ASL_2007_05_24-5,429
AGAIN,AGAIN,Lana,ASL_2006_10_10,2,1507,1524,ASL_2006_10_10-2,430
AGAIN,AGAIN,Liz,ASL_2008_01_11,9,930,965,ASL_2008_01_11-9,431
AGAIN,AGAIN,Naomi,ASL_2008_08_04,7,963,990,ASL_2008_08_04-7,432
AGAIN,AGAIN,Tyler,ASL_2008_05_12a,8,785,820,ASL_2008_05_12a-8,433
AGAIN,AGAIN+,Tyler,ASL_2008_05_12a,8,1060,1091,ASL_2008_05_12a-8,434
AGAIN,AGAIN++,Liz,ASL_2008_01_11,9,1190,1260,ASL_2008_01_11-9,435
AGAIN,AGAIN++,Naomi,ASL_2008_08_04,7,1190,1250,ASL_2008_08_04-7,436
AGAIN,AGAIN+++,Brady,ASL_2011_06_14_Brady,2,1265,1341,ASL_2011_06_14_Brady-2,437
AGAINST,AGAINST,Brady,ASL_2011_07_19_Brady,22,140,178,ASL_2011_07_19_Brady-22,438
AGAINST,AGAINST,Dana,ASL_2007_05_24,5,1965,1991,ASL_2007_05_24-5,439
AGAINST,AGAINST,Lana,ASL_2006_10_10,2,1652,1692,ASL_2006_10_10-2,440
AGAINST,AGAINST,Liz,ASL_2008_02_15,26,3070,3118,ASL_2008_02_15-26,441
AGE-FIVE,AGE-FIVE,Brady,ASL_2011_06_08_Brady,5,10948,10966,ASL_2011_06_08_Brady-5,442
AGE-FOUR,AGE-FOUR,Brady,ASL_2011_06_08_Brady,5,9456,9472,ASL_2011_06_08_Brady-5,443
AGE-ONE,AGE-ONE,Brady,ASL_2011_06_08_Brady,4,4585,4600,ASL_2011_06_08_Brady-4,444
AGE-TWO,AGE-TWO,Brady,ASL_2011_06_08_Brady,5,4895,4909,ASL_2011_06_08_Brady-5,445
AGENT,AGENT,Brady,ASL_2011_07_19_Brady,31,135,154,ASL_2011_07_19_Brady-31,446
AGGRESSIVE,AGGRESSIVE+,Brady,ASL_2011_06_08_Brady,9,12148,12175,ASL_2011_06_08_Brady-9,447
AGGRESSIVE,AGGRESSIVE+,Brady,ASL_2011_06_08_Brady,11,2822,2852,ASL_2011_06_08_Brady-11,448
AGGRESSIVE,AGGRESSIVE+,Naomi,ASL_2008_08_04,9,2007,2047,ASL_2008_08_04-9,449
AGGRESSIVE,AGGRESSIVE+,Tyler,ASL_2008_05_12a,8,1600,1627,ASL_2008_05_12a-8,450
AGGRESSIVE,AGGRESSIVE++,Liz,ASL_2008_01_11,13,520,575,ASL_2008_01_11-13,451
AGREE,AGREE,Brady,ASL_2011_06_08_Brady,10,371,390,ASL_2011_06_08_Brady-10,452
AGREE,AGREE,Naomi,ASL_2008_08_04,7,3592,3617,ASL_2008_08_04-7,453
AGREE,AGREE,Tyler,ASL_2008_05_12a,8,2737,2770,ASL_2008_05_12a-8,454
AGREE,AGREE:i,Dana,ASL_2007_05_24,5,2276,2315,ASL_2007_05_24-5,455
AGREE,AGREE:i,Lana,ASL_2006_10_10,2,1944,1968,ASL_2006_10_10-2,456
AHEAD,AHEAD,Brady,ASL_2011_06_08_Brady,19,9501,9535,ASL_2011_06_08_Brady-19,457
AHEAD,AHEAD,Brady,ASL_2011_06_08_Brady,21,169,200,ASL_2011_06_08_Brady-21,458
AHEAD,AHEAD,Dana,ASL_2007_05_24,22,1550,1577,ASL_2007_05_24-22,459
AHEAD,AHEAD,Liz,ASL_2008_01_11,10,895,935,ASL_2008_01_11-10,460
AHEAD,AHEAD,Liz,ASL_2008_01_11,41,1081,1110,ASL_2008_01_11-41,461
AIR,AIR,Tyler,ASL_2008_05_12a,8,3491,3520,ASL_2008_05_12a-8,462
AIR-PUMP,AIR-PUMP++,Brady,ASL_2011_07_19_Brady,46,2800,2849,ASL_2011_07_19_Brady-46,463
AIR-PUMP,AIR-PUMP++,Liz,ASL_2008_02_15,52,465,550,ASL_2008_02_15-52,464
AIRPLANE,AIRPLANE,Brady,ASL_2011_06_08_Brady,10,1484,1511,ASL_2011_06_08_Brady-10,465
AIRPLANE,AIRPLANE,Liz,ASL_2010_08_10_Liz_additional_lexicon_signs,8,1580,1625,ASL_2010_08_10_Liz_additional_lexicon_signs-8,466
AIRPLANE,AIRPLANE+,Brady,ASL_2011_06_08_Brady,10,1230,1253,ASL_2011_06_08_Brady-10,467
AIRPLANE,AIRPLANE+,Dana,ASL_2007_05_24,5,2128,2167,ASL_2007_05_24-5,468
AIRPLANE,AIRPLANE+,Lana,ASL_2006_10_10,2,1795,1821,ASL_2006_10_10-2,469
AIRPLANE,AIRPLANE+,Liz,ASL_2008_01_11,10,1575,1605,ASL_2008_01_11-10,470
AIRPLANE,AIRPLANE+,Naomi,ASL_2008_08_04,8,273,305,ASL_2008_08_04-8,471
AIRPLANE,AIRPLANE+,Tyler,ASL_2008_05_12a,9,327,362,ASL_2008_05_12a-9,472
AIRPLANE++AGENT,AIRPLANE++AGENT,Brady,ASL_2011_06_14_Brady,2,1671,1705,ASL_2011_06_14_Brady-2,473
AIRPLANE++AGENT,AIRPLANE++AGENT,Brady,ASL_2011_07_19_Brady,33,725,771,ASL_2011_07_19_Brady-33,474
AIRPLANE++AGENT,AIRPLANE++AGENT,Liz,ASL_2008_02_15,39,509,570,ASL_2008_02_15-39,475
AIRPLANE++AGENT,AIRPLANE++AGENT,Liz,ASL_2010_08_10_Liz_additional_lexicon_signs,8,1740,1804,ASL_2010_08_10_Liz_additional_lexicon_signs-8,476
ALARM,ALARM+,Liz,ASL_2008_01_11,10,1775,1805,ASL_2008_01_11-10,477
ALARM,ALARM+,Naomi,ASL_2008_08_04,26,1493,1525,ASL_2008_08_04-26,478
ALARM,ALARM++,Brady,ASL_2011_06_08_Brady,10,1766,1792,ASL_2011_06_08_Brady-10,479
ALARM,ALARM++,Naomi,ASL_2008_08_04,8,478,527,ASL_2008_08_04-8,480
ALARM,ALARM++,Tyler,ASL_2008_05_12a,9,537,575,ASL_2008_05_12a-9,481
ALARM,ALARM+++,Tyler,ASL_2008_05_12a,25,1281,1332,ASL_2008_05_12a-25,482
ALCOHOL,ALCOHOL+,Brady,ASL_2011_06_14_Brady,50,2044,2078,ASL_2011_06_14_Brady-50,483
ALCOHOL,ALCOHOL+,Liz,ASL_2008_02_01,51,612,652,ASL_2008_02_01-51,484
ALCOHOL,ALCOHOL+,Naomi,ASL_2008_08_13_session2,6,335,361,ASL_2008_08_13_session2-6,485
ALCOHOL,ALCOHOL++,Tyler,ASL_2008_06_10,3,627,664,ASL_2008_06_10-3,486
ALGEBRA,ALGEBRA+,Liz,ASL_2010_08_10_Liz_additional_lexicon_signs,8,1936,1998,ASL_2010_08_10_Liz_additional_lexicon_signs-8,487
ALGEBRA,ALGEBRA_2+,Brady,ASL_2011_06_08_Brady,10,3348,3368,ASL_2011_06_08_Brady-10,488
ALL,ALL,Brady,ASL_2011_06_08_Brady,10,7564,7593,ASL_2011_06_08_Brady-10,489
ALL,ALL,Dana,ASL_2007_05_24,5,2573,2616,ASL_2007_05_24-5,490
ALL,ALL,Lana,ASL_2006_10_10,2,2222,2254,ASL_2006_10_10-2,491
ALL,ALL,Liz,ASL_2008_01_11,11,470,520,ASL_2008_01_11-11,492
ALL,ALL,Naomi,ASL_2008_08_04,8,1680,1712,ASL_2008_08_04-8,493
ALL,ALL,Tyler,ASL_2008_05_12a,9,1045,1075,ASL_2008_05_12a-9,494
ALL-AFTERNOON,ALL-AFTERNOON,Liz,ASL_2008_01_11,9,765,790,ASL_2008_01_11-9,495
ALL-DAY,ALL-DAY,Brady,ASL_2011_06_08_Brady,10,8057,8085,ASL_2011_06_08_Brady-10,496
ALL-DAY,ALL-DAY,Liz,ASL_2008_01_11,11,706,765,ASL_2008_01_11-11,497
ALL-DAY,ALL-DAY,Naomi,ASL_2008_08_04,8,1950,1988,ASL_2008_08_04-8,498
ALL-DAY,ALL-DAY,Tyler,ASL_2008_05_12a,9,1312,1345,ASL_2008_05_12a-9,499
ALL-NIGHT,ALL-NIGHT,Brady,ASL_2011_06_08_Brady,10,8544,8574,ASL_2011_06_08_Brady-10,500
ALL-NIGHT,ALL-NIGHT,Liz,ASL_2008_01_11,11,1205,1260,ASL_2008_01_11-11,501
ALL-NIGHT,ALL-NIGHT,Naomi,ASL_2008_08_04,8,2460,2496,ASL_2008_08_04-8,502
ALL-NIGHT,ALL-NIGHT_2,Tyler,ASL_2008_05_12a,9,2035,2085,ASL_2008_05_12a-9,503
ALL-NIGHT-AFTER-MIDNIGHT,ALL-NIGHT-AFTER-MIDNIGHT,Brady,ASL_2011_07_19_Brady,2,278,332,ASL_2011_07_19_Brady-2,504
ALL-NIGHT-AFTER-MIDNIGHT,ALL-NIGHT-AFTER-MIDNIGHT+,Liz,ASL_2008_02_15,4,3332,3391,ASL_2008_02_15-4,505
ALL-RIGHT,ALL-RIGHT+,Brady,ASL_2011_06_08_Brady,10,8767,8789,ASL_2011_06_08_Brady-10,506
ALL-RIGHT,ALL-RIGHT+,Dana,ASL_2007_05_24,5,2750,2781,ASL_2007_05_24-5,507
ALL-RIGHT,ALL-RIGHT+,Lana,ASL_2006_10_10,2,2365,2396,ASL_2006_10_10-2,508
ALL-RIGHT,ALL-RIGHT+,Liz,ASL_2008_01_11,11,1440,1475,ASL_2008_01_11-11,509
ALL-RIGHT,ALL-RIGHT++,Naomi,ASL_2008_08_04,8,2680,2722,ASL_2008_08_04-8,510
ALL-RIGHT,ALL-RIGHT++,Tyler,ASL_2008_05_12a,9,2300,2335,ASL_2008_05_12a-9,511
ALLERGY,ALLERGY,Brady,ASL_2011_06_08_Brady,10,8990,9004,ASL_2011_06_08_Brady-10,512
ALLIGATOR,ALLIGATOR,Brady,ASL_2011_06_08_Brady,10,9239,9269,ASL_2011_06_08_Brady-10,513
ALLIGATOR,ALLIGATOR,Liz,ASL_2008_01_11,12,476,515,ASL_2008_01_11-12,514
ALLIGATOR,ALLIGATOR,Naomi,ASL_2008_08_04,8,3180,3217,ASL_2008_08_04-8,515
ALLIGATOR,ALLIGATOR+,Tyler,ASL_2008_05_12a,9,2821,2890,ASL_2008_05_12a-9,516
ALLOW,ALLOW,Brady,ASL_2011_06_08_Brady,10,10020,10040,ASL_2011_06_08_Brady-10,517
ALLOW,ALLOW,Brady,ASL_2011_06_14_Brady,48,3924,3938,ASL_2011_06_14_Brady-48,518
ALLOW,ALLOW,Liz,ASL_2008_01_11,12,665,685,ASL_2008_01_11-12,519
ALLOW,ALLOW,Liz,ASL_2008_02_01,47,1405,1430,ASL_2008_02_01-47,520
ALLOW,ALLOW,Naomi,ASL_2008_08_04,9,363,377,ASL_2008_08_04-9,521
ALLOW,ALLOW,Naomi,ASL_2008_08_13_session2,2,2517,2535,ASL_2008_08_13_session2-2,522
ALLOW,ALLOW,Tyler,ASL_2008_05_12a,10,630,646,ASL_2008_05_12a-10,523
ALLOW,ALLOW,Tyler,ASL_2008_05_29b,19,2542,2567,ASL_2008_05_29b-19,524
ALMOST,ALMOST+,Tyler,ASL_2008_05_12a,10,1047,1063,ASL_2008_05_12a-10,525
ALONE,ALONE+,Brady,ASL_2011_07_19_Brady,83,3186,3211,ASL_2011_07_19_Brady-83,526
ALONE,ALONE+,Dana,ASL_2007_05_24,5,2431,2476,ASL_2007_05_24-5,527
ALONE,ALONE+,Lana,ASL_2006_10_10,2,2076,2120,ASL_2006_10_10-2,528
ALONE,ALONE+,Liz,ASL_2008_02_29,32,2890,2936,ASL_2008_02_29-32,529
ALONE,ALONE+,Tyler,ASL_2008_05_29b,9,3801,3830,ASL_2008_05_29b-9,530
ALONE,ALONE++,Brady,ASL_2011_06_14_Brady,42,1430,1498,ASL_2011_06_14_Brady-42,531
ALONE,ALONE++,Liz,ASL_2008_02_01,35,3707,3782,ASL_2008_02_01-35,532
ALONE,ALONE++,Naomi,ASL_2008_08_13,29,4065,4141,ASL_2008_08_13-29,533
ALSO,ALSO,Brady,ASL_2011_07_19_Brady,71,3443,3463,ASL_2011_07_19_Brady-71,534
ALSO,ALSO,Liz,ASL_2008_01_11,22,1101,1121,ASL_2008_01_11-22,535
ALSO,ALSO+,Brady,ASL_2011_06_08_Brady,13,5602,5624,ASL_2011_06_08_Brady-13,536
ALSO,ALSO+,Liz,ASL_2008_02_29,21,1240,1285,ASL_2008_02_29-21,537
ALSO,ALSO+,Naomi,ASL_2008_08_04,15,452,480,ASL_2008_08_04-15,538
ALSO,ALSO++,Tyler,ASL_2008_05_12a,15,795,851,ASL_2008_05_12a-15,539
ALWAYS,ALWAYS,Brady,ASL_2011_06_08_Brady,11,2592,2620,ASL_2011_06_08_Brady-11,540
ALWAYS,ALWAYS,Liz,ASL_2008_01_11,13,315,370,ASL_2008_01_11-13,541
ALWAYS,ALWAYS,Naomi,ASL_2008_08_04,9,1571,1635,ASL_2008_08_04-9,542
ALWAYS,ALWAYS,Tyler,ASL_2008_05_12a,10,1810,1850,ASL_2008_05_12a-10,543
ALWAYS+FOREVER_2,ALWAYS+FOREVER_2,Liz,ASL_2008_01_18,47,1925,1985,ASL_2008_01_18-47,544
AMAZED,AMAZED,Brady,ASL_2011_07_19_Brady,80,4490,4510,ASL_2011_07_19_Brady-80,545
AMBULANCE,(crvd-sprd-B)AMBULANCE,Brady,ASL_2011_06_08_Brady,11,3119,3149,ASL_2011_06_08_Brady-11,546
AMBULANCE,AMBULANCE,Liz,ASL_2010_08_10_Liz_additional_lexicon_signs,6,1330,1380,ASL_2010_08_10_Liz_additional_lexicon_signs-6,547
AMONG,AMONG,Liz,ASL_2008_01_11,13,1395,1460,ASL_2008_01_11-13,548
AMONG,AMONG_2,Brady,ASL_2011_06_08_Brady,11,7576,7605,ASL_2011_06_08_Brady-11,549
ANALYZE,ANALYZE,Liz,ASL_2008_01_11,14,560,595,ASL_2008_01_11-14,550
ANALYZE,ANALYZE+,Tyler,ASL_2008_05_12a,11,987,1032,ASL_2008_05_12a-11,551
ANALYZE,ANALYZE-LIST+,Brady,ASL_2011_06_08_Brady,11,9597,9631,ASL_2011_06_08_Brady-11,552
ANALYZE,ANALYZE_2,Naomi,ASL_2008_08_04,10,831,876,ASL_2008_08_04-10,553
AND,AND,Brady,ASL_2011_06_08_Brady,11,10803,10824,ASL_2011_06_08_Brady-11,554
AND,AND,Lana,ASL_2006_01_20,22,265,300,ASL_2006_01_20-22,555
AND,AND,Liz,ASL_2008_01_11,14,970,1005,ASL_2008_01_11-14,556
AND,AND,Naomi,ASL_2008_08_04,10,1817,1837,ASL_2008_08_04-10,557
AND,AND,Tyler,ASL_2008_05_12a,11,1520,1535,ASL_2008_05_12a-11,558
ANGEL,ANGEL,Brady,ASL_2011_06_08_Brady,11,11033,11061,ASL_2011_06_08_Brady-11,559
ANGEL,ANGEL,Brady,ASL_2011_06_14_Brady,20,5430,5464,ASL_2011_06_14_Brady-20,560
ANGEL,ANGEL+,Liz,ASL_2008_01_11,14,1195,1235,ASL_2008_01_11-14,561
ANGEL,ANGEL+,Liz,ASL_2008_01_18,46,400,485,ASL_2008_01_18-46,562
ANGEL,ANGEL+,Naomi,ASL_2008_08_04,10,2048,2082,ASL_2008_08_04-10,563
ANGEL,ANGEL+,Naomi,ASL_2008_08_06,45,3295,3337,ASL_2008_08_06-45,564
ANGEL,ANGEL+,Tyler,ASL_2008_05_12a,11,1760,1790,ASL_2008_05_12a-11,565
ANGLE,ANGLE,Brady,ASL_2011_06_08_Brady,11,11314,11353,ASL_2011_06_08_Brady-11,566
ANGLE,ANGLE,Liz,ASL_2010_08_10_Liz_additional_lexicon_signs,18,3065,3135,ASL_2010_08_10_Liz_additional_lexicon_signs-18,567
ANIMAL,ANIMAL+,Liz,ASL_2008_01_11,14,1465,1510,ASL_2008_01_11-14,568
ANIMAL,ANIMAL+,Naomi,ASL_2008_08_04,10,2285,2315,ASL_2008_08_04-10,569
ANIMAL,ANIMAL++,Brady,ASL_2011_06_08_Brady,11,11563,11597,ASL_2011_06_08_Brady-11,570
ANIMAL,ANIMAL++,Tyler,ASL_2008_05_12a,11,1965,2017,ASL_2008_05_12a-11,571
ANNOUNCE,ANNOUNCE,Naomi,ASL_2008_08_04,10,2610,2642,ASL_2008_08_04-10,572
ANNOUNCE,ANNOUNCE,Tyler,ASL_2008_05_12a,11,2211,2240,ASL_2008_05_12a-11,573
ANNOUNCE,ANNOUNCE_2,Brady,ASL_2011_06_08_Brady,12,180,197,ASL_2011_06_08_Brady-12,574
ANNOUNCE,ANNOUNCE_2,Liz,ASL_2008_01_11,15,320,350,ASL_2008_01_11-15,575
ANSWER,ANSWER,Brady,ASL_2011_06_08_Brady,12,1710,1722,ASL_2011_06_08_Brady-12,576
ANSWER,ANSWER,Brady,ASL_2011_06_08_Brady,13,18895,18911,ASL_2011_06_08_Brady-13,577
ANSWER,ANSWER,Brady,ASL_2011_07_19_Brady,56,128,146,ASL_2011_07_19_Brady-56,578
ANSWER,ANSWER,Brady,ASL_2011_07_19_Brady,56,436,450,ASL_2011_07_19_Brady-56,579
ANSWER,ANSWER,Dana,ASL_2007_05_24,5,3062,3086,ASL_2007_05_24-5,580
ANSWER,ANSWER,Lana,ASL_2006_10_10,2,2630,2647,ASL_2006_10_10-2,581
ANSWER,ANSWER,Liz,ASL_2008_01_11,15,855,879,ASL_2008_01_11-15,582
ANSWER,ANSWER,Liz,ASL_2008_02_29,11,640,679,ASL_2008_02_29-11,583
ANSWER,ANSWER,Naomi,ASL_2008_08_04,10,3042,3060,ASL_2008_08_04-10,584
ANSWER,ANSWER,Tyler,ASL_2008_05_12a,11,2645,2658,ASL_2008_05_12a-11,585
ANSWER,ANSWER+,Brady,ASL_2011_06_08_Brady,13,19163,19185,ASL_2011_06_08_Brady-13,586
ANSWER+AGENT,ANSWER+AGENT,Brady,ASL_2011_07_19_Brady,56,717,743,ASL_2011_07_19_Brady-56,587
ANY,ANY,Brady,ASL_2011_06_08_Brady,12,2405,2435,ASL_2011_06_08_Brady-12,588
ANY,ANY,Dana,ASL_2007_05_24,5,2910,2939,ASL_2007_05_24-5,589
ANY,ANY,Lana,ASL_2006_10_10,2,2507,2522,ASL_2006_10_10-2,590
ANY,ANY,Liz,ASL_2008_01_11,15,1085,1106,ASL_2008_01_11-15,591
ANY,ANY,Naomi,ASL_2008_08_04,10,3240,3258,ASL_2008_08_04-10,592
ANY,ANY,Tyler,ASL_2008_05_12a,11,2831,2855,ASL_2008_05_12a-11,593
ANY+ONE,ANY+ONE,Brady,ASL_2011_06_14_Brady,2,2228,2252,ASL_2011_06_14_Brady-2,594
ANY+ONE,ANY+ONE,Liz,ASL_2008_01_11,15,1309,1345,ASL_2008_01_11-15,595
ANY+ONE,ANY+ONE,Naomi,ASL_2008_08_04,12,205,232,ASL_2008_08_04-12,596
ANY+ONE,ANY+ONE,Tyler,ASL_2008_05_12a,12,505,531,ASL_2008_05_12a-12,597
ANY+ONE,ANY+ONE,Tyler,ASL_2008_05_29a,14,2025,2061,ASL_2008_05_29a-14,598
ANY+THING,ANY+THING,Brady,ASL_2011_06_14_Brady,2,2435,2461,ASL_2011_06_14_Brady-2,599
ANY+THING,ANY+THING,Liz,ASL_2008_01_11,15,1493,1532,ASL_2008_01_11-15,600
ANY+THING,ANY+THING,Naomi,ASL_2008_08_04,12,430,455,ASL_2008_08_04-12,601
ANY+THING,ANY+THING,Tyler,ASL_2008_05_12a,12,725,750,ASL_2008_05_12a-12,602
ANY+WHERE,ANY+WHERE,Brady,ASL_2011_06_14_Brady,2,2658,2688,ASL_2011_06_14_Brady-2,603
ANY+WHERE,ANY+WHERE,Brady,ASL_2011_06_14_Brady,14,721,751,ASL_2011_06_14_Brady-14,604
ANY+WHERE,ANY+WHERE,Liz,ASL_2008_01_11,16,458,499,ASL_2008_01_11-16,605
ANY+WHERE,ANY+WHERE,Naomi,ASL_2008_08_04,12,735,767,ASL_2008_08_04-12,606
ANY+WHERE,ANY+WHERE,Tyler,ASL_2008_05_12a,12,929,966,ASL_2008_05_12a-12,607
ANY+WHERE,ANY+WHERE,Tyler,ASL_2008_05_29a,15,261,300,ASL_2008_05_29a-15,608
ANY+WHERE,EACH+WHERE,Liz,ASL_2008_01_18,35,485,538,ASL_2008_01_18-35,609
ANY+WHERE,EACH+WHERE,Naomi,ASL_2008_08_06,35,154,187,ASL_2008_08_06-35,610
ANYWAY/NOT-MATTER,ANYWAY/NOT-MATTER,Liz,ASL_2010_08_10_Liz_additional_lexicon_signs,23,1590,1638,ASL_2010_08_10_Liz_additional_lexicon_signs-23,611
ANYWAY/NOT-MATTER,ANYWAY/NOT-MATTER+,Brady,ASL_2011_06_08_Brady,12,4106,4136,ASL_2011_06_08_Brady-12,612
ANYWAY/NOT-MATTER,ANYWAY/NOT-MATTER+,Liz,ASL_2008_02_01,36,685,726,ASL_2008_02_01-36,613
ANYWAY/NOT-MATTER,ANYWAY/NOT-MATTER+,Naomi,ASL_2008_08_13,30,1335,1375,ASL_2008_08_13-30,614
ANYWAY/NOT-MATTER,ANYWAY/NOT-MATTER++,Tyler,ASL_2008_05_29b,10,820,857,ASL_2008_05_29b-10,615
APPLAUSE,APPLAUSE+,Brady,ASL_2011_07_19_Brady,40,1218,1245,ASL_2011_07_19_Brady-40,616
APPLAUSE,APPLAUSE+,Naomi,ASL_2008_08_04,49,2020,2059,ASL_2008_08_04-49,617
APPLAUSE,APPLAUSE++,Brady,ASL_2011_07_22_Brady,50,588,636,ASL_2011_07_22_Brady-50,618
APPLAUSE,APPLAUSE++,Liz,ASL_2008_01_11,78,296,350,ASL_2008_01_11-78,619
APPLAUSE,APPLAUSE++,Liz,ASL_2008_02_15,46,635,675,ASL_2008_02_15-46,620
APPLAUSE,APPLAUSE++,Liz,ASL_2010_08_10_Liz_additional_lexicon_signs,26,1156,1195,ASL_2010_08_10_Liz_additional_lexicon_signs-26,621
APPLAUSE,APPLAUSE+++,Brady,ASL_2011_06_08_Brady,28,653,705,ASL_2011_06_08_Brady-28,622
APPLAUSE,APPLAUSE+++,Brady,ASL_2011_06_08_Brady,29,7159,7194,ASL_2011_06_08_Brady-29,623
APPLAUSE,APPLAUSE+++,Tyler,ASL_2008_05_12a,47,1195,1242,ASL_2008_05_12a-47,624
APPLE,(S)APPLE,Lana,ASL_2006_10_10,2,2754,2775,ASL_2006_10_10-2,625
APPLE,APPLE,Brady,ASL_2011_06_08_Brady,12,6398,6409,ASL_2011_06_08_Brady-12,626
APPLE,APPLE,Dana,ASL_2007_05_24,5,3231,3275,ASL_2007_05_24-5,627
APPLE,APPLE,Liz,ASL_2008_01_11,18,826,865,ASL_2008_01_11-18,628
APPLE,APPLE,Naomi,ASL_2008_08_04,12,1525,1546,ASL_2008_08_04-12,629
APPLE,APPLE,Tyler,ASL_2008_05_12a,12,2340,2360,ASL_2008_05_12a-12,630
APPLY,APPLY,Brady,ASL_2011_06_08_Brady,12,6628,6637,ASL_2011_06_08_Brady-12,631
APPLY,APPLY,Brady,ASL_2011_07_22_Brady,37,1538,1556,ASL_2011_07_22_Brady-37,632
APPLY,APPLY,Liz,ASL_2008_01_11,18,1225,1255,ASL_2008_01_11-18,633
APPLY,APPLY,Liz,ASL_2008_01_11,18,1865,1905,ASL_2008_01_11-18,634
APPLY,APPLY,Naomi,ASL_2008_08_04,12,1777,1803,ASL_2008_08_04-12,635
APPLY,APPLY,Naomi,ASL_2008_08_04,12,2302,2335,ASL_2008_08_04-12,636
APPOINT,APPOINT,Brady,ASL_2011_06_08_Brady,12,7112,7132,ASL_2011_06_08_Brady-12,637
APPOINT,APPOINT,Liz,ASL_2008_01_11,19,625,665,ASL_2008_01_11-19,638
APPOINT,APPOINT,Naomi,ASL_2008_08_04,12,2715,2735,ASL_2008_08_04-12,639
APPOINT,APPOINT,Tyler,ASL_2008_05_12a,12,5082,5115,ASL_2008_05_12a-12,640
APPOINTMENT,(A)APPOINTMENT,Liz,ASL_2008_01_11,19,1090,1131,ASL_2008_01_11-19,641
APPOINTMENT,(nd-S)APPOINTMENT,Brady,ASL_2011_06_08_Brady,12,8701,8731,ASL_2011_06_08_Brady-12,642
APPOINTMENT,(nd-S)APPOINTMENT,Liz,ASL_2008_02_29,12,866,930,ASL_2008_02_29-12,643
APPOINTMENT,APPOINTMENT,Brady,ASL_2011_07_22_Brady,37,1735,1766,ASL_2011_07_22_Brady-37,644
APPOINTMENT,APPOINTMENT,Dana,ASL_2007_05_24,5,3362,3437,ASL_2007_05_24-5,645
APPOINTMENT,APPOINTMENT,Lana,ASL_2006_10_10,2,2878,2906,ASL_2006_10_10-2,646
APPOINTMENT,APPOINTMENT,Liz,ASL_2008_01_11,19,1306,1345,ASL_2008_01_11-19,647
APPOINTMENT,APPOINTMENT,Naomi,ASL_2008_08_04,13,823,850,ASL_2008_08_04-13,648
APPOINTMENT,APPOINTMENT,Naomi,ASL_2008_08_04,13,1418,1442,ASL_2008_08_04-13,649
APPOINTMENT,APPOINTMENT,Tyler,ASL_2008_05_12a,13,685,732,ASL_2008_05_12a-13,650
APPOINTMENT,APPOINTMENT,Tyler,ASL_2008_05_12a,13,1000,1027,ASL_2008_05_12a-13,651
APPROVE,APPROVE,Naomi,ASL_2008_08_04,13,2566,2592,ASL_2008_08_04-13,652
APPROVE,APPROVE,Tyler,ASL_2008_05_12a,13,2152,2185,ASL_2008_05_12a-13,653
APPROVE/VETO,APPROVE/VETO,Liz,ASL_2008_01_11,20,595,636,ASL_2008_01_11-20,654
ARGUE,ARGUE+,Brady,ASL_2011_07_19_Brady,48,1902,1959,ASL_2011_07_19_Brady-48,655
ARGUE,ARGUE+,Liz,ASL_2008_02_29,4,255,310,ASL_2008_02_29-4,656
ARGUE,ARGUE+,Tyler,ASL_2008_05_29a,20,3000,3045,ASL_2008_05_29a-20,657
ARM,ARM,Brady,ASL_2011_06_08_Brady,13,504,529,ASL_2011_06_08_Brady-13,658
ARM,ARM,Liz,ASL_2008_01_11,21,985,1025,ASL_2008_01_11-21,659
ARM,ARM,Naomi,ASL_2008_08_04,14,1300,1327,ASL_2008_08_04-14,660
ARM,ARM,Tyler,ASL_2008_05_12a,14,1652,1691,ASL_2008_05_12a-14,661
ARM,ARM,Tyler,ASL_2008_05_29b,18,2927,2956,ASL_2008_05_29b-18,662
ARM+SHORT-SLEEVE,ARM+SHORT-SLEEVE,Brady,ASL_2011_07_19_Brady,87,1450,1485,ASL_2011_07_19_Brady-87,663
AROUND,AROUND,Brady,ASL_2011_06_08_Brady,12,10497,10555,ASL_2011_06_08_Brady-12,664
AROUND,AROUND,Liz,ASL_2008_01_11,20,800,855,ASL_2008_01_11-20,665
AROUND,AROUND,Naomi,ASL_2008_08_04,13,2968,3005,ASL_2008_08_04-13,666
AROUND,AROUND+,Dana,ASL_2007_05_24,7,439,504,ASL_2007_05_24-7,667
AROUND,AROUND+,Lana,ASL_2006_10_10,3,495,557,ASL_2006_10_10-3,668
AROUND,AROUND+,Tyler,ASL_2008_05_12a,13,2361,2420,ASL_2008_05_12a-13,669
ARRIVE,ARRIVE,Brady,ASL_2011_06_08_Brady,13,2629,2649,ASL_2011_06_08_Brady-13,670
ARRIVE,ARRIVE,Brady,ASL_2011_06_08_Brady,21,7068,7089,ASL_2011_06_08_Brady-21,671
ARRIVE,ARRIVE,Lana,ASL_2006_01_20,22,402,451,ASL_2006_01_20-22,672
ARRIVE,ARRIVE,Liz,ASL_2008_01_11,21,1485,1515,ASL_2008_01_11-21,673
ARRIVE,ARRIVE,Liz,ASL_2008_01_11,43,460,500,ASL_2008_01_11-43,674
ARRIVE,ARRIVE,Liz,ASL_2008_01_11,50,1915,1950,ASL_2008_01_11-50,675
ARRIVE,ARRIVE,Naomi,ASL_2008_08_04,14,1838,1862,ASL_2008_08_04-14,676
ARRIVE,ARRIVE,Tyler,ASL_2008_05_12a,14,2090,2120,ASL_2008_05_12a-14,677
ART/DESIGN,(D)ART/DESIGN,Liz,ASL_2008_01_18,15,1302,1336,ASL_2008_01_18-15,678
ART/DESIGN,(D)ART/DESIGN,Naomi,ASL_2008_08_06,15,1381,1411,ASL_2008_08_06-15,679
ART/DESIGN,(D)ART/DESIGN,Tyler,ASL_2008_05_12b,15,1110,1146,ASL_2008_05_12b-15,680
ART/DESIGN,ART/DESIGN,Brady,ASL_2011_06_14_Brady,7,250,294,ASL_2011_06_14_Brady-7,681
ART/DESIGN,ART/DESIGN,Liz,ASL_2008_01_11,22,355,400,ASL_2008_01_11-22,682
ART/DESIGN,ART/DESIGN,Liz,ASL_2008_01_18,23,1610,1667,ASL_2008_01_18-23,683
ART/DESIGN,ART/DESIGN,Naomi,ASL_2008_08_04,14,2127,2153,ASL_2008_08_04-14,684
ART/DESIGN,ART/DESIGN,Naomi,ASL_2008_08_06,23,1500,1525,ASL_2008_08_06-23,685
ART/DESIGN,ART/DESIGN,Tyler,ASL_2008_05_12a,14,2320,2365,ASL_2008_05_12a-14,686
ART/DESIGN,ART/DESIGN,Tyler,ASL_2008_05_29a,3,1832,1880,ASL_2008_05_29a-3,687
ART/DESIGN,ART/DESIGN,Tyler,ASL_2008_05_29a,3,2095,2141,ASL_2008_05_29a-3,688
ART/DESIGN,ART/DESIGN_2+,Brady,ASL_2011_06_08_Brady,13,2878,2907,ASL_2011_06_08_Brady-13,689
ART/DESIGN,ART/DESIGN_2+,Brady,ASL_2011_06_14_Brady,7,514,545,ASL_2011_06_14_Brady-7,690
ART/DESIGN,ART/DESIGN_2+,Brady,ASL_2011_07_22_Brady,42,844,879,ASL_2011_07_22_Brady-42,691
ART/DESIGN,ART/DESIGN_2+,Liz,ASL_2008_01_18,23,1825,1866,ASL_2008_01_18-23,692
ART/DESIGN,ART/DESIGN_2+,Naomi,ASL_2008_08_06,23,1720,1760,ASL_2008_08_06-23,693
ART/DESIGN+AGENT,ART/DESIGN+AGENT,Brady,ASL_2011_06_14_Brady,2,2930,2956,ASL_2011_06_14_Brady-2,694
ART/DESIGN+AGENT,ART/DESIGN+AGENT,Liz,ASL_2008_01_11,22,838,901,ASL_2008_01_11-22,695
ART/DESIGN+AGENT,ART/DESIGN+AGENT,Naomi,ASL_2008_08_04,14,2806,2849,ASL_2008_08_04-14,696
ART/DESIGN+AGENT,ART/DESIGN+AGENT,Tyler,ASL_2008_05_12a,14,2961,3003,ASL_2008_05_12a-14,697
ARTICLE,ARTICLE,Brady,ASL_2011_06_08_Brady,13,3660,3683,ASL_2011_06_08_Brady-13,698
ARTICLE,ARTICLE,Dana,ASL_2007_05_24,7,580,640,ASL_2007_05_24-7,699
ARTICLE,ARTICLE,Lana,ASL_2006_10_10,3,649,669,ASL_2006_10_10-3,700
ARTICLE,ARTICLE,Naomi,ASL_2008_08_04,14,2540,2565,ASL_2008_08_04-14,701
ARTICLE,ARTICLE+,Tyler,ASL_2008_05_12a,14,2596,2645,ASL_2008_05_12a-14,702
ASK,ASK,Dana,ASL_2007_05_24,7,720,754,ASL_2007_05_24-7,703
ASK,ASK_2,Lana,ASL_2006_10_10,3,775,786,ASL_2006_10_10-3,704
ASSAULT,ASSAULT,Brady,ASL_2011_07_19_Brady,47,1554,1568,ASL_2011_07_19_Brady-47,705
ASSAULT,ASSAULT,Liz,ASL_2008_02_15,52,1670,1689,ASL_2008_02_15-52,706
ASSIST,ASSIST,Brady,ASL_2011_06_08_Brady,12,7630,7645,ASL_2011_06_08_Brady-12,707
ASSIST,ASSIST+,Brady,ASL_2011_06_08_Brady,13,8849,8872,ASL_2011_06_08_Brady-13,708
ASSIST,ASSIST+,Liz,ASL_2008_01_11,23,865,905,ASL_2008_01_11-23,709
ASSIST,ASSIST+,Naomi,ASL_2008_08_04,15,2638,2667,ASL_2008_08_04-15,710
ASSIST,ASSIST++,Tyler,ASL_2008_05_12a,15,2870,2907,ASL_2008_05_12a-15,711
ASSOCIATION,ASSOCIATION,Brady,ASL_2011_06_08_Brady,9,11571,11587,ASL_2011_06_08_Brady-9,712
ASSOCIATION,ASSOCIATION,Brady,ASL_2011_06_08_Brady,13,10210,10229,ASL_2011_06_08_Brady-13,713
ASSOCIATION,ASSOCIATION,Liz,ASL_2008_01_11,23,1305,1350,ASL_2008_01_11-23,714
ASSOCIATION,ASSOCIATION,Liz,ASL_2010_08_10_Liz_additional_lexicon_signs,23,998,1065,ASL_2010_08_10_Liz_additional_lexicon_signs-23,715
ASSOCIATION,ASSOCIATION,Naomi,ASL_2008_08_04,15,3142,3165,ASL_2008_08_04-15,716
ASTONISHED,ASTONISHED,Liz,ASL_2008_02_29,29,2490,2538,ASL_2008_02_29-29,717
ASTRAY,ASTRAY,Brady,ASL_2011_06_08_Brady,13,11076,11126,ASL_2011_06_08_Brady-13,718
ASTRAY,ASTRAY,Liz,ASL_2010_08_10_Liz_additional_lexicon_signs,23,1922,2009,ASL_2010_08_10_Liz_additional_lexicon_signs-23,719
ATTEMPT,ATTEMPT,Brady,ASL_2011_07_22_Brady,12,1983,2011,ASL_2011_07_22_Brady-12,720
ATTEMPT,ATTEMPT,Liz,ASL_2008_01_11,24,780,805,ASL_2008_01_11-24,721
ATTEMPT,ATTEMPT,Naomi,ASL_2008_08_04,16,985,1018,ASL_2008_08_04-16,722
ATTENTION-WAVE,ATTENTION-WAVE,Brady,ASL_2011_07_22_Brady,25,2416,2452,ASL_2011_07_22_Brady-25,723
ATTENTION-WAVE,ATTENTION-WAVE,Liz,ASL_2008_03_28,37,1665,1705,ASL_2008_03_28-37,724
ATTITUDE,ATTITUDE,Brady,ASL_2011_06_08_Brady,13,19812,19835,ASL_2011_06_08_Brady-13,725
ATTITUDE,ATTITUDE,Liz,ASL_2008_01_11,25,466,502,ASL_2008_01_11-25,726
ATTITUDE,ATTITUDE,Liz,ASL_2010_08_10_Liz_additional_lexicon_signs,8,2690,2761,ASL_2010_08_10_Liz_additional_lexicon_signs-8,727
ATTITUDE,ATTITUDE,Naomi,ASL_2008_08_04,16,3888,3925,ASL_2008_08_04-16,728
ATTITUDE,ATTITUDE_2,Tyler,ASL_2008_05_12a,16,3225,3254,ASL_2008_05_12a-16,729
AUCTION,AUCTION,Brady,ASL_2011_06_08_Brady,13,21660,21693,ASL_2011_06_08_Brady-13,730
AUCTION,AUCTION,Liz,ASL_2010_08_10_Liz_additional_lexicon_signs,6,2376,2443,ASL_2010_08_10_Liz_additional_lexicon_signs-6,731
AUDIENCE,AUDIENCE,Brady,ASL_2011_06_08_Brady,14,17,47,ASL_2011_06_08_Brady-14,732
AUDIENCE,AUDIENCE,Tyler,ASL_2008_05_12a,16,3617,3656,ASL_2008_05_12a-16,733
AUDIOLOGY,AUDIOLOGY,Brady,ASL_2011_06_08_Brady,14,1156,1192,ASL_2011_06_08_Brady-14,734
AUDIOLOGY,AUDIOLOGY,Liz,ASL_2008_01_11,25,1230,1285,ASL_2008_01_11-25,735
AUDIOLOGY,AUDIOLOGY,Naomi,ASL_2008_08_04,16,5012,5045,ASL_2008_08_04-16,736
AUDIOLOGY+AGENT,AUDIOLOGY+AGENT,Brady,ASL_2011_06_14_Brady,2,3402,3439,ASL_2011_06_14_Brady-2,737
AUDIOLOGY+AGENT,AUDIOLOGY+AGENT,Liz,ASL_2008_01_11,25,974,1039,ASL_2008_01_11-25,738
AUDIOLOGY+AGENT,AUDIOLOGY+AGENT,Naomi,ASL_2008_08_04,16,4645,4705,ASL_2008_08_04-16,739
AUDIOLOGY+AGENT,AUDIOLOGY+AGENT,Tyler,ASL_2008_05_12a,16,3901,3955,ASL_2008_05_12a-16,740
AUNT,AUNT,Brady,ASL_2011_06_08_Brady,14,1378,1401,ASL_2011_06_08_Brady-14,741
AUNT,AUNT,Dana,ASL_2007_05_24,7,1432,1482,ASL_2007_05_24-7,742
AUNT,AUNT,Liz,ASL_2008_01_11,25,1481,1531,ASL_2008_01_11-25,743
AUNT,AUNT,Naomi,ASL_2008_08_04,16,5410,5428,ASL_2008_08_04-16,744
AUNT,AUNT_2,Lana,ASL_2006_10_10,3,1445,1465,ASL_2006_10_10-3,745
AUTHORITY,AUTHORITY,Brady,ASL_2011_06_08_Brady,14,2479,2504,ASL_2011_06_08_Brady-14,746
AUTHORITY,AUTHORITY,Liz,ASL_2008_01_11,26,1140,1170,ASL_2008_01_11-26,747
AUTHORITY,AUTHORITY,Naomi,ASL_2008_08_04,17,1710,1737,ASL_2008_08_04-17,748
AUTHORITY,AUTHORITY,Tyler,ASL_2008_05_12a,17,1827,1851,ASL_2008_05_12a-17,749
AUTUMN,AUTUMN,Brady,ASL_2011_06_08_Brady,14,2700,2725,ASL_2011_06_08_Brady-14,750
AUTUMN,AUTUMN,Brady,ASL_2011_07_22_Brady,38,165,205,ASL_2011_07_22_Brady-38,751
AUTUMN,AUTUMN,Liz,ASL_2008_01_11,26,1370,1405,ASL_2008_01_11-26,752
AUTUMN,AUTUMN,Naomi,ASL_2008_08_04,17,1993,2033,ASL_2008_08_04-17,753
AUTUMN,AUTUMN,Tyler,ASL_2008_05_12a,17,2485,2540,ASL_2008_05_12a-17,754
AVAILABLE,AVAILABLE+,Brady,ASL_2011_06_08_Brady,14,2952,2972,ASL_2011_06_08_Brady-14,755
AVAILABLE,AVAILABLE++,Liz,ASL_2010_08_10_Liz_additional_lexicon_signs,24,468,518,ASL_2010_08_10_Liz_additional_lexicon_signs-24,756
AVERAGE,AVERAGE,Brady,ASL_2011_06_08_Brady,19,9275,9310,ASL_2011_06_08_Brady-19,757
AVERAGE,AVERAGE,Brady,ASL_2011_06_14_Brady,55,7179,7227,ASL_2011_06_14_Brady-55,758
AVERAGE,AVERAGE,Liz,ASL_2008_02_15,2,825,895,ASL_2008_02_15-2,759
AVERAGE,AVERAGE,Naomi,ASL_2008_08_04,17,2375,2393,ASL_2008_08_04-17,760
AVERAGE,AVERAGE,Naomi,ASL_2008_08_04,27,1840,1885,ASL_2008_08_04-27,761
AVERAGE,AVERAGE/RANGE,Tyler,ASL_2008_05_12a,17,2880,2950,ASL_2008_05_12a-17,762
AVOID/FALL-BEHIND,AVOID/FALL-BEHIND,Brady,ASL_2011_06_08_Brady,14,3408,3437,ASL_2011_06_08_Brady-14,763
AVOID/FALL-BEHIND,AVOID/FALL-BEHIND,Brady,ASL_2011_06_08_Brady,18,7554,7568,ASL_2011_06_08_Brady-18,764
AVOID/FALL-BEHIND,AVOID/FALL-BEHIND,Liz,ASL_2008_01_11,26,1905,1965,ASL_2008_01_11-26,765
AVOID/FALL-BEHIND,AVOID/FALL-BEHIND,Liz,ASL_2008_01_11,38,1161,1185,ASL_2008_01_11-38,766
AVOID/FALL-BEHIND,AVOID/FALL-BEHIND,Naomi,ASL_2008_08_04,17,2700,2730,ASL_2008_08_04-17,767
AVOID/FALL-BEHIND,AVOID/FALL-BEHIND,Naomi,ASL_2008_08_04,25,2097,2132,ASL_2008_08_04-25,768
AVOID/FALL-BEHIND,AVOID/FALL-BEHIND,Tyler,ASL_2008_05_12a,17,3185,3211,ASL_2008_05_12a-17,769
AVOID/FALL-BEHIND,AVOID/FALL-BEHIND,Tyler,ASL_2008_05_12a,24,2370,2425,ASL_2008_05_12a-24,770
AWKWARD,AWKWARD,Brady,ASL_2011_06_08_Brady,14,4316,4356,ASL_2011_06_08_Brady-14,771
AWKWARD,AWKWARD,Dana,ASL_2007_05_24,7,1006,1069,ASL_2007_05_24-7,772
AWKWARD,AWKWARD,Lana,ASL_2006_10_10,3,1026,1089,ASL_2006_10_10-3,773
AWKWARD,AWKWARD,Liz,ASL_2008_01_11,27,1115,1180,ASL_2008_01_11-27,774
AWKWARD,AWKWARD,Naomi,ASL_2008_08_04,18,243,283,ASL_2008_08_04-18,775
AWKWARD,AWKWARD,Tyler,ASL_2008_05_12a,18,310,352,ASL_2008_05_12a-18,776
B,B,Brady,ASL_2011_06_08_Brady,14,4622,4638,ASL_2011_06_08_Brady-14,777
B,B,Liz,ASL_2008_01_11,27,1415,1435,ASL_2008_01_11-27,778
B,B,Naomi,ASL_2008_08_04,18,521,557,ASL_2008_08_04-18,779
B,B,Tyler,ASL_2008_05_12a,18,562,595,ASL_2008_05_12a-18,780
BABY,BABY,Brady,ASL_2011_06_08_Brady,14,5120,5165,ASL_2011_06_08_Brady-14,781
BABY,BABY,Liz,ASL_2008_01_11,27,1605,1670,ASL_2008_01_11-27,782
BABY,BABY,Naomi,ASL_2008_08_04,18,697,751,ASL_2008_08_04-18,783
BABY,BABY,Tyler,ASL_2008_05_12a,18,806,850,ASL_2008_05_12a-18,784
BACHELOR,BACHELOR,Brady,ASL_2011_06_08_Brady,15,233,263,ASL_2011_06_08_Brady-15,785
BACHELOR,BACHELOR,Liz,ASL_2008_01_11,28,315,350,ASL_2008_01_11-28,786
BACHELOR,BACHELOR,Naomi,ASL_2008_08_04,18,1080,1105,ASL_2008_08_04-18,787
BACHELOR,BACHELOR,Tyler,ASL_2008_05_12a,18,1000,1025,ASL_2008_05_12a-18,788
BACHELOR,SINGLE,Brady,ASL_2011_07_19_Brady,83,2957,2992,ASL_2011_07_19_Brady-83,789
BACHELOR,SINGLE,Liz,ASL_2008_02_29,32,2629,2675,ASL_2008_02_29-32,790
BACHELOR,SWINGING-SINGLE,Liz,ASL_2008_02_29,32,3431,3525,ASL_2008_02_29-32,791
BACK,BACK,Dana,ASL_2007_05_24,7,1850,1890,ASL_2007_05_24-7,792
BACKGROUND,BACKGROUND,Brady,ASL_2011_06_08_Brady,15,2796,2815,ASL_2011_06_08_Brady-15,793
BACKGROUND,BACKGROUND,Liz,ASL_2008_01_11,28,1755,1800,ASL_2008_01_11-28,794
BACKGROUND,BACKGROUND,Naomi,ASL_2008_08_04,18,3667,3685,ASL_2008_08_04-18,795
BACKGROUND,BACKGROUND,Tyler,ASL_2008_05_12a,18,4420,4455,ASL_2008_05_12a-18,796
BACKPACK,(crvd-B)BACKPACK,Naomi,ASL_2008_08_04,19,265,287,ASL_2008_08_04-19,797
BACKPACK,BACKPACK,Liz,ASL_2010_08_10_Liz_additional_lexicon_signs,8,2880,2935,ASL_2010_08_10_Liz_additional_lexicon_signs-8,798
BACKPACK,BACKPACK,Tyler,ASL_2008_05_12a,19,455,510,ASL_2008_05_12a-19,799
BACKSTAB,BACKSTAB,Brady,ASL_2011_06_08_Brady,12,10278,10300,ASL_2011_06_08_Brady-12,800
BACON,BACON,Naomi,ASL_2008_08_04,19,561,577,ASL_2008_08_04-19,801
BACON,BACON,Tyler,ASL_2008_05_12a,19,705,750,ASL_2008_05_12a-19,802
BACON,BACON_2,Liz,ASL_2008_01_11,29,1065,1105,ASL_2008_01_11-29,803
BAD,BAD,Brady,ASL_2011_06_08_Brady,15,3745,3762,ASL_2011_06_08_Brady-15,804
BAD,BAD,Dana,ASL_2007_05_24,7,2143,2176,ASL_2007_05_24-7,805
BAD,BAD,Lana,ASL_2006_10_10,3,2096,2115,ASL_2006_10_10-3,806
BAD,BAD,Liz,ASL_2008_01_11,29,1327,1358,ASL_2008_01_11-29,807
BAD,BAD,Naomi,ASL_2008_08_04,19,779,803,ASL_2008_08_04-19,808
BAD,BAD,Tyler,ASL_2008_05_12a,19,932,951,ASL_2008_05_12a-19,809
BAD+DREAM,BAD+DREAM,Liz,ASL_2008_02_15,19,3225,3290,ASL_2008_02_15-19,810
BADGE,(F)BADGE,Liz,ASL_2008_01_11,29,2080,2126,ASL_2008_01_11-29,811
BADGE,(F)BADGE,Naomi,ASL_2008_08_04,19,1782,1820,ASL_2008_08_04-19,812
BADGE,BADGE,Tyler,ASL_2008_05_12a,19,1165,1230,ASL_2008_05_12a-19,813
BADGE,BADGE_2,Liz,ASL_2008_01_11,29,1575,1615,ASL_2008_01_11-29,814
BAG,BAG,Liz,ASL_2008_01_11,33,825,866,ASL_2008_01_11-33,815
BAKE/OVEN,BAKE/OVEN,Brady,ASL_2011_06_08_Brady,15,6493,6513,ASL_2011_06_08_Brady-15,816
BAKE/OVEN,BAKE/OVEN,Liz,ASL_2008_01_11,30,581,620,ASL_2008_01_11-30,817
BAKE/OVEN,BAKE/OVEN,Naomi,ASL_2008_08_04,19,2403,2433,ASL_2008_08_04-19,818
BAKE/OVEN,BAKE/OVEN,Tyler,ASL_2008_05_12a,19,4060,4075,ASL_2008_05_12a-19,819
BAKING-SPRINKLES,(1h)BAKING-SPRINKLES,Brady,ASL_2011_07_19_Brady,94,2031,2077,ASL_2011_07_19_Brady-94,820
BAKING-SPRINKLES,BAKING-SPRINKLES,Liz,ASL_2008_02_29,42,318,365,ASL_2008_02_29-42,821
BALANCE,BALANCE+,Brady,ASL_2011_06_08_Brady,15,6736,6777,ASL_2011_06_08_Brady-15,822
BALANCE,BALANCE+,Liz,ASL_2008_01_11,30,815,885,ASL_2008_01_11-30,823
BALANCE,BALANCE+,Naomi,ASL_2008_08_04,19,2717,2770,ASL_2008_08_04-19,824
BALANCE,BALANCE+,Tyler,ASL_2008_05_12a,19,4366,4445,ASL_2008_05_12a-19,825
BALD,BALD,Brady,ASL_2011_06_08_Brady,15,6974,7007,ASL_2011_06_08_Brady-15,826
BALD,BALD,Liz,ASL_2008_01_11,30,1080,1125,ASL_2008_01_11-30,827
BALD,BALD,Naomi,ASL_2008_08_04,19,2925,2957,ASL_2008_08_04-19,828
BALD+ALL-GONE,BALD+ALL-GONE,Tyler,ASL_2008_05_12a,19,4583,4615,ASL_2008_05_12a-19,829
BALL,BALL,Brady,ASL_2011_06_08_Brady,15,7378,7400,ASL_2011_06_08_Brady-15,830
BALL,BALL,Liz,ASL_2008_01_11,30,1756,1786,ASL_2008_01_11-30,831
BALL,BALL,Naomi,ASL_2008_08_04,20,297,323,ASL_2008_08_04-20,832
BALL,BALL,Tyler,ASL_2008_05_12a,20,722,762,ASL_2008_05_12a-20,833
BALLOON,BALLOON,Brady,ASL_2011_06_08_Brady,15,7740,7774,ASL_2011_06_08_Brady-15,834
BALLOON,BALLOON,Liz,ASL_2008_01_11,30,2070,2125,ASL_2008_01_11-30,835
BALLOON,BALLOON,Naomi,ASL_2008_08_04,20,533,570,ASL_2008_08_04-20,836
BALLOON,BALLOON,Tyler,ASL_2008_05_12a,20,960,995,ASL_2008_05_12a-20,837
BANANA,BANANA,Brady,ASL_2011_06_08_Brady,16,2103,2136,ASL_2011_06_08_Brady-16,838
BANANA,BANANA,Brady,ASL_2011_07_19_Brady,28,2803,2861,ASL_2011_07_19_Brady-28,839
BANANA,BANANA,Liz,ASL_2008_01_11,31,795,851,ASL_2008_01_11-31,840
BANANA,BANANA,Liz,ASL_2008_02_15,33,3945,4000,ASL_2008_02_15-33,841
BANANA,BANANA,Naomi,ASL_2008_08_04,20,1350,1410,ASL_2008_08_04-20,842
BANANA,BANANA,Tyler,ASL_2008_05_12a,20,2005,2075,ASL_2008_05_12a-20,843
BANDAID,BANDAID,Brady,ASL_2011_06_08_Brady,16,2469,2484,ASL_2011_06_08_Brady-16,844
BANDAID,BANDAID,Liz,ASL_2008_01_11,31,1015,1055,ASL_2008_01_11-31,845
BANDAID,BANDAID,Naomi,ASL_2008_08_04,20,1597,1630,ASL_2008_08_04-20,846
BANDAID,BANDAID,Tyler,ASL_2008_05_12a,20,2230,2260,ASL_2008_05_12a-20,847
BAPTIST,BAPTIST,Brady,ASL_2011_06_08_Brady,16,5730,5761,ASL_2011_06_08_Brady-16,848
BAPTIST,BAPTIST,Liz,ASL_2008_01_11,31,1446,1505,ASL_2008_01_11-31,849
BAPTIST,BAPTIST,Naomi,ASL_2008_08_04,20,2602,2647,ASL_2008_08_04-20,850
BAPTIST,BAPTIST,Tyler,ASL_2008_05_12a,20,3142,3190,ASL_2008_05_12a-20,851
BAR,BAR,Brady,ASL_2011_06_08_Brady,10,2411,2438,ASL_2011_06_08_Brady-10,852
BAR,BAR,Brady,ASL_2011_06_08_Brady,16,5226,5255,ASL_2011_06_08_Brady-16,853
BAR,BAR,Brady,ASL_2011_07_19_Brady,34,382,412,ASL_2011_07_19_Brady-34,854
BAR,BAR,Liz,ASL_2008_01_11,11,235,285,ASL_2008_01_11-11,855
BAR,BAR,Liz,ASL_2008_01_11,32,300,335,ASL_2008_01_11-32,856
BAR,BAR,Naomi,ASL_2008_08_04,20,3047,3068,ASL_2008_08_04-20,857
BAR,BAR,Tyler,ASL_2008_05_12a,20,3475,3525,ASL_2008_05_12a-20,858
BARK,BARK,Naomi,ASL_2008_08_04,21,990,1017,ASL_2008_08_04-21,859
BARK,BARK,Tyler,ASL_2008_05_12a,21,275,305,ASL_2008_05_12a-21,860
BARK,BARK_2,Brady,ASL_2011_06_08_Brady,16,7467,7483,ASL_2011_06_08_Brady-16,861
BASEBALL,(S)BASEBALL,Brady,ASL_2011_06_08_Brady,16,7956,7982,ASL_2011_06_08_Brady-16,862
BASEBALL,(S)BASEBALL,Dana,ASL_2007_05_24,7,1292,1352,ASL_2007_05_24-7,863
BASEBALL,BASEBALL,Naomi,ASL_2008_08_04,21,1205,1235,ASL_2008_08_04-21,864
BASEBALL,BASEBALL+,Lana,ASL_2006_10_10,3,1314,1337,ASL_2006_10_10-3,865
BASEBALL,BASEBALL_2,Tyler,ASL_2008_05_12a,21,492,530,ASL_2008_05_12a-21,866
BASEMENT,BASEMENT+,Brady,ASL_2011_06_08_Brady,16,8165,8191,ASL_2011_06_08_Brady-16,867
BASEMENT,BASEMENT+,Naomi,ASL_2008_08_04,21,1422,1470,ASL_2008_08_04-21,868
BASEMENT,BASEMENT+,Tyler,ASL_2008_05_12a,21,715,760,ASL_2008_05_12a-21,869
BASKET,BASKET,Liz,ASL_2008_01_11,33,555,590,ASL_2008_01_11-33,870
BASKET,BASKET,Naomi,ASL_2008_08_04,22,1398,1421,ASL_2008_08_04-22,871
BASKET,BASKET,Tyler,ASL_2008_05_12a,21,1780,1810,ASL_2008_05_12a-21,872
BASKETBALL,(crvd-5)BASKETBALL,Brady,ASL_2011_06_08_Brady,16,10199,10220,ASL_2011_06_08_Brady-16,873
BASKETBALL,(crvd-5)BASKETBALL,Brady,ASL_2011_07_19_Brady,117,3662,3685,ASL_2011_07_19_Brady-117,874
BASKETBALL,(crvd-5)BASKETBALL,Dana,ASL_2007_05_24,7,1568,1613,ASL_2007_05_24-7,875
BASKETBALL,(crvd-5)BASKETBALL,Lana,ASL_2006_10_10,3,1568,1593,ASL_2006_10_10-3,876
BASKETBALL,BASKETBALL,Liz,ASL_2008_01_11,33,1040,1065,ASL_2008_01_11-33,877
BASKETBALL,BASKETBALL,Naomi,ASL_2008_08_04,22,2650,2667,ASL_2008_08_04-22,878
BASKETBALL,BASKETBALL,Tyler,ASL_2008_05_12a,21,2420,2455,ASL_2008_05_12a-21,879
BAT,BAT,Tyler,ASL_2008_05_12a,21,3115,3140,ASL_2008_05_12a-21,880
BAT,BAT++,Brady,ASL_2011_06_08_Brady,16,10414,10446,ASL_2011_06_08_Brady-16,881
BAT,BAT_2,Naomi,ASL_2008_08_04,22,2997,3027,ASL_2008_08_04-22,882
BAT,BAT_3+,Liz,ASL_2008_01_11,33,1296,1335,ASL_2008_01_11-33,883
BATH,BATH,Brady,ASL_2011_06_08_Brady,17,317,359,ASL_2011_06_08_Brady-17,884
BATH,BATH,Liz,ASL_2008_01_11,33,1580,1620,ASL_2008_01_11-33,885
BATH,BATH,Naomi,ASL_2008_08_04,22,3407,3465,ASL_2008_08_04-22,886
BATH,BATH,Tyler,ASL_2008_05_12a,21,3475,3527,ASL_2008_05_12a-21,887
BATH+BATHROBE,BATH+BATHROBE,Brady,ASL_2011_06_14_Brady,2,3889,3934,ASL_2011_06_14_Brady-2,888
BATH+BATHROBE,BATH+BATHROBE,Brady,ASL_2011_06_14_Brady,2,4176,4229,ASL_2011_06_14_Brady-2,889
BATH+COAT,BATH+COAT,Liz,ASL_2008_01_11,34,530,608,ASL_2008_01_11-34,890
BATH+COAT,BATH+COAT,Naomi,ASL_2008_08_04,23,947,1003,ASL_2008_08_04-23,891
BATH+DRESS/CLOTHES,BATH+DRESS/CLOTHES,Tyler,ASL_2008_05_12a,22,784,837,ASL_2008_05_12a-22,892
BATH+fs-TUB,"BATH+DCL:crvd-B""big round tub""",Tyler,ASL_2008_05_12a,22,1919,1985,ASL_2008_05_12a-22,893
BATH+fs-TUB,BATH+fs-TUB,Brady,ASL_2011_06_14_Brady,2,4741,4781,ASL_2011_06_14_Brady-2,894
BATH+fs-TUB,BATH+fs-TUB,Liz,ASL_2008_01_11,34,1325,1390,ASL_2008_01_11-34,895
BATH+fs-TUB,BATH+fs-TUB,Naomi,ASL_2008_08_04,23,2458,2514,ASL_2008_08_04-23,896
BATHING-SUIT,BATHING-SUIT,Brady,ASL_2011_06_08_Brady,17,579,615,ASL_2011_06_08_Brady-17,897
BATHING-SUIT,BATHING-SUIT,Liz,ASL_2008_01_11,34,286,340,ASL_2008_01_11-34,898
BATHROBE,BATHROBE,Liz,ASL_2008_01_11,34,820,870,ASL_2008_01_11-34,899
BAWL-OUT,(nd-1)BAWL-OUT,Brady,ASL_2011_06_08_Brady,17,6933,6937,ASL_2011_06_08_Brady-17,900
BAWL-OUT,BAWL-OUT,Brady,ASL_2011_06_08_Brady,17,5244,5259,ASL_2011_06_08_Brady-17,901
BAWL-OUT,BAWL-OUT,Liz,ASL_2008_01_11,34,1565,1590,ASL_2008_01_11-34,902
BAWL-OUT,BAWL-OUT,Liz,ASL_2010_08_10_Liz_additional_lexicon_signs,24,1350,1404,ASL_2010_08_10_Liz_additional_lexicon_signs-24,903
BAWL-OUT,BAWL-OUT,Naomi,ASL_2008_08_04,23,2722,2746,ASL_2008_08_04-23,904
BAWL-OUT,BAWL-OUT,Tyler,ASL_2008_05_12a,22,2265,2291,ASL_2008_05_12a-22,905
BEACH,(A)BEACH,Naomi,ASL_2008_08_04,23,3230,3282,ASL_2008_08_04-23,906
BEACH,BEACH,Brady,ASL_2011_06_08_Brady,17,7649,7674,ASL_2011_06_08_Brady-17,907
BEACH,BEACH,Liz,ASL_2008_01_11,35,760,815,ASL_2008_01_11-35,908
BEANS,BEANS,Lana,ASL_2006_10_10,5,760,775,ASL_2006_10_10-5,909
BEANS,BEANS+,Liz,ASL_2008_01_11,35,1006,1050,ASL_2008_01_11-35,910
BEAR,BEAR,Brady,ASL_2011_06_08_Brady,17,8274,8300,ASL_2011_06_08_Brady-17,911
BEAR,BEAR,Liz,ASL_2008_01_11,35,1250,1290,ASL_2008_01_11-35,912
BEAR,BEAR,Naomi,ASL_2008_08_04,23,4065,4105,ASL_2008_08_04-23,913
BEAR,BEAR,Tyler,ASL_2008_05_12a,22,3360,3411,ASL_2008_05_12a-22,914
BEARD,BEARD,Brady,ASL_2011_06_08_Brady,17,10158,10173,ASL_2011_06_08_Brady-17,915
BEARD,BEARD,Naomi,ASL_2008_08_04,24,336,352,ASL_2008_08_04-24,916
BEARD,BEARD,Tyler,ASL_2008_05_12a,23,416,455,ASL_2008_05_12a-23,917
BEAT,BEAT,Liz,ASL_2008_01_18,3,2015,2040,ASL_2008_01_18-3,918
BEAT,BEAT,Naomi,ASL_2008_08_06,3,1530,1545,ASL_2008_08_06-3,919
BEAT_2,BEAT_2,Brady,ASL_2011_06_08_Brady,17,10673,10712,ASL_2011_06_08_Brady-17,920
BEAT_2,BEAT_2,Brady,ASL_2011_06_08_Brady,29,16113,16140,ASL_2011_06_08_Brady-29,921
BEAT_2,BEAT_2,Liz,ASL_2010_08_10_Liz_additional_lexicon_signs,17,6005,6052,ASL_2010_08_10_Liz_additional_lexicon_signs-17,922
BEAT_2,BEAT_2,Tyler,ASL_2008_05_12b,3,1560,1590,ASL_2008_05_12b-3,923
BEAT_3,BEAT_3,Brady,ASL_2011_06_14_Brady,28,8292,8316,ASL_2011_06_14_Brady-28,924
BEAT_3,BEAT_3,Liz,ASL_2010_08_10_Liz_additional_lexicon_signs,17,6130,6196,ASL_2010_08_10_Liz_additional_lexicon_signs-17,925
BEAUTIFUL,BEAUTIFUL,Brady,ASL_2011_06_08_Brady,18,457,479,ASL_2011_06_08_Brady-18,926
BEAUTIFUL,BEAUTIFUL,Brady,ASL_2011_07_19_Brady,42,237,256,ASL_2011_07_19_Brady-42,927
BEAUTIFUL,BEAUTIFUL,Dana,ASL_2007_05_24,23,2411,2451,ASL_2007_05_24-23,928
BEAUTIFUL,BEAUTIFUL,Lana,ASL_2006_10_10,21,2237,2252,ASL_2006_10_10-21,929
BEAUTIFUL,BEAUTIFUL,Liz,ASL_2008_02_15,47,2765,2805,ASL_2008_02_15-47,930
BEAUTIFUL,BEAUTIFUL,Naomi,ASL_2008_08_04,24,1100,1113,ASL_2008_08_04-24,931
BEAUTIFUL,BEAUTIFUL,Tyler,ASL_2008_05_12a,23,1241,1265,ASL_2008_05_12a-23,932
BEAUTIFUL,BEAUTIFUL_2,Liz,ASL_2008_01_11,36,470,521,ASL_2008_01_11-36,933
BEAUTIFUL+DRESS/CLOTHES,BEAUTIFUL+DRESS/CLOTHES,Brady,ASL_2011_07_19_Brady,25,507,553,ASL_2011_07_19_Brady-25,934
BEAVER,BEAVER,Liz,ASL_2010_08_10_Liz_additional_lexicon_signs,6,2578,2636,ASL_2010_08_10_Liz_additional_lexicon_signs-6,935
BEAVER,BEAVER,Liz,ASL_2010_08_10_Liz_additional_lexicon_signs,24,1517,1567,ASL_2010_08_10_Liz_additional_lexicon_signs-24,936
BECAUSE,BECAUSE,Brady,ASL_2011_06_08_Brady,18,2080,2093,ASL_2011_06_08_Brady-18,937
BECAUSE,BECAUSE,Liz,ASL_2008_01_11,36,685,701,ASL_2008_01_11-36,938
BECAUSE,BECAUSE,Naomi,ASL_2008_08_04,24,1357,1373,ASL_2008_08_04-24,939
BECAUSE,BECAUSE,Tyler,ASL_2008_05_12a,23,1500,1520,ASL_2008_05_12a-23,940
BECOME,BECOME,Brady,ASL_2011_06_08_Brady,18,3191,3210,ASL_2011_06_08_Brady-18,941
BECOME,BECOME,Liz,ASL_2008_01_11,36,845,880,ASL_2008_01_11-36,942
BECOME,BECOME,Naomi,ASL_2008_08_04,24,1641,1673,ASL_2008_08_04-24,943
BECOME,BECOME,Tyler,ASL_2008_05_12a,23,1715,1750,ASL_2008_05_12a-23,944
BECOME,BECOME_2,Dana,ASL_2007_05_24,7,2017,2061,ASL_2007_05_24-7,945
BECOME,BECOME_2,Lana,ASL_2006_10_10,3,1979,2002,ASL_2006_10_10-3,946
BECOME+QUIET,BECOME+QUIET,Brady,ASL_2011_07_19_Brady,28,346,392,ASL_2011_07_19_Brady-28,947
BECOME+QUIET,BECOME+QUIET,Liz,ASL_2008_02_15,33,797,866,ASL_2008_02_15-33,948
BECOME-FAT,BECOME-FAT,Brady,ASL_2011_06_08_Brady,18,2839,2870,ASL_2011_06_08_Brady-18,949
BECOME-FAT,BECOME-FAT,Liz,ASL_2008_01_11,36,1045,1070,ASL_2008_01_11-36,950
BECOME-FAT,BECOME-FAT,Naomi,ASL_2008_08_04,24,1945,1962,ASL_2008_08_04-24,951
BED,(2h)BED,Liz,ASL_2008_02_29,34,3605,3645,ASL_2008_02_29-34,952
BED,(2h)BED,Tyler,ASL_2008_05_12a,23,2325,2342,ASL_2008_05_12a-23,953
BED,BED,Brady,ASL_2011_06_08_Brady,18,3767,3787,ASL_2011_06_08_Brady-18,954
BED,BED,Brady,ASL_2011_07_19_Brady,86,4046,4064,ASL_2011_07_19_Brady-86,955
BED,BED,Liz,ASL_2008_01_11,36,1320,1350,ASL_2008_01_11-36,956
BED,BED,Naomi,ASL_2008_08_04,24,2173,2191,ASL_2008_08_04-24,957
BED+BOX/ROOM,BED+BOX/ROOM,Liz,ASL_2008_01_11,37,376,452,ASL_2008_01_11-37,958
BED+BOX/ROOM,BED+BOX/ROOM,Naomi,ASL_2008_08_04,24,2424,2474,ASL_2008_08_04-24,959
BED+CUSHION,(2h)BED+CUSHION++,Liz,ASL_2008_02_15,1,560,629,ASL_2008_02_15-1,960
BED+CUSHION,BED+CUSHION+++,Brady,ASL_2011_06_14_Brady,54,7453,7500,ASL_2011_06_14_Brady-54,961
BEE,BEE,Liz,ASL_2008_01_11,37,660,693,ASL_2008_01_11-37,962
BEER,BEER,Brady,ASL_2011_06_08_Brady,18,5340,5365,ASL_2011_06_08_Brady-18,963
BEER,BEER,Dana,ASL_2007_05_24,7,2875,2935,ASL_2007_05_24-7,964
BEER,BEER,Lana,ASL_2006_10_10,3,2740,2774,ASL_2006_10_10-3,965
BEER,BEER,Liz,ASL_2008_01_11,37,875,910,ASL_2008_01_11-37,966
BEER,BEER,Naomi,ASL_2008_08_04,25,232,265,ASL_2008_08_04-25,967
BEER,BEER,Tyler,ASL_2008_05_12a,24,266,320,ASL_2008_05_12a-24,968
BEFORE_2,BEFORE_2,Brady,ASL_2011_06_08_Brady,18,5789,5813,ASL_2011_06_08_Brady-18,969
BEFORE_2,BEFORE_2,Liz,ASL_2008_01_11,37,1275,1300,ASL_2008_01_11-37,970
BEFORE_2,BEFORE_2,Naomi,ASL_2008_08_04,25,653,677,ASL_2008_08_04-25,971
BEFORE_2+SCHOOL,BEFORE_2+SCHOOL,Brady,ASL_2011_07_19_Brady,41,2258,2295,ASL_2011_07_19_Brady-41,972
BEFORE_2+SCHOOL,BEFORE_2+SCHOOL,Liz,ASL_2008_02_15,47,1275,1331,ASL_2008_02_15-47,973
BEFORE_2+SCHOOL,PRE+SCHOOL,Liz,ASL_2008_02_15,47,1510,1570,ASL_2008_02_15-47,974
BEG,BEG,Naomi,ASL_2008_08_04,25,910,942,ASL_2008_08_04-25,975
BEG,BEG,Tyler,ASL_2008_05_12a,24,965,1010,ASL_2008_05_12a-24,976
BEG,BEG_2,Brady,ASL_2011_06_08_Brady,18,6043,6078,ASL_2011_06_08_Brady-18,977
BEG,BEG_2,Liz,ASL_2008_01_11,37,1495,1536,ASL_2008_01_11-37,978
BEG+AGENT,BEG+AGENT,Liz,ASL_2008_01_11,38,273,326,ASL_2008_01_11-38,979
BEG+AGENT,BEG+AGENT,Naomi,ASL_2008_08_04,25,1203,1260,ASL_2008_08_04-25,980
BEG+AGENT,BEG+AGENT,Tyler,ASL_2008_05_12a,24,1251,1300,ASL_2008_05_12a-24,981
BEG+AGENT,BEG_2+AGENT,Brady,ASL_2011_06_14_Brady,2,5074,5113,ASL_2011_06_14_Brady-2,982
BEHAVIOR,BEHAVIOR,Liz,ASL_2008_01_11,38,495,535,ASL_2008_01_11-38,983
BEHAVIOR,BEHAVIOR+,Brady,ASL_2011_06_08_Brady,18,6742,6783,ASL_2011_06_08_Brady-18,984
BEHAVIOR,BEHAVIOR+,Dana,ASL_2007_05_24,7,2284,2365,ASL_2007_05_24-7,985
BEHAVIOR,BEHAVIOR+,Naomi,ASL_2008_08_04,25,1582,1640,ASL_2008_08_04-25,986
BEHAVIOR,BEHAVIOR+,Tyler,ASL_2008_05_12a,24,1640,1695,ASL_2008_05_12a-24,987
BEHAVIOR,BEHAVIOR+,Tyler,ASL_2008_05_12a,24,1955,1990,ASL_2008_05_12a-24,988
BEHIND,BEHIND,Brady,ASL_2011_06_08_Brady,15,2549,2572,ASL_2011_06_08_Brady-15,989
BEHIND,BEHIND,Liz,ASL_2008_01_11,28,921,966,ASL_2008_01_11-28,990
BEHIND,BEHIND,Naomi,ASL_2008_08_04,18,2273,2303,ASL_2008_08_04-18,991
BELL,BELL,Brady,ASL_2011_06_08_Brady,19,2293,2338,ASL_2011_06_08_Brady-19,992
BELL,BELL,Liz,ASL_2008_01_11,39,950,991,ASL_2008_01_11-39,993
BELONG,(C)BELONG,Liz,ASL_2008_01_11,39,1315,1350,ASL_2008_01_11-39,994
BELONG,BELONG,Brady,ASL_2011_06_08_Brady,19,4345,4364,ASL_2011_06_08_Brady-19,995
BELONG,BELONG,Brady,ASL_2011_06_08_Brady,29,15878,15897,ASL_2011_06_08_Brady-29,996
BELONG,BELONG,Liz,ASL_2008_01_11,39,1525,1560,ASL_2008_01_11-39,997
BELONG,BELONG,Liz,ASL_2008_01_18,3,1792,1825,ASL_2008_01_18-3,998
BELONG,BELONG,Naomi,ASL_2008_08_04,26,1781,1822,ASL_2008_08_04-26,999
BELONG,BELONG,Naomi,ASL_2008_08_06,3,1310,1335,ASL_2008_08_06-3,1000
BELONG,BELONG,Tyler,ASL_2008_05_12b,3,1307,1335,ASL_2008_05_12b-3,1001
BELOW,BELOW,Brady,ASL_2011_06_08_Brady,19,5860,5887,ASL_2011_06_08_Brady-19,1002
BELOW,BELOW,Brady,ASL_2011_07_22_Brady,38,2532,2564,ASL_2011_07_22_Brady-38,1003
BELOW,BELOW,Liz,ASL_2008_01_11,40,725,751,ASL_2008_01_11-40,1004
BELOW,BELOW,Tyler,ASL_2008_05_12a,25,3530,3556,ASL_2008_05_12a-25,1005
BELOW_2,BELOW_2+,Brady,ASL_2011_06_08_Brady,16,8461,8496,ASL_2011_06_08_Brady-16,1006
BELOW_2,BELOW_2+,Naomi,ASL_2008_08_04,22,860,908,ASL_2008_08_04-22,1007
BELT,BELT,Brady,ASL_2011_07_22_Brady,38,2765,2785,ASL_2011_07_22_Brady-38,1008
BELT,BELT,Liz,ASL_2008_01_11,40,921,970,ASL_2008_01_11-40,1009
BELT,BELT,Naomi,ASL_2008_08_04,26,3680,3710,ASL_2008_08_04-26,1010
BELT,BELT,Tyler,ASL_2008_05_12a,25,4125,4165,ASL_2008_05_12a-25,1011
BENEFIT,BENEFIT,Liz,ASL_2008_01_11,40,1105,1155,ASL_2008_01_11-40,1012
BENEFIT,BENEFIT,Naomi,ASL_2008_08_04,27,460,485,ASL_2008_08_04-27,1013
BENEFIT,BENEFIT,Tyler,ASL_2008_05_12a,26,216,235,ASL_2008_05_12a-26,1014
BERRY,BERRY,Brady,ASL_2011_06_08_Brady,19,7669,7706,ASL_2011_06_08_Brady-19,1015
BERRY,BERRY,Brady,ASL_2011_06_08_Brady,27,4654,4690,ASL_2011_06_08_Brady-27,1016
BERRY,BERRY,Brady,ASL_2011_07_19_Brady,100,2076,2125,ASL_2011_07_19_Brady-100,1017
BERRY,BERRY,Brady,ASL_2011_07_22_Brady,40,146,205,ASL_2011_07_22_Brady-40,1018
BERRY,BERRY,Liz,ASL_2008_01_11,73,1095,1135,ASL_2008_01_11-73,1019
BERRY,BERRY,Liz,ASL_2010_08_10_Liz_additional_lexicon_signs,9,685,710,ASL_2010_08_10_Liz_additional_lexicon_signs-9,1020
BERRY,BERRY,Naomi,ASL_2008_08_04,46,3495,3516,ASL_2008_08_04-46,1021
BERRY,BERRY,Tyler,ASL_2008_05_12a,44,5340,5392,ASL_2008_05_12a-44,1022
BEST,BEST,Brady,ASL_2011_06_08_Brady,19,8290,8310,ASL_2011_06_08_Brady-19,1023
BEST,BEST,Liz,ASL_2008_01_11,41,260,285,ASL_2008_01_11-41,1024
BEST,BEST,Naomi,ASL_2008_08_04,27,1161,1185,ASL_2008_08_04-27,1025
BEST,BEST,Tyler,ASL_2008_05_12a,26,1130,1155,ASL_2008_05_12a-26,1026
BEST-FRIEND,BEST-FRIEND,Brady,ASL_2011_06_14_Brady,27,3791,3814,ASL_2011_06_14_Brady-27,1027
BEST-FRIEND,BEST-FRIEND,Liz,ASL_2008_02_01,8,2446,2500,ASL_2008_02_01-8,1028
BEST-FRIEND,BEST-FRIEND,Naomi,ASL_2008_08_13,7,3347,3376,ASL_2008_08_13-7,1029
BET,BET,Brady,ASL_2011_06_08_Brady,19,8516,8534,ASL_2011_06_08_Brady-19,1030
BET,BET,Liz,ASL_2008_01_11,41,445,470,ASL_2008_01_11-41,1031
BET,BET,Naomi,ASL_2008_08_04,27,1370,1392,ASL_2008_08_04-27,1032
BET,BET,Tyler,ASL_2008_05_12a,26,1345,1362,ASL_2008_05_12a-26,1033
BETTER,BETTER,Brady,ASL_2011_06_08_Brady,19,9037,9055,ASL_2011_06_08_Brady-19,1034
BETTER,BETTER,Liz,ASL_2008_01_11,41,641,680,ASL_2008_01_11-41,1035
BETTER,BETTER,Naomi,ASL_2008_08_04,27,1623,1640,ASL_2008_08_04-27,1036
BETTER,BETTER,Tyler,ASL_2008_05_12a,26,1590,1610,ASL_2008_05_12a-26,1037
BETWEEN/SHARE,BETWEEN/SHARE,Brady,ASL_2011_06_08_Brady,14,3188,3218,ASL_2011_06_08_Brady-14,1038
BETWEEN/SHARE,BETWEEN/SHARE,Liz,ASL_2008_01_11,26,1570,1605,ASL_2008_01_11-26,1039
BETWEEN/SHARE,BETWEEN/SHARE,Tyler,ASL_2008_05_12a,26,1810,1850,ASL_2008_05_12a-26,1040
BETWEEN/SHARE+AGENT,BETWEEN/SHARE+AGENT,Brady,ASL_2011_07_19_Brady,26,5238,5278,ASL_2011_07_19_Brady-26,1041
BETWEEN/SHARE+AGENT,BETWEEN/SHARE+AGENT,Brady,ASL_2011_07_19_Brady,83,2734,2771,ASL_2011_07_19_Brady-83,1042
BETWEEN/SHARE+AGENT,BETWEEN/SHARE+AGENT,Liz,ASL_2010_08_10_Liz_additional_lexicon_signs,7,1965,2043,ASL_2010_08_10_Liz_additional_lexicon_signs-7,1043
BICYCLE,BICYCLE,Brady,ASL_2011_06_08_Brady,21,2763,2810,ASL_2011_06_08_Brady-21,1044
BICYCLE,BICYCLE,Lana,ASL_2006_09_26,61,530,587,ASL_2006_09_26-61,1045
BICYCLE,BICYCLE,Liz,ASL_2008_01_11,42,235,280,ASL_2008_01_11-42,1046
BICYCLE,BICYCLE,Naomi,ASL_2008_08_04,27,2557,2618,ASL_2008_08_04-27,1047
BICYCLE,BICYCLE,Tyler,ASL_2008_05_12a,26,2732,2792,ASL_2008_05_12a-26,1048
BIG,BIG,Brady,ASL_2011_06_08_Brady,21,3602,3615,ASL_2011_06_08_Brady-21,1049
BIG,BIG,Lana,ASL_2006_01_20,22,553,598,ASL_2006_01_20-22,1050
BIG,BIG,Liz,ASL_2008_01_11,42,425,450,ASL_2008_01_11-42,1051
BIG,BIG_2,Liz,ASL_2008_02_01,4,1570,1615,ASL_2008_02_01-4,1052
BIG,BIG_2,Liz,ASL_2008_02_01,43,3522,3555,ASL_2008_02_01-43,1053
BIG,BIG_2,Naomi,ASL_2008_08_13,4,2337,2365,ASL_2008_08_13-4,1054
BIG,BIG_2,Naomi,ASL_2008_08_13,36,3432,3453,ASL_2008_08_13-36,1055
BIG,BIG_2,Tyler,ASL_2008_05_12a,26,2976,2995,ASL_2008_05_12a-26,1056
BIG,BIG_2,Tyler,ASL_2008_05_29b,16,2432,2446,ASL_2008_05_29b-16,1057
BIG,BIG_3,Naomi,ASL_2008_08_04,27,2785,2810,ASL_2008_08_04-27,1058
BIG,BIG_4,Brady,ASL_2011_06_14_Brady,25,4894,4925,ASL_2011_06_14_Brady-25,1059
BIG,BIG_4,Brady,ASL_2011_06_14_Brady,46,4741,4768,ASL_2011_06_14_Brady-46,1060
BIG-HEADED,BIG-HEADED,Brady,ASL_2011_06_08_Brady,21,3813,3844,ASL_2011_06_08_Brady-21,1061
BIG-HEADED,BIG-HEADED,Brady,ASL_2011_06_14_Brady,10,5321,5343,ASL_2011_06_14_Brady-10,1062
BIG-HEADED,BIG-HEADED,Brady,ASL_2011_06_14_Brady,10,5858,5890,ASL_2011_06_14_Brady-10,1063
BIG-HEADED,BIG-HEADED,Dana,ASL_2007_05_24,12,1391,1433,ASL_2007_05_24-12,1064
BIG-HEADED,BIG-HEADED,Lana,ASL_2006_10_10,8,1467,1481,ASL_2006_10_10-8,1065
BIG-HEADED,BIG-HEADED,Liz,ASL_2010_08_10_Liz_additional_lexicon_signs,6,2943,3003,ASL_2010_08_10_Liz_additional_lexicon_signs-6,1066
BIG-HEADED,BIG-HEADED,Tyler,ASL_2008_05_29a,8,3681,3710,ASL_2008_05_29a-8,1067
BIG-HEADED,BIG-HEADED,Tyler,ASL_2008_05_29a,9,315,335,ASL_2008_05_29a-9,1068
BIKE-PUMP,BIKE-PUMP,Liz,ASL_2008_02_15,52,716,780,ASL_2008_02_15-52,1069
BIKE-PUMP,BIKE-PUMP+,Brady,ASL_2011_07_19_Brady,47,134,186,ASL_2011_07_19_Brady-47,1070
BIKE-PUMP,BIKE-PUMP+,Brady,ASL_2011_07_22_Brady,50,1026,1092,ASL_2011_07_22_Brady-50,1071
BILL/OWE-1p,BILL/OWE-1p++,Lana,ASL_2006_10_10,20,839,874,ASL_2006_10_10-20,1072
BILLIARDS,BILLIARDS,Brady,ASL_2011_07_19_Brady,38,1098,1151,ASL_2011_07_19_Brady-38,1073
BILLIARDS,BILLIARDS,Liz,ASL_2008_02_15,44,1255,1320,ASL_2008_02_15-44,1074
BILLION,BILLION,Brady,ASL_2011_07_19_Brady,2,2448,2485,ASL_2011_07_19_Brady-2,1075
BILLION,BILLION,Liz,ASL_2008_01_11,42,1405,1435,ASL_2008_01_11-42,1076
BILLION,BILLION_2,Tyler,ASL_2008_06_10,15,717,746,ASL_2008_06_10-15,1077
BILLION,BILLION_2+,Tyler,ASL_2008_05_12a,27,657,710,ASL_2008_05_12a-27,1078
BIND/TIE-UP,BIND/TIE-UP,Liz,ASL_2008_01_11,42,1644,1686,ASL_2008_01_11-42,1079
BIOLOGY,BIOLOGY+,Brady,ASL_2011_06_08_Brady,21,6667,6700,ASL_2011_06_08_Brady-21,1080
BIOLOGY,BIOLOGY+,Liz,ASL_2008_01_11,42,1880,1935,ASL_2008_01_11-42,1081
BIOLOGY,BIOLOGY+,Naomi,ASL_2008_08_04,28,1985,2036,ASL_2008_08_04-28,1082
BIOLOGY,BIOLOGY+,Tyler,ASL_2008_05_12a,27,2207,2260,ASL_2008_05_12a-27,1083
BIRD,BIRD,Lana,ASL_2006_10_10,4,761,795,ASL_2006_10_10-4,1084
BIRD,BIRD,Liz,ASL_2008_01_11,43,258,293,ASL_2008_01_11-43,1085
BIRD,BIRD,Naomi,ASL_2008_08_04,28,2206,2234,ASL_2008_08_04-28,1086
BIRD,BIRD+,Brady,ASL_2011_06_08_Brady,21,6851,6875,ASL_2011_06_08_Brady-21,1087
BIRD,BIRD+,Brady,ASL_2011_06_08_Brady,27,6370,6395,ASL_2011_06_08_Brady-27,1088
BIRD,BIRD+,Dana,ASL_2007_05_24,8,630,691,ASL_2007_05_24-8,1089
BIRD,BIRD+,Liz,ASL_2010_08_10_Liz_additional_lexicon_signs,26,360,405,ASL_2010_08_10_Liz_additional_lexicon_signs-26,1090
BIRD,BIRD+,Tyler,ASL_2008_05_12a,27,2411,2450,ASL_2008_05_12a-27,1091
BIRD++PECK,BIRD++PECK+,Liz,ASL_2010_08_10_Liz_additional_lexicon_signs,26,607,667,ASL_2010_08_10_Liz_additional_lexicon_signs-26,1092
BIRD++PECK,BIRD+PECK+++,Brady,ASL_2011_06_08_Brady,27,6646,6677,ASL_2011_06_08_Brady-27,1093
BIRTH,BIRTH,Tyler,ASL_2008_05_12a,31,2205,2222,ASL_2008_05_12a-31,1094
BIRTHDAY,BIRTHDAY,Brady,ASL_2011_06_08_Brady,21,7194,7220,ASL_2011_06_08_Brady-21,1095
BIRTHDAY,BIRTHDAY,Brady,ASL_2011_06_08_Brady,21,7389,7408,ASL_2011_06_08_Brady-21,1096
BIRTHDAY,BIRTHDAY,Brady,ASL_2011_06_08_Brady,21,7856,7871,ASL_2011_06_08_Brady-21,1097
BIRTHDAY,BIRTHDAY,Liz,ASL_2008_01_11,43,1355,1390,ASL_2008_01_11-43,1098
BIRTHDAY,BIRTHDAY,Naomi,ASL_2008_08_04,28,3065,3091,ASL_2008_08_04-28,1099
BIRTHDAY,BIRTHDAY,Tyler,ASL_2008_05_12a,27,2650,2690,ASL_2008_05_12a-27,1100
BISON/BUFFALO,BISON/BUFFALO,Brady,ASL_2011_06_08_Brady,21,8305,8331,ASL_2011_06_08_Brady-21,1101
BISON/BUFFALO,BISON/BUFFALO,Liz,ASL_2008_01_11,43,1650,1680,ASL_2008_01_11-43,1102
BISON/BUFFALO,BISON/BUFFALO,Naomi,ASL_2008_08_04,28,3987,4012,ASL_2008_08_04-28,1103
BISON/BUFFALO,BISON/BUFFALO,Tyler,ASL_2008_05_12a,27,3740,3767,ASL_2008_05_12a-27,1104
BITE,BITE,Brady,ASL_2011_06_08_Brady,21,8619,8633,ASL_2011_06_08_Brady-21,1105
BITE,BITE,Liz,ASL_2008_01_11,43,1885,1915,ASL_2008_01_11-43,1106
BITE,BITE,Naomi,ASL_2008_08_04,28,4297,4325,ASL_2008_08_04-28,1107
BITE,BITE,Tyler,ASL_2008_05_12a,27,3991,4015,ASL_2008_05_12a-27,1108
BITE,BITE_2,Brady,ASL_2011_06_08_Brady,19,2690,2716,ASL_2011_06_08_Brady-19,1109
BITE-NAILS,BITE-NAILS,Brady,ASL_2011_06_14_Brady,32,337,386,ASL_2011_06_14_Brady-32,1110
BITTER,BITTER,Brady,ASL_2011_06_08_Brady,21,8881,8908,ASL_2011_06_08_Brady-21,1111
BITTER,BITTER,Liz,ASL_2010_08_10_Liz_additional_lexicon_signs,24,2185,2245,ASL_2010_08_10_Liz_additional_lexicon_signs-24,1112
BLACK,BLACK,Brady,ASL_2011_06_08_Brady,21,9377,9387,ASL_2011_06_08_Brady-21,1113
BLACK,BLACK,Lana,ASL_2006_09_26,61,650,673,ASL_2006_09_26-61,1114
BLACK,BLACK,Liz,ASL_2008_01_11,44,485,500,ASL_2008_01_11-44,1115
BLACK,BLACK,Naomi,ASL_2008_08_04,29,320,342,ASL_2008_08_04-29,1116
BLACK,BLACK,Tyler,ASL_2008_05_12a,28,206,235,ASL_2008_05_12a-28,1117
BLACK+BERRY,BLACK+BERRY,Naomi,ASL_2008_08_04,29,620,657,ASL_2008_08_04-29,1118
BLACK+BERRY,BLACK+BERRY,Tyler,ASL_2008_05_12a,28,453,522,ASL_2008_05_12a-28,1119
BLACK+BERRY,BLACK+fs-BERRY,Brady,ASL_2011_06_14_Brady,3,384,423,ASL_2011_06_14_Brady-3,1120
BLACK+BERRY,BLACK+fs-BERRY,Liz,ASL_2008_01_11,45,285,345,ASL_2008_01_11-45,1121
BLACK-OUT,BLACK-OUT,Brady,ASL_2011_06_14_Brady,16,4375,4418,ASL_2011_06_14_Brady-16,1122
BLAME,BLAME,Brady,ASL_2011_06_08_Brady,21,10451,10463,ASL_2011_06_08_Brady-21,1123
BLAME,BLAME,Brady,ASL_2011_07_22_Brady,38,3002,3025,ASL_2011_07_22_Brady-38,1124
BLAME,BLAME,Liz,ASL_2008_01_11,6,1005,1040,ASL_2008_01_11-6,1125
BLAME,BLAME,Liz,ASL_2008_01_11,45,535,560,ASL_2008_01_11-45,1126
BLAME,BLAME,Naomi,ASL_2008_08_04,4,4460,4490,ASL_2008_08_04-4,1127
BLAME,BLAME,Naomi,ASL_2008_08_04,29,1030,1047,ASL_2008_08_04-29,1128
BLAME,BLAME,Tyler,ASL_2008_05_12a,6,3517,3540,ASL_2008_05_12a-6,1129
BLAME,BLAME,Tyler,ASL_2008_05_12a,28,710,740,ASL_2008_05_12a-28,1130
BLAME,BLAME-1p,Brady,ASL_2011_07_22_Brady,48,532,571,ASL_2011_07_22_Brady-48,1131
BLAME,BLAME-1p,Liz,ASL_2008_02_15,14,751,810,ASL_2008_02_15-14,1132
BLANK-OUT,BLANK-OUT,Brady,ASL_2011_06_08_Brady,21,10707,10727,ASL_2011_06_08_Brady-21,1133
BLANK-OUT,BLANK-OUT,Liz,ASL_2008_01_11,45,1230,1250,ASL_2008_01_11-45,1134
BLANK-OUT,BLANK-OUT,Naomi,ASL_2008_08_04,29,2033,2058,ASL_2008_08_04-29,1135
BLANKET,(A)BLANKET,Brady,ASL_2011_06_08_Brady,21,11809,11847,ASL_2011_06_08_Brady-21,1136
BLANKET,(A)BLANKET,Brady,ASL_2011_06_08_Brady,21,12513,12535,ASL_2011_06_08_Brady-21,1137
BLANKET,BLANKET,Liz,ASL_2008_01_11,45,755,790,ASL_2008_01_11-45,1138
BLANKET,BLANKET,Liz,ASL_2008_01_11,45,1000,1050,ASL_2008_01_11-45,1139
BLANKET,BLANKET,Naomi,ASL_2008_08_04,29,1318,1345,ASL_2008_08_04-29,1140
BLANKET,BLANKET_2,Brady,ASL_2011_06_08_Brady,21,10927,10950,ASL_2011_06_08_Brady-21,1141
BLANKET,BLANKET_2,Tyler,ASL_2008_05_12a,28,965,1005,ASL_2008_05_12a-28,1142
BLANKET,BLANKET_2,Tyler,ASL_2008_05_12a,28,1270,1305,ASL_2008_05_12a-28,1143
BLANKET,BLANKET_3,Naomi,ASL_2008_08_04,29,1775,1812,ASL_2008_08_04-29,1144
BLESS,BLESS,Brady,ASL_2011_06_08_Brady,21,13969,13987,ASL_2011_06_08_Brady-21,1145
BLESS,BLESS,Liz,ASL_2008_01_11,45,1455,1485,ASL_2008_01_11-45,1146
BLESS,BLESS,Naomi,ASL_2008_08_04,29,2305,2330,ASL_2008_08_04-29,1147
BLESS,BLESS,Tyler,ASL_2008_05_12a,28,1820,1842,ASL_2008_05_12a-28,1148
BLIND,BLIND,Brady,ASL_2011_06_08_Brady,21,14191,14211,ASL_2011_06_08_Brady-21,1149
BLIND,BLIND,Brady,ASL_2011_06_08_Brady,21,14619,14625,ASL_2011_06_08_Brady-21,1150
BLIND,BLIND,Liz,ASL_2008_01_11,46,243,280,ASL_2008_01_11-46,1151
BLIND,BLIND,Naomi,ASL_2008_08_04,29,2624,2645,ASL_2008_08_04-29,1152
BLIND,BLIND,Tyler,ASL_2008_05_12a,28,2090,2117,ASL_2008_05_12a-28,1153
BLINDFOLD,BLINDFOLD,Tyler,ASL_2008_05_29a,37,3735,3785,ASL_2008_05_29a-37,1154
BLINDS,BLINDS,Brady,ASL_2011_06_08_Brady,21,15945,15978,ASL_2011_06_08_Brady-21,1155
BLINDS,BLINDS,Liz,ASL_2008_01_11,46,880,915,ASL_2008_01_11-46,1156
BLINDS,BLINDS,Naomi,ASL_2008_08_04,30,280,303,ASL_2008_08_04-30,1157
BLINDS,BLINDS,Tyler,ASL_2008_05_12a,28,2800,2832,ASL_2008_05_12a-28,1158
BLINK/WINK,BLINK/WINK,Brady,ASL_2011_06_08_Brady,21,16290,16313,ASL_2011_06_08_Brady-21,1159
BLINK/WINK,BLINK/WINK,Brady,ASL_2011_07_22_Brady,31,756,778,ASL_2011_07_22_Brady-31,1160
BLINK/WINK,BLINK/WINK,Liz,ASL_2008_01_11,46,1085,1120,ASL_2008_01_11-46,1161
BLINK/WINK,BLINK/WINK,Liz,ASL_2008_03_28,42,5368,5397,ASL_2008_03_28-42,1162
BLINK/WINK,BLINK/WINK,Naomi,ASL_2008_08_04,30,660,690,ASL_2008_08_04-30,1163
BLINK/WINK,BLINK/WINK,Tyler,ASL_2008_05_12a,29,576,595,ASL_2008_05_12a-29,1164
BLOCK,BLOCK,Brady,ASL_2011_06_08_Brady,21,16759,16791,ASL_2011_06_08_Brady-21,1165
BLOCK,BLOCK,Liz,ASL_2010_08_10_Liz_additional_lexicon_signs,9,497,565,ASL_2010_08_10_Liz_additional_lexicon_signs-9,1166
BLOND,BLOND,Brady,ASL_2011_06_08_Brady,21,17487,17497,ASL_2011_06_08_Brady-21,1167
BLOND,BLOND,Liz,ASL_2008_01_11,47,630,655,ASL_2008_01_11-47,1168
BLOND,BLOND,Naomi,ASL_2008_08_04,30,1910,1930,ASL_2008_08_04-30,1169
BLOND,BLOND,Tyler,ASL_2008_05_12a,29,1442,1472,ASL_2008_05_12a-29,1170
BLOOD,BLOOD,Brady,ASL_2011_06_08_Brady,21,18539,18556,ASL_2011_06_08_Brady-21,1171
BLOOD,BLOOD,Brady,ASL_2011_06_08_Brady,21,18646,18666,ASL_2011_06_08_Brady-21,1172
BLOOD,BLOOD,Brady,ASL_2011_06_14_Brady,3,1021,1033,ASL_2011_06_14_Brady-3,1173
BLOOD,BLOOD,Tyler,ASL_2008_05_12a,29,2005,2036,ASL_2008_05_12a-29,1174
BLOSSOM,BLOSSOM,Brady,ASL_2011_06_08_Brady,22,114,137,ASL_2011_06_08_Brady-22,1175
BLOSSOM,BLOSSOM,Liz,ASL_2008_01_11,47,1250,1275,ASL_2008_01_11-47,1176
BLOSSOM,BLOSSOM,Naomi,ASL_2008_08_04,30,2850,2878,ASL_2008_08_04-30,1177
BLOSSOM,BLOSSOM,Tyler,ASL_2008_05_12a,29,2240,2275,ASL_2008_05_12a-29,1178
BLOUSE,BLOUSE,Liz,ASL_2008_01_11,47,1495,1535,ASL_2008_01_11-47,1179
BLOW-NOSE,BLOW-NOSE,Liz,ASL_2008_01_11,48,295,325,ASL_2008_01_11-48,1180
BLOW-NOSE,BLOW-NOSE,Naomi,ASL_2008_08_04,30,4603,4622,ASL_2008_08_04-30,1181
BLOW-NOSE,BLOW-NOSE,Tyler,ASL_2008_05_12a,29,2793,2820,ASL_2008_05_12a-29,1182
BLOW-NOSE,BLOW-NOSE_2,Liz,ASL_2008_01_11,48,470,486,ASL_2008_01_11-48,1183
BLOW-UP,BLOW-UP,Liz,ASL_2008_01_11,48,665,715,ASL_2008_01_11-48,1184
BLOW-UP,BLOW-UP,Naomi,ASL_2008_08_04,31,870,905,ASL_2008_08_04-31,1185
BLOW-UP,BLOW-UP,Tyler,ASL_2008_05_12a,30,695,746,ASL_2008_05_12a-30,1186
BLUE,BLUE,Brady,ASL_2011_06_08_Brady,22,2610,2639,ASL_2011_06_08_Brady-22,1187
BLUE,BLUE,Brady,ASL_2011_06_08_Brady,22,3420,3451,ASL_2011_06_08_Brady-22,1188
BLUE,BLUE,Brady,ASL_2011_07_19_Brady,3,1560,1586,ASL_2011_07_19_Brady-3,1189
BLUE,BLUE,Dana,ASL_2007_05_24,8,1066,1120,ASL_2007_05_24-8,1190
BLUE,BLUE,Lana,ASL_2006_10_10,4,1154,1185,ASL_2006_10_10-4,1191
BLUE,BLUE,Liz,ASL_2008_01_11,48,850,875,ASL_2008_01_11-48,1192
BLUE,BLUE,Naomi,ASL_2008_08_04,31,1332,1347,ASL_2008_08_04-31,1193
BLUE,BLUE,Tyler,ASL_2008_05_12a,30,1207,1240,ASL_2008_05_12a-30,1194
BLUE+BERRY,BLUE+BERRY,Naomi,ASL_2008_08_04,31,1595,1631,ASL_2008_08_04-31,1195
BLUE+BERRY,BLUE+BERRY,Tyler,ASL_2008_05_12a,30,1432,1482,ASL_2008_05_12a-30,1196
BLUE+BERRY,BLUE+fs-BERRY,Brady,ASL_2011_06_14_Brady,3,1455,1494,ASL_2011_06_14_Brady-3,1197
BLUE+BERRY,BLUE+fs-BERRY,Liz,ASL_2008_01_11,48,1083,1138,ASL_2008_01_11-48,1198
BLUSH,BLUSH,Brady,ASL_2011_06_08_Brady,22,4886,4929,ASL_2011_06_08_Brady-22,1199
BLUSH,BLUSH,Tyler,ASL_2008_05_12a,30,1740,1780,ASL_2008_05_12a-30,1200
BLUSH-BRUSH,(A)BLUSH-BRUSH,Liz,ASL_2008_01_11,57,1455,1540,ASL_2008_01_11-57,1201
BLUSH-BRUSH,(flat-O)BLUSH-BRUSH,Tyler,ASL_2008_05_12a,35,2865,2941,ASL_2008_05_12a-35,1202
BLUSH-BRUSH,BLUSH-BRUSH,Brady,ASL_2011_06_08_Brady,24,179,237,ASL_2011_06_08_Brady-24,1203
BLUSH-BRUSH,BLUSH-BRUSH,Naomi,ASL_2008_08_04,36,2617,2690,ASL_2008_08_04-36,1204
BOARD,BOARD,Brady,ASL_2011_06_08_Brady,22,6029,6059,ASL_2011_06_08_Brady-22,1205
BOARD,BOARD,Liz,ASL_2010_08_10_Liz_additional_lexicon_signs,25,720,785,ASL_2010_08_10_Liz_additional_lexicon_signs-25,1206
BOAT,BOAT,Brady,ASL_2011_06_08_Brady,22,6274,6300,ASL_2011_06_08_Brady-22,1207
BOAT,BOAT,Liz,ASL_2008_01_11,49,255,300,ASL_2008_01_11-49,1208
BOAT,BOAT,Tyler,ASL_2008_05_12a,30,1950,1995,ASL_2008_05_12a-30,1209
BOAT,BOAT_2,Naomi,ASL_2008_08_04,31,2312,2337,ASL_2008_08_04-31,1210
BODY,BODY,Brady,ASL_2011_06_08_Brady,22,6455,6478,ASL_2011_06_08_Brady-22,1211
BODY,BODY,Liz,ASL_2008_01_11,49,460,505,ASL_2008_01_11-49,1212
BODY,BODY,Naomi,ASL_2008_08_04,31,2850,2875,ASL_2008_08_04-31,1213
BODY,BODY,Tyler,ASL_2008_05_12a,30,2170,2195,ASL_2008_05_12a-30,1214
BOIL,BOIL,Brady,ASL_2011_06_08_Brady,22,6671,6718,ASL_2011_06_08_Brady-22,1215
BOIL,BOIL,Liz,ASL_2008_01_11,49,645,710,ASL_2008_01_11-49,1216
BOIL,BOIL,Naomi,ASL_2008_08_04,31,3150,3197,ASL_2008_08_04-31,1217
BOIL,BOIL,Tyler,ASL_2008_05_12a,30,2375,2415,ASL_2008_05_12a-30,1218
BOMB,BOMB,Brady,ASL_2011_06_08_Brady,22,11991,12007,ASL_2011_06_08_Brady-22,1219
BOMB,BOMB,Liz,ASL_2008_01_11,49,1356,1391,ASL_2008_01_11-49,1220
BOMB,BOMB,Naomi,ASL_2008_08_04,32,837,855,ASL_2008_08_04-32,1221
BOMB,BOMB,Tyler,ASL_2008_05_12a,31,290,307,ASL_2008_05_12a-31,1222
BONE,BONE,Brady,ASL_2011_07_19_Brady,85,2130,2156,ASL_2011_07_19_Brady-85,1223
BONE,BONE,Liz,ASL_2008_02_29,33,1470,1510,ASL_2008_02_29-33,1224
BOOK,BOOK,Brady,ASL_2011_07_19_Brady,21,174,213,ASL_2011_07_19_Brady-21,1225
BOOK,BOOK,Liz,ASL_2008_02_15,25,2961,3005,ASL_2008_02_15-25,1226
BOOK,BOOK,Liz,ASL_2010_08_10_Liz_additional_lexicon_signs,1,2850,2905,ASL_2010_08_10_Liz_additional_lexicon_signs-1,1227
BOOK,BOOK+,Brady,ASL_2011_06_08_Brady,22,16761,16792,ASL_2011_06_08_Brady-22,1228
BOOK,BOOK-pl,Liz,ASL_2010_08_10_Liz_additional_lexicon_signs,1,3055,3095,ASL_2010_08_10_Liz_additional_lexicon_signs-1,1229
BOOK-PAGE,BOOK-PAGE+,Brady,ASL_2011_07_19_Brady,24,1610,1645,ASL_2011_07_19_Brady-24,1230
BOOK-PAGE,BOOK-PAGE+,Liz,ASL_2008_02_15,29,490,552,ASL_2008_02_15-29,1231
BOOT,BOOT+,Brady,ASL_2011_06_08_Brady,22,17561,17588,ASL_2011_06_08_Brady-22,1232
BOOT,BOOT++,Tyler,ASL_2008_05_12a,31,1630,1702,ASL_2008_05_12a-31,1233
BORE,BORE,Brady,ASL_2011_06_08_Brady,22,18830,18847,ASL_2011_06_08_Brady-22,1234
BORE,BORE,Dana,ASL_2007_05_24,8,1342,1376,ASL_2007_05_24-8,1235
BORE,BORE,Lana,ASL_2006_10_10,4,1411,1425,ASL_2006_10_10-4,1236
BORE,BORE,Liz,ASL_2008_01_11,50,1435,1445,ASL_2008_01_11-50,1237
BORE,BORE,Naomi,ASL_2008_08_04,32,2695,2725,ASL_2008_08_04-32,1238
BORE,BORE,Tyler,ASL_2008_05_12a,31,1977,2005,ASL_2008_05_12a-31,1239
BORN,(S)BORN,Naomi,ASL_2008_08_04,32,2911,2935,ASL_2008_08_04-32,1240
BORN,BORN,Brady,ASL_2011_06_08_Brady,22,19012,19029,ASL_2011_06_08_Brady-22,1241
BORN,BORN,Brady,ASL_2011_06_14_Brady,12,5800,5813,ASL_2011_06_14_Brady-12,1242
BORN,BORN,Lana,ASL_2006_01_20,22,692,731,ASL_2006_01_20-22,1243
BORN,BORN,Liz,ASL_2008_01_11,50,1666,1690,ASL_2008_01_11-50,1244
BORROW,BORROW,Brady,ASL_2011_06_08_Brady,22,20152,20166,ASL_2011_06_08_Brady-22,1245
BORROW,BORROW,Lana,ASL_2006_10_10,16,900,916,ASL_2006_10_10-16,1246
BORROW,BORROW,Liz,ASL_2008_01_11,50,2170,2205,ASL_2008_01_11-50,1247
BORROW,BORROW,Naomi,ASL_2008_08_04,32,3865,3885,ASL_2008_08_04-32,1248
BORROW,BORROW,Tyler,ASL_2008_05_12a,31,3232,3265,ASL_2008_05_12a-31,1249
BOSS,BOSS,Brady,ASL_2011_06_08_Brady,22,22153,22177,ASL_2011_06_08_Brady-22,1250
BOSS,BOSS,Brady,ASL_2011_06_08_Brady,25,11816,11842,ASL_2011_06_08_Brady-25,1251
BOSS,BOSS,Dana,ASL_2007_05_24,8,1755,1806,ASL_2007_05_24-8,1252
BOSS,BOSS,Lana,ASL_2006_10_10,4,1790,1809,ASL_2006_10_10-4,1253
BOSS,BOSS,Liz,ASL_2008_01_11,51,640,680,ASL_2008_01_11-51,1254
BOSS,BOSS,Liz,ASL_2008_01_11,64,1460,1490,ASL_2008_01_11-64,1255
BOSS,BOSS,Naomi,ASL_2008_08_04,32,4422,4442,ASL_2008_08_04-32,1256
BOSS,BOSS,Naomi,ASL_2008_08_04,41,2800,2831,ASL_2008_08_04-41,1257
BOSS,BOSS,Tyler,ASL_2008_05_12a,31,3646,3705,ASL_2008_05_12a-31,1258
BOSS,BOSS,Tyler,ASL_2008_05_12a,40,1390,1425,ASL_2008_05_12a-40,1259
BOSS+LOWERCASE/TINY,BOSS+LOWERCASE/TINY,Brady,ASL_2011_06_14_Brady,52,7561,7603,ASL_2011_06_14_Brady-52,1260
BOSS+LOWERCASE/TINY,BOSS+LOWERCASE/TINY,Tyler,ASL_2008_06_10,7,713,759,ASL_2008_06_10-7,1261
BOTH,BOTH,Brady,ASL_2011_06_08_Brady,22,22912,22924,ASL_2011_06_08_Brady-22,1262
BOTH,BOTH,Liz,ASL_2008_01_11,51,1045,1075,ASL_2008_01_11-51,1263
BOTH,BOTH,Naomi,ASL_2008_08_04,33,658,675,ASL_2008_08_04-33,1264
BOTH,BOTH,Tyler,ASL_2008_05_12a,32,495,512,ASL_2008_05_12a-32,1265
BOTHER,BOTHER,Naomi,ASL_2008_08_06,20,412,440,ASL_2008_08_06-20,1266
BOTHER,BOTHER+,Liz,ASL_2008_01_18,20,740,785,ASL_2008_01_18-20,1267
BOTHER,BOTHER++,Liz,ASL_2008_01_11,41,866,905,ASL_2008_01_11-41,1268
BOTHER,BOTHER-1p++,Brady,ASL_2011_06_08_Brady,36,3027,3074,ASL_2011_06_08_Brady-36,1269
BOTTLE,BOTTLE,Liz,ASL_2008_01_11,51,1480,1505,ASL_2008_01_11-51,1270
BOTTLE,BOTTLE,Liz,ASL_2010_08_10_Liz_additional_lexicon_signs,1,5085,5117,ASL_2010_08_10_Liz_additional_lexicon_signs-1,1271
BOTTLE,BOTTLE,Naomi,ASL_2008_08_04,33,1722,1742,ASL_2008_08_04-33,1272
BOTTLE,BOTTLE,Tyler,ASL_2008_05_12a,32,1022,1075,ASL_2008_05_12a-32,1273
BOTTLE,BOTTLE-pl,Brady,ASL_2011_06_08_Brady,25,11073,11112,ASL_2011_06_08_Brady-25,1274
BOTTLE,BOTTLE-pl,Liz,ASL_2010_08_10_Liz_additional_lexicon_signs,1,5245,5300,ASL_2010_08_10_Liz_additional_lexicon_signs-1,1275
BOWEL-MOVEMENT,BOWEL-MOVEMENT,Liz,ASL_2010_08_10_Liz_additional_lexicon_signs,7,1290,1337,ASL_2010_08_10_Liz_additional_lexicon_signs-7,1276
BOWL,BOWL,Brady,ASL_2011_06_08_Brady,16,8732,8745,ASL_2011_06_08_Brady-16,1277
BOWL,BOWL,Brady,ASL_2011_06_08_Brady,22,24901,24917,ASL_2011_06_08_Brady-22,1278
BOWL,BOWL,Liz,ASL_2010_08_10_Liz_additional_lexicon_signs,1,1210,1245,ASL_2010_08_10_Liz_additional_lexicon_signs-1,1279
BOWL,BOWL-pl,Liz,ASL_2010_08_10_Liz_additional_lexicon_signs,1,1400,1450,ASL_2010_08_10_Liz_additional_lexicon_signs-1,1280
BOWLING,(crvd-3)BOWLING,Dana,ASL_2007_05_24,8,2442,2513,ASL_2007_05_24-8,1281
BOWLING,(crvd-3)BOWLING,Liz,ASL_2008_01_11,52,530,560,ASL_2008_01_11-52,1282
BOWLING,BOWLING,Brady,ASL_2011_06_08_Brady,22,25186,25208,ASL_2011_06_08_Brady-22,1283
BOWLING,BOWLING,Naomi,ASL_2008_08_04,33,2355,2375,ASL_2008_08_04-33,1284
BOWLING,BOWLING,Tyler,ASL_2008_05_12a,32,1457,1490,ASL_2008_05_12a-32,1285
BOWLING,BOWLING_2,Lana,ASL_2006_10_10,4,2434,2466,ASL_2006_10_10-4,1286
BOWLING-STRIKE,BOWLING-STRIKE,Liz,ASL_2008_02_29,49,2127,2160,ASL_2008_02_29-49,1287
BOWLING-STRIKE,BOWLING-STRIKE_2,Brady,ASL_2011_07_19_Brady,100,4019,4035,ASL_2011_07_19_Brady-100,1288
BOWTIE,BOWTIE,Liz,ASL_2008_01_11,52,825,865,ASL_2008_01_11-52,1289
BOX/ROOM,BOX/ROOM,Brady,ASL_2011_06_08_Brady,21,17025,17043,ASL_2011_06_08_Brady-21,1290
BOX/ROOM,BOX/ROOM,Liz,ASL_2010_08_10_Liz_additional_lexicon_signs,3,2000,2050,ASL_2010_08_10_Liz_additional_lexicon_signs-3,1291
BOX/ROOM,BOX/ROOM,Naomi,ASL_2008_08_04,30,1076,1097,ASL_2008_08_04-30,1292
BOX/ROOM,BOX/ROOM-pl,Liz,ASL_2010_08_10_Liz_additional_lexicon_signs,3,2140,2200,ASL_2010_08_10_Liz_additional_lexicon_signs-3,1293
BOXING,BOXING+,Brady,ASL_2011_06_08_Brady,22,27407,27451,ASL_2011_06_08_Brady-22,1294
BOXING,BOXING+,Brady,ASL_2011_06_08_Brady,22,27711,27751,ASL_2011_06_08_Brady-22,1295
BOXING,BOXING+,Brady,ASL_2011_06_14_Brady,7,4195,4227,ASL_2011_06_14_Brady-7,1296
BOXING,BOXING+,Liz,ASL_2008_01_11,52,1430,1495,ASL_2008_01_11-52,1297
BOXING,BOXING+,Naomi,ASL_2008_08_04,33,3557,3607,ASL_2008_08_04-33,1298
BOXING,BOXING++,Tyler,ASL_2008_05_12a,32,2356,2416,ASL_2008_05_12a-32,1299
BOXING,BOXING_2+,Liz,ASL_2008_01_11,52,1230,1280,ASL_2008_01_11-52,1300
BOXING,BOXING_2+,Naomi,ASL_2008_08_04,33,3268,3317,ASL_2008_08_04-33,1301
BOX_2,BOX_2,Liz,ASL_2008_01_11,46,1335,1365,ASL_2008_01_11-46,1302
BOX_2,BOX_2,Tyler,ASL_2008_05_12a,29,832,855,ASL_2008_05_12a-29,1303
BOY,BOY,Brady,ASL_2011_06_08_Brady,22,28392,28408,ASL_2011_06_08_Brady-22,1304
BOY,BOY,Lana,ASL_2006_09_26,61,757,786,ASL_2006_09_26-61,1305
BOY,BOY,Liz,ASL_2008_01_11,53,325,350,ASL_2008_01_11-53,1306
BOY,BOY,Liz,ASL_2008_02_01,57,1012,1050,ASL_2008_02_01-57,1307
BOY,BOY,Naomi,ASL_2008_08_04,34,240,267,ASL_2008_08_04-34,1308
BOY,BOY,Naomi,ASL_2008_08_13_session2,12,790,806,ASL_2008_08_13_session2-12,1309
BOY,BOY,Tyler,ASL_2008_05_12a,33,272,315,ASL_2008_05_12a-33,1310
BOY+BABY,BOY+BABY,Liz,ASL_2008_02_29,38,2080,2131,ASL_2008_02_29-38,1311
"BOY+DCL""round flat""","BOY+DCL""round flat""",Liz,ASL_2008_02_01,57,2570,2637,ASL_2008_02_01-57,1312
"BOY+DCL""round flat""","BOY+DCL""round flat""",Naomi,ASL_2008_08_13_session2,12,3021,3058,ASL_2008_08_13_session2-12,1313
BOY+FRIEND,BOY+FRIEND,Liz,ASL_2008_01_11,53,515,579,ASL_2008_01_11-53,1314
BOY+FRIEND,BOY+FRIEND,Naomi,ASL_2008_08_04,34,424,472,ASL_2008_08_04-34,1315
BOY+FRIEND,BOY+FRIEND,Tyler,ASL_2008_05_12a,33,490,530,ASL_2008_05_12a-33,1316
BOY_2+CORRECT,BOY+ALSO,Liz,ASL_2008_01_11,57,975,1031,ASL_2008_01_11-57,1317
BOY_2+CORRECT,BOY+ALSO,Liz,ASL_2010_08_10_Liz_additional_lexicon_signs,1,3820,3880,ASL_2010_08_10_Liz_additional_lexicon_signs-1,1318
BOY_2+CORRECT,BOY+ALSO+,Liz,ASL_2010_08_10_Liz_additional_lexicon_signs,1,4005,4055,ASL_2010_08_10_Liz_additional_lexicon_signs-1,1319
BOY_2+CORRECT,BOY+CORRECT,Liz,ASL_2010_08_10_Liz_additional_lexicon_signs,1,4200,4250,ASL_2010_08_10_Liz_additional_lexicon_signs-1,1320
BOY_2+CORRECT,BOY+CORRECT+,Liz,ASL_2010_08_10_Liz_additional_lexicon_signs,1,4385,4436,ASL_2010_08_10_Liz_additional_lexicon_signs-1,1321
BOY_2+CORRECT,BOY_2+ALSO,Brady,ASL_2011_06_08_Brady,23,12449,12471,ASL_2011_06_08_Brady-23,1322
BOY_2+CORRECT,BOY_2+CORRECT,Brady,ASL_2011_06_08_Brady,23,14003,14025,ASL_2011_06_08_Brady-23,1323
BOY_2+CORRECT,BOY_2+CORRECT,Lana,ASL_2006_10_10,4,626,666,ASL_2006_10_10-4,1324
BOY_2+CORRECT,BOY_2+CORRECT,Tyler,ASL_2008_05_12a,35,1827,1861,ASL_2008_05_12a-35,1325
BOY_2+CORRECT+LAW,BOY_2+CORRECT+LAW,Naomi,ASL_2008_08_04,36,1535,1597,ASL_2008_08_04-36,1326
BOY_2+CORRECT+LAW,BOY_2+CORRECT+LAW,Tyler,ASL_2008_05_12a,35,1562,1612,ASL_2008_05_12a-35,1327
BOY_2+CORRECT+LAW,BROTHER+IN+LAW,Brady,ASL_2011_06_14_Brady,3,3588,3622,ASL_2011_06_14_Brady-3,1328
BOY_3+MARRY,BOY_3+MARRY,Dana,ASL_2007_05_24,17,2613,2668,ASL_2007_05_24-17,1329
BOY_3+MARRY,BOY_3+MARRY,Lana,ASL_2006_10_10,14,2297,2345,ASL_2006_10_10-14,1330
"BPCL:B""tapping foot""","BPCL:B""tapping foot""+",Liz,ASL_2008_03_28,5,152,195,ASL_2008_03_28-5,1331
BRA,BRA,Liz,ASL_2008_01_11,53,760,810,ASL_2008_01_11-53,1332
BRA,BRA,Tyler,ASL_2008_05_12a,33,700,725,ASL_2008_05_12a-33,1333
BRA,BRA_2,Brady,ASL_2011_06_08_Brady,22,29052,29072,ASL_2011_06_08_Brady-22,1334
BRA,BRA_2,Naomi,ASL_2008_08_04,34,735,757,ASL_2008_08_04-34,1335
BRA+UNDERPANTS,BRA+UNDERPANTS,Brady,ASL_2011_06_08_Brady,21,4100,4147,ASL_2011_06_08_Brady-21,1336
BRA+UNDERPANTS,BRA+UNDERPANTS,Naomi,ASL_2008_08_04,28,805,852,ASL_2008_08_04-28,1337
BRA+UNDERPANTS,BRA+UNDERPANTS,Tyler,ASL_2008_05_12a,27,342,399,ASL_2008_05_12a-27,1338
BRA+UNDERPANTS,UNDERPANTS+BRA,Brady,ASL_2011_06_08_Brady,17,859,905,ASL_2011_06_08_Brady-17,1339
BRA+UNDERPANTS,UNDERPANTS+BRA,Tyler,ASL_2008_05_12a,22,322,375,ASL_2008_05_12a-22,1340
BRACELET,BRACELET,Liz,ASL_2008_01_11,53,985,1020,ASL_2008_01_11-53,1341
BRACELET,BRACELET,Naomi,ASL_2008_08_04,34,1015,1043,ASL_2008_08_04-34,1342
BRACELET,BRACELET_2,Tyler,ASL_2008_05_12a,33,895,950,ASL_2008_05_12a-33,1343
BRAG,BRAG,Brady,ASL_2011_06_08_Brady,22,29763,29807,ASL_2011_06_08_Brady-22,1344
BRAG,BRAG,Liz,ASL_2008_01_11,53,1241,1305,ASL_2008_01_11-53,1345
BRAG,BRAG,Naomi,ASL_2008_08_04,34,1275,1327,ASL_2008_08_04-34,1346
BRAG,BRAG,Tyler,ASL_2008_05_12a,33,1106,1165,ASL_2008_05_12a-33,1347
BRAKE,(5-C-L)BRAKE,Brady,ASL_2011_06_08_Brady,23,605,626,ASL_2011_06_08_Brady-23,1348
BRAKE,(5-C-L)BRAKE,Liz,ASL_2008_01_11,54,250,280,ASL_2008_01_11-54,1349
BRAKE,(5-C-L)BRAKE,Naomi,ASL_2008_08_04,34,2255,2273,ASL_2008_08_04-34,1350
BRAKE,BRAKE,Brady,ASL_2011_06_08_Brady,23,1688,1711,ASL_2011_06_08_Brady-23,1351
BRAKE,BRAKE,Tyler,ASL_2008_05_12a,33,1545,1580,ASL_2008_05_12a-33,1352
BRAVE/RECOVER,BRAVE/RECOVER,Brady,ASL_2011_06_08_Brady,23,5099,5123,ASL_2011_06_08_Brady-23,1353
BRAVE/RECOVER,BRAVE/RECOVER,Brady,ASL_2011_07_22_Brady,57,2584,2604,ASL_2011_07_22_Brady-57,1354
BRAVE/RECOVER,BRAVE/RECOVER,Liz,ASL_2008_01_11,54,680,705,ASL_2008_01_11-54,1355
BRAVE/RECOVER,BRAVE/RECOVER,Liz,ASL_2008_02_29,7,1835,1901,ASL_2008_02_29-7,1356
BRAVE/RECOVER,BRAVE/RECOVER,Liz,ASL_2008_03_28,38,2275,2325,ASL_2008_03_28-38,1357
BRAVE/RECOVER,BRAVE/RECOVER,Naomi,ASL_2008_08_04,34,2968,3000,ASL_2008_08_04-34,1358
BRAVE/RECOVER,BRAVE/RECOVER,Tyler,ASL_2008_05_12a,33,2636,2665,ASL_2008_05_12a-33,1359
BRAVE/RECOVER,BRAVE/RECOVER,Tyler,ASL_2008_05_12b,10,895,922,ASL_2008_05_12b-10,1360
BRAWL,BRAWL,Brady,ASL_2011_06_08_Brady,23,5452,5479,ASL_2011_06_08_Brady-23,1361
BRAWL,BRAWL,Liz,ASL_2008_01_11,54,935,980,ASL_2008_01_11-54,1362
BRAWL,BRAWL,Naomi,ASL_2008_08_04,34,3222,3257,ASL_2008_08_04-34,1363
BRAWL,BRAWL,Tyler,ASL_2008_05_12a,33,2905,2941,ASL_2008_05_12a-33,1364
BREAD,BREAD,Brady,ASL_2011_06_08_Brady,23,7373,7404,ASL_2011_06_08_Brady-23,1365
BREAD,BREAD,Dana,ASL_2007_05_24,7,2724,2792,ASL_2007_05_24-7,1366
BREAD,BREAD,Lana,ASL_2006_10_10,3,2603,2636,ASL_2006_10_10-3,1367
BREAD,BREAD,Liz,ASL_2008_01_11,54,1370,1406,ASL_2008_01_11-54,1368
BREAD,BREAD,Naomi,ASL_2008_08_04,35,527,563,ASL_2008_08_04-35,1369
BREAD,BREAD+,Tyler,ASL_2008_05_12a,34,445,490,ASL_2008_05_12a-34,1370
"BREAD+DCL""rounded rectangle""","BREAD+DCL""rounded rectangle""",Brady,ASL_2011_06_14_Brady,50,3824,3871,ASL_2011_06_14_Brady-50,1371
"BREAD+DCL""rounded rectangle""","BREAD+DCL""rounded rectangle""",Liz,ASL_2008_02_01,51,2433,2490,ASL_2008_02_01-51,1372
"BREAD+DCL""rounded rectangle""","BREAD+DCL""rounded rectangle""",Naomi,ASL_2008_08_13_session2,6,2895,2954,ASL_2008_08_13_session2-6,1373
"BREAD+DCL""rounded rectangle""","BREAD+DCL""rounded rectangle""",Tyler,ASL_2008_06_10,3,2265,2317,ASL_2008_06_10-3,1374
BREAK,BREAK,Brady,ASL_2011_06_08_Brady,23,7558,7574,ASL_2011_06_08_Brady-23,1375
BREAK,BREAK,Liz,ASL_2008_01_11,55,455,485,ASL_2008_01_11-55,1376
BREAK,BREAK,Naomi,ASL_2008_08_04,35,1207,1228,ASL_2008_08_04-35,1377
BREAK,BREAK,Tyler,ASL_2008_05_12a,34,825,842,ASL_2008_05_12a-34,1378
BREAK-DOWN,BREAK-DOWN,Brady,ASL_2011_06_08_Brady,23,8866,8877,ASL_2011_06_08_Brady-23,1379
BREAK-DOWN,BREAK-DOWN,Brady,ASL_2011_06_08_Brady,28,13800,13830,ASL_2011_06_08_Brady-28,1380
BREAK-DOWN,BREAK-DOWN,Liz,ASL_2008_01_11,55,941,976,ASL_2008_01_11-55,1381
BREAK-DOWN,BREAK-DOWN,Liz,ASL_2008_01_11,83,320,355,ASL_2008_01_11-83,1382
BREAK-DOWN,BREAK-DOWN,Naomi,ASL_2008_08_04,35,1695,1715,ASL_2008_08_04-35,1383
BREAK-DOWN,BREAK-DOWN,Naomi,ASL_2008_08_04,51,2925,2947,ASL_2008_08_04-51,1384
BREAK-DOWN-BUILDING,BREAK-DOWN-BUILDING,Tyler,ASL_2008_05_12a,34,1237,1277,ASL_2008_05_12a-34,1385
BREASTS,BREASTS,Brady,ASL_2011_06_08_Brady,23,9654,9682,ASL_2011_06_08_Brady-23,1386
BREASTS,BREASTS,Naomi,ASL_2008_08_04,35,3090,3118,ASL_2008_08_04-35,1387
BREATHE,BREATHE,Brady,ASL_2011_06_08_Brady,23,9980,10018,ASL_2011_06_08_Brady-23,1388
BREATHE,BREATHE,Liz,ASL_2008_01_11,56,505,550,ASL_2008_01_11-56,1389
BREATHE,BREATHE,Naomi,ASL_2008_08_04,35,3335,3395,ASL_2008_08_04-35,1390
BREATHE,BREATHE,Tyler,ASL_2008_05_12a,34,2566,2602,ASL_2008_05_12a-34,1391
BRIDGE,(crvd-V)BRIDGE,Lana,ASL_2006_10_10,4,346,369,ASL_2006_10_10-4,1392
BRIDGE,BRIDGE,Brady,ASL_2011_06_08_Brady,23,10234,10267,ASL_2011_06_08_Brady-23,1393
BRIDGE,BRIDGE,Dana,ASL_2007_05_24,8,201,258,ASL_2007_05_24-8,1394
BRIDGE,BRIDGE,Liz,ASL_2008_01_11,56,765,816,ASL_2008_01_11-56,1395
BRIDGE,BRIDGE,Naomi,ASL_2008_08_04,36,330,365,ASL_2008_08_04-36,1396
BRIDGE,BRIDGE,Tyler,ASL_2008_05_12a,35,320,365,ASL_2008_05_12a-35,1397
BRING-1p,BRING,Tyler,ASL_2008_05_12a,41,515,555,ASL_2008_05_12a-41,1398
BRING-1p,BRING-1p,Brady,ASL_2011_06_08_Brady,23,10490,10507,ASL_2011_06_08_Brady-23,1399
BRING-1p,BRING-1p,Liz,ASL_2008_01_11,56,955,990,ASL_2008_01_11-56,1400
BRING-1p,BRING-1p,Naomi,ASL_2008_08_04,36,515,541,ASL_2008_08_04-36,1401
BROKE,BROKE,Brady,ASL_2011_06_08_Brady,23,10703,10728,ASL_2011_06_08_Brady-23,1402
BROKE,BROKE,Liz,ASL_2008_01_11,56,1185,1215,ASL_2008_01_11-56,1403
BROKE,BROKE,Naomi,ASL_2008_08_04,36,727,755,ASL_2008_08_04-36,1404
BROKE,BROKE,Tyler,ASL_2008_05_12a,35,755,780,ASL_2008_05_12a-35,1405
BROOM,BROOM,Liz,ASL_2008_01_11,57,261,317,ASL_2008_01_11-57,1406
BROOM,BROOM,Tyler,ASL_2008_05_12a,35,1251,1295,ASL_2008_05_12a-35,1407
BROOM,BROOM_2,Brady,ASL_2011_06_08_Brady,23,11170,11207,ASL_2011_06_08_Brady-23,1408
BROOM,BROOM_2,Brady,ASL_2011_06_08_Brady,23,11412,11444,ASL_2011_06_08_Brady-23,1409
BROOM,BROOM_2,Brady,ASL_2011_07_19_Brady,106,4510,4554,ASL_2011_07_19_Brady-106,1410
BROOM,BROOM_2,Liz,ASL_2008_03_28,2,616,670,ASL_2008_03_28-2,1411
BROOM,BROOM_2,Naomi,ASL_2008_08_04,36,1255,1296,ASL_2008_08_04-36,1412
BROTHER,BROTHER,Brady,ASL_2011_06_08_Brady,23,14314,14336,ASL_2011_06_08_Brady-23,1413
BROTHER,BROTHER,Brady,ASL_2011_06_14_Brady,3,3356,3372,ASL_2011_06_14_Brady-3,1414
BROTHER,BROTHER,Dana,ASL_2007_05_24,8,490,549,ASL_2007_05_24-8,1415
BROTHER,BROTHER,Naomi,ASL_2008_08_04,36,2005,2017,ASL_2008_08_04-36,1416
BROTHER,BROTHER-pl+,Brady,ASL_2011_06_08_Brady,23,15482,15528,ASL_2011_06_08_Brady-23,1417
BROWN,BROWN,Brady,ASL_2011_06_08_Brady,23,16898,16918,ASL_2011_06_08_Brady-23,1418
BROWN,BROWN,Dana,ASL_2007_05_24,8,2752,2784,ASL_2007_05_24-8,1419
BROWN,BROWN,Lana,ASL_2006_10_10,4,2707,2727,ASL_2006_10_10-4,1420
BROWN,BROWN,Liz,ASL_2008_01_11,57,1210,1240,ASL_2008_01_11-57,1421
BROWN,BROWN,Naomi,ASL_2008_08_04,36,2258,2280,ASL_2008_08_04-36,1422
BROWN,BROWN,Tyler,ASL_2008_05_12a,35,2085,2115,ASL_2008_05_12a-35,1423
BRUSH-TEETH,BRUSH-TEETH+,Tyler,ASL_2008_05_12a,35,2311,2360,ASL_2008_05_12a-35,1424
BRUSH-TEETH,BRUSH-TEETH++,Brady,ASL_2011_06_08_Brady,24,523,554,ASL_2011_06_08_Brady-24,1425
BRUSH-TEETH,BRUSH-TEETH++,Liz,ASL_2008_01_11,57,1740,1810,ASL_2008_01_11-57,1426
BRUSH-TEETH,BRUSH-TEETH++,Naomi,ASL_2008_08_04,36,2885,2931,ASL_2008_08_04-36,1427
BUCKET,BUCKET,Brady,ASL_2011_06_08_Brady,24,1197,1231,ASL_2011_06_08_Brady-24,1428
BUCKET,BUCKET,Tyler,ASL_2008_05_12a,36,322,350,ASL_2008_05_12a-36,1429
BUG,BUG,Brady,ASL_2011_06_08_Brady,24,2013,2039,ASL_2011_06_08_Brady-24,1430
BUG,BUG,Liz,ASL_2008_01_11,58,1556,1590,ASL_2008_01_11-58,1431
BUG,BUG,Naomi,ASL_2008_08_04,37,702,720,ASL_2008_08_04-37,1432
BUG,BUG+,Tyler,ASL_2008_05_12a,36,591,621,ASL_2008_05_12a-36,1433
BUILD,BUILD,Brady,ASL_2011_07_22_Brady,39,1125,1176,ASL_2011_07_22_Brady-39,1434
BUILD,BUILD++,Naomi,ASL_2008_08_04,37,1605,1656,ASL_2008_08_04-37,1435
BUILD,BUILD+++,Brady,ASL_2011_06_08_Brady,24,2843,2892,ASL_2011_06_08_Brady-24,1436
BUILD,BUILD+++,Lana,ASL_2006_10_10,4,873,924,ASL_2006_10_10-4,1437
BUILD,BUILD+++,Liz,ASL_2008_01_11,58,1771,1825,ASL_2008_01_11-58,1438
BUILD,BUILD+++,Tyler,ASL_2008_05_12a,36,830,872,ASL_2008_05_12a-36,1439
BUILD,BUILD+++,Tyler,ASL_2008_05_12a,36,1580,1626,ASL_2008_05_12a-36,1440
BUILDING,(U-L)BUILDING+,Naomi,ASL_2008_08_04,37,945,971,ASL_2008_08_04-37,1441
BUILDING,(U-L)BUILDING+,Naomi,ASL_2008_08_04,37,1223,1265,ASL_2008_08_04-37,1442
BUILDING,(U-L)BUILDING++,Brady,ASL_2011_06_08_Brady,24,2519,2558,ASL_2011_06_08_Brady-24,1443
BUILDING,(U-L)BUILDING++,Brady,ASL_2011_06_08_Brady,24,3468,3509,ASL_2011_06_08_Brady-24,1444
BUILDING,(U-L)BUILDING++,Dana,ASL_2007_05_24,8,778,830,ASL_2007_05_24-8,1445
BUILDING,BUILDING,Liz,ASL_2008_01_11,58,1975,2020,ASL_2008_01_11-58,1446
BUILDING,BUILDING,Tyler,ASL_2008_05_12a,36,1106,1146,ASL_2008_05_12a-36,1447
BULL,BULL,Brady,ASL_2011_06_08_Brady,24,5433,5460,ASL_2011_06_08_Brady-24,1448
BULL,BULL,Liz,ASL_2008_01_11,59,515,531,ASL_2008_01_11-59,1449
BULL,BULL,Naomi,ASL_2008_08_04,37,2632,2662,ASL_2008_08_04-37,1450
BURY,BURY,Brady,ASL_2011_06_08_Brady,24,7462,7492,ASL_2011_06_08_Brady-24,1451
BURY,BURY,Liz,ASL_2008_01_11,59,910,955,ASL_2008_01_11-59,1452
BURY,BURY,Naomi,ASL_2008_08_04,37,3240,3272,ASL_2008_08_04-37,1453
BURY,BURY,Tyler,ASL_2008_05_12a,36,3480,3505,ASL_2008_05_12a-36,1454
BUSINESS,BUSINESS,Naomi,ASL_2008_08_04,38,515,545,ASL_2008_08_04-38,1455
BUSINESS,BUSINESS+,Brady,ASL_2011_06_08_Brady,24,8016,8049,ASL_2011_06_08_Brady-24,1456
BUSINESS,BUSINESS_2++,Liz,ASL_2008_01_11,60,490,525,ASL_2008_01_11-60,1457
BUSINESS,BUSINESS_2++,Tyler,ASL_2008_05_12a,37,555,620,ASL_2008_05_12a-37,1458
BUSINESS,BUSINESS_3+,Liz,ASL_2008_01_11,59,1680,1710,ASL_2008_01_11-59,1459
BUSY,BUSY+,Brady,ASL_2011_06_08_Brady,24,8783,8810,ASL_2011_06_08_Brady-24,1460
BUSY,BUSY_2++,Dana,ASL_2007_05_24,8,924,981,ASL_2007_05_24-8,1461
BUSY,BUSY_2++,Naomi,ASL_2008_08_04,38,746,775,ASL_2008_08_04-38,1462
BUSY,BUSY_2+++,Lana,ASL_2006_10_10,4,1021,1075,ASL_2006_10_10-4,1463
BUSY,BUSY_3++++,Tyler,ASL_2008_05_12a,37,815,885,ASL_2008_05_12a-37,1464
BUT,BUT,Brady,ASL_2011_06_08_Brady,24,9091,9103,ASL_2011_06_08_Brady-24,1465
BUT,BUT,Lana,ASL_2006_01_20,22,1177,1218,ASL_2006_01_20-22,1466
BUT,BUT,Liz,ASL_2008_01_11,60,665,695,ASL_2008_01_11-60,1467
BUT,BUT,Naomi,ASL_2008_08_04,38,977,1000,ASL_2008_08_04-38,1468
BUT,BUT,Tyler,ASL_2008_05_12a,37,1025,1047,ASL_2008_05_12a-37,1469
BUTTER,BUTTER+,Brady,ASL_2011_06_08_Brady,24,9291,9317,ASL_2011_06_08_Brady-24,1470
BUTTER,BUTTER+,Liz,ASL_2008_01_11,60,900,935,ASL_2008_01_11-60,1471
BUTTER,BUTTER++,Naomi,ASL_2008_08_04,38,1185,1241,ASL_2008_08_04-38,1472
BUTTER,BUTTER+++,Tyler,ASL_2008_05_12a,37,1237,1283,ASL_2008_05_12a-37,1473
BUTTER,BUTTER_2,Lana,ASL_2006_09_26,61,871,898,ASL_2006_09_26-61,1474
BUTTERFLY,BUTTERFLY+,Brady,ASL_2011_06_08_Brady,24,9525,9545,ASL_2011_06_08_Brady-24,1475
BUTTERFLY,BUTTERFLY+,Liz,ASL_2008_01_11,60,1090,1124,ASL_2008_01_11-60,1476
BUTTERFLY,BUTTERFLY+,Naomi,ASL_2008_08_04,38,1398,1428,ASL_2008_08_04-38,1477
BUTTERFLY,BUTTERFLY++,Tyler,ASL_2008_05_12a,37,1445,1495,ASL_2008_05_12a-37,1478
BUTTON,BUTTON++,Brady,ASL_2011_06_08_Brady,24,10113,10157,ASL_2011_06_08_Brady-24,1479
BUTTON,BUTTON++,Liz,ASL_2008_01_11,60,1360,1410,ASL_2008_01_11-60,1480
BUTTON,BUTTON++,Naomi,ASL_2008_08_04,38,1650,1702,ASL_2008_08_04-38,1481
BUTTON,BUTTON++,Tyler,ASL_2008_05_12a,37,1657,1696,ASL_2008_05_12a-37,1482
BUY,BUY,Brady,ASL_2011_06_08_Brady,24,10480,10496,ASL_2011_06_08_Brady-24,1483
BUY,BUY,Dana,ASL_2007_05_24,8,1197,1240,ASL_2007_05_24-8,1484
BUY,BUY,Lana,ASL_2006_10_10,4,1282,1303,ASL_2006_10_10-4,1485
BUY,BUY,Liz,ASL_2008_01_11,60,1560,1590,ASL_2008_01_11-60,1486
BUY,BUY,Naomi,ASL_2008_08_04,38,1855,1887,ASL_2008_08_04-38,1487
BUY,BUY,Tyler,ASL_2008_05_12a,37,1895,1920,ASL_2008_05_12a-37,1488
BUY,BUY++,Brady,ASL_2011_07_19_Brady,81,719,769,ASL_2011_07_19_Brady-81,1489
BUY,BUY++,Liz,ASL_2008_02_29,30,255,305,ASL_2008_02_29-30,1490
BUY++AGENT,BUY++AGENT,Brady,ASL_2011_06_14_Brady,3,9539,9567,ASL_2011_06_14_Brady-3,1491
BUY++AGENT,BUY++AGENT,Liz,ASL_2008_01_18,4,1447,1518,ASL_2008_01_18-4,1492
BUY++AGENT,BUY++AGENT,Naomi,ASL_2008_08_06,4,1094,1145,ASL_2008_08_06-4,1493
C,C,Brady,ASL_2011_06_08_Brady,24,10753,10766,ASL_2011_06_08_Brady-24,1494
C,C,Liz,ASL_2008_01_11,61,290,300,ASL_2008_01_11-61,1495
C,C,Naomi,ASL_2008_08_04,38,2130,2177,ASL_2008_08_04-38,1496
C,C,Tyler,ASL_2008_05_12a,37,2090,2145,ASL_2008_05_12a-37,1497
CABBAGE,(A)CABBAGE,Liz,ASL_2010_08_10_Liz_additional_lexicon_signs,29,345,391,ASL_2010_08_10_Liz_additional_lexicon_signs-29,1498
CABBAGE,CABBAGE+,Brady,ASL_2011_07_22_Brady,10,1413,1457,ASL_2011_07_22_Brady-10,1499
CABBAGE,CABBAGE+,Liz,ASL_2008_01_11,61,871,905,ASL_2008_01_11-61,1500
CABBAGE,CABBAGE+,Naomi,ASL_2008_08_04,39,633,667,ASL_2008_08_04-39,1501
CABBAGE,CABBAGE++,Brady,ASL_2011_06_08_Brady,24,11378,11409,ASL_2011_06_08_Brady-24,1502
CABBAGE,CABBAGE++,Tyler,ASL_2008_05_12a,38,340,395,ASL_2008_05_12a-38,1503
CABINET,CABINET+,Liz,ASL_2008_01_11,61,1115,1190,ASL_2008_01_11-61,1504
CABINET,CABINET++,Brady,ASL_2011_06_08_Brady,24,11656,11701,ASL_2011_06_08_Brady-24,1505
CABINET,CABINET++,Tyler,ASL_2008_05_12a,38,595,650,ASL_2008_05_12a-38,1506
CABINET,CUPBOARD+,Naomi,ASL_2008_08_06,10,830,860,ASL_2008_08_06-10,1507
CABINET,CUPBOARD++,Liz,ASL_2008_01_18,10,880,930,ASL_2008_01_18-10,1508
CABINET,CUPBOARD+++,Brady,ASL_2011_06_08_Brady,31,12352,12408,ASL_2011_06_08_Brady-31,1509
CAESAREAN-SECTION,CAESAREAN-SECTION,Liz,ASL_2010_08_10_Liz_additional_lexicon_signs,25,1090,1160,ASL_2010_08_10_Liz_additional_lexicon_signs-25,1510
CAESAREAN-SECTION,CAESAREAN-SECTION_2,Brady,ASL_2011_06_08_Brady,24,11936,11956,ASL_2011_06_08_Brady-24,1511
CAFETERIA,CAFETERIA,Brady,ASL_2011_06_08_Brady,24,12188,12208,ASL_2011_06_08_Brady-24,1512
CAFETERIA,CAFETERIA,Liz,ASL_2008_01_11,61,1410,1441,ASL_2008_01_11-61,1513
CAFETERIA,CAFETERIA,Naomi,ASL_2008_08_04,39,2032,2065,ASL_2008_08_04-39,1514
CAFETERIA,CAFETERIA,Tyler,ASL_2008_05_12a,38,822,850,ASL_2008_05_12a-38,1515
CAKE,CAKE,Liz,ASL_2008_02_29,17,802,842,ASL_2008_02_29-17,1516
CAKE,CAKE+,Brady,ASL_2011_06_08_Brady,24,12440,12461,ASL_2011_06_08_Brady-24,1517
CAKE,CAKE++,Tyler,ASL_2008_05_12a,38,1020,1085,ASL_2008_05_12a-38,1518
CALCULATOR,CALCULATOR+,Liz,ASL_2010_08_10_Liz_additional_lexicon_signs,25,1365,1426,ASL_2010_08_10_Liz_additional_lexicon_signs-25,1519
CALCULUS,CALCULUS+,Brady,ASL_2011_06_08_Brady,24,13476,13500,ASL_2011_06_08_Brady-24,1520
CALCULUS,CALCULUS+,Liz,ASL_2008_01_11,61,1775,1810,ASL_2008_01_11-61,1521
CALCULUS,CALCULUS+,Naomi,ASL_2008_08_04,39,2619,2652,ASL_2008_08_04-39,1522
CALCULUS,CALCULUS++,Tyler,ASL_2008_05_12a,38,1270,1330,ASL_2008_05_12a-38,1523
CALENDAR,CALENDAR,Liz,ASL_2010_08_10_Liz_additional_lexicon_signs,25,1540,1605,ASL_2010_08_10_Liz_additional_lexicon_signs-25,1524
CALENDAR,CALENDAR_2,Brady,ASL_2011_06_08_Brady,24,13800,13828,ASL_2011_06_08_Brady-24,1525
CALL-BY-PHONE,CALL-BY-PHONE,Brady,ASL_2011_06_08_Brady,25,710,726,ASL_2011_06_08_Brady-25,1526
CALL-BY-PHONE,CALL-BY-PHONE,Dana,ASL_2007_05_24,9,710,749,ASL_2007_05_24-9,1527
CALL-BY-PHONE,CALL-BY-PHONE,Lana,ASL_2006_10_10,5,630,647,ASL_2006_10_10-5,1528
CALL-BY-PHONE,CALL-BY-PHONE,Liz,ASL_2008_01_11,62,435,475,ASL_2008_01_11-62,1529
CALL-BY-PHONE,CALL-BY-PHONE,Naomi,ASL_2008_08_04,39,3195,3215,ASL_2008_08_04-39,1530
CALL-ON-RELAY/VRS,CALL-ON-RELAY/VRS,Brady,ASL_2011_06_08_Brady,25,416,426,ASL_2011_06_08_Brady-25,1531
CALL-ON-RELAY/VRS,CALL-ON-RELAY/VRS,Brady,ASL_2011_06_08_Brady,25,1060,1067,ASL_2011_06_08_Brady-25,1532
CALL-ON-RELAY/VRS,CALL-ON-RELAY/VRS,Brady,ASL_2011_07_19_Brady,76,2012,2027,ASL_2011_07_19_Brady-76,1533
CALL-ON-RELAY/VRS,CALL-ON-RELAY/VRS,Liz,ASL_2008_01_11,62,645,665,ASL_2008_01_11-62,1534
CALL-ON-RELAY/VRS,CALL-ON-RELAY/VRS,Liz,ASL_2008_02_29,26,642,660,ASL_2008_02_29-26,1535
CALL-ON-RELAY/VRS,CALL-ON-RELAY/VRS,Naomi,ASL_2008_08_04,39,3440,3461,ASL_2008_08_04-39,1536
CALL-ON-RELAY/VRS,CALL-ON-RELAY/VRS+,Brady,ASL_2011_07_19_Brady,111,452,494,ASL_2011_07_19_Brady-111,1537
CALL-ON-RELAY/VRS,CALL-ON-RELAY/VRS+,Liz,ASL_2008_03_28,6,3430,3470,ASL_2008_03_28-6,1538
CALM-DOWN,CALM-DOWN,Brady,ASL_2011_06_08_Brady,25,164,200,ASL_2011_06_08_Brady-25,1539
CALM-DOWN,CALM-DOWN,Brady,ASL_2011_06_08_Brady,25,1284,1304,ASL_2011_06_08_Brady-25,1540
CALM-DOWN,CALM-DOWN,Liz,ASL_2010_08_10_Liz_additional_lexicon_signs,25,1710,1795,ASL_2010_08_10_Liz_additional_lexicon_signs-25,1541
CAMERA,CAMERA+,Liz,ASL_2008_01_11,62,830,860,ASL_2008_01_11-62,1542
CAMERA,CAMERA+,Naomi,ASL_2008_08_04,39,3702,3725,ASL_2008_08_04-39,1543
CAMERA,CAMERA++,Liz,ASL_2008_03_28,3,3711,3745,ASL_2008_03_28-3,1544
CAMERA,CAMERA++,Tyler,ASL_2008_05_12a,38,2745,2780,ASL_2008_05_12a-38,1545
CAMERA-FLASH,CAMERA-FLASH,Liz,ASL_2008_03_28,4,852,890,ASL_2008_03_28-4,1546
CAMP,CAMP,Brady,ASL_2011_06_08_Brady,25,1940,1968,ASL_2011_06_08_Brady-25,1547
CAMP,CAMP,Brady,ASL_2011_06_08_Brady,25,2301,2336,ASL_2011_06_08_Brady-25,1548
CAMP,CAMP,Brady,ASL_2011_07_19_Brady,112,904,924,ASL_2011_07_19_Brady-112,1549
CAMP,CAMP,Liz,ASL_2008_03_28,8,250,290,ASL_2008_03_28-8,1550
CAMP,CAMP+,Dana,ASL_2007_05_24,8,1470,1534,ASL_2007_05_24-8,1551
CAMP,CAMP+,Lana,ASL_2006_10_10,4,1539,1569,ASL_2006_10_10-4,1552
CAMP,CAMP+,Liz,ASL_2008_01_11,62,1325,1370,ASL_2008_01_11-62,1553
CAMP,CAMP+,Naomi,ASL_2008_08_04,40,591,625,ASL_2008_08_04-40,1554
CAMP,CAMP+,Naomi,ASL_2008_08_04,40,898,930,ASL_2008_08_04-40,1555
CAMP,CAMP+,Tyler,ASL_2008_05_12a,39,615,650,ASL_2008_05_12a-39,1556
CAMP,CAMP++,Tyler,ASL_2008_05_12a,39,365,420,ASL_2008_05_12a-39,1557
CAN,CAN,Brady,ASL_2011_06_08_Brady,25,2886,2906,ASL_2011_06_08_Brady-25,1558
CAN,CAN,Dana,ASL_2007_05_24,8,1612,1662,ASL_2007_05_24-8,1559
CAN,CAN,Lana,ASL_2006_10_10,4,1669,1682,ASL_2006_10_10-4,1560
CAN,CAN,Liz,ASL_2008_01_11,62,1535,1560,ASL_2008_01_11-62,1561
CAN,CAN,Naomi,ASL_2008_08_04,40,1130,1145,ASL_2008_08_04-40,1562
CAN,CAN,Tyler,ASL_2008_05_12a,39,815,850,ASL_2008_05_12a-39,1563
CAN,CAN+,Liz,ASL_2008_02_15,45,436,480,ASL_2008_02_15-45,1564
CAN,CAN++,Brady,ASL_2011_07_19_Brady,39,217,253,ASL_2011_07_19_Brady-39,1565
CANCEL/CRITICIZE,CANCEL/CRITICIZE,Brady,ASL_2011_06_08_Brady,12,1147,1177,ASL_2011_06_08_Brady-12,1566
CANCEL/CRITICIZE,CANCEL/CRITICIZE,Brady,ASL_2011_06_08_Brady,25,6073,6110,ASL_2011_06_08_Brady-25,1567
CANCEL/CRITICIZE,CANCEL/CRITICIZE,Brady,ASL_2011_06_08_Brady,30,7908,7937,ASL_2011_06_08_Brady-30,1568
CANCEL/CRITICIZE,CANCEL/CRITICIZE,Brady,ASL_2011_06_08_Brady,31,7629,7661,ASL_2011_06_08_Brady-31,1569
CANCEL/CRITICIZE,CANCEL/CRITICIZE,Liz,ASL_2008_01_18,5,3200,3255,ASL_2008_01_18-5,1570
CANCEL/CRITICIZE,CANCEL/CRITICIZE,Liz,ASL_2008_01_18,9,545,587,ASL_2008_01_18-9,1571
CANCEL/CRITICIZE,CANCEL/CRITICIZE,Liz,ASL_2010_08_10_Liz_additional_lexicon_signs,6,1688,1737,ASL_2010_08_10_Liz_additional_lexicon_signs-6,1572
CANCEL/CRITICIZE,CANCEL/CRITICIZE,Liz,ASL_2010_08_10_Liz_additional_lexicon_signs,25,1925,1995,ASL_2010_08_10_Liz_additional_lexicon_signs-25,1573
CANCEL/CRITICIZE,CANCEL/CRITICIZE,Naomi,ASL_2008_08_06,5,4435,4470,ASL_2008_08_06-5,1574
CANCEL/CRITICIZE,CANCEL/CRITICIZE,Naomi,ASL_2008_08_06,9,480,515,ASL_2008_08_06-9,1575
CANCEL/CRITICIZE,CANCEL/CRITICIZE,Tyler,ASL_2008_05_12b,9,225,270,ASL_2008_05_12b-9,1576
CANCEL/CRITICIZE,CANCEL/CRITICIZE+,Tyler,ASL_2008_05_12b,5,2727,2780,ASL_2008_05_12b-5,1577
CANDLE,CANDLE,Brady,ASL_2011_06_08_Brady,25,6404,6438,ASL_2011_06_08_Brady-25,1578
CANDLE,CANDLE,Liz,ASL_2008_01_11,63,455,490,ASL_2008_01_11-63,1579
CANDLE,CANDLE,Naomi,ASL_2008_08_04,40,2515,2537,ASL_2008_08_04-40,1580
CANDLE,CANDLE,Tyler,ASL_2008_05_12a,39,1190,1231,ASL_2008_05_12a-39,1581
CANDY,CANDY,Brady,ASL_2011_06_08_Brady,25,7403,7434,ASL_2011_06_08_Brady-25,1582
CANDY,CANDY,Lana,ASL_2006_10_10,5,1034,1058,ASL_2006_10_10-5,1583
CANDY,CANDY+,Liz,ASL_2008_01_11,63,1191,1220,ASL_2008_01_11-63,1584
CANDY,CANDY+,Naomi,ASL_2008_08_04,40,3485,3512,ASL_2008_08_04-40,1585
CANDY,CANDY+,Tyler,ASL_2008_05_12a,39,1830,1881,ASL_2008_05_12a-39,1586
CANE,(2h)CANE++,Brady,ASL_2011_06_08_Brady,31,10176,10229,ASL_2011_06_08_Brady-31,1587
CANE,(2h)CANE++,Liz,ASL_2008_01_18,9,2225,2305,ASL_2008_01_18-9,1588
CANE,(2h)CANE++,Naomi,ASL_2008_08_06,9,3471,3532,ASL_2008_08_06-9,1589
CANE,(2h)CANE++,Tyler,ASL_2008_05_12b,9,2805,2870,ASL_2008_05_12b-9,1590
CANE,CANE+,Brady,ASL_2011_06_08_Brady,25,10042,10082,ASL_2011_06_08_Brady-25,1591
CANE,CANE+,Liz,ASL_2008_01_11,63,1630,1690,ASL_2008_01_11-63,1592
CANE,CANE+,Naomi,ASL_2008_08_04,40,3816,3882,ASL_2008_08_04-40,1593
CANE,CANE++,Tyler,ASL_2008_05_12a,39,2530,2586,ASL_2008_05_12a-39,1594
CANNOT,CANNOT,Brady,ASL_2011_06_08_Brady,25,11302,11317,ASL_2011_06_08_Brady-25,1595
CANNOT,CANNOT,Dana,ASL_2007_05_24,8,1886,1924,ASL_2007_05_24-8,1596
CANNOT,CANNOT,Lana,ASL_2006_10_10,4,1906,1921,ASL_2006_10_10-4,1597
CANNOT,CANNOT,Liz,ASL_2008_01_11,64,770,790,ASL_2008_01_11-64,1598
CANNOT,CANNOT,Naomi,ASL_2008_08_04,41,1785,1802,ASL_2008_08_04-41,1599
CANNOT,CANNOT,Tyler,ASL_2008_05_12a,40,781,805,ASL_2008_05_12a-40,1600
CAPITAL-LETTER,(2h)CAPITAL-LETTER,Naomi,ASL_2008_08_04,41,2105,2127,ASL_2008_08_04-41,1601
CAPITAL-LETTER,CAPITAL-LETTER,Brady,ASL_2011_06_08_Brady,25,12309,12327,ASL_2011_06_08_Brady-25,1602
CAPITAL-LETTER,CAPITAL-LETTER,Liz,ASL_2008_01_11,64,965,990,ASL_2008_01_11-64,1603
CAPTIONS,CAPTIONS+,Brady,ASL_2011_06_08_Brady,25,12674,12698,ASL_2011_06_08_Brady-25,1604
CAPTIONS,CAPTIONS+,Brady,ASL_2011_06_08_Brady,25,12900,12925,ASL_2011_06_08_Brady-25,1605
CAPTIONS,CAPTIONS+,Brady,ASL_2011_07_19_Brady,77,434,457,ASL_2011_07_19_Brady-77,1606
CAPTIONS,CAPTIONS+,Brady,ASL_2011_07_19_Brady,77,725,750,ASL_2011_07_19_Brady-77,1607
CAPTIONS,CAPTIONS++,Dana,ASL_2007_05_24,8,2153,2224,ASL_2007_05_24-8,1608
CAR,CAR+,Brady,ASL_2011_06_08_Brady,25,13380,13415,ASL_2011_06_08_Brady-25,1609
CAR,CAR+,Brady,ASL_2011_07_22_Brady,42,1038,1080,ASL_2011_07_22_Brady-42,1610
CAR,CAR+,Liz,ASL_2008_01_11,65,815,876,ASL_2008_01_11-65,1611
CAR,CAR+,Liz,ASL_2008_01_18,24,3355,3420,ASL_2008_01_18-24,1612
CAR,CAR+,Naomi,ASL_2008_08_04,41,3872,3937,ASL_2008_08_04-41,1613
CAR,CAR+,Naomi,ASL_2008_08_06,24,2066,2130,ASL_2008_08_06-24,1614
CAR,CAR+,Tyler,ASL_2008_05_12a,40,3136,3172,ASL_2008_05_12a-40,1615
CAR,CAR++,Lana,ASL_2006_01_20,22,839,912,ASL_2006_01_20-22,1616
"CAR+DCL""long flat surface""","CAR+DCL""curved surface""",Brady,ASL_2011_06_08_Brady,25,13718,13755,ASL_2011_06_08_Brady-25,1617
"CAR+DCL""long flat surface""","CAR+DCL""long flat surface""",Liz,ASL_2008_01_11,65,535,613,ASL_2008_01_11-65,1618
"CAR+DCL""long flat surface""","CAR+DCL""long flat surface""",Naomi,ASL_2008_08_04,41,3574,3635,ASL_2008_08_04-41,1619
"CAR+DCL""long flat surface""","CAR+DCL""long flat surface""",Tyler,ASL_2008_05_12a,40,2873,2945,ASL_2008_05_12a-40,1620
"CAR+DCL:1""speedometer""","CAR+DCL:1""speedometer""",Liz,ASL_2008_02_29,40,2068,2161,ASL_2008_02_29-40,1621
CAR+ENGINE,CAR+ENGINE+,Liz,ASL_2008_01_18,31,4478,4577,ASL_2008_01_18-31,1622
CAR+TRUNK,CAR+TRUNK,Brady,ASL_2011_06_14_Brady,12,1916,1978,ASL_2011_06_14_Brady-12,1623
CAR-HORN,CAR-HORN+,Brady,ASL_2011_06_14_Brady,35,4128,4149,ASL_2011_06_14_Brady-35,1624
CAR-HORN,CAR-HORN+,Liz,ASL_2008_02_01,24,1002,1055,ASL_2008_02_01-24,1625
CAR-HORN,CAR-HORN+,Tyler,ASL_2008_05_29a,52,1910,1950,ASL_2008_05_29a-52,1626
CAR-HORN,CAR-HORN_2+,Naomi,ASL_2008_08_13,20,2015,2053,ASL_2008_08_13-20,1627
CARDIGAN,CARDIGAN,Liz,ASL_2008_02_29,54,2685,2725,ASL_2008_02_29-54,1628
CARDIGAN,CARDIGAN_2,Brady,ASL_2011_07_19_Brady,106,3172,3198,ASL_2011_07_19_Brady-106,1629
CARE,CARE+,Brady,ASL_2011_06_08_Brady,17,7388,7413,ASL_2011_06_08_Brady-17,1630
CARE,CARE+,Brady,ASL_2011_06_08_Brady,25,14017,14043,ASL_2011_06_08_Brady-25,1631
CARE,CARE+,Liz,ASL_2008_01_11,35,505,535,ASL_2008_01_11-35,1632
CARE,CARE+,Naomi,ASL_2008_08_04,23,2948,2975,ASL_2008_08_04-23,1633
CARE,CARE++,Liz,ASL_2010_08_10_Liz_additional_lexicon_signs,25,2126,2170,ASL_2010_08_10_Liz_additional_lexicon_signs-25,1634
CARE,CARE++,Tyler,ASL_2008_05_12a,22,2535,2567,ASL_2008_05_12a-22,1635
CARE,CARE_2+,Lana,ASL_2006_10_10,4,2282,2327,ASL_2006_10_10-4,1636
CARE,CARE_2++,Dana,ASL_2007_05_24,8,2307,2385,ASL_2007_05_24-8,1637
CARE++AGENT,CARE++AGENT,Brady,ASL_2011_06_14_Brady,29,6333,6365,ASL_2011_06_14_Brady-29,1638
CARE++AGENT,CARE++AGENT,Liz,ASL_2008_02_01,13,452,513,ASL_2008_02_01-13,1639
CARE++AGENT,CARE++AGENT,Naomi,ASL_2008_08_13,11,366,412,ASL_2008_08_13-11,1640
CARELESS,(1h)CARELESS+,Liz,ASL_2008_01_11,65,1050,1090,ASL_2008_01_11-65,1641
CARELESS,CARELESS+,Naomi,ASL_2008_08_04,41,4208,4245,ASL_2008_08_04-41,1642
CARPENTER,CARPENTER+,Brady,ASL_2011_06_08_Brady,25,14514,14543,ASL_2011_06_08_Brady-25,1643
CARPENTER,CARPENTER+,Liz,ASL_2008_01_11,65,1265,1305,ASL_2008_01_11-65,1644
CARROT,(1)CARROT,Tyler,ASL_2008_05_12a,41,292,331,ASL_2008_05_12a-41,1645
CARROT,CARROT,Brady,ASL_2011_06_08_Brady,25,19455,19472,ASL_2011_06_08_Brady-25,1646
CARROT,CARROT,Naomi,ASL_2008_08_04,42,341,360,ASL_2008_08_04-42,1647
CARROT_2,CARROT_2+,Liz,ASL_2008_01_11,65,1590,1626,ASL_2008_01_11-65,1648
CARRY,CARRY,Brady,ASL_2011_06_08_Brady,25,19820,19855,ASL_2011_06_08_Brady-25,1649
CARRY,CARRY,Brady,ASL_2011_07_22_Brady,39,2097,2144,ASL_2011_07_22_Brady-39,1650
CARRY,CARRY,Liz,ASL_2008_01_11,66,285,340,ASL_2008_01_11-66,1651
CARRY,CARRY,Naomi,ASL_2008_08_04,42,696,725,ASL_2008_08_04-42,1652
CARRY,CARRY,Tyler,ASL_2008_05_12a,35,565,600,ASL_2008_05_12a-35,1653
CARRY-SUITCASE,CARRY-SUITCASE++,Tyler,ASL_2008_06_10,7,1270,1310,ASL_2008_06_10-7,1654
CASHIER,CASHIER,Naomi,ASL_2008_08_04,42,1050,1115,ASL_2008_08_04-42,1655
CASHIER,CASHIER++,Tyler,ASL_2008_05_12a,41,890,938,ASL_2008_05_12a-41,1656
CASHIER+AGENT,CASHIER+AGENT,Brady,ASL_2011_06_08_Brady,25,20826,20866,ASL_2011_06_08_Brady-25,1657
CASHIER+AGENT,CASHIER+AGENT,Brady,ASL_2011_07_22_Brady,39,2674,2715,ASL_2011_07_22_Brady-39,1658
CAT,(2h)CAT+,Brady,ASL_2011_06_08_Brady,25,21425,21454,ASL_2011_06_08_Brady-25,1659
CAT,(2h)CAT+,Brady,ASL_2011_06_08_Brady,25,21684,21713,ASL_2011_06_08_Brady-25,1660
CAT,(2h)CAT+,Liz,ASL_2008_03_28,40,3758,3811,ASL_2008_03_28-40,1661
CAT,(2h)CAT_2++,Tyler,ASL_2008_05_12a,41,1090,1135,ASL_2008_05_12a-41,1662
CAT,CAT+,Lana,ASL_2006_10_10,5,1315,1344,ASL_2006_10_10-5,1663
CAT,CAT+,Liz,ASL_2008_01_11,66,736,775,ASL_2008_01_11-66,1664
CAT,CAT+,Naomi,ASL_2008_08_04,42,1312,1345,ASL_2008_08_04-42,1665
CAT,CAT++,Dana,ASL_2007_05_24,9,1397,1459,ASL_2007_05_24-9,1666
CAT+fs-UP,CAT+UP,Naomi,ASL_2008_08_13,33,1590,1620,ASL_2008_08_13-33,1667
CAT+fs-UP,CAT+fs-UP,Brady,ASL_2011_06_14_Brady,44,2393,2414,ASL_2011_06_14_Brady-44,1668
CAT+fs-UP,CAT+fs-UP,Brady,ASL_2011_06_14_Brady,44,3576,3601,ASL_2011_06_14_Brady-44,1669
CAT+fs-UP,CAT+fs-UP,Naomi,ASL_2008_08_13,33,1837,1870,ASL_2008_08_13-33,1670
CATCH,CATCH,Brady,ASL_2011_06_08_Brady,25,21991,22002,ASL_2011_06_08_Brady-25,1671
CATCH,CATCH,Liz,ASL_2008_01_11,66,1055,1085,ASL_2008_01_11-66,1672
CATCH,CATCH_2,Naomi,ASL_2008_08_04,42,2525,2538,ASL_2008_08_04-42,1673
CATCH,CATCH_2,Tyler,ASL_2008_05_12a,41,1608,1620,ASL_2008_05_12a-41,1674
CATCH-BALL,CATCH-BALL,Tyler,ASL_2008_05_12a,41,1335,1361,ASL_2008_05_12a-41,1675
CATCH-BALL,CATCH-BALL_2,Liz,ASL_2008_01_11,66,927,950,ASL_2008_01_11-66,1676
CATCH-BALL,CATCH-BALL_3,Brady,ASL_2011_06_08_Brady,25,22266,22281,ASL_2011_06_08_Brady-25,1677
CATERPILLAR,CATERPILLAR+,Naomi,ASL_2008_08_04,42,2897,2935,ASL_2008_08_04-42,1678
CATERPILLAR,CATERPILLAR++,Brady,ASL_2011_06_08_Brady,26,1211,1257,ASL_2011_06_08_Brady-26,1679
CATERPILLAR,CATERPILLAR+++,Liz,ASL_2008_01_11,66,1316,1375,ASL_2008_01_11-66,1680
CATERPILLAR,CATERPILLAR_2++,Brady,ASL_2011_06_08_Brady,26,725,775,ASL_2011_06_08_Brady-26,1681
CATERPILLAR,CATERPILLAR_2++,Liz,ASL_2010_08_10_Liz_additional_lexicon_signs,9,1242,1335,ASL_2010_08_10_Liz_additional_lexicon_signs-9,1682
CATERPILLAR,CATERPILLAR_2+++,Tyler,ASL_2008_05_12a,41,1828,1890,ASL_2008_05_12a-41,1683
CATHOLIC,CATHOLIC,Liz,ASL_2008_01_11,67,270,328,ASL_2008_01_11-67,1684
CATHOLIC,CATHOLIC,Naomi,ASL_2008_08_04,42,3477,3509,ASL_2008_08_04-42,1685
CATHOLIC,CATHOLIC,Tyler,ASL_2008_05_12a,41,2075,2110,ASL_2008_05_12a-41,1686
CAUSE,CAUSE,Brady,ASL_2011_06_08_Brady,26,2340,2360,ASL_2011_06_08_Brady-26,1687
CAUSE,CAUSE,Liz,ASL_2008_01_11,67,460,490,ASL_2008_01_11-67,1688
CAUSE,CAUSE,Naomi,ASL_2008_08_04,42,3840,3864,ASL_2008_08_04-42,1689
CAUSE,CAUSE,Tyler,ASL_2008_05_12a,41,2427,2457,ASL_2008_05_12a-41,1690
CEILING,CEILING,Brady,ASL_2011_06_08_Brady,26,3117,3132,ASL_2011_06_08_Brady-26,1691
CEILING,CEILING,Liz,ASL_2008_01_11,67,690,720,ASL_2008_01_11-67,1692
CEILING,CEILING,Naomi,ASL_2008_08_04,42,4117,4140,ASL_2008_08_04-42,1693
CEILING,CEILING,Tyler,ASL_2008_05_12a,41,2705,2740,ASL_2008_05_12a-41,1694
CELEBRATE,(X-over-thumb)CELEBRATE,Naomi,ASL_2008_08_04,43,932,992,ASL_2008_08_04-43,1695
CELEBRATE,CELEBRATE,Brady,ASL_2011_06_08_Brady,11,11813,11847,ASL_2011_06_08_Brady-11,1696
CELEBRATE,CELEBRATE,Brady,ASL_2011_06_08_Brady,26,3425,3457,ASL_2011_06_08_Brady-26,1697
CELEBRATE,CELEBRATE,Liz,ASL_2008_01_11,67,925,990,ASL_2008_01_11-67,1698
CELEBRATE,CELEBRATE,Liz,ASL_2010_08_10_Liz_additional_lexicon_signs,23,1230,1290,ASL_2010_08_10_Liz_additional_lexicon_signs-23,1699
CELEBRATE,CELEBRATE,Tyler,ASL_2008_05_12a,42,295,360,ASL_2008_05_12a-42,1700
CELEBRATE+(2h)IX-honorific:upward,CELEBRATE+(2h)IX-honorific:upward,Brady,ASL_2011_06_14_Brady,31,161,198,ASL_2011_06_14_Brady-31,1701
CELEBRATE+(2h)IX-honorific:upward,CELEBRATE+(2h)IX-honorific:upward,Liz,ASL_2010_08_10_Liz_additional_lexicon_signs,29,2605,2658,ASL_2010_08_10_Liz_additional_lexicon_signs-29,1702
CENT+EIGHT,CENT+EIGHT,Brady,ASL_2011_06_14_Brady,10,7764,7785,ASL_2011_06_14_Brady-10,1703
CENT+EIGHT,CENT+EIGHT,Liz,ASL_2008_01_18,29,1830,1877,ASL_2008_01_18-29,1704
CENT+EIGHT,CENT+EIGHT,Naomi,ASL_2008_08_06,29,1176,1200,ASL_2008_08_06-29,1705
CENT+FIVE,CENT+FIVE,Liz,ASL_2008_02_15,19,1467,1506,ASL_2008_02_15-19,1706
CENT+ONE,CENT+ONE,Liz,ASL_2008_02_15,34,4264,4294,ASL_2008_02_15-34,1707
CENT+TEN,CENT+TEN,Brady,ASL_2011_06_14_Brady,4,1979,1996,ASL_2011_06_14_Brady-4,1708
CENT+TEN,CENT+TEN,Brady,ASL_2011_06_14_Brady,5,684,704,ASL_2011_06_14_Brady-5,1709
CENT+TEN,CENT+TEN,Liz,ASL_2008_01_18,17,2025,2087,ASL_2008_01_18-17,1710
CENT+TEN,CENT+TEN,Naomi,ASL_2008_08_06,17,2733,2745,ASL_2008_08_06-17,1711
CENT+TEN,CENT+TEN,Tyler,ASL_2008_05_12b,16,2166,2197,ASL_2008_05_12b-16,1712
CENT+TWENTY-FIVE,CENT+TWENTY-FIVE,Brady,ASL_2011_07_19_Brady,48,2152,2176,ASL_2011_07_19_Brady-48,1713
CENT+TWENTY-FIVE,CENT+TWENTY-FIVE,Liz,ASL_2008_02_29,4,503,542,ASL_2008_02_29-4,1714
CENTER,CENTER,Brady,ASL_2011_06_08_Brady,26,3945,3970,ASL_2011_06_08_Brady-26,1715
CENTER,CENTER,Dana,ASL_2007_05_24,8,2590,2650,ASL_2007_05_24-8,1716
CENTER,CENTER,Lana,ASL_2006_10_10,4,2566,2586,ASL_2006_10_10-4,1717
CENTER,CENTER,Liz,ASL_2008_01_11,67,1130,1166,ASL_2008_01_11-67,1718
CENTER,CENTER,Naomi,ASL_2008_08_04,43,1146,1175,ASL_2008_08_04-43,1719
CENTER,CENTER,Tyler,ASL_2008_05_12a,42,500,535,ASL_2008_05_12a-42,1720
CENTER+ns-AMERICA,CENTER+ns-AMERICA,Brady,ASL_2011_06_14_Brady,3,4847,4882,ASL_2011_06_14_Brady-3,1721
CENTER+ns-AMERICA,CENTER+ns-AMERICA,Tyler,ASL_2008_05_12a,42,1255,1340,ASL_2008_05_12a-42,1722
CEREAL,CEREAL++,Liz,ASL_2008_01_11,68,596,661,ASL_2008_01_11-68,1723
CEREAL,CEREAL++,Tyler,ASL_2008_05_12a,42,1555,1616,ASL_2008_05_12a-42,1724
CEREAL,CEREAL_2++,Brady,ASL_2011_06_08_Brady,26,5451,5510,ASL_2011_06_08_Brady-26,1725
CERTIFY,CERTIFY,Brady,ASL_2011_06_08_Brady,26,5839,5854,ASL_2011_06_08_Brady-26,1726
CERTIFY,CERTIFY,Brady,ASL_2011_06_08_Brady,26,6250,6267,ASL_2011_06_08_Brady-26,1727
CERTIFY,CERTIFY,Liz,ASL_2008_01_11,68,1080,1110,ASL_2008_01_11-68,1728
CERTIFY,CERTIFY,Naomi,ASL_2008_08_04,43,4295,4320,ASL_2008_08_04-43,1729
CERTIFY,CERTIFY,Tyler,ASL_2008_05_12a,42,1775,1792,ASL_2008_05_12a-42,1730
CERTIFY,CERTIFY+,Naomi,ASL_2008_08_04,43,3187,3225,ASL_2008_08_04-43,1731
CERTIFY,CERTIFY+,Tyler,ASL_2008_05_12a,42,1986,2016,ASL_2008_05_12a-42,1732
CERTIFY,CERTIFY++,Liz,ASL_2008_01_11,68,830,875,ASL_2008_01_11-68,1733
CHAIN/OLYMPICS,CHAIN/OLYMPICS,Brady,ASL_2011_06_08_Brady,26,6496,6579,ASL_2011_06_08_Brady-26,1734
CHAIN/OLYMPICS,CHAIN/OLYMPICS,Brady,ASL_2011_07_19_Brady,19,1276,1334,ASL_2011_07_19_Brady-19,1735
CHAIN/OLYMPICS,CHAIN/OLYMPICS,Liz,ASL_2008_01_11,68,1300,1350,ASL_2008_01_11-68,1736
CHAIN/OLYMPICS,CHAIN/OLYMPICS,Liz,ASL_2008_02_15,24,1190,1252,ASL_2008_02_15-24,1737
CHAIN/OLYMPICS,CHAIN/OLYMPICS,Naomi,ASL_2008_08_04,43,4550,4605,ASL_2008_08_04-43,1738
CHAIN/OLYMPICS,CHAIN/OLYMPICS,Tyler,ASL_2008_05_12a,42,2425,2505,ASL_2008_05_12a-42,1739
CHALK,CHALK,Brady,ASL_2011_06_08_Brady,26,7140,7178,ASL_2011_06_08_Brady-26,1740
CHALK,CHALK,Liz,ASL_2008_01_11,69,270,320,ASL_2008_01_11-69,1741
CHALK,CHALK,Naomi,ASL_2008_08_04,43,5120,5145,ASL_2008_08_04-43,1742
CHALLENGE,CHALLENGE,Brady,ASL_2011_06_08_Brady,26,7969,7984,ASL_2011_06_08_Brady-26,1743
CHALLENGE,CHALLENGE,Liz,ASL_2008_01_11,69,460,495,ASL_2008_01_11-69,1744
CHALLENGE,CHALLENGE,Naomi,ASL_2008_08_04,44,195,225,ASL_2008_08_04-44,1745
CHALLENGE,CHALLENGE,Tyler,ASL_2008_05_12a,43,340,360,ASL_2008_05_12a-43,1746
CHAMP,(crvd-3)CHAMP,Brady,ASL_2011_06_08_Brady,26,9095,9117,ASL_2011_06_08_Brady-26,1747
CHAMP,(crvd-3)CHAMP,Naomi,ASL_2008_08_04,44,1011,1035,ASL_2008_08_04-44,1748
CHAMP,(crvd-V)CHAMP,Liz,ASL_2008_01_11,69,915,945,ASL_2008_01_11-69,1749
CHAMP,CHAMP,Tyler,ASL_2008_05_12a,43,855,875,ASL_2008_05_12a-43,1750
CHANCE,CHANCE,Brady,ASL_2011_06_08_Brady,26,13704,13724,ASL_2011_06_08_Brady-26,1751
CHANCE,CHANCE,Liz,ASL_2008_01_11,69,1485,1515,ASL_2008_01_11-69,1752
CHANCE,CHANCE,Naomi,ASL_2008_08_04,44,1301,1330,ASL_2008_08_04-44,1753
CHANCE,CHANCE,Tyler,ASL_2008_05_12a,43,1062,1080,ASL_2008_05_12a-43,1754
CHANGE,CHANGE,Liz,ASL_2008_01_11,69,1705,1735,ASL_2008_01_11-69,1755
CHANGE,CHANGE,Naomi,ASL_2008_08_04,44,1522,1545,ASL_2008_08_04-44,1756
CHANGE,CHANGE,Tyler,ASL_2008_05_12a,43,1265,1295,ASL_2008_05_12a-43,1757
CHANNEL,(crvd-3)CHANNEL,Brady,ASL_2011_06_08_Brady,26,15633,15706,ASL_2011_06_08_Brady-26,1758
CHANNEL,CHANNEL+,Liz,ASL_2008_01_11,70,905,946,ASL_2008_01_11-70,1759
CHANNEL,CHANNEL+,Naomi,ASL_2008_08_04,44,2730,2767,ASL_2008_08_04-44,1760
CHANNEL,CHANNEL++,Tyler,ASL_2008_05_12a,43,1890,1927,ASL_2008_05_12a-43,1761
CHAPTER,CHAPTER,Liz,ASL_2008_01_11,70,1145,1170,ASL_2008_01_11-70,1762
CHAPTER,CHAPTER,Naomi,ASL_2008_08_04,44,3007,3042,ASL_2008_08_04-44,1763
CHARACTER,CHARACTER,Liz,ASL_2008_01_11,70,1535,1575,ASL_2008_01_11-70,1764
CHARACTER,CHARACTER,Naomi,ASL_2008_08_04,44,3360,3400,ASL_2008_08_04-44,1765
CHARACTER,CHARACTER,Tyler,ASL_2008_05_12a,43,2420,2455,ASL_2008_05_12a-43,1766
CHARACTERISTIC,CHARACTERISTIC,Liz,ASL_2008_01_11,70,1770,1810,ASL_2008_01_11-70,1767
CHARACTERISTIC,CHARACTERISTIC,Naomi,ASL_2008_08_04,44,3626,3660,ASL_2008_08_04-44,1768
CHASE,CHASE,Brady,ASL_2011_07_19_Brady,95,1512,1573,ASL_2011_07_19_Brady-95,1769
CHASE,CHASE,Dana,ASL_2007_05_24,14,594,661,ASL_2007_05_24-14,1770
CHASE,CHASE,Liz,ASL_2008_01_11,71,486,555,ASL_2008_01_11-71,1771
CHASE,CHASE,Liz,ASL_2008_02_29,43,1221,1292,ASL_2008_02_29-43,1772
CHASE,CHASE,Naomi,ASL_2008_08_04,45,1305,1380,ASL_2008_08_04-45,1773
CHASE,CHASE,Tyler,ASL_2008_05_12a,44,666,726,ASL_2008_05_12a-44,1774
CHAT,CHAT+,Liz,ASL_2008_01_18,1,2451,2505,ASL_2008_01_18-1,1775
CHAT,CHAT+,Naomi,ASL_2008_08_04,45,2125,2140,ASL_2008_08_04-45,1776
CHAT,CHAT++,Brady,ASL_2011_06_08_Brady,26,21964,22004,ASL_2011_06_08_Brady-26,1777
CHAT,CHAT++,Brady,ASL_2011_07_22_Brady,40,2268,2310,ASL_2011_07_22_Brady-40,1778
CHAT,CHAT++,Dana,ASL_2007_05_24,8,2869,2923,ASL_2007_05_24-8,1779
CHAT,CHAT++,Lana,ASL_2006_10_10,4,2815,2857,ASL_2006_10_10-4,1780
CHAT,CHAT++,Liz,ASL_2008_01_11,71,716,775,ASL_2008_01_11-71,1781
CHAT,CHAT++,Naomi,ASL_2008_08_06,1,3137,3175,ASL_2008_08_06-1,1782
CHAT,CHAT++,Tyler,ASL_2008_05_12a,44,1022,1090,ASL_2008_05_12a-44,1783
CHAT,CHAT++,Tyler,ASL_2008_05_12b,1,2860,2905,ASL_2008_05_12b-1,1784
CHEAP,CHEAP,Brady,ASL_2011_06_08_Brady,26,22191,22202,ASL_2011_06_08_Brady-26,1785
CHEAP,CHEAP,Dana,ASL_2007_05_24,9,275,301,ASL_2007_05_24-9,1786
CHEAP,CHEAP,Lana,ASL_2006_10_10,5,227,247,ASL_2006_10_10-5,1787
CHEAP,CHEAP,Liz,ASL_2008_01_11,71,920,945,ASL_2008_01_11-71,1788
CHEAP,CHEAP,Naomi,ASL_2008_08_04,45,2305,2320,ASL_2008_08_04-45,1789
CHEAP,CHEAP,Tyler,ASL_2008_05_12a,44,1195,1211,ASL_2008_05_12a-44,1790
CHEAT,CHEAT,Naomi,ASL_2008_08_04,45,2765,2785,ASL_2008_08_04-45,1791
CHEAT,CHEAT,Naomi,ASL_2008_08_04,45,3000,3025,ASL_2008_08_04-45,1792
CHEAT,CHEAT++,Brady,ASL_2011_06_08_Brady,26,22431,22474,ASL_2011_06_08_Brady-26,1793
CHEAT,CHEAT++,Liz,ASL_2008_01_11,71,1176,1225,ASL_2008_01_11-71,1794
CHEAT,CHEAT++,Tyler,ASL_2008_05_12a,44,1380,1420,ASL_2008_05_12a-44,1795
CHEAT,CHEAT_2+,Lana,ASL_2006_10_10,5,500,526,ASL_2006_10_10-5,1796
CHEAT,CHEAT_2++,Dana,ASL_2007_05_24,9,570,627,ASL_2007_05_24-9,1797
CHECK,(X-over-thumb)CHECK++,Naomi,ASL_2008_08_04,46,325,412,ASL_2008_08_04-46,1798
CHECK,CHECK,Brady,ASL_2011_06_08_Brady,26,23452,23471,ASL_2011_06_08_Brady-26,1799
CHECK,CHECK,Liz,ASL_2008_01_11,72,485,515,ASL_2008_01_11-72,1800
CHECK,CHECK,Naomi,ASL_2008_08_04,45,3586,3615,ASL_2008_08_04-45,1801
CHECK,CHECK,Tyler,ASL_2008_05_12a,44,2576,2597,ASL_2008_05_12a-44,1802
CHECKERS,CHECKERS,Liz,ASL_2008_01_11,72,1330,1360,ASL_2008_01_11-72,1803
CHECKING-ACCOUNT,CHECKING-ACCOUNT,Dana,ASL_2007_05_24,9,864,890,ASL_2007_05_24-9,1804
CHECKING-ACCOUNT,CHECKING-ACCOUNT+,Liz,ASL_2008_01_11,72,1590,1635,ASL_2008_01_11-72,1805
CHECKING-ACCOUNT,CHECKING-ACCOUNT+,Tyler,ASL_2008_05_12a,44,3925,3980,ASL_2008_05_12a-44,1806
CHECK_LIST,CHECK_LIST++,Brady,ASL_2011_06_08_Brady,27,626,678,ASL_2011_06_08_Brady-27,1807
CHECK_LIST,CHECK_LIST++,Liz,ASL_2008_01_11,72,960,1021,ASL_2008_01_11-72,1808
CHECK_LIST,CHECK_LIST+++,Tyler,ASL_2008_05_12a,44,3200,3267,ASL_2008_05_12a-44,1809
CHEESE,CHEESE+,Liz,ASL_2008_01_11,73,440,475,ASL_2008_01_11-73,1810
CHEESE,CHEESE++,Brady,ASL_2011_06_08_Brady,27,3364,3401,ASL_2011_06_08_Brady-27,1811
CHEESE,CHEESE++,Dana,ASL_2007_05_24,9,987,1037,ASL_2007_05_24-9,1812
CHEESE,CHEESE++,Lana,ASL_2006_10_10,5,890,926,ASL_2006_10_10-5,1813
CHEESE,CHEESE++,Naomi,ASL_2008_08_04,46,2775,2806,ASL_2008_08_04-46,1814
CHEESE,CHEESE++,Tyler,ASL_2008_05_12a,44,4610,4670,ASL_2008_05_12a-44,1815
CHEMISTRY,CHEMISTRY+,Brady,ASL_2011_06_08_Brady,27,3967,4000,ASL_2011_06_08_Brady-27,1816
CHEMISTRY,CHEMISTRY+,Dana,ASL_2007_05_24,9,1258,1312,ASL_2007_05_24-9,1817
CHEMISTRY,CHEMISTRY+,Lana,ASL_2006_10_10,5,1165,1212,ASL_2006_10_10-5,1818
CHEMISTRY,CHEMISTRY+,Liz,ASL_2008_01_11,73,885,930,ASL_2008_01_11-73,1819
CHEMISTRY,CHEMISTRY+,Naomi,ASL_2008_08_04,46,3290,3345,ASL_2008_08_04-46,1820
CHEMISTRY,CHEMISTRY+,Tyler,ASL_2008_05_12a,44,5120,5181,ASL_2008_05_12a-44,1821
CHERISH,CHERISH,Brady,ASL_2011_06_08_Brady,27,4416,4456,ASL_2011_06_08_Brady-27,1822
CHERISH,CHERISH,Brady,ASL_2011_07_19_Brady,98,2323,2353,ASL_2011_07_19_Brady-98,1823
CHERISH,CHERISH,Brady,ASL_2011_07_22_Brady,54,942,991,ASL_2011_07_22_Brady-54,1824
CHERISH,CHERISH,Liz,ASL_2008_02_29,46,690,763,ASL_2008_02_29-46,1825
CHERISH,CHERISH,Liz,ASL_2008_03_28,22,2250,2312,ASL_2008_03_28-22,1826
CHERISH,CHERISH,Liz,ASL_2010_08_10_Liz_additional_lexicon_signs,26,140,245,ASL_2010_08_10_Liz_additional_lexicon_signs-26,1827
CHERRY,CHERRY,Liz,ASL_2008_02_29,49,232,280,ASL_2008_02_29-49,1828
CHEST,CHEST,Naomi,ASL_2008_08_04,46,3775,3811,ASL_2008_08_04-46,1829
CHEST,CHEST,Tyler,ASL_2008_05_12a,44,5570,5626,ASL_2008_05_12a-44,1830
CHEST,CHEST_2+,Liz,ASL_2008_01_11,73,1315,1360,ASL_2008_01_11-73,1831
CHEW,CHEW+,Brady,ASL_2011_07_22_Brady,40,400,450,ASL_2011_07_22_Brady-40,1832
CHEW,CHEW+,Naomi,ASL_2008_08_04,46,3995,4035,ASL_2008_08_04-46,1833
CHEW,CHEW++,Brady,ASL_2011_06_08_Brady,27,5197,5244,ASL_2011_06_08_Brady-27,1834
CHEW,CHEW++,Liz,ASL_2008_01_11,74,340,421,ASL_2008_01_11-74,1835
CHILD,(1h)CHILDREN+,Liz,ASL_2008_01_11,74,1255,1290,ASL_2008_01_11-74,1836
CHILD,(1h)CHILDREN++,Brady,ASL_2011_06_08_Brady,27,7121,7150,ASL_2011_06_08_Brady-27,1837
CHILD,CHILD+,Brady,ASL_2011_06_08_Brady,27,6903,6925,ASL_2011_06_08_Brady-27,1838
CHILD,CHILD+,Liz,ASL_2008_01_11,74,1011,1051,ASL_2008_01_11-74,1839
CHILD,CHILD+,Naomi,ASL_2008_08_04,47,800,830,ASL_2008_08_04-47,1840
CHILD,CHILDREN+,Naomi,ASL_2008_08_04,47,1035,1060,ASL_2008_08_04-47,1841
CHILD,CHILDREN++,Tyler,ASL_2008_05_12a,45,651,682,ASL_2008_05_12a-45,1842
CHILD,CHILDREN++,Tyler,ASL_2008_05_12a,45,910,941,ASL_2008_05_12a-45,1843
CHIN,CHIN,Brady,ASL_2011_06_08_Brady,27,8721,8745,ASL_2011_06_08_Brady-27,1844
CHIN,CHIN,Liz,ASL_2008_01_11,75,255,275,ASL_2008_01_11-75,1845
CHIN,CHIN,Naomi,ASL_2008_08_04,47,1950,1977,ASL_2008_08_04-47,1846
CHIN,CHIN_2,Tyler,ASL_2008_05_12a,45,2050,2100,ASL_2008_05_12a-45,1847
CHOCOLATE,CHOCOLATE+,Brady,ASL_2011_06_08_Brady,27,10096,10137,ASL_2011_06_08_Brady-27,1848
CHOCOLATE,CHOCOLATE+,Liz,ASL_2008_01_11,75,1000,1060,ASL_2008_01_11-75,1849
CHOCOLATE,CHOCOLATE+,Naomi,ASL_2008_08_04,47,3080,3115,ASL_2008_08_04-47,1850
CHOCOLATE,CHOCOLATE+,Tyler,ASL_2008_05_12a,45,3070,3127,ASL_2008_05_12a-45,1851
CHOKE,(1h)CHOKE-1p,Liz,ASL_2008_01_11,76,265,300,ASL_2008_01_11-76,1852
CHOKE,(1h)CHOKE-1p,Tyler,ASL_2008_05_12a,46,542,567,ASL_2008_05_12a-46,1853
CHOKE,CHOKE,Brady,ASL_2011_06_08_Brady,27,11384,11406,ASL_2011_06_08_Brady-27,1854
CHOKE,CHOKE,Liz,ASL_2008_01_11,76,490,515,ASL_2008_01_11-76,1855
CHOKE,CHOKE,Naomi,ASL_2008_08_04,48,1042,1061,ASL_2008_08_04-48,1856
CHOKE,CHOKE,Tyler,ASL_2008_05_12a,46,765,797,ASL_2008_05_12a-46,1857
CHOKE,CHOKE-1p,Naomi,ASL_2008_08_04,48,610,636,ASL_2008_08_04-48,1858
CHOOSE,CHOOSE,Naomi,ASL_2008_08_04,13,545,572,ASL_2008_08_04-13,1859
CHRIST,CHRIST,Brady,ASL_2011_06_08_Brady,27,11978,12000,ASL_2011_06_08_Brady-27,1860
CHRIST,CHRIST,Tyler,ASL_2008_05_12a,46,1245,1270,ASL_2008_05_12a-46,1861
CHRISTMAS,(2h)CHRISTMAS,Tyler,ASL_2008_05_12a,46,1555,1590,ASL_2008_05_12a-46,1862
CHRISTMAS,CHRISTMAS,Brady,ASL_2011_06_08_Brady,27,12732,12753,ASL_2011_06_08_Brady-27,1863
CHRISTMAS,CHRISTMAS,Dana,ASL_2007_05_24,9,2136,2164,ASL_2007_05_24-9,1864
CHRISTMAS,CHRISTMAS,Lana,ASL_2006_10_10,5,1989,2012,ASL_2006_10_10-5,1865
CHRISTMAS,CHRISTMAS,Naomi,ASL_2008_08_04,48,2481,2510,ASL_2008_08_04-48,1866
CHRISTMAS,CHRISTMAS_2,Liz,ASL_2008_01_11,76,1130,1160,ASL_2008_01_11-76,1867
CHURCH,CHURCH+,Brady,ASL_2011_06_08_Brady,27,13146,13181,ASL_2011_06_08_Brady-27,1868
CHURCH,CHURCH+,Lana,ASL_2006_10_10,5,1442,1467,ASL_2006_10_10-5,1869
CHURCH,CHURCH+,Liz,ASL_2008_01_11,77,295,335,ASL_2008_01_11-77,1870
CHURCH,CHURCH+,Naomi,ASL_2008_08_04,48,3105,3135,ASL_2008_08_04-48,1871
CHURCH,CHURCH+,Tyler,ASL_2008_05_12a,46,2001,2045,ASL_2008_05_12a-46,1872
CHURCH,CHURCH++,Dana,ASL_2007_05_24,9,1545,1608,ASL_2007_05_24-9,1873
CIGAR,CIGAR,Brady,ASL_2011_06_08_Brady,27,13394,13413,ASL_2011_06_08_Brady-27,1874
CIGAR,CIGAR,Liz,ASL_2008_01_11,77,721,770,ASL_2008_01_11-77,1875
CIGAR,CIGAR,Naomi,ASL_2008_08_04,48,3580,3607,ASL_2008_08_04-48,1876
CIGAR,CIGAR,Tyler,ASL_2008_05_12a,46,2465,2510,ASL_2008_05_12a-46,1877
CIGARETTE,CIGARETTE+,Naomi,ASL_2008_08_04,48,3340,3371,ASL_2008_08_04-48,1878
CIGARETTE,CIGARETTE++,Brady,ASL_2011_06_08_Brady,27,13629,13662,ASL_2011_06_08_Brady-27,1879
CIGARETTE,CIGARETTE++,Liz,ASL_2008_01_11,77,505,536,ASL_2008_01_11-77,1880
CIGARETTE,CIGARETTE++,Tyler,ASL_2008_05_12a,46,2240,2270,ASL_2008_05_12a-46,1881
CIRCLE,CIRCLE,Brady,ASL_2011_06_08_Brady,27,13953,13997,ASL_2011_06_08_Brady-27,1882
CIRCLE,CIRCLE,Liz,ASL_2008_01_11,77,1101,1151,ASL_2008_01_11-77,1883
CIRCLE,CIRCLE,Tyler,ASL_2008_05_12a,47,290,340,ASL_2008_05_12a-47,1884
CIRCUMCISE,CIRCUMCISE,Brady,ASL_2011_06_08_Brady,27,14308,14348,ASL_2011_06_08_Brady-27,1885
CIRCUMCISE,CIRCUMCISE,Liz,ASL_2008_01_11,77,1345,1380,ASL_2008_01_11-77,1886
CIRCUMCISE,CIRCUMCISE,Tyler,ASL_2008_05_12a,47,695,747,ASL_2008_05_12a-47,1887
CITY/COMMUNITY,CITY/COMMUNITY,Liz,ASL_2008_01_18,1,1755,1785,ASL_2008_01_18-1,1888
CITY/COMMUNITY,CITY/COMMUNITY,Liz,ASL_2010_08_10_Liz_additional_lexicon_signs,1,5825,5870,ASL_2010_08_10_Liz_additional_lexicon_signs-1,1889
CITY/COMMUNITY,CITY/COMMUNITY+,Liz,ASL_2010_08_10_Liz_additional_lexicon_signs,1,6010,6065,ASL_2010_08_10_Liz_additional_lexicon_signs-1,1890
CITY/COMMUNITY,CITY/COMMUNITY+,Naomi,ASL_2008_08_06,1,2220,2245,ASL_2008_08_06-1,1891
CITY/COMMUNITY,CITY/COMMUNITY+,Tyler,ASL_2008_05_12b,1,2335,2370,ASL_2008_05_12b-1,1892
CITY/COMMUNITY,CITY/COMMUNITY++,Brady,ASL_2011_06_08_Brady,27,15203,15230,ASL_2011_06_08_Brady-27,1893
CITY/COMMUNITY,CITY/COMMUNITY++,Brady,ASL_2011_06_08_Brady,29,3336,3375,ASL_2011_06_08_Brady-29,1894
CITY/COMMUNITY,CITY/COMMUNITY_2+++,Liz,ASL_2008_03_28,21,1967,2015,ASL_2008_03_28-21,1895
CITY/COMMUNITY,CITY/COMMUNITY_2++++,Brady,ASL_2011_07_22_Brady,9,1790,1840,ASL_2011_07_22_Brady-9,1896
CITY/COMMUNITY,CITY/COMMUNITY_3+,Liz,ASL_2010_08_10_Liz_additional_lexicon_signs,26,820,880,ASL_2010_08_10_Liz_additional_lexicon_signs-26,1897
CLASS,CLASS,Brady,ASL_2011_06_08_Brady,28,1248,1270,ASL_2011_06_08_Brady-28,1898
CLASS,CLASS,Liz,ASL_2010_08_10_Liz_additional_lexicon_signs,1,6215,6261,ASL_2010_08_10_Liz_additional_lexicon_signs-1,1899
CLASS,CLASS-pl,Brady,ASL_2011_06_08_Brady,28,1516,1551,ASL_2011_06_08_Brady-28,1900
CLASS,CLASS-pl,Liz,ASL_2010_08_10_Liz_additional_lexicon_signs,1,6370,6420,ASL_2010_08_10_Liz_additional_lexicon_signs-1,1901
CLASS,CLASS_2,Dana,ASL_2007_05_24,9,1982,2007,ASL_2007_05_24-9,1902
CLASS,CLASS_2,Lana,ASL_2006_10_10,5,1860,1874,ASL_2006_10_10-5,1903
CLASS+BOX/ROOM,CLASS+BOX/ROOM,Brady,ASL_2011_06_14_Brady,3,8520,8540,ASL_2011_06_14_Brady-3,1904
CLASS+BOX/ROOM,CLASS+BOX/ROOM,Liz,ASL_2008_01_11,78,700,755,ASL_2008_01_11-78,1905
CLASS+BOX/ROOM,CLASS+BOX/ROOM,Naomi,ASL_2008_08_04,49,2271,2325,ASL_2008_08_04-49,1906
CLASS+BOX/ROOM,CLASS+BOX/ROOM,Tyler,ASL_2008_05_12a,47,1405,1447,ASL_2008_05_12a-47,1907
CLEAR,CLEAR,Liz,ASL_2008_02_01,49,1715,1750,ASL_2008_02_01-49,1908
CLEAR,CLEAR,Naomi,ASL_2008_08_13_session2,4,2211,2247,ASL_2008_08_13_session2-4,1909
CLEAR,CLEAR,Tyler,ASL_2008_06_10,1,1088,1117,ASL_2008_06_10-1,1910
CLEVER,CLEVER,Brady,ASL_2011_06_08_Brady,28,2611,2625,ASL_2011_06_08_Brady-28,1911
CLEVER,CLEVER,Liz,ASL_2008_01_11,78,1350,1375,ASL_2008_01_11-78,1912
CLEVER,CLEVER,Naomi,ASL_2008_08_04,49,3231,3260,ASL_2008_08_04-49,1913
CLEVER,CLEVER,Tyler,ASL_2008_05_12a,47,2085,2110,ASL_2008_05_12a-47,1914
CLIMB,CLIMB+,Brady,ASL_2011_06_08_Brady,31,3700,3737,ASL_2011_06_08_Brady-31,1915
CLIMBING-ROCKS,CLIMBING-ROCKS++,Brady,ASL_2011_07_19_Brady,61,2160,2210,ASL_2011_07_19_Brady-61,1916
CLIP-NAILS,CLIP-NAILS,Brady,ASL_2011_06_08_Brady,28,4297,4336,ASL_2011_06_08_Brady-28,1917
CLIP-NAILS,CLIP-NAILS,Brady,ASL_2011_06_08_Brady,28,4567,4613,ASL_2011_06_08_Brady-28,1918
CLIP-NAILS,CLIP-NAILS,Brady,ASL_2011_07_22_Brady,40,1545,1574,ASL_2011_07_22_Brady-40,1919
CLIP-NAILS,CLIP-NAILS,Liz,ASL_2008_01_11,79,510,561,ASL_2008_01_11-79,1920
CLIP-NAILS,CLIP-NAILS,Liz,ASL_2008_01_11,79,750,806,ASL_2008_01_11-79,1921
CLIP-NAILS,CLIP-NAILS,Naomi,ASL_2008_08_04,49,4211,4245,ASL_2008_08_04-49,1922
CLIP-NAILS,CLIP-NAILS,Tyler,ASL_2008_05_12a,47,2995,3045,ASL_2008_05_12a-47,1923
CLOSE,CLOSE,Brady,ASL_2011_06_08_Brady,28,5125,5153,ASL_2011_06_08_Brady-28,1924
CLOSE,CLOSE,Liz,ASL_2008_01_11,81,860,910,ASL_2008_01_11-81,1925
CLOSE,CLOSE,Liz,ASL_2008_02_15,15,3300,3347,ASL_2008_02_15-15,1926
CLOSE,CLOSE+,Liz,ASL_2008_01_11,79,2656,2695,ASL_2008_01_11-79,1927
CLOSE-DOOR,CLOSE-DOOR,Brady,ASL_2011_06_08_Brady,28,6930,6960,ASL_2011_06_08_Brady-28,1928
CLOSE-DOOR,CLOSE-DOOR,Liz,ASL_2008_01_11,79,2145,2180,ASL_2008_01_11-79,1929
CLOSE-DOOR,CLOSE-DOOR,Naomi,ASL_2008_08_04,50,732,760,ASL_2008_08_04-50,1930
CLOSE-DOOR,CLOSE-DOOR,Tyler,ASL_2008_05_12a,48,700,740,ASL_2008_05_12a-48,1931
CLOSE-DOOR,CLOSE-DOOR_2,Brady,ASL_2011_07_22_Brady,40,1761,1772,ASL_2011_07_22_Brady-40,1932
CLOSE-WINDOW,CLOSE-WINDOW,Brady,ASL_2011_06_08_Brady,28,7661,7692,ASL_2011_06_08_Brady-28,1933
CLOSE-WINDOW,CLOSE-WINDOW,Brady,ASL_2011_07_22_Brady,40,1962,1986,ASL_2011_07_22_Brady-40,1934
CLOSE-WINDOW,CLOSE-WINDOW,Liz,ASL_2008_01_11,79,2400,2426,ASL_2008_01_11-79,1935
CLOSE-WINDOW,CLOSE-WINDOW,Naomi,ASL_2008_08_04,50,935,965,ASL_2008_08_04-50,1936
CLOSE-WINDOW,CLOSE-WINDOW,Tyler,ASL_2008_05_12a,48,880,916,ASL_2008_05_12a-48,1937
CLOWN,CLOWN,Brady,ASL_2011_06_08_Brady,27,14961,14991,ASL_2011_06_08_Brady-27,1938
CLOWN,CLOWN,Liz,ASL_2008_01_11,77,1536,1575,ASL_2008_01_11-77,1939
CLOWN,CLOWN,Naomi,ASL_2008_08_04,49,1691,1710,ASL_2008_08_04-49,1940
COACH,COACH,Brady,ASL_2011_06_08_Brady,28,9501,9527,ASL_2011_06_08_Brady-28,1941
COACH,COACH,Liz,ASL_2008_01_11,81,1606,1645,ASL_2008_01_11-81,1942
COACH,COACH,Naomi,ASL_2008_08_04,50,2177,2200,ASL_2008_08_04-50,1943
COACH,COACH,Tyler,ASL_2008_05_12a,48,1985,2030,ASL_2008_05_12a-48,1944
COAT,COAT,Brady,ASL_2011_06_08_Brady,28,10441,10477,ASL_2011_06_08_Brady-28,1945
COAT,COAT,Dana,ASL_2007_05_24,9,2434,2472,ASL_2007_05_24-9,1946
COAT,COAT,Lana,ASL_2006_10_10,5,2249,2271,ASL_2006_10_10-5,1947
COAT,COAT,Liz,ASL_2008_01_11,81,1980,2016,ASL_2008_01_11-81,1948
COAT,COAT,Naomi,ASL_2008_08_04,50,2415,2442,ASL_2008_08_04-50,1949
COAT,COAT,Tyler,ASL_2008_05_12a,48,2225,2260,ASL_2008_05_12a-48,1950
COCAINE,COCAINE,Brady,ASL_2011_06_08_Brady,28,10082,10116,ASL_2011_06_08_Brady-28,1951
COCAINE,COCAINE,Brady,ASL_2011_06_08_Brady,28,10866,10891,ASL_2011_06_08_Brady-28,1952
COCAINE,COCAINE_2,Liz,ASL_2010_08_10_Liz_additional_lexicon_signs,8,1030,1085,ASL_2010_08_10_Liz_additional_lexicon_signs-8,1953
COCONUT,COCONUT,Brady,ASL_2011_06_08_Brady,28,11562,11600,ASL_2011_06_08_Brady-28,1954
COCONUT,COCONUT,Liz,ASL_2008_01_11,82,675,705,ASL_2008_01_11-82,1955
COCONUT,COCONUT,Tyler,ASL_2008_05_12a,49,410,435,ASL_2008_05_12a-49,1956
COFFEE,COFFEE,Naomi,ASL_2008_08_04,51,1080,1125,ASL_2008_08_04-51,1957
COFFEE,COFFEE+,Brady,ASL_2011_06_08_Brady,28,11926,11970,ASL_2011_06_08_Brady-28,1958
COFFEE,COFFEE+,Dana,ASL_2007_05_24,9,2717,2783,ASL_2007_05_24-9,1959
COFFEE,COFFEE+,Lana,ASL_2006_10_10,5,2524,2580,ASL_2006_10_10-5,1960
COFFEE,COFFEE+,Liz,ASL_2008_01_11,82,901,965,ASL_2008_01_11-82,1961
COFFEE,COFFEE+,Tyler,ASL_2008_05_12a,49,605,677,ASL_2008_05_12a-49,1962
COINS/CHANGE,COINS/CHANGE,Liz,ASL_2008_01_11,82,1155,1191,ASL_2008_01_11-82,1963
COINS/CHANGE,COINS/CHANGE++,Naomi,ASL_2008_08_04,51,1325,1372,ASL_2008_08_04-51,1964
COINS/CHANGE,COINS/CHANGE++,Tyler,ASL_2008_05_12a,49,920,965,ASL_2008_05_12a-49,1965
COINS/CHANGE,COINS/CHANGE_2,Brady,ASL_2011_06_08_Brady,28,12769,12809,ASL_2011_06_08_Brady-28,1966
COLD,COLD,Brady,ASL_2011_06_08_Brady,28,13544,13577,ASL_2011_06_08_Brady-28,1967
COLD,COLD,Brady,ASL_2011_07_19_Brady,53,858,886,ASL_2011_07_19_Brady-53,1968
COLD,COLD,Brady,ASL_2011_07_22_Brady,50,2125,2167,ASL_2011_07_22_Brady-50,1969
COLD,COLD,Lana,ASL_2006_09_26,61,988,1025,ASL_2006_09_26-61,1970
COLD,COLD,Liz,ASL_2008_01_11,82,2035,2070,ASL_2008_01_11-82,1971
COLD,COLD,Liz,ASL_2008_02_29,8,2136,2180,ASL_2008_02_29-8,1972
COLD,COLD,Naomi,ASL_2008_08_04,51,2705,2731,ASL_2008_08_04-51,1973
COLD,COLD,Tyler,ASL_2008_05_12a,49,1481,1537,ASL_2008_05_12a-49,1974
COLD+DOOR,COLD+DOOR,Brady,ASL_2011_06_14_Brady,23,2275,2318,ASL_2011_06_14_Brady-23,1975
COLD+DOOR,COLD+DOOR,Liz,ASL_2010_08_10_Liz_additional_lexicon_signs,7,2975,3055,ASL_2010_08_10_Liz_additional_lexicon_signs-7,1976
COLLAPSE,COLLAPSE,Brady,ASL_2011_06_08_Brady,28,14042,14074,ASL_2011_06_08_Brady-28,1977
COLLAPSE,COLLAPSE,Tyler,ASL_2008_05_12a,49,2037,2080,ASL_2008_05_12a-49,1978
COLLAR,COLLAR,Brady,ASL_2011_06_08_Brady,28,14289,14325,ASL_2011_06_08_Brady-28,1979
COLLAR,COLLAR,Brady,ASL_2011_07_22_Brady,40,2805,2844,ASL_2011_07_22_Brady-40,1980
COLLAR,COLLAR,Liz,ASL_2008_01_11,83,525,555,ASL_2008_01_11-83,1981
COLLAR,COLLAR,Naomi,ASL_2008_08_04,51,3211,3235,ASL_2008_08_04-51,1982
COLLECT,COLLECT,Brady,ASL_2011_06_08_Brady,33,6574,6600,ASL_2011_06_08_Brady-33,1983
COLLECT,COLLECT,Brady,ASL_2011_07_22_Brady,44,1537,1584,ASL_2011_07_22_Brady-44,1984
COLLECT,COLLECT,Liz,ASL_2010_08_10_Liz_additional_lexicon_signs,27,475,530,ASL_2010_08_10_Liz_additional_lexicon_signs-27,1985
COLLECT,COLLECT,Naomi,ASL_2008_08_04,51,3445,3475,ASL_2008_08_04-51,1986
COLLECT,COLLECT,Naomi,ASL_2008_08_04,52,445,465,ASL_2008_08_04-52,1987
COLLECT,COLLECT,Tyler,ASL_2008_05_12a,49,2707,2750,ASL_2008_05_12a-49,1988
COLLECT,COLLECT++,Brady,ASL_2011_06_08_Brady,28,14575,14615,ASL_2011_06_08_Brady-28,1989
COLLECT,COLLECT++,Brady,ASL_2011_06_08_Brady,28,14869,14910,ASL_2011_06_08_Brady-28,1990
COLLECT,COLLECT++,Liz,ASL_2008_01_11,83,926,980,ASL_2008_01_11-83,1991
COLLECT,COLLECT+++++,Tyler,ASL_2008_05_12a,50,863,925,ASL_2008_05_12a-50,1992
COLLECT,COLLECTwg,Brady,ASL_2011_06_14_Brady,32,1980,2045,ASL_2011_06_14_Brady-32,1993
COLLECT,COLLECTwg,Liz,ASL_2008_01_11,83,725,780,ASL_2008_01_11-83,1994
COLLECT,COLLECTwg,Liz,ASL_2008_02_01,19,265,330,ASL_2008_02_01-19,1995
COLLECT,COLLECTwg,Naomi,ASL_2008_08_13,14,4471,4518,ASL_2008_08_13-14,1996
COLLEGE,COLLEGE,Brady,ASL_2011_06_08_Brady,28,15110,15139,ASL_2011_06_08_Brady-28,1997
COLLEGE,COLLEGE,Lana,ASL_2006_10_10,5,2770,2800,ASL_2006_10_10-5,1998
COLLEGE,COLLEGE,Liz,ASL_2010_08_10_Liz_additional_lexicon_signs,1,6942,7000,ASL_2010_08_10_Liz_additional_lexicon_signs-1,1999
COLLEGE,COLLEGE-pl,Brady,ASL_2011_06_08_Brady,28,15403,15464,ASL_2011_06_08_Brady-28,2000
COLLEGE,COLLEGE-pl,Liz,ASL_2010_08_10_Liz_additional_lexicon_signs,1,7115,7185,ASL_2010_08_10_Liz_additional_lexicon_signs-1,2001
COLOR,COLOR,Brady,ASL_2011_06_08_Brady,28,15700,15741,ASL_2011_06_08_Brady-28,2002
COLOR,COLOR,Liz,ASL_2008_01_11,83,1140,1175,ASL_2008_01_11-83,2003
COLOR,COLOR,Naomi,ASL_2008_08_04,52,665,690,ASL_2008_08_04-52,2004
COLOR,COLOR,Tyler,ASL_2008_05_12a,50,352,407,ASL_2008_05_12a-50,2005
COMB,COMB+,Brady,ASL_2011_06_08_Brady,29,175,211,ASL_2011_06_08_Brady-29,2006
COMB,COMB+,Liz,ASL_2008_01_11,84,770,825,ASL_2008_01_11-84,2007
COMB,COMB+,Naomi,ASL_2008_08_04,52,2596,2645,ASL_2008_08_04-52,2008
COMB,COMB+,Naomi,ASL_2008_08_04,52,2862,2906,ASL_2008_08_04-52,2009
COMB,COMB+,Tyler,ASL_2008_05_12a,50,3725,3755,ASL_2008_05_12a-50,2010
COMB,COMB++,Liz,ASL_2008_01_11,84,1020,1085,ASL_2008_01_11-84,2011
COMB,COMB++,Tyler,ASL_2008_05_12a,50,3550,3606,ASL_2008_05_12a-50,2012
COME,(1h)COME,Brady,ASL_2011_06_08_Brady,29,1127,1151,ASL_2011_06_08_Brady-29,2013
COME,(1h)COME,Liz,ASL_2008_01_11,84,1670,1705,ASL_2008_01_11-84,2014
COME,(1h)COME,Naomi,ASL_2008_08_04,52,3545,3565,ASL_2008_08_04-52,2015
COME,(1h)COME,Tyler,ASL_2008_05_12a,50,4431,4460,ASL_2008_05_12a-50,2016
COME,(2h)alt.COME,Brady,ASL_2011_06_08_Brady,29,1491,1528,ASL_2011_06_08_Brady-29,2017
COME,(2h)alt.COME,Liz,ASL_2008_01_18,1,185,225,ASL_2008_01_18-1,2018
COME,(2h)alt.COME,Naomi,ASL_2008_08_06,1,470,500,ASL_2008_08_06-1,2019
COME,COME,Brady,ASL_2011_06_08_Brady,29,832,845,ASL_2011_06_08_Brady-29,2020
COME,COME,Liz,ASL_2008_01_11,84,1464,1486,ASL_2008_01_11-84,2021
COME,COME,Naomi,ASL_2008_08_04,52,3357,3375,ASL_2008_08_04-52,2022
COME,COME,Tyler,ASL_2008_05_12a,50,4177,4200,ASL_2008_05_12a-50,2023
COME-ON,COME-ON,Brady,ASL_2011_06_08_Brady,29,1987,2003,ASL_2011_06_08_Brady-29,2024
COME-ON,COME-ON,Lana,ASL_2006_10_10,5,2654,2671,ASL_2006_10_10-5,2025
COME-ON,COME-ON,Liz,ASL_2008_01_11,84,1280,1320,ASL_2008_01_11-84,2026
COME-ON,COME-ON,Naomi,ASL_2008_08_04,52,3156,3182,ASL_2008_08_04-52,2027
COME-ON,COME-ON,Tyler,ASL_2008_05_12a,50,3955,3970,ASL_2008_05_12a-50,2028
COMFORTABLE,COMFORTABLE,Liz,ASL_2008_01_18,1,481,560,ASL_2008_01_18-1,2029
COMFORTABLE,COMFORTABLE,Naomi,ASL_2008_08_06,1,890,950,ASL_2008_08_06-1,2030
COMFORTABLE,COMFORTABLE_2,Brady,ASL_2011_06_08_Brady,29,2226,2264,ASL_2011_06_08_Brady-29,2031
COMFORTABLE,COMFORTABLE_2,Tyler,ASL_2008_05_12b,1,531,586,ASL_2008_05_12b-1,2032
COMMITTEE,COMMITTEE,Brady,ASL_2011_06_08_Brady,29,2488,2514,ASL_2011_06_08_Brady-29,2033
COMMITTEE,COMMITTEE,Liz,ASL_2008_01_18,1,800,835,ASL_2008_01_18-1,2034
COMMITTEE,COMMITTEE,Naomi,ASL_2008_08_06,1,1161,1200,ASL_2008_08_06-1,2035
COMMON-SENSE,COMMON-SENSE,Brady,ASL_2011_06_08_Brady,29,2794,2816,ASL_2011_06_08_Brady-29,2036
COMMON-SENSE,COMMON-SENSE,Liz,ASL_2010_08_10_Liz_additional_lexicon_signs,12,2350,2395,ASL_2010_08_10_Liz_additional_lexicon_signs-12,2037
COMMUNICATE,COMMUNICATE+,Brady,ASL_2011_06_08_Brady,29,3060,3090,ASL_2011_06_08_Brady-29,2038
COMMUNICATE,COMMUNICATE+,Brady,ASL_2011_06_08_Brady,30,3111,3141,ASL_2011_06_08_Brady-30,2039
COMMUNICATE,COMMUNICATE+,Liz,ASL_2010_08_10_Liz_additional_lexicon_signs,26,2110,2160,ASL_2010_08_10_Liz_additional_lexicon_signs-26,2040
COMMUNICATE,COMMUNICATE+,Naomi,ASL_2008_08_06,1,1391,1427,ASL_2008_08_06-1,2041
COMMUNICATE,COMMUNICATE++,Liz,ASL_2008_01_18,1,1065,1140,ASL_2008_01_18-1,2042
COMMUNICATE,COMMUNICATE++,Tyler,ASL_2008_05_12b,1,1387,1436,ASL_2008_05_12b-1,2043
COMMUNICATE+MISCOMMUNICATE,COMMUNICATE+MISCOMMUNICATE,Brady,ASL_2011_07_19_Brady,3,2034,2077,ASL_2011_07_19_Brady-3,2044
COMMUNICATE+MISCOMMUNICATE,COMMUNICATE+MISCOMMUNICATE,Tyler,ASL_2008_06_10,16,1895,1930,ASL_2008_06_10-16,2045
COMMUNIST,COMMUNIST,Naomi,ASL_2008_08_06,1,1771,1800,ASL_2008_08_06-1,2046
COMMUNIST,COMMUNIST+,Brady,ASL_2011_06_08_Brady,29,3800,3827,ASL_2011_06_08_Brady-29,2047
COMMUNIST,COMMUNIST+,Liz,ASL_2008_01_18,1,1495,1540,ASL_2008_01_18-1,2048
COMMUTE,COMMUTE+,Liz,ASL_2008_01_18,1,2075,2140,ASL_2008_01_18-1,2049
COMMUTE,COMMUTE+,Tyler,ASL_2008_05_12b,1,2616,2670,ASL_2008_05_12b-1,2050
COMMUTE,COMMUTE++,Brady,ASL_2011_06_08_Brady,29,4613,4657,ASL_2011_06_08_Brady-29,2051
COMMUTE,COMMUTE++,Naomi,ASL_2008_08_06,1,2515,2575,ASL_2008_08_06-1,2052
COMPARE,COMPARE+,Brady,ASL_2011_06_08_Brady,29,5139,5179,ASL_2011_06_08_Brady-29,2053
COMPARE,COMPARE+,Liz,ASL_2008_01_18,1,2780,2840,ASL_2008_01_18-1,2054
COMPARE,COMPARE+,Naomi,ASL_2008_08_06,1,3531,3561,ASL_2008_08_06-1,2055
COMPARE,COMPARE+,Tyler,ASL_2008_05_12b,1,3335,3380,ASL_2008_05_12b-1,2056
COMPETITION,COMPETITION+,Lana,ASL_2006_10_10,22,1474,1508,ASL_2006_10_10-22,2057
COMPETITION,COMPETITION+,Liz,ASL_2008_01_18,2,350,392,ASL_2008_01_18-2,2058
COMPETITION,COMPETITION+,Liz,ASL_2008_02_29,5,1115,1170,ASL_2008_02_29-5,2059
COMPETITION,COMPETITION+,Naomi,ASL_2008_08_06,1,3780,3815,ASL_2008_08_06-1,2060
COMPETITION,COMPETITION++,Brady,ASL_2011_06_08_Brady,29,5767,5806,ASL_2011_06_08_Brady-29,2061
COMPETITION,COMPETITION++,Brady,ASL_2011_07_19_Brady,50,432,468,ASL_2011_07_19_Brady-50,2062
COMPETITION,COMPETITION++,Dana,ASL_2007_05_24,25,1394,1451,ASL_2007_05_24-25,2063
COMPETITION,COMPETITION++,Tyler,ASL_2008_05_12b,1,3650,3695,ASL_2008_05_12b-1,2064
COMPLAIN/OBJECT,COMPLAIN/OBJECT,Liz,ASL_2008_01_18,21,442,465,ASL_2008_01_18-21,2065
COMPLAIN/OBJECT,COMPLAIN/OBJECT,Naomi,ASL_2008_08_06,21,796,831,ASL_2008_08_06-21,2066
COMPLAIN/OBJECT,COMPLAIN/OBJECT+,Brady,ASL_2011_06_08_Brady,29,5387,5428,ASL_2011_06_08_Brady-29,2067
COMPLAIN/OBJECT,COMPLAIN/OBJECT+,Naomi,ASL_2008_08_06,2,262,295,ASL_2008_08_06-2,2068
COMPLAIN/OBJECT,COMPLAIN/OBJECT++,Brady,ASL_2011_06_08_Brady,36,7270,7297,ASL_2011_06_08_Brady-36,2069
COMPLAIN/OBJECT,COMPLAIN/OBJECT++,Liz,ASL_2008_01_18,2,547,600,ASL_2008_01_18-2,2070
COMPLAIN/OBJECT,COMPLAIN/OBJECT+++,Tyler,ASL_2008_05_12b,2,310,365,ASL_2008_05_12b-2,2071
COMPLICATED,COMPLICATED,Brady,ASL_2011_06_08_Brady,29,6614,6640,ASL_2011_06_08_Brady-29,2072
COMPLICATED,COMPLICATED,Liz,ASL_2010_08_10_Liz_additional_lexicon_signs,26,990,1045,ASL_2010_08_10_Liz_additional_lexicon_signs-26,2073
COMPUTER,COMPUTER+,Naomi,ASL_2008_08_06,2,856,889,ASL_2008_08_06-2,2074
COMPUTER,COMPUTER++,Dana,ASL_2007_05_24,10,441,522,ASL_2007_05_24-10,2075
COMPUTER,COMPUTER_2+,Brady,ASL_2011_06_08_Brady,29,8122,8160,ASL_2011_06_08_Brady-29,2076
COMPUTER,COMPUTER_2+,Lana,ASL_2006_10_10,6,215,250,ASL_2006_10_10-6,2077
COMPUTER,COMPUTER_2+,Tyler,ASL_2008_05_12b,2,811,867,ASL_2008_05_12b-2,2078
COMPUTER,COMPUTER_3+,Liz,ASL_2008_01_18,2,1435,1485,ASL_2008_01_18-2,2079
COMPUTER,COMPUTER_4,Liz,ASL_2008_01_18,2,1021,1052,ASL_2008_01_18-2,2080
CONCEPT,CONCEPT,Brady,ASL_2011_06_08_Brady,29,8564,8633,ASL_2011_06_08_Brady-29,2081
CONCEPT,CONCEPT,Liz,ASL_2008_01_18,2,1710,1752,ASL_2008_01_18-2,2082
CONCEPT,CONCEPT,Naomi,ASL_2008_08_06,2,2620,2640,ASL_2008_08_06-2,2083
CONCEPT,CONCEPT,Tyler,ASL_2008_05_12a,50,3311,3340,ASL_2008_05_12a-50,2084
CONCEPT,CONCEPT,Tyler,ASL_2008_05_12b,2,1295,1315,ASL_2008_05_12b-2,2085
CONCERN,CONCERN+,Brady,ASL_2011_06_08_Brady,29,8936,8973,ASL_2011_06_08_Brady-29,2086
CONCERN,CONCERN+,Brady,ASL_2011_07_22_Brady,33,1325,1371,ASL_2011_07_22_Brady-33,2087
CONCERN,CONCERN+,Brady,ASL_2011_07_22_Brady,57,5408,5455,ASL_2011_07_22_Brady-57,2088
CONCERN,CONCERN+,Liz,ASL_2008_03_28,45,535,587,ASL_2008_03_28-45,2089
CONCERN,CONCERN+,Liz,ASL_2010_08_10_Liz_additional_lexicon_signs,26,1315,1371,ASL_2010_08_10_Liz_additional_lexicon_signs-26,2090
CONCLUSION,CONCLUSION,Tyler,ASL_2008_05_12b,2,1550,1585,ASL_2008_05_12b-2,2091
CONDUCT-MUSIC,CONDUCT-MUSIC+,Brady,ASL_2011_06_08_Brady,29,11251,11336,ASL_2011_06_08_Brady-29,2092
CONDUCT-MUSIC,CONDUCT-MUSIC+,Liz,ASL_2008_01_18,2,2575,2657,ASL_2008_01_18-2,2093
CONDUCT-MUSIC,CONDUCT-MUSIC+,Naomi,ASL_2008_08_06,2,3555,3650,ASL_2008_08_06-2,2094
CONDUCTOR,CONDUCTOR,Liz,ASL_2008_01_18,2,2940,2977,ASL_2008_01_18-2,2095
CONDUCTOR,CONDUCTOR,Naomi,ASL_2008_08_06,2,4420,4445,ASL_2008_08_06-2,2096
CONFIDENT,CONFIDENT,Liz,ASL_2008_01_18,2,3365,3400,ASL_2008_01_18-2,2097
CONFIDENT,CONFIDENT,Naomi,ASL_2008_08_06,2,4570,4595,ASL_2008_08_06-2,2098
CONFIDENT,CONFIDENT,Tyler,ASL_2008_05_12b,2,3185,3215,ASL_2008_05_12b-2,2099
CONFIDENTIAL,CONFIDENTIAL,Brady,ASL_2011_06_08_Brady,7,321,341,ASL_2011_06_08_Brady-7,2100
CONFIDENTIAL,CONFIDENTIAL,Brady,ASL_2011_06_08_Brady,29,13469,13486,ASL_2011_06_08_Brady-29,2101
CONFIDENTIAL,CONFIDENTIAL,Liz,ASL_2010_08_10_Liz_additional_lexicon_signs,5,342,398,ASL_2010_08_10_Liz_additional_lexicon_signs-5,2102
CONFLICT/INTERSECTION,CONFLICT/INTERSECTION,Brady,ASL_2011_06_08_Brady,29,13075,13104,ASL_2011_06_08_Brady-29,2103
CONFLICT/INTERSECTION,CONFLICT/INTERSECTION,Brady,ASL_2011_06_14_Brady,6,5641,5660,ASL_2011_06_14_Brady-6,2104
CONFLICT/INTERSECTION,CONFLICT/INTERSECTION,Brady,ASL_2011_06_14_Brady,41,2445,2471,ASL_2011_06_14_Brady-41,2105
CONFLICT/INTERSECTION,CONFLICT/INTERSECTION,Dana,ASL_2007_05_24,10,699,745,ASL_2007_05_24-10,2106
CONFLICT/INTERSECTION,CONFLICT/INTERSECTION,Lana,ASL_2006_10_10,6,470,482,ASL_2006_10_10-6,2107
CONFLICT/INTERSECTION,CONFLICT/INTERSECTION,Liz,ASL_2008_01_18,3,407,441,ASL_2008_01_18-3,2108
CONFLICT/INTERSECTION,CONFLICT/INTERSECTION,Liz,ASL_2010_08_10_Liz_additional_lexicon_signs,18,137,197,ASL_2010_08_10_Liz_additional_lexicon_signs-18,2109
CONFLICT/INTERSECTION,CONFLICT/INTERSECTION,Naomi,ASL_2008_08_06,2,4790,4817,ASL_2008_08_06-2,2110
CONFLICT/INTERSECTION,CONFLICT/INTERSECTION,Tyler,ASL_2008_05_12b,2,3425,3460,ASL_2008_05_12b-2,2111
CONFRONT,(A)CONFRONT,Naomi,ASL_2008_08_06,3,330,345,ASL_2008_08_06-3,2112
CONFRONT,CONFRONT,Brady,ASL_2011_06_08_Brady,29,14008,14037,ASL_2011_06_08_Brady-29,2113
CONFRONT,CONFRONT,Liz,ASL_2008_01_18,3,692,720,ASL_2008_01_18-3,2114
CONFRONT,CONFRONT,Tyler,ASL_2008_05_12b,3,422,455,ASL_2008_05_12b-3,2115
CONFUSE,CONFUSE,Liz,ASL_2008_01_18,3,1215,1280,ASL_2008_01_18-3,2116
CONFUSE,CONFUSE,Naomi,ASL_2008_08_06,3,840,875,ASL_2008_08_06-3,2117
CONFUSE,CONFUSE,Tyler,ASL_2008_05_12b,3,907,950,ASL_2008_05_12b-3,2118
CONGRATULATIONS,CONGRATULATIONS,Brady,ASL_2011_06_08_Brady,29,15164,15205,ASL_2011_06_08_Brady-29,2119
CONGRATULATIONS,CONGRATULATIONS,Liz,ASL_2008_01_18,3,1517,1545,ASL_2008_01_18-3,2120
CONGRATULATIONS,CONGRATULATIONS,Naomi,ASL_2008_08_06,3,1070,1095,ASL_2008_08_06-3,2121
CONGRATULATIONS,CONGRATULATIONS,Tyler,ASL_2008_05_12b,3,1110,1135,ASL_2008_05_12b-3,2122
CONSTITUTION,CONSTITUTION,Brady,ASL_2011_06_08_Brady,30,876,904,ASL_2011_06_08_Brady-30,2123
CONSTITUTION,CONSTITUTION,Liz,ASL_2008_01_18,4,650,685,ASL_2008_01_18-4,2124
CONSTITUTION,CONSTITUTION,Naomi,ASL_2008_08_06,4,240,270,ASL_2008_08_06-4,2125
CONTACT,CONTACT+,Liz,ASL_2008_01_18,4,1747,1785,ASL_2008_01_18-4,2126
CONTACT,CONTACT+,Naomi,ASL_2008_08_06,4,1360,1385,ASL_2008_08_06-4,2127
CONTACT,CONTACT++,Brady,ASL_2011_06_08_Brady,30,2109,2151,ASL_2011_06_08_Brady-30,2128
CONTACT,CONTACT++,Tyler,ASL_2008_05_12b,4,3870,3907,ASL_2008_05_12b-4,2129
CONTACT-LENSES,CONTACT-LENSES,Brady,ASL_2011_06_08_Brady,30,2402,2428,ASL_2011_06_08_Brady-30,2130
CONTACT-LENSES,CONTACT-LENSES,Liz,ASL_2008_01_18,4,1965,1996,ASL_2008_01_18-4,2131
CONTACT-LENSES,CONTACT-LENSES,Naomi,ASL_2008_08_06,4,1557,1585,ASL_2008_08_06-4,2132
CONTACT-LENSES,CONTACT-LENSES,Tyler,ASL_2008_05_12b,4,4091,4120,ASL_2008_05_12b-4,2133
CONTINUE,CONTINUE,Liz,ASL_2008_02_29,10,2056,2130,ASL_2008_02_29-10,2134
CONTINUE,CONTINUE+,Liz,ASL_2008_01_18,3,2880,2940,ASL_2008_01_18-3,2135
CONTINUE,CONTINUE+,Liz,ASL_2008_01_18,4,2250,2301,ASL_2008_01_18-4,2136
CONTINUE,CONTINUE+,Naomi,ASL_2008_08_06,4,1800,1832,ASL_2008_08_06-4,2137
CONTINUE,CONTINUE++,Naomi,ASL_2008_08_06,3,2280,2340,ASL_2008_08_06-3,2138
CONTINUE,CONTINUE++,Tyler,ASL_2008_05_12b,3,2345,2410,ASL_2008_05_12b-3,2139
CONTINUE,CONTINUE++,Tyler,ASL_2008_05_12b,4,4336,4376,ASL_2008_05_12b-4,2140
CONTINUE,CONTINUE+++,Brady,ASL_2011_06_08_Brady,30,325,365,ASL_2011_06_08_Brady-30,2141
CONVINCE,CONVINCE,Brady,ASL_2011_06_08_Brady,30,3382,3397,ASL_2011_06_08_Brady-30,2142
CONVINCE,CONVINCE,Liz,ASL_2008_01_18,4,2455,2480,ASL_2008_01_18-4,2143
CONVINCE,CONVINCE_2,Brady,ASL_2011_07_19_Brady,34,1215,1234,ASL_2011_07_19_Brady-34,2144
CONVINCE,CONVINCE_2,Brady,ASL_2011_07_22_Brady,49,1905,1932,ASL_2011_07_22_Brady-49,2145
CONVINCE,CONVINCE_2,Liz,ASL_2008_02_15,40,1482,1535,ASL_2008_02_15-40,2146
CONVINCE,CONVINCE_2,Naomi,ASL_2008_08_06,4,2315,2346,ASL_2008_08_06-4,2147
CONVINCE,CONVINCE_2,Tyler,ASL_2008_05_12b,4,4570,4600,ASL_2008_05_12b-4,2148
COOK/KITCHEN,COOK/KITCHEN,Dana,ASL_2007_05_24,18,1781,1835,ASL_2007_05_24-18,2149
COOK/KITCHEN,COOK/KITCHEN,Lana,ASL_2006_10_10,15,1837,1877,ASL_2006_10_10-15,2150
COOK/KITCHEN,COOK/KITCHEN+,Naomi,ASL_2008_08_06,4,2715,2765,ASL_2008_08_06-4,2151
COOK/KITCHEN,COOK/KITCHEN++,Brady,ASL_2011_06_08_Brady,30,3912,3950,ASL_2011_06_08_Brady-30,2152
COOK/KITCHEN,COOK/KITCHEN++,Tyler,ASL_2008_05_12b,4,4782,4830,ASL_2008_05_12b-4,2153
COOK/KITCHEN+AGENT,COOK/KITCHEN+AGENT,Brady,ASL_2011_06_14_Brady,3,8200,8235,ASL_2011_06_14_Brady-3,2154
COOK/KITCHEN+AGENT,COOK/KITCHEN+AGENT,Liz,ASL_2008_01_11,73,625,674,ASL_2008_01_11-73,2155
COOK/KITCHEN+AGENT,COOK/KITCHEN+AGENT,Naomi,ASL_2008_08_04,46,3029,3081,ASL_2008_08_04-46,2156
COOK/KITCHEN+AGENT,COOK/KITCHEN+AGENT,Tyler,ASL_2008_05_12a,44,4846,4896,ASL_2008_05_12a-44,2157
COOK/KITCHEN+BOX/ROOM,COOK/KITCHEN+BOX/ROOM,Brady,ASL_2011_06_14_Brady,45,2333,2372,ASL_2011_06_14_Brady-45,2158
COOK/KITCHEN+BOX/ROOM,COOK/KITCHEN+BOX/ROOM,Liz,ASL_2010_08_10_Liz_additional_lexicon_signs,12,735,815,ASL_2010_08_10_Liz_additional_lexicon_signs-12,2159
COOKIE,COOKIE,Brady,ASL_2011_06_08_Brady,30,4736,4765,ASL_2011_06_08_Brady-30,2160
COOKIE,COOKIE,Liz,ASL_2008_01_18,5,322,376,ASL_2008_01_18-5,2161
COOKIE,COOKIE,Naomi,ASL_2008_08_06,4,2960,2985,ASL_2008_08_06-4,2162
COOKIE,COOKIE+,Tyler,ASL_2008_05_12b,4,4985,5030,ASL_2008_05_12b-4,2163
COOKING,COOKING,Dana,ASL_2007_05_24,10,955,1009,ASL_2007_05_24-10,2164
COOKING,COOKING,Lana,ASL_2006_10_10,6,764,791,ASL_2006_10_10-6,2165
COOL,COOL,Brady,ASL_2011_06_08_Brady,30,4977,5031,ASL_2011_06_08_Brady-30,2166
COOL,COOL,Brady,ASL_2011_07_19_Brady,36,1532,1584,ASL_2011_07_19_Brady-36,2167
COOL,COOL,Liz,ASL_2008_02_15,42,1236,1297,ASL_2008_02_15-42,2168
COOL,COOL,Liz,ASL_2010_08_10_Liz_additional_lexicon_signs,26,2296,2360,ASL_2010_08_10_Liz_additional_lexicon_signs-26,2169
COOPERATE/UNITE,COOPERATE/UNITE,Brady,ASL_2011_06_08_Brady,30,5463,5503,ASL_2011_06_08_Brady-30,2170
COOPERATE/UNITE,COOPERATE/UNITE,Brady,ASL_2011_07_22_Brady,16,3212,3280,ASL_2011_07_22_Brady-16,2171
COOPERATE/UNITE,COOPERATE/UNITE,Liz,ASL_2008_01_18,5,565,650,ASL_2008_01_18-5,2172
COOPERATE/UNITE,COOPERATE/UNITE,Liz,ASL_2008_03_28,28,646,725,ASL_2008_03_28-28,2173
COOPERATE/UNITE,COOPERATE/UNITE,Naomi,ASL_2008_08_06,5,1250,1306,ASL_2008_08_06-5,2174
COOPERATE/UNITE,COOPERATE/UNITE,Tyler,ASL_2008_05_12b,5,215,270,ASL_2008_05_12b-5,2175
COP,COP+,Brady,ASL_2011_06_08_Brady,15,4005,4031,ASL_2011_06_08_Brady-15,2176
COP,COP+,Brady,ASL_2011_06_08_Brady,26,16393,16413,ASL_2011_06_08_Brady-26,2177
COP,COP+,Brady,ASL_2011_07_19_Brady,37,3784,3805,ASL_2011_07_19_Brady-37,2178
COP,COP+,Lana,ASL_2006_10_10,21,1868,1897,ASL_2006_10_10-21,2179
COP,COP+,Liz,ASL_2008_02_15,44,200,240,ASL_2008_02_15-44,2180
COP,COP_2,Brady,ASL_2011_07_22_Brady,38,530,565,ASL_2011_07_22_Brady-38,2181
COP,COP_2,Liz,ASL_2010_08_10_Liz_additional_lexicon_signs,8,3052,3130,ASL_2010_08_10_Liz_additional_lexicon_signs-8,2182
COP,COP_2,Naomi,ASL_2008_08_06,15,2460,2492,ASL_2008_08_06-15,2183
COP,COP_2+,Dana,ASL_2007_05_24,23,2017,2067,ASL_2007_05_24-23,2184
COP,COP_2+,Liz,ASL_2008_01_11,29,1820,1870,ASL_2008_01_11-29,2185
COP,COP_2+,Naomi,ASL_2008_08_04,19,1132,1163,ASL_2008_08_04-19,2186
COP++RESEARCH,COP++RESEARCH++,Tyler,ASL_2008_05_12b,15,1951,2016,ASL_2008_05_12b-15,2187
COP++RESEARCH,COP+RESEARCH++,Brady,ASL_2011_06_14_Brady,4,560,609,ASL_2011_06_14_Brady-4,2188
COPY,COPY,Lana,ASL_2006_10_10,6,910,922,ASL_2006_10_10-6,2189
COPY,COPY,Naomi,ASL_2008_08_06,5,1601,1645,ASL_2008_08_06-5,2190
COPY,COPY+,Brady,ASL_2011_06_08_Brady,30,5681,5717,ASL_2011_06_08_Brady-30,2191
COPY,COPY+,Brady,ASL_2011_06_08_Brady,30,5963,5996,ASL_2011_06_08_Brady-30,2192
COPY,COPY+,Liz,ASL_2008_01_18,5,781,820,ASL_2008_01_18-5,2193
COPY,COPY+,Liz,ASL_2010_08_10_Liz_additional_lexicon_signs,12,950,985,ASL_2010_08_10_Liz_additional_lexicon_signs-12,2194
COPY,COPY+,Tyler,ASL_2008_05_12b,5,390,422,ASL_2008_05_12b-5,2195
COPY,COPY++,Dana,ASL_2007_05_24,10,1086,1150,ASL_2007_05_24-10,2196
COPY,COPY_2,Brady,ASL_2011_06_08_Brady,30,6234,6260,ASL_2011_06_08_Brady-30,2197
COPY,COPY_2,Liz,ASL_2008_01_18,5,996,1027,ASL_2008_01_18-5,2198
COPY,COPY_2,Naomi,ASL_2008_08_06,5,1785,1807,ASL_2008_08_06-5,2199
COPY,COPY_2+,Tyler,ASL_2008_05_12b,5,575,615,ASL_2008_05_12b-5,2200
COPY-DOWN,COPY-DOWN,Brady,ASL_2011_06_08_Brady,30,6508,6531,ASL_2011_06_08_Brady-30,2201
COPY-DOWN,COPY-DOWN,Brady,ASL_2011_06_14_Brady,19,6418,6435,ASL_2011_06_14_Brady-19,2202
COPY-DOWN,COPY-DOWN,Brady,ASL_2011_07_22_Brady,41,190,215,ASL_2011_07_22_Brady-41,2203
COPY-DOWN,COPY-DOWN,Liz,ASL_2008_01_18,5,1221,1250,ASL_2008_01_18-5,2204
COPY-DOWN,COPY-DOWN,Naomi,ASL_2008_08_06,5,2025,2055,ASL_2008_08_06-5,2205
CORN,CORN,Brady,ASL_2011_06_08_Brady,30,6793,6824,ASL_2011_06_08_Brady-30,2206
CORN,CORN,Naomi,ASL_2008_08_06,5,2341,2370,ASL_2008_08_06-5,2207
CORN,CORN,Tyler,ASL_2008_05_12b,5,1498,1526,ASL_2008_05_12b-5,2208
CORN,CORN_2,Liz,ASL_2008_01_18,5,1475,1535,ASL_2008_01_18-5,2209
CORNER,(1)CORNER,Brady,ASL_2011_06_08_Brady,30,7582,7630,ASL_2011_06_08_Brady-30,2210
CORNER,(1)CORNER,Liz,ASL_2008_01_18,5,2980,3032,ASL_2008_01_18-5,2211
CORNER,(1)CORNER,Naomi,ASL_2008_08_06,5,4125,4156,ASL_2008_08_06-5,2212
CORNER,CORNER,Brady,ASL_2011_06_08_Brady,30,7344,7380,ASL_2011_06_08_Brady-30,2213
CORNER,CORNER,Liz,ASL_2008_01_18,5,2600,2650,ASL_2008_01_18-5,2214
CORNER,CORNER,Naomi,ASL_2008_08_06,5,2837,2862,ASL_2008_08_06-5,2215
CORNER,CORNER,Tyler,ASL_2008_05_12b,5,2055,2090,ASL_2008_05_12b-5,2216
CORN_3,CORN_3,Liz,ASL_2008_01_18,5,1927,1982,ASL_2008_01_18-5,2217
CORN_3,CORN_3,Naomi,ASL_2008_08_06,5,2580,2605,ASL_2008_08_06-5,2218
CORN_4,(L-X)CORN_4,Tyler,ASL_2008_05_12b,5,1797,1865,ASL_2008_05_12b-5,2219
CORN_4,CORN_4,Brady,ASL_2011_06_08_Brady,30,7055,7107,ASL_2011_06_08_Brady-30,2220
CORRECT,CORRECT,Brady,ASL_2011_07_19_Brady,60,1900,1916,ASL_2011_07_19_Brady-60,2221
CORRECT,CORRECT,Dana,ASL_2007_05_24,26,155,196,ASL_2007_05_24-26,2222
CORRECT,CORRECT,Lana,ASL_2006_10_10,24,202,208,ASL_2006_10_10-24,2223
CORRECT,CORRECT,Liz,ASL_2008_02_29,15,2746,2760,ASL_2008_02_29-15,2224
CORRESPOND,CORRESPOND++,Brady,ASL_2011_06_08_Brady,30,8136,8170,ASL_2011_06_08_Brady-30,2225
CORRESPOND,CORRESPOND++,Liz,ASL_2008_01_18,6,302,360,ASL_2008_01_18-6,2226
CORRESPOND,CORRESPOND++,Naomi,ASL_2008_08_06,5,4801,4835,ASL_2008_08_06-5,2227
COUCH,COUCH,Liz,ASL_2010_08_10_Liz_additional_lexicon_signs,24,1870,1925,ASL_2010_08_10_Liz_additional_lexicon_signs-24,2228
COUGH,COUGH,Brady,ASL_2011_06_08_Brady,30,9380,9409,ASL_2011_06_08_Brady-30,2229
COUGH,COUGH,Lana,ASL_2006_10_10,6,342,372,ASL_2006_10_10-6,2230
COUGH,COUGH,Liz,ASL_2008_01_18,6,1935,1975,ASL_2008_01_18-6,2231
COUGH,COUGH,Naomi,ASL_2008_08_06,6,1155,1190,ASL_2008_08_06-6,2232
COUGH,COUGH,Tyler,ASL_2008_05_12b,6,995,1040,ASL_2008_05_12b-6,2233
COUGH,COUGH+,Dana,ASL_2007_05_24,10,576,638,ASL_2007_05_24-10,2234
COUGH_2,COUGH_2+,Liz,ASL_2008_01_18,6,1696,1745,ASL_2008_01_18-6,2235
COUGH_2,COUGH_2+,Naomi,ASL_2008_08_06,6,940,985,ASL_2008_08_06-6,2236
COUNT,COUNT+,Liz,ASL_2008_01_11,6,724,764,ASL_2008_01_11-6,2237
COUNT,COUNT+,Naomi,ASL_2008_08_04,4,4124,4157,ASL_2008_08_04-4,2238
COUNT,COUNT+,Naomi,ASL_2008_08_06,6,1421,1465,ASL_2008_08_06-6,2239
COUNT,COUNT++,Tyler,ASL_2008_05_12b,6,1787,1835,ASL_2008_05_12b-6,2240
COUNT,COUNT+++,Tyler,ASL_2008_05_12a,6,3305,3381,ASL_2008_05_12a-6,2241
COUNT,COUNT_2,Liz,ASL_2008_01_18,6,2215,2247,ASL_2008_01_18-6,2242
COUNTRY,(Y)COUNTRY+,Liz,ASL_2008_01_18,6,2467,2530,ASL_2008_01_18-6,2243
COUNTRY,(Y)COUNTRY+,Naomi,ASL_2008_08_06,6,1685,1720,ASL_2008_08_06-6,2244
COUNTRY,COUNTRY+,Brady,ASL_2011_06_08_Brady,30,10077,10126,ASL_2011_06_08_Brady-30,2245
COUNTRY,COUNTRY+,Brady,ASL_2011_06_14_Brady,21,6286,6325,ASL_2011_06_14_Brady-21,2246
COUNTRY,COUNTRY+,Liz,ASL_2008_01_18,6,2720,2780,ASL_2008_01_18-6,2247
COUNTRY,COUNTRY+,Naomi,ASL_2008_08_06,6,1915,1950,ASL_2008_08_06-6,2248
COUNTRY,COUNTRY+,Naomi,ASL_2008_08_06,47,1441,1480,ASL_2008_08_06-47,2249
COUNTRY,COUNTRY+,Tyler,ASL_2008_05_12b,6,2066,2115,ASL_2008_05_12b-6,2250
COUNTRY,COUNTRY++,Liz,ASL_2008_01_18,47,1426,1492,ASL_2008_01_18-47,2251
COURSE,COURSE,Brady,ASL_2011_06_08_Brady,30,11049,11082,ASL_2011_06_08_Brady-30,2252
COURSE,COURSE,Lana,ASL_2006_10_10,6,1424,1443,ASL_2006_10_10-6,2253
COURSE,COURSE,Liz,ASL_2008_01_18,6,3225,3252,ASL_2008_01_18-6,2254
COURSE,COURSE,Naomi,ASL_2008_08_06,6,2505,2540,ASL_2008_08_06-6,2255
COURSE,COURSE,Tyler,ASL_2008_05_12b,6,2910,2935,ASL_2008_05_12b-6,2256
COURT,COURT,Brady,ASL_2011_06_08_Brady,30,11641,11685,ASL_2011_06_08_Brady-30,2257
COURT,COURT,Brady,ASL_2011_06_14_Brady,43,8134,8167,ASL_2011_06_14_Brady-43,2258
COURT,COURT,Dana,ASL_2007_05_24,10,1834,1902,ASL_2007_05_24-10,2259
COURT,COURT,Lana,ASL_2006_10_10,6,1555,1600,ASL_2006_10_10-6,2260
COURT,COURT,Liz,ASL_2008_01_18,7,311,367,ASL_2008_01_18-7,2261
COURT,COURT,Liz,ASL_2008_02_01,38,585,640,ASL_2008_02_01-38,2262
COURT,COURT,Naomi,ASL_2008_08_06,6,2845,2905,ASL_2008_08_06-6,2263
COURT,COURT,Naomi,ASL_2008_08_13,32,373,427,ASL_2008_08_13-32,2264
COURT,COURT,Tyler,ASL_2008_05_12b,6,3125,3175,ASL_2008_05_12b-6,2265
COURT+AGENT,COURT+AGENT,Brady,ASL_2011_06_14_Brady,43,6654,6693,ASL_2011_06_14_Brady-43,2266
COURT+AGENT,COURT+AGENT,Liz,ASL_2008_02_01,38,277,330,ASL_2008_02_01-38,2267
COURT+AGENT,COURT+AGENT,Naomi,ASL_2008_08_13,31,4510,4555,ASL_2008_08_13-31,2268
COURT+BOX/ROOM,COURT+BOX/ROOM,Tyler,ASL_2008_05_12b,7,291,355,ASL_2008_05_12b-7,2269
COURT+HOUSE,COURT+HOUSE,Brady,ASL_2011_06_14_Brady,3,10100,10146,ASL_2011_06_14_Brady-3,2270
COURT+HOUSE,COURT+HOUSE,Liz,ASL_2008_01_18,7,1165,1260,ASL_2008_01_18-7,2271
COURT+HOUSE,COURT+HOUSE,Naomi,ASL_2008_08_06,7,565,620,ASL_2008_08_06-7,2272
COUSIN,COUSIN,Brady,ASL_2011_06_08_Brady,31,248,266,ASL_2011_06_08_Brady-31,2273
COUSIN,COUSIN,Brady,ASL_2011_06_08_Brady,31,1058,1076,ASL_2011_06_08_Brady-31,2274
COUSIN,COUSIN,Liz,ASL_2008_01_18,7,2020,2052,ASL_2008_01_18-7,2275
COUSIN,COUSIN,Naomi,ASL_2008_08_06,7,1435,1451,ASL_2008_08_06-7,2276
COUSIN,COUSIN_2+,Dana,ASL_2007_05_24,10,836,882,ASL_2007_05_24-10,2277
COVER,COVER,Brady,ASL_2011_06_08_Brady,31,522,539,ASL_2011_06_08_Brady-31,2278
COVER,COVER,Liz,ASL_2008_01_18,7,2265,2295,ASL_2008_01_18-7,2279
COVER,COVER,Liz,ASL_2008_03_28,45,2568,2612,ASL_2008_03_28-45,2280
COVER,COVER,Naomi,ASL_2008_08_06,7,1965,1995,ASL_2008_08_06-7,2281
COVER,COVER,Tyler,ASL_2008_05_12b,7,2216,2255,ASL_2008_05_12b-7,2282
COW,(1h)COW,Brady,ASL_2011_06_08_Brady,31,2300,2321,ASL_2011_06_08_Brady-31,2283
COW,(1h)COW,Dana,ASL_2007_05_24,10,1236,1277,ASL_2007_05_24-10,2284
COW,(1h)COW,Lana,ASL_2006_10_10,6,1040,1066,ASL_2006_10_10-6,2285
COW,COW,Liz,ASL_2008_01_18,7,2715,2740,ASL_2008_01_18-7,2286
COW,COW,Naomi,ASL_2008_08_06,7,2485,2511,ASL_2008_08_06-7,2287
COW,COW,Tyler,ASL_2008_05_12b,7,2645,2675,ASL_2008_05_12b-7,2288
CRACK,CRACK,Brady,ASL_2011_06_08_Brady,31,2602,2640,ASL_2011_06_08_Brady-31,2289
CRACK,CRACK,Liz,ASL_2008_01_18,7,3237,3275,ASL_2008_01_18-7,2290
CRACK,CRACK,Naomi,ASL_2008_08_06,7,4155,4182,ASL_2008_08_06-7,2291
CRACK,CRACK,Tyler,ASL_2008_05_12b,7,3072,3110,ASL_2008_05_12b-7,2292
CRACKER/PASSOVER,CRACKER/PASSOVER,Naomi,ASL_2008_08_06,7,3825,3850,ASL_2008_08_06-7,2293
CRACKER/PASSOVER,CRACKER/PASSOVER+,Liz,ASL_2008_01_18,7,2982,3015,ASL_2008_01_18-7,2294
CRACKER/PASSOVER,CRACKER/PASSOVER+,Tyler,ASL_2008_05_12b,7,2852,2887,ASL_2008_05_12b-7,2295
CRACKER/PASSOVER,CRACKER/PASSOVER++,Brady,ASL_2011_06_08_Brady,31,2819,2850,ASL_2011_06_08_Brady-31,2296
CRAWL,CRAWL,Naomi,ASL_2008_08_06,8,1016,1051,ASL_2008_08_06-8,2297
CRAWL,CRAWL+,Liz,ASL_2008_01_18,8,1117,1185,ASL_2008_01_18-8,2298
CRAWL,CRAWL+,Tyler,ASL_2008_05_12b,8,510,570,ASL_2008_05_12b-8,2299
CRAZY,(5)CRAZY+,Dana,ASL_2007_05_24,10,1493,1564,ASL_2007_05_24-10,2300
CRAZY,CRAZY+,Brady,ASL_2011_06_08_Brady,31,4150,4196,ASL_2011_06_08_Brady-31,2301
CRAZY,CRAZY+,Lana,ASL_2006_10_10,6,1295,1333,ASL_2006_10_10-6,2302
CRAZY,CRAZY+,Liz,ASL_2008_01_18,8,2740,2795,ASL_2008_01_18-8,2303
CRAZY,CRAZY+,Naomi,ASL_2008_08_06,8,3985,4022,ASL_2008_08_06-8,2304
CRAZY,CRAZY+,Tyler,ASL_2008_05_12b,8,1532,1576,ASL_2008_05_12b-8,2305
CREAM,CREAM,Brady,ASL_2011_06_08_Brady,31,6191,6218,ASL_2011_06_08_Brady-31,2306
CREAM,CREAM,Liz,ASL_2008_01_18,8,3026,3075,ASL_2008_01_18-8,2307
CREAM,CREAM,Naomi,ASL_2008_08_06,8,4311,4350,ASL_2008_08_06-8,2308
CREAM,CREAM,Tyler,ASL_2008_05_12b,8,3852,3885,ASL_2008_05_12b-8,2309
CREATE/PRETEND,(2h)alt.CREATE/PRETEND,Tyler,ASL_2008_05_29b,8,1702,1730,ASL_2008_05_29b-8,2310
CREATE/PRETEND,CREATE/PRETEND,Liz,ASL_2008_02_01,34,2361,2400,ASL_2008_02_01-34,2311
CREATE/PRETEND,CREATE/PRETEND,Liz,ASL_2008_02_15,47,2420,2455,ASL_2008_02_15-47,2312
CREATE/PRETEND,CREATE/PRETEND,Liz,ASL_2010_08_10_Liz_additional_lexicon_signs,28,1997,2036,ASL_2010_08_10_Liz_additional_lexicon_signs-28,2313
CREATE/PRETEND,CREATE/PRETEND,Naomi,ASL_2008_08_13,28,2232,2255,ASL_2008_08_13-28,2314
CREDIT-CARD,CREDIT-CARD,Brady,ASL_2011_06_08_Brady,31,6496,6527,ASL_2011_06_08_Brady-31,2315
CREDIT-CARD,CREDIT-CARD,Liz,ASL_2008_01_18,8,3290,3330,ASL_2008_01_18-8,2316
CREDIT-CARD,CREDIT-CARD,Naomi,ASL_2008_08_06,8,4600,4625,ASL_2008_08_06-8,2317
CREDIT-CARD,CREDIT-CARD,Tyler,ASL_2008_05_12b,8,4065,4092,ASL_2008_05_12b-8,2318
CRIPPLE,CRIPPLE+,Brady,ASL_2011_06_08_Brady,31,7304,7348,ASL_2011_06_08_Brady-31,2319
CRIPPLE,CRIPPLE+,Liz,ASL_2008_01_18,9,287,342,ASL_2008_01_18-9,2320
CRIPPLE,CRIPPLE++,Naomi,ASL_2008_08_06,8,5475,5547,ASL_2008_08_06-8,2321
CRIPPLE,CRIPPLE++,Tyler,ASL_2008_05_12b,8,4685,4735,ASL_2008_05_12b-8,2322
CROSS,CROSS,Brady,ASL_2011_06_08_Brady,31,7904,7936,ASL_2011_06_08_Brady-31,2323
CROSS,CROSS,Liz,ASL_2008_01_18,9,790,856,ASL_2008_01_18-9,2324
CROSS,CROSS,Naomi,ASL_2008_08_06,9,870,925,ASL_2008_08_06-9,2325
CROSS-MY-HEART,CROSS-MY-HEART,Brady,ASL_2011_07_19_Brady,44,4105,4142,ASL_2011_07_19_Brady-44,2326
CROSS-MY-HEART,CROSS-MY-HEART,Liz,ASL_2008_02_15,50,620,675,ASL_2008_02_15-50,2327
CROWDED,CROWDED,Brady,ASL_2011_06_08_Brady,31,8737,8771,ASL_2011_06_08_Brady-31,2328
CROWDED,CROWDED,Tyler,ASL_2008_05_12b,9,737,785,ASL_2008_05_12b-9,2329
CROWN,CROWN,Brady,ASL_2011_06_08_Brady,31,9540,9556,ASL_2011_06_08_Brady-31,2330
CROWN,CROWN,Brady,ASL_2011_06_14_Brady,3,10731,10747,ASL_2011_06_14_Brady-3,2331
CROWN,CROWN,Liz,ASL_2008_01_18,9,1271,1306,ASL_2008_01_18-9,2332
CROWN,CROWN,Naomi,ASL_2008_08_06,9,1890,1905,ASL_2008_08_06-9,2333
"CROWN+DCL:4""coronet""","CROWN+DCL:4""coronet""",Tyler,ASL_2008_05_12b,9,1799,1873,ASL_2008_05_12b-9,2334
CRUEL,CRUEL,Brady,ASL_2011_06_14_Brady,32,1712,1733,ASL_2011_06_14_Brady-32,2335
CRUEL,CRUEL,Dana,ASL_2007_05_24,10,2113,2154,ASL_2007_05_24-10,2336
CRUEL,CRUEL,Lana,ASL_2006_10_10,6,1819,1844,ASL_2006_10_10-6,2337
CRUEL,CRUEL,Liz,ASL_2008_02_01,18,3646,3678,ASL_2008_02_01-18,2338
CRUEL,CRUEL,Naomi,ASL_2008_08_13,14,4148,4182,ASL_2008_08_13-14,2339
CRUEL,CRUEL,Tyler,ASL_2008_05_29a,46,2691,2720,ASL_2008_05_29a-46,2340
CRUSH,CRUSH,Brady,ASL_2011_06_08_Brady,31,9864,9904,ASL_2011_06_08_Brady-31,2341
CRUSH,CRUSH,Liz,ASL_2008_01_18,9,1030,1065,ASL_2008_01_18-9,2342
CRUSH,CRUSH,Liz,ASL_2008_01_18,9,1932,1980,ASL_2008_01_18-9,2343
CRUSH,CRUSH,Naomi,ASL_2008_08_06,9,2685,2715,ASL_2008_08_06-9,2344
CRUSH,CRUSH,Tyler,ASL_2008_05_12b,9,2526,2572,ASL_2008_05_12b-9,2345
CRY,(2h)alt.CRY,Naomi,ASL_2008_08_06,9,3746,3797,ASL_2008_08_06-9,2346
CRY,(2h)alt.CRY+,Liz,ASL_2008_01_18,9,2446,2505,ASL_2008_01_18-9,2347
CRY,(L)CRY+,Naomi,ASL_2008_08_06,9,4015,4086,ASL_2008_08_06-9,2348
CRY,(L)CRY++,Tyler,ASL_2008_05_12b,9,3055,3097,ASL_2008_05_12b-9,2349
CRY,CRY++,Brady,ASL_2011_06_08_Brady,31,10433,10480,ASL_2011_06_08_Brady-31,2350
CRY,CRY++,Liz,ASL_2008_01_18,9,2716,2786,ASL_2008_01_18-9,2351
CUBED,CUBED,Brady,ASL_2011_06_08_Brady,31,11660,11684,ASL_2011_06_08_Brady-31,2352
CUBED,CUBED,Liz,ASL_2010_08_10_Liz_additional_lexicon_signs,19,295,325,ASL_2010_08_10_Liz_additional_lexicon_signs-19,2353
CULTURE,CULTURE,Brady,ASL_2011_06_08_Brady,31,12021,12042,ASL_2011_06_08_Brady-31,2354
CULTURE,CULTURE,Liz,ASL_2008_01_18,10,620,650,ASL_2008_01_18-10,2355
CULTURE,CULTURE,Naomi,ASL_2008_08_06,10,225,245,ASL_2008_08_06-10,2356
CULTURE,CULTURE,Tyler,ASL_2008_05_12b,10,387,417,ASL_2008_05_12b-10,2357
CUP,CUP,Dana,ASL_2007_05_24,10,2402,2468,ASL_2007_05_24-10,2358
CUP,CUP,Lana,ASL_2006_10_10,6,2085,2106,ASL_2006_10_10-6,2359
CURIOUS,CURIOUS,Brady,ASL_2011_06_08_Brady,31,13080,13130,ASL_2011_06_08_Brady-31,2360
CURIOUS,CURIOUS,Liz,ASL_2008_01_18,10,1296,1325,ASL_2008_01_18-10,2361
CURIOUS,CURIOUS,Naomi,ASL_2008_08_06,10,1280,1312,ASL_2008_08_06-10,2362
CURIOUS,CURIOUS,Tyler,ASL_2008_05_12b,10,1105,1155,ASL_2008_05_12b-10,2363
CURLY,CURLY,Brady,ASL_2011_06_08_Brady,31,13396,13441,ASL_2011_06_08_Brady-31,2364
CURLY,CURLY,Liz,ASL_2008_01_18,10,1540,1610,ASL_2008_01_18-10,2365
CURLY,CURLY,Tyler,ASL_2008_05_12b,10,1335,1385,ASL_2008_05_12b-10,2366
CURLY,CURLY_2,Naomi,ASL_2008_08_06,10,1546,1571,ASL_2008_08_06-10,2367
CURRICULUM,CURRICULUM,Naomi,ASL_2008_08_06,10,1837,1867,ASL_2008_08_06-10,2368
CURRICULUM,CURRICULUM_2,Liz,ASL_2008_01_18,10,2017,2065,ASL_2008_01_18-10,2369
CURRICULUM,CURRICULUM_3,Tyler,ASL_2008_05_12b,10,1675,1716,ASL_2008_05_12b-10,2370
CURSE,(Horns)CURSE,Liz,ASL_2008_01_18,13,756,777,ASL_2008_01_18-13,2371
CURSE,(Horns)CURSE,Naomi,ASL_2008_08_06,13,497,512,ASL_2008_08_06-13,2372
CURSE,CURSE,Brady,ASL_2011_06_08_Brady,31,14853,14871,ASL_2011_06_08_Brady-31,2373
CURSE,CURSE+,Naomi,ASL_2008_08_06,10,2552,2620,ASL_2008_08_06-10,2374
CURTAIN,CURTAIN,Brady,ASL_2011_06_08_Brady,32,120,147,ASL_2011_06_08_Brady-32,2375
CURTAIN,CURTAIN,Liz,ASL_2008_01_18,10,3000,3035,ASL_2008_01_18-10,2376
CURTAIN,CURTAIN,Tyler,ASL_2008_05_12b,10,2310,2340,ASL_2008_05_12b-10,2377
CURTAIN,CURTAIN_2,Naomi,ASL_2008_08_06,10,3425,3462,ASL_2008_08_06-10,2378
CURVE,CURVE,Brady,ASL_2011_06_08_Brady,32,654,674,ASL_2011_06_08_Brady-32,2379
CURVE,CURVE,Liz,ASL_2008_01_18,10,3535,3585,ASL_2008_01_18-10,2380
CURVE,CURVE,Naomi,ASL_2008_08_06,10,3820,3840,ASL_2008_08_06-10,2381
CURVE,CURVE,Tyler,ASL_2008_05_12b,10,2540,2570,ASL_2008_05_12b-10,2382
CUSHION,CUSHION+,Brady,ASL_2011_06_08_Brady,32,1034,1056,ASL_2011_06_08_Brady-32,2383
CUSHION,CUSHION+,Liz,ASL_2008_01_18,11,346,390,ASL_2008_01_18-11,2384
CUSHION,CUSHION+,Naomi,ASL_2008_08_06,10,4115,4150,ASL_2008_08_06-10,2385
CUSHION,CUSHION++,Tyler,ASL_2008_05_12b,10,3286,3335,ASL_2008_05_12b-10,2386
CUSTOMER,CUSTOMER,Brady,ASL_2011_06_08_Brady,32,1579,1599,ASL_2011_06_08_Brady-32,2387
CUSTOMER,CUSTOMER,Liz,ASL_2010_08_10_Liz_additional_lexicon_signs,27,295,355,ASL_2010_08_10_Liz_additional_lexicon_signs-27,2388
CUT,CUT,Brady,ASL_2011_06_08_Brady,32,1816,1832,ASL_2011_06_08_Brady-32,2389
CUT,CUT,Liz,ASL_2008_01_18,11,855,865,ASL_2008_01_18-11,2390
CUT,CUT,Naomi,ASL_2008_08_06,11,991,1025,ASL_2008_08_06-11,2391
CUT,CUT,Tyler,ASL_2008_05_12b,11,842,866,ASL_2008_05_12b-11,2392
CUT-FABRIC,CUT-FABRIC++,Brady,ASL_2011_06_14_Brady,15,2676,2703,ASL_2011_06_14_Brady-15,2393
CUT-FABRIC,CUT-FABRIC++,Liz,ASL_2008_01_18,37,1115,1160,ASL_2008_01_18-37,2394
CUT-FABRIC,CUT-FABRIC++,Naomi,ASL_2008_08_06,37,1017,1062,ASL_2008_08_06-37,2395
CUT-FABRIC,CUT-FABRIC++,Tyler,ASL_2008_05_29a,17,1611,1660,ASL_2008_05_29a-17,2396
CUT-WITH-SCISSORS,CUT-WITH-SCISSORS,Brady,ASL_2011_07_19_Brady,73,3140,3179,ASL_2011_07_19_Brady-73,2397
CUT-WITH-SCISSORS,CUT-WITH-SCISSORS,Liz,ASL_2008_02_29,23,2900,2932,ASL_2008_02_29-23,2398
CUTE,CUTE,Tyler,ASL_2008_05_12b,11,1060,1070,ASL_2008_05_12b-11,2399
CUTE,CUTE+,Brady,ASL_2011_06_08_Brady,25,6631,6653,ASL_2011_06_08_Brady-25,2400
CUTE,CUTE+,Lana,ASL_2006_10_10,6,1696,1716,ASL_2006_10_10-6,2401
CUTE,CUTE+,Liz,ASL_2008_01_11,63,965,991,ASL_2008_01_11-63,2402
CUTE,CUTE+,Liz,ASL_2008_01_18,11,1032,1065,ASL_2008_01_18-11,2403
CUTE,CUTE+,Liz,ASL_2008_02_01,24,231,256,ASL_2008_02_01-24,2404
CUTE,CUTE+,Liz,ASL_2008_02_29,52,1031,1062,ASL_2008_02_29-52,2405
CUTE,CUTE+,Naomi,ASL_2008_08_04,40,3290,3309,ASL_2008_08_04-40,2406
CUTE,CUTE+,Naomi,ASL_2008_08_06,11,1240,1260,ASL_2008_08_06-11,2407
CUTE,CUTE+,Naomi,ASL_2008_08_13,19,5270,5292,ASL_2008_08_13-19,2408
CUTE,CUTE++,Brady,ASL_2011_06_08_Brady,32,2041,2070,ASL_2011_06_08_Brady-32,2409
CUTE,CUTE++,Brady,ASL_2011_07_19_Brady,103,2941,2989,ASL_2011_07_19_Brady-103,2410
CUTE,CUTE++,Brady,ASL_2011_07_22_Brady,45,885,924,ASL_2011_07_22_Brady-45,2411
CUTE,CUTE++,Dana,ASL_2007_05_24,9,1116,1170,ASL_2007_05_24-9,2412
CUTE,CUTE++,Dana,ASL_2007_05_24,10,1977,2032,ASL_2007_05_24-10,2413
"CUTE++DCL""cane""","CANDY++DCL""cane""",Tyler,ASL_2008_05_12a,39,1542,1637,ASL_2008_05_12a-39,2414
"CUTE++DCL""cane""",CANDY+fs-CANE,Brady,ASL_2011_06_14_Brady,3,4298,4336,ASL_2011_06_14_Brady-3,2415
"CUTE++DCL""cane""","CUTE++DCL""cane""",Liz,ASL_2008_01_11,63,713,803,ASL_2008_01_11-63,2416
"CUTE++DCL""cane""","CUTE++DCL""cane""",Naomi,ASL_2008_08_04,40,2987,3044,ASL_2008_08_04-40,2417
CYCLE,CYCLE,Brady,ASL_2011_06_08_Brady,32,2309,2348,ASL_2011_06_08_Brady-32,2418
CYCLE,CYCLE,Liz,ASL_2008_01_18,11,1296,1345,ASL_2008_01_18-11,2419
CYCLE,CYCLE,Tyler,ASL_2008_05_12b,11,1305,1341,ASL_2008_05_12b-11,2420
CYCLE,CYCLE_2,Naomi,ASL_2008_08_06,11,1580,1625,ASL_2008_08_06-11,2421
D,D,Brady,ASL_2011_06_08_Brady,32,2583,2609,ASL_2011_06_08_Brady-32,2422
D,D,Liz,ASL_2008_01_18,11,1620,1625,ASL_2008_01_18-11,2423
D,D,Naomi,ASL_2008_08_06,11,1875,1955,ASL_2008_08_06-11,2424
D,D,Tyler,ASL_2008_05_12b,11,1510,1556,ASL_2008_05_12b-11,2425
DANCE,DANCE,Dana,ASL_2007_05_24,10,2550,2617,ASL_2007_05_24-10,2426
DANCE,DANCE,Naomi,ASL_2008_08_06,11,2665,2727,ASL_2008_08_06-11,2427
DANCE,DANCE+,Brady,ASL_2011_06_08_Brady,32,3456,3508,ASL_2011_06_08_Brady-32,2428
DANCE,DANCE+,Lana,ASL_2006_10_10,6,2230,2268,ASL_2006_10_10-6,2429
DANCE,DANCE+,Liz,ASL_2008_01_18,11,2275,2325,ASL_2008_01_18-11,2430
DANCE,DANCE++,Tyler,ASL_2008_05_12b,11,2405,2460,ASL_2008_05_12b-11,2431
DANGER,DANGER,Liz,ASL_2008_03_28,15,1957,1981,ASL_2008_03_28-15,2432
DANGER,DANGER+,Brady,ASL_2011_07_19_Brady,116,1522,1550,ASL_2011_07_19_Brady-116,2433
DANGER,DANGER+,Liz,ASL_2008_01_18,11,2502,2555,ASL_2008_01_18-11,2434
DANGER,DANGER+,Naomi,ASL_2008_08_06,11,2887,2920,ASL_2008_08_06-11,2435
DANGER,DANGER++,Brady,ASL_2011_06_08_Brady,32,3689,3732,ASL_2011_06_08_Brady-32,2436
DANGER,DANGER++,Tyler,ASL_2008_05_12b,11,2640,2710,ASL_2008_05_12b-11,2437
DARE,DARE,Brady,ASL_2011_06_08_Brady,32,5493,5509,ASL_2011_06_08_Brady-32,2438
DARE,DARE,Brady,ASL_2011_07_22_Brady,41,1947,1970,ASL_2011_07_22_Brady-41,2439
DARE,DARE,Liz,ASL_2008_01_18,12,312,335,ASL_2008_01_18-12,2440
DARE,DARE,Naomi,ASL_2008_08_06,11,3652,3677,ASL_2008_08_06-11,2441
DARK,DARK,Brady,ASL_2011_06_08_Brady,32,5610,5631,ASL_2011_06_08_Brady-32,2442
DARK,DARK,Brady,ASL_2011_07_19_Brady,79,153,172,ASL_2011_07_19_Brady-79,2443
DARK,DARK,Dana,ASL_2007_05_24,10,2831,2886,ASL_2007_05_24-10,2444
DARK,DARK,Lana,ASL_2006_10_10,6,2495,2513,ASL_2006_10_10-6,2445
DARK,DARK,Liz,ASL_2008_01_18,12,552,590,ASL_2008_01_18-12,2446
DARK,DARK,Liz,ASL_2008_02_29,27,2840,2905,ASL_2008_02_29-27,2447
DARK,DARK,Naomi,ASL_2008_08_06,12,180,210,ASL_2008_08_06-12,2448
DARK,DARK,Tyler,ASL_2008_05_12b,12,285,337,ASL_2008_05_12b-12,2449
DARTS,DARTS,Brady,ASL_2011_06_08_Brady,32,6938,6959,ASL_2011_06_08_Brady-32,2450
DARTS,DARTS,Liz,ASL_2008_01_18,12,815,845,ASL_2008_01_18-12,2451
DARTS,DARTS,Naomi,ASL_2008_08_06,12,582,610,ASL_2008_08_06-12,2452
DARTS,DARTS,Tyler,ASL_2008_05_12b,12,615,635,ASL_2008_05_12b-12,2453
DASH-LINES,DASH-LINES,Brady,ASL_2011_06_08_Brady,32,7372,7426,ASL_2011_06_08_Brady-32,2454
DASH-LINES,DASH-LINES,Liz,ASL_2008_01_18,12,1130,1200,ASL_2008_01_18-12,2455
DASH-LINES,DASH-LINES,Naomi,ASL_2008_08_06,12,1045,1135,ASL_2008_08_06-12,2456
DATE/DESSERT,DATE/DESSERT+,Brady,ASL_2011_06_08_Brady,33,7716,7734,ASL_2011_06_08_Brady-33,2457
DATE/DESSERT,DATE/DESSERT+,Liz,ASL_2008_01_18,12,1377,1415,ASL_2008_01_18-12,2458
DATE/DESSERT,DATE/DESSERT+,Liz,ASL_2008_01_18,15,1495,1528,ASL_2008_01_18-15,2459
DATE/DESSERT,DATE/DESSERT+,Liz,ASL_2010_08_10_Liz_additional_lexicon_signs,12,1440,1505,ASL_2010_08_10_Liz_additional_lexicon_signs-12,2460
DATE/DESSERT,DATE/DESSERT+,Naomi,ASL_2008_08_06,12,1355,1386,ASL_2008_08_06-12,2461
DATE/DESSERT,DATE/DESSERT+,Naomi,ASL_2008_08_06,15,1651,1685,ASL_2008_08_06-15,2462
DATE/DESSERT,DATE/DESSERT++,Brady,ASL_2011_06_08_Brady,32,7663,7687,ASL_2011_06_08_Brady-32,2463
DATE/DESSERT,DATE/DESSERT++,Brady,ASL_2011_06_08_Brady,33,7318,7340,ASL_2011_06_08_Brady-33,2464
DATE/DESSERT,DATE/DESSERT++,Tyler,ASL_2008_05_12b,12,1760,1805,ASL_2008_05_12b-12,2465
DATE/DESSERT,DATE/DESSERT+++,Tyler,ASL_2008_05_12b,15,1325,1365,ASL_2008_05_12b-15,2466
DAUGHTER,DAUGHTER,Brady,ASL_2011_06_08_Brady,32,7872,7887,ASL_2011_06_08_Brady-32,2467
DAUGHTER,DAUGHTER,Dana,ASL_2007_05_24,10,3110,3151,ASL_2007_05_24-10,2468
DAUGHTER,DAUGHTER,Lana,ASL_2006_10_10,6,2750,2767,ASL_2006_10_10-6,2469
DAUGHTER,DAUGHTER,Liz,ASL_2008_01_18,12,1660,1681,ASL_2008_01_18-12,2470
DAY,(D)DAY,Brady,ASL_2011_06_08_Brady,32,8367,8384,ASL_2011_06_08_Brady-32,2471
DAY,(D)DAY,Liz,ASL_2008_01_18,12,2125,2160,ASL_2008_01_18-12,2472
DAY,DAY,Lana,ASL_2006_09_26,61,1097,1127,ASL_2006_09_26-61,2473
DAY,DAY,Naomi,ASL_2008_08_06,12,2295,2317,ASL_2008_08_06-12,2474
DAY,DAY,Tyler,ASL_2008_05_12b,12,2430,2460,ASL_2008_05_12b-12,2475
"DCL""T""+VOLUNTEER/SHIRT","DCL""T""+VOLUNTEER/SHIRT",Liz,ASL_2008_03_28,3,1753,1809,ASL_2008_03_28-3,2476
"DCL""can""+ICL""open can""","DCL""can""+ICL""open can""",Liz,ASL_2008_03_28,42,3103,3189,ASL_2008_03_28-42,2477
"DCL""flat stack""","DCL""flat stack""",Liz,ASL_2008_02_15,38,3500,3547,ASL_2008_02_15-38,2478
"DCL""flat stack""","DCL""flat stack""",Liz,ASL_2008_02_29,42,4995,5041,ASL_2008_02_29-42,2479
"DCL""long stringed hanging object""","DCL""long stringed hanging object""",Liz,ASL_2008_02_15,17,3465,3521,ASL_2008_02_15-17,2480
"DCL""pile""","DCL""pile""",Liz,ASL_2008_02_15,38,3727,3785,ASL_2008_02_15-38,2481
"DCL""rough surface""","DCL""rough surface""",Liz,ASL_2008_02_29,19,2845,2910,ASL_2008_02_29-19,2482
"DCL""steam rising""","DCL""steam rising""",Liz,ASL_2008_02_29,44,3130,3205,ASL_2008_02_29-44,2483
"DCL""thick strip""","DCL""thick strip""",Liz,ASL_2008_02_29,49,2905,2959,ASL_2008_02_29-49,2484
"DCL""thin cylindrical object""","DCL""thin cylindrical object""",Liz,ASL_2008_02_15,43,3587,3630,ASL_2008_02_15-43,2485
"DCL:1""speedometer""","DCL:1""speedometer""",Tyler,ASL_2008_06_10,13,3245,3295,ASL_2008_06_10-13,2486
"DCL:crvd-5""tall wide cylindrical object""","DCL:crvd-5""tall wide cylindrical object""",Liz,ASL_2008_03_28,36,1705,1755,ASL_2008_03_28-36,2487
"DCL:crvd-5""tall wide cylindrical object""","DCL:crvd-L""tall wide cylindrical object""",Liz,ASL_2008_03_28,36,2135,2190,ASL_2008_03_28-36,2488
"DCL:crvd-5""tall wide cylindrical object""+HANDLE","DCL:crvd-5""tall wide cylindrical object""+HANDLE",Brady,ASL_2011_06_14_Brady,3,3873,3909,ASL_2011_06_14_Brady-3,2489
"DCL:crvd-5""tall wide cylindrical object""+HANDLE","DCL:crvd-5""tall wide cylindrical object""+HANDLE",Naomi,ASL_2008_08_04,37,404,460,ASL_2008_08_04-37,2490
"DCL:crvd-V""couch shaped object""","DCL:crvd-B""couch shaped object""",Brady,ASL_2011_07_19_Brady,90,1700,1714,ASL_2011_07_19_Brady-90,2491
"DCL:crvd-V""couch shaped object""","DCL:crvd-B""couch shaped object""",Liz,ASL_2008_02_29,38,220,251,ASL_2008_02_29-38,2492
"DCL:crvd-V""couch shaped object""","DCL:crvd-U""couch shaped object""",Brady,ASL_2011_06_08_Brady,30,8913,8949,ASL_2011_06_08_Brady-30,2493
"DCL:crvd-V""couch shaped object""","DCL:crvd-U""couch shaped object""",Tyler,ASL_2008_05_12b,6,735,767,ASL_2008_05_12b-6,2494
"DCL:crvd-V""couch shaped object""","DCL:crvd-V""couch shaped object""",Brady,ASL_2011_06_08_Brady,19,6901,6925,ASL_2011_06_08_Brady-19,2495
"DCL:crvd-V""couch shaped object""","DCL:crvd-V""couch shaped object""",Brady,ASL_2011_07_19_Brady,90,1400,1421,ASL_2011_07_19_Brady-90,2496
"DCL:crvd-V""couch shaped object""","DCL:crvd-V""couch shaped object""",Liz,ASL_2008_02_29,37,2690,2740,ASL_2008_02_29-37,2497
DEAF,DEAF,Brady,ASL_2011_06_08_Brady,32,8589,8615,ASL_2011_06_08_Brady-32,2498
DEAF,DEAF,Brady,ASL_2011_06_14_Brady,3,11563,11583,ASL_2011_06_14_Brady-3,2499
DEAF,DEAF,Dana,ASL_2007_05_24,10,2264,2318,ASL_2007_05_24-10,2500
DEAF,DEAF,Lana,ASL_2006_10_10,6,1950,1967,ASL_2006_10_10-6,2501
DEAF,DEAF,Liz,ASL_2008_01_18,12,2336,2365,ASL_2008_01_18-12,2502
DEAF,DEAF,Naomi,ASL_2008_08_06,12,2520,2545,ASL_2008_08_06-12,2503
DEAF,DEAF,Tyler,ASL_2008_05_12b,12,2630,2655,ASL_2008_05_12b-12,2504
DEAF-APPLAUSE,DEAF-APPLAUSE,Brady,ASL_2011_06_08_Brady,12,6122,6153,ASL_2011_06_08_Brady-12,2505
DEAF-APPLAUSE,DEAF-APPLAUSE,Liz,ASL_2008_01_11,16,820,851,ASL_2008_01_11-16,2506
DEAF-APPLAUSE,DEAF-APPLAUSE,Naomi,ASL_2008_08_04,12,1320,1342,ASL_2008_08_04-12,2507
DEAF-APPLAUSE,DEAF-APPLAUSE,Tyler,ASL_2008_05_12a,12,2140,2167,ASL_2008_05_12a-12,2508
DEAL-CARDS,DEAL-CARDS,Brady,ASL_2011_07_19_Brady,35,3589,3623,ASL_2011_07_19_Brady-35,2509
DEAL-CARDS,DEAL-CARDS,Liz,ASL_2008_02_15,41,2572,2646,ASL_2008_02_15-41,2510
DECIDE,DECIDE,Brady,ASL_2011_06_08_Brady,32,10973,10995,ASL_2011_06_08_Brady-32,2511
DECIDE,DECIDE,Brady,ASL_2011_07_22_Brady,41,1570,1588,ASL_2011_07_22_Brady-41,2512
DECIDE,DECIDE,Lana,ASL_2006_01_20,22,1045,1078,ASL_2006_01_20-22,2513
DECIDE,DECIDE,Liz,ASL_2008_01_18,13,1015,1045,ASL_2008_01_18-13,2514
DECIDE,DECIDE,Liz,ASL_2008_01_18,13,1407,1425,ASL_2008_01_18-13,2515
DECIDE,DECIDE,Naomi,ASL_2008_08_06,13,995,1020,ASL_2008_08_06-13,2516
DECIDE,DECIDE,Naomi,ASL_2008_08_06,13,1461,1485,ASL_2008_08_06-13,2517
DECIDE,DECIDE,Tyler,ASL_2008_05_12b,13,1102,1130,ASL_2008_05_12b-13,2518
DECONSTRUCT,DECONSTRUCT,Brady,ASL_2011_06_08_Brady,23,9147,9191,ASL_2011_06_08_Brady-23,2519
DECONSTRUCT,DECONSTRUCT,Liz,ASL_2008_01_11,55,1150,1200,ASL_2008_01_11-55,2520
DECORATE,DECORATE,Brady,ASL_2011_06_08_Brady,32,11438,11475,ASL_2011_06_08_Brady-32,2521
DECORATE,DECORATE,Liz,ASL_2008_01_18,13,1650,1716,ASL_2008_01_18-13,2522
DECORATE,DECORATE,Naomi,ASL_2008_08_06,13,1767,1850,ASL_2008_08_06-13,2523
DECORATE,DECORATE,Tyler,ASL_2008_05_12b,13,1680,1730,ASL_2008_05_12b-13,2524
DECREASE,DECREASE,Brady,ASL_2011_06_14_Brady,48,3469,3500,ASL_2011_06_14_Brady-48,2525
DECREASE,DECREASE,Brady,ASL_2011_07_19_Brady,52,2443,2465,ASL_2011_07_19_Brady-52,2526
DECREASE,DECREASE,Brady,ASL_2011_07_22_Brady,50,2424,2444,ASL_2011_07_22_Brady-50,2527
DECREASE,DECREASE,Liz,ASL_2008_02_01,47,845,885,ASL_2008_02_01-47,2528
DECREASE,DECREASE,Liz,ASL_2008_02_29,8,362,427,ASL_2008_02_29-8,2529
DECREASE,DECREASE,Naomi,ASL_2008_08_13_session2,2,1950,1985,ASL_2008_08_13_session2-2,2530
DECREASE,DECREASE,Tyler,ASL_2008_05_29b,19,2117,2145,ASL_2008_05_29b-19,2531
DECREASE,DECREASE+,Brady,ASL_2011_06_08_Brady,34,2657,2690,ASL_2011_06_08_Brady-34,2532
DECREASE,DECREASE+,Lana,ASL_2006_10_10,7,246,289,ASL_2006_10_10-7,2533
DECREASE,DECREASE+,Tyler,ASL_2008_05_12b,16,975,1020,ASL_2008_05_12b-16,2534
DEEP,DEEP,Brady,ASL_2011_06_08_Brady,32,11669,11687,ASL_2011_06_08_Brady-32,2535
DEEP,DEEP,Liz,ASL_2008_01_18,13,1911,1935,ASL_2008_01_18-13,2536
DEEP,DEEP,Naomi,ASL_2008_08_06,13,2067,2102,ASL_2008_08_06-13,2537
DEEP,DEEP_2,Tyler,ASL_2008_05_12b,13,1905,1932,ASL_2008_05_12b-13,2538
DEER,DEER+,Liz,ASL_2008_01_18,13,2130,2180,ASL_2008_01_18-13,2539
DEER,DEER+,Naomi,ASL_2008_08_06,13,2395,2420,ASL_2008_08_06-13,2540
DEFEND,DEFEND+,Brady,ASL_2011_07_19_Brady,45,921,944,ASL_2011_07_19_Brady-45,2541
DEFEND,DEFEND+,Liz,ASL_2008_01_18,13,2331,2362,ASL_2008_01_18-13,2542
DEFEND,DEFEND+,Tyler,ASL_2008_05_12b,13,2465,2490,ASL_2008_05_12b-13,2543
DEFEND,DEFEND++,Brady,ASL_2011_06_08_Brady,32,11925,11960,ASL_2011_06_08_Brady-32,2544
DEFEND,DEFEND_2,Naomi,ASL_2008_08_06,13,2660,2675,ASL_2008_08_06-13,2545
DEFEND,DEFEND_2+,Liz,ASL_2008_02_15,50,2265,2300,ASL_2008_02_15-50,2546
DEFLATE,(1h)DEFLATE,Naomi,ASL_2008_08_06,13,3190,3221,ASL_2008_08_06-13,2547
DEFLATE,DEFLATE,Brady,ASL_2011_06_08_Brady,32,14142,14166,ASL_2011_06_08_Brady-32,2548
DEFLATE,DEFLATE,Liz,ASL_2008_01_18,14,277,301,ASL_2008_01_18-14,2549
DEFLATE_2,DEFLATE_2,Tyler,ASL_2008_05_12b,13,3097,3135,ASL_2008_05_12b-13,2550
DELETE,(2h)DELETE,Brady,ASL_2011_06_14_Brady,11,3304,3324,ASL_2011_06_14_Brady-11,2551
DELETE,(2h)DELETE,Liz,ASL_2008_01_18,30,1291,1310,ASL_2008_01_18-30,2552
DELETE,DELETE,Brady,ASL_2011_07_22_Brady,39,3784,3808,ASL_2011_07_22_Brady-39,2553
DELETE,DELETE,Naomi,ASL_2008_08_06,30,1502,1522,ASL_2008_08_06-30,2554
DELETE,DELETE,Tyler,ASL_2008_05_29a,10,1222,1256,ASL_2008_05_29a-10,2555
DELICIOUS,DELICIOUS,Dana,ASL_2007_05_24,10,2688,2738,ASL_2007_05_24-10,2556
DELICIOUS,DELICIOUS,Lana,ASL_2006_10_10,6,2369,2384,ASL_2006_10_10-6,2557
DELICIOUS,DELICIOUS,Naomi,ASL_2008_08_06,14,230,242,ASL_2008_08_06-14,2558
DELICIOUS,DELICIOUS,Tyler,ASL_2008_05_12b,14,260,290,ASL_2008_05_12b-14,2559
DELICIOUS,DELICIOUS_2,Brady,ASL_2011_06_08_Brady,32,14396,14415,ASL_2011_06_08_Brady-32,2560
DELICIOUS,DELICIOUS_2,Liz,ASL_2008_01_18,14,460,485,ASL_2008_01_18-14,2561
DEMOCRAT,DEMOCRAT,Brady,ASL_2011_06_08_Brady,32,14887,14919,ASL_2011_06_08_Brady-32,2562
DEMOCRAT,DEMOCRAT,Liz,ASL_2008_01_18,14,1145,1187,ASL_2008_01_18-14,2563
DEMOCRAT,DEMOCRAT,Naomi,ASL_2008_08_06,14,735,755,ASL_2008_08_06-14,2564
DEMOCRAT,DEMOCRAT,Tyler,ASL_2008_05_12b,14,885,941,ASL_2008_05_12b-14,2565
DENTIST,DENTIST+,Brady,ASL_2011_06_08_Brady,33,532,562,ASL_2011_06_08_Brady-33,2566
DENTIST,DENTIST+,Tyler,ASL_2008_05_12b,14,1660,1705,ASL_2008_05_12b-14,2567
DENY,DENY,Brady,ASL_2011_06_08_Brady,33,462,485,ASL_2011_06_08_Brady-33,2568
DENY,DENY,Liz,ASL_2008_01_18,14,1990,2017,ASL_2008_01_18-14,2569
DENY,DENY,Naomi,ASL_2008_08_06,14,3235,3261,ASL_2008_08_06-14,2570
DEPARTMENT,DEPARTMENT,Brady,ASL_2011_06_08_Brady,33,1115,1139,ASL_2011_06_08_Brady-33,2571
DEPARTMENT,DEPARTMENT,Liz,ASL_2008_01_18,14,2200,2225,ASL_2008_01_18-14,2572
DEPARTMENT,DEPARTMENT,Naomi,ASL_2008_08_06,14,3565,3585,ASL_2008_08_06-14,2573
DEPARTMENT,DEPARTMENT,Tyler,ASL_2008_05_12b,14,2955,2985,ASL_2008_05_12b-14,2574
DEPEND,DEPEND,Liz,ASL_2008_01_18,14,2427,2451,ASL_2008_01_18-14,2575
DEPEND,DEPEND+,Brady,ASL_2011_06_08_Brady,33,1326,1360,ASL_2011_06_08_Brady-33,2576
DEPEND,DEPEND+,Liz,ASL_2008_01_18,15,255,295,ASL_2008_01_18-15,2577
DEPEND,DEPEND+,Naomi,ASL_2008_08_06,14,3800,3830,ASL_2008_08_06-14,2578
DEPEND,DEPEND+,Tyler,ASL_2008_05_12b,14,3261,3300,ASL_2008_05_12b-14,2579
DEPEND,DEPEND+,Tyler,ASL_2008_05_12b,14,3506,3535,ASL_2008_05_12b-14,2580
DEPOSIT,DEPOSIT,Brady,ASL_2011_06_08_Brady,33,4160,4176,ASL_2011_06_08_Brady-33,2581
DEPOSIT,DEPOSIT,Dana,ASL_2007_05_24,11,542,586,ASL_2007_05_24-11,2582
DEPOSIT,DEPOSIT,Lana,ASL_2006_10_10,7,514,528,ASL_2006_10_10-7,2583
DEPOSIT,DEPOSIT,Liz,ASL_2008_01_18,15,457,485,ASL_2008_01_18-15,2584
DEPOSIT,DEPOSIT,Liz,ASL_2010_08_10_Liz_additional_lexicon_signs,15,2265,2315,ASL_2010_08_10_Liz_additional_lexicon_signs-15,2585
DEPOSIT,DEPOSIT,Naomi,ASL_2008_08_06,14,4401,4420,ASL_2008_08_06-14,2586
DEPOSIT,DEPOSIT,Tyler,ASL_2008_05_12b,14,3747,3777,ASL_2008_05_12b-14,2587
DEPRESS,(D)DEPRESS,Liz,ASL_2008_01_18,15,885,912,ASL_2008_01_18-15,2588
DEPRESS,(D)DEPRESS,Naomi,ASL_2008_08_06,15,492,535,ASL_2008_08_06-15,2589
DEPRESS,(D)DEPRESS,Tyler,ASL_2008_05_12b,15,562,595,ASL_2008_05_12b-15,2590
DEPRESS,DEPRESS,Brady,ASL_2011_06_08_Brady,33,2204,2237,ASL_2011_06_08_Brady-33,2591
DEPRESS,DEPRESS,Brady,ASL_2011_06_08_Brady,33,3586,3617,ASL_2011_06_08_Brady-33,2592
DEPRESS,DEPRESS,Dana,ASL_2007_05_24,11,802,836,ASL_2007_05_24-11,2593
DEPRESS,DEPRESS,Lana,ASL_2006_10_10,7,760,792,ASL_2006_10_10-7,2594
DEPRESS,DEPRESS,Liz,ASL_2008_01_18,15,672,696,ASL_2008_01_18-15,2595
DEPRESS,DEPRESS,Naomi,ASL_2008_08_06,15,235,262,ASL_2008_08_06-15,2596
DEPRESS,DEPRESS,Tyler,ASL_2008_05_12b,15,350,385,ASL_2008_05_12b-15,2597
DESTROY,DESTROY,Brady,ASL_2011_06_08_Brady,33,7992,8019,ASL_2011_06_08_Brady-33,2598
DESTROY,DESTROY,Dana,ASL_2007_05_24,11,937,981,ASL_2007_05_24-11,2599
DESTROY,DESTROY,Lana,ASL_2006_10_10,7,886,917,ASL_2006_10_10-7,2600
DESTROY,DESTROY,Naomi,ASL_2008_08_06,15,1910,1955,ASL_2008_08_06-15,2601
DESTROY,DESTROY,Tyler,ASL_2008_05_12b,15,1540,1585,ASL_2008_05_12b-15,2602
DETECTIVE,DETECTIVE+,Brady,ASL_2011_06_08_Brady,33,8260,8292,ASL_2011_06_08_Brady-33,2603
DETECTIVE,DETECTIVE+,Liz,ASL_2008_01_18,15,1955,2015,ASL_2008_01_18-15,2604
DETERIORATE,DETERIORATE,Brady,ASL_2011_06_08_Brady,33,9625,9675,ASL_2011_06_08_Brady-33,2605
DETERIORATE,DETERIORATE,Liz,ASL_2008_01_18,16,717,770,ASL_2008_01_18-16,2606
DETERIORATE,DETERIORATE,Naomi,ASL_2008_08_06,16,957,982,ASL_2008_08_06-16,2607
DETERIORATE,DETERIORATE,Tyler,ASL_2008_05_12b,15,3696,3735,ASL_2008_05_12b-15,2608
DEVELOP,(D)DEVELOP,Liz,ASL_2008_01_18,16,1240,1260,ASL_2008_01_18-16,2609
DEVELOP,(D)DEVELOP,Tyler,ASL_2008_05_12b,15,4280,4320,ASL_2008_05_12b-15,2610
DEVELOP,DEVELOP,Brady,ASL_2011_06_08_Brady,33,10147,10168,ASL_2011_06_08_Brady-33,2611
DEVELOP,DEVELOP,Brady,ASL_2011_06_08_Brady,33,10724,10744,ASL_2011_06_08_Brady-33,2612
DEVELOP,DEVELOP,Brady,ASL_2011_07_19_Brady,81,1637,1660,ASL_2011_07_19_Brady-81,2613
DEVELOP,DEVELOP,Liz,ASL_2008_01_18,16,1450,1486,ASL_2008_01_18-16,2614
DEVELOP,DEVELOP,Liz,ASL_2008_02_29,30,1338,1380,ASL_2008_02_29-30,2615
DEVELOP,DEVELOP,Naomi,ASL_2008_08_06,16,1637,1655,ASL_2008_08_06-16,2616
DEVELOP,DEVELOP,Naomi,ASL_2008_08_06,16,1890,1910,ASL_2008_08_06-16,2617
DEVELOP,DEVELOP,Tyler,ASL_2008_05_12b,15,4510,4535,ASL_2008_05_12b-15,2618
DEVIL/MISCHIEVOUS,(2h)DEVIL/MISCHIEVOUS+,Liz,ASL_2008_02_15,6,1527,1571,ASL_2008_02_15-6,2619
DEVIL/MISCHIEVOUS,(2h)DEVIL/MISCHIEVOUS+,Tyler,ASL_2008_06_10,16,1050,1073,ASL_2008_06_10-16,2620
DEVIL/MISCHIEVOUS,(2h)DEVIL/MISCHIEVOUS++,Brady,ASL_2011_07_22_Brady,47,1989,2043,ASL_2011_07_22_Brady-47,2621
DEVIL/MISCHIEVOUS,(2h)DEVIL/MISCHIEVOUS++,Brady,ASL_2011_07_22_Brady,48,121,185,ASL_2011_07_22_Brady-48,2622
DEVIL/MISCHIEVOUS,(2h)DEVIL/MISCHIEVOUS++,Tyler,ASL_2008_05_12b,15,4715,4751,ASL_2008_05_12b-15,2623
DEVIL/MISCHIEVOUS,(2h)MISCHIEVOUS+,Liz,ASL_2008_02_15,6,1050,1097,ASL_2008_02_15-6,2624
DEVIL/MISCHIEVOUS,(2h)MISCHIEVOUS++,Brady,ASL_2011_07_19_Brady,3,1801,1843,ASL_2011_07_19_Brady-3,2625
DEVIL/MISCHIEVOUS,DEVIL/MISCHIEVOUS+,Dana,ASL_2007_05_24,20,1964,2026,ASL_2007_05_24-20,2626
DEVIL/MISCHIEVOUS,DEVIL/MISCHIEVOUS+,Lana,ASL_2006_10_10,18,2044,2070,ASL_2006_10_10-18,2627
DEVIL/MISCHIEVOUS,DEVIL/MISCHIEVOUS+,Liz,ASL_2008_01_18,16,1655,1695,ASL_2008_01_18-16,2628
DEVIL/MISCHIEVOUS,DEVIL/MISCHIEVOUS+,Naomi,ASL_2008_08_06,16,2166,2201,ASL_2008_08_06-16,2629
DEVIL/MISCHIEVOUS,DEVIL/MISCHIEVOUS++,Brady,ASL_2011_06_08_Brady,33,11272,11308,ASL_2011_06_08_Brady-33,2630
DEVOUR,DEVOUR,Brady,ASL_2011_06_08_Brady,30,1149,1176,ASL_2011_06_08_Brady-30,2631
DIAL-ROTARY,DIAL-ROTARY,Naomi,ASL_2008_08_06,16,3855,3875,ASL_2008_08_06-16,2632
DIALOG,DIALOG++,Brady,ASL_2011_06_08_Brady,34,554,584,ASL_2011_06_08_Brady-34,2633
DIALOG,DIALOG++,Liz,ASL_2008_01_18,16,3336,3395,ASL_2008_01_18-16,2634
DIALOG,DIALOG++,Naomi,ASL_2008_08_06,16,4280,4335,ASL_2008_08_06-16,2635
DIALOG,DIALOG++,Tyler,ASL_2008_05_12b,15,6511,6550,ASL_2008_05_12b-15,2636
DIAMOND,DIAMOND++,Brady,ASL_2011_06_08_Brady,34,831,854,ASL_2011_06_08_Brady-34,2637
DIAMOND,DIAMOND++,Liz,ASL_2010_08_10_Liz_additional_lexicon_signs,12,1121,1195,ASL_2010_08_10_Liz_additional_lexicon_signs-12,2638
DICTIONARY,DICTIONARY++,Brady,ASL_2011_06_08_Brady,34,2175,2209,ASL_2011_06_08_Brady-34,2639
DICTIONARY,DICTIONARY++,Liz,ASL_2008_01_18,17,525,580,ASL_2008_01_18-17,2640
DICTIONARY,DICTIONARY++,Naomi,ASL_2008_08_06,17,295,360,ASL_2008_08_06-17,2641
DICTIONARY,DICTIONARY++,Tyler,ASL_2008_05_12b,16,395,445,ASL_2008_05_12b-16,2642
DIE,DIE,Brady,ASL_2011_06_08_Brady,34,2428,2446,ASL_2011_06_08_Brady-34,2643
DIE,DIE,Liz,ASL_2008_01_18,17,720,755,ASL_2008_01_18-17,2644
DIE,DIE,Naomi,ASL_2008_08_06,17,510,542,ASL_2008_08_06-17,2645
DIE,DIE,Tyler,ASL_2008_05_12b,16,580,615,ASL_2008_05_12b-16,2646
DIM,DIM,Liz,ASL_2008_01_18,17,1775,1820,ASL_2008_01_18-17,2647
DIM,DIM,Naomi,ASL_2008_08_06,17,2480,2516,ASL_2008_08_06-17,2648
DIM,DIM,Tyler,ASL_2008_05_12b,16,1950,1980,ASL_2008_05_12b-16,2649
DIM,DIM_2,Brady,ASL_2011_06_08_Brady,34,3789,3817,ASL_2011_06_08_Brady-34,2650
DIMPLE,(1h)DIMPLE,Brady,ASL_2011_06_08_Brady,34,4705,4733,ASL_2011_06_08_Brady-34,2651
DIMPLE,(1h)DIMPLE,Tyler,ASL_2008_05_12b,16,2415,2450,ASL_2008_05_12b-16,2652
DIMPLE,DIMPLE,Brady,ASL_2011_06_08_Brady,34,4869,4887,ASL_2011_06_08_Brady-34,2653
DIMPLE,DIMPLE,Liz,ASL_2008_01_18,17,2297,2325,ASL_2008_01_18-17,2654
DIMPLE,DIMPLE+,Naomi,ASL_2008_08_06,17,3366,3395,ASL_2008_08_06-17,2655
DINNER,DINNER,Naomi,ASL_2008_08_06,18,631,650,ASL_2008_08_06-18,2656
DINNER,DINNER+,Liz,ASL_2008_01_18,18,785,821,ASL_2008_01_18-18,2657
DINNER,DINNER++,Brady,ASL_2011_06_08_Brady,34,6408,6433,ASL_2011_06_08_Brady-34,2658
DINNER++BOX/ROOM,DINNER++BOX/ROOM,Brady,ASL_2011_06_14_Brady,5,1357,1388,ASL_2011_06_14_Brady-5,2659
DINNER++BOX/ROOM,DINNER++BOX/ROOM,Liz,ASL_2008_01_18,18,305,376,ASL_2008_01_18-18,2660
DINNER++BOX/ROOM,DINNER++BOX/ROOM,Tyler,ASL_2008_05_12b,16,2703,2759,ASL_2008_05_12b-16,2661
DINOSAUR,(D)DINOSAUR,Brady,ASL_2011_06_08_Brady,34,6712,6734,ASL_2011_06_08_Brady-34,2662
DINOSAUR,(D)DINOSAUR,Brady,ASL_2011_06_14_Brady,10,475,503,ASL_2011_06_14_Brady-10,2663
DINOSAUR,DINOSAUR+,Naomi,ASL_2008_08_06,18,915,950,ASL_2008_08_06-18,2664
DINOSAUR,DINOSAUR++,Liz,ASL_2008_01_18,18,1082,1140,ASL_2008_01_18-18,2665
DINOSAUR,DINOSAUR++,Tyler,ASL_2008_05_12b,17,972,1017,ASL_2008_05_12b-17,2666
DIPLOMA,(O)DIPLOMA,Brady,ASL_2011_06_08_Brady,35,1671,1700,ASL_2011_06_08_Brady-35,2667
DIPLOMA,(O)DIPLOMA,Liz,ASL_2008_01_18,18,1535,1567,ASL_2008_01_18-18,2668
DIPLOMA,(O)DIPLOMA,Liz,ASL_2008_02_15,40,367,409,ASL_2008_02_15-40,2669
DIPLOMA,(O)DIPLOMA,Naomi,ASL_2008_08_06,18,1362,1387,ASL_2008_08_06-18,2670
DIPLOMA,(O)DIPLOMA,Tyler,ASL_2008_05_12b,17,1500,1531,ASL_2008_05_12b-17,2671
DIPLOMA,DIPLOMA,Brady,ASL_2011_06_08_Brady,34,6977,6995,ASL_2011_06_08_Brady-34,2672
DIPLOMA,DIPLOMA,Liz,ASL_2008_01_18,18,1315,1345,ASL_2008_01_18-18,2673
DIPLOMA,DIPLOMA,Naomi,ASL_2008_08_06,18,1130,1151,ASL_2008_08_06-18,2674
DIPLOMA,DIPLOMA,Tyler,ASL_2008_05_12b,17,1285,1325,ASL_2008_05_12b-17,2675
DIRECT,DIRECT+,Liz,ASL_2008_01_18,18,1772,1820,ASL_2008_01_18-18,2676
DIRECT,DIRECT+,Naomi,ASL_2008_08_06,18,1650,1690,ASL_2008_08_06-18,2677
DIRECT,DIRECT+,Tyler,ASL_2008_05_12b,15,6800,6830,ASL_2008_05_12b-15,2678
DIRECT,DIRECT+,Tyler,ASL_2008_05_12b,17,1720,1761,ASL_2008_05_12b-17,2679
DIRECT+AGENT,DIRECT+AGENT,Brady,ASL_2011_06_14_Brady,5,1867,1888,ASL_2011_06_14_Brady-5,2680
DIRECT+AGENT,DIRECT+AGENT,Liz,ASL_2008_01_18,18,1991,2052,ASL_2008_01_18-18,2681
DIRECT+AGENT,DIRECT+AGENT,Naomi,ASL_2008_08_06,18,1915,1956,ASL_2008_08_06-18,2682
DIRECT+AGENT,DIRECT+AGENT,Tyler,ASL_2008_05_12b,17,2020,2064,ASL_2008_05_12b-17,2683
DIRTY,DIRTY,Brady,ASL_2011_06_08_Brady,35,3038,3061,ASL_2011_06_08_Brady-35,2684
DIRTY,DIRTY,Dana,ASL_2007_05_24,11,419,460,ASL_2007_05_24-11,2685
DIRTY,DIRTY,Lana,ASL_2006_10_10,7,394,427,ASL_2006_10_10-7,2686
DIRTY,DIRTY,Liz,ASL_2008_01_18,18,2410,2470,ASL_2008_01_18-18,2687
DIRTY,DIRTY,Tyler,ASL_2008_05_12b,17,2250,2290,ASL_2008_05_12b-17,2688
DIRTY,DIRTY,Tyler,ASL_2008_05_12b,17,2711,2745,ASL_2008_05_12b-17,2689
DISAGREE,DISAGREE,Tyler,ASL_2008_05_12b,17,2982,3002,ASL_2008_05_12b-17,2690
DISAPPEAR,DISAPPEAR,Brady,ASL_2011_06_08_Brady,35,3461,3483,ASL_2011_06_08_Brady-35,2691
DISAPPEAR,DISAPPEAR,Lana,ASL_2006_10_10,7,1567,1580,ASL_2006_10_10-7,2692
DISAPPEAR,DISAPPEAR,Liz,ASL_2008_01_18,19,435,455,ASL_2008_01_18-19,2693
DISAPPEAR,DISAPPEAR,Naomi,ASL_2008_08_06,19,180,205,ASL_2008_08_06-19,2694
DISAPPEAR,DISAPPEAR,Tyler,ASL_2008_05_12b,18,247,277,ASL_2008_05_12b-18,2695
DISAPPOINT,DISAPPOINT,Brady,ASL_2011_06_08_Brady,35,3695,3724,ASL_2011_06_08_Brady-35,2696
DISAPPOINT,DISAPPOINT,Brady,ASL_2011_06_14_Brady,18,5272,5297,ASL_2011_06_14_Brady-18,2697
DISAPPOINT,DISAPPOINT,Brady,ASL_2011_07_19_Brady,3,2589,2612,ASL_2011_07_19_Brady-3,2698
DISAPPOINT,DISAPPOINT,Dana,ASL_2007_05_24,20,2386,2421,ASL_2007_05_24-20,2699
DISAPPOINT,DISAPPOINT,Lana,ASL_2006_10_10,18,2428,2433,ASL_2006_10_10-18,2700
DISAPPOINT,DISAPPOINT,Liz,ASL_2008_01_18,19,632,670,ASL_2008_01_18-19,2701
DISAPPOINT,DISAPPOINT,Liz,ASL_2008_02_15,6,4488,4535,ASL_2008_02_15-6,2702
DISAPPOINT,DISAPPOINT,Naomi,ASL_2008_08_06,19,520,542,ASL_2008_08_06-19,2703
DISAPPOINT,DISAPPOINT,Tyler,ASL_2008_05_12b,18,450,487,ASL_2008_05_12b-18,2704
DISAPPOINT,DISAPPOINT,Tyler,ASL_2008_06_10,16,2385,2412,ASL_2008_06_10-16,2705
DISCIPLINE,(nd-1)DISCIPLINE,Brady,ASL_2011_06_08_Brady,35,3900,3926,ASL_2011_06_08_Brady-35,2706
DISCIPLINE,(nd-1)DISCIPLINE++,Tyler,ASL_2008_05_12b,18,750,791,ASL_2008_05_12b-18,2707
DISCIPLINE,DISCIPLINE,Liz,ASL_2008_01_18,19,880,925,ASL_2008_01_18-19,2708
DISCIPLINE,DISCIPLINE,Naomi,ASL_2008_08_06,19,1100,1130,ASL_2008_08_06-19,2709
DISCONNECT,DISCONNECT,Brady,ASL_2011_06_08_Brady,35,4154,4172,ASL_2011_06_08_Brady-35,2710
DISCONNECT,DISCONNECT,Brady,ASL_2011_07_19_Brady,54,2967,2986,ASL_2011_07_19_Brady-54,2711
DISCONNECT,DISCONNECT,Brady,ASL_2011_07_19_Brady,54,3213,3227,ASL_2011_07_19_Brady-54,2712
DISCONNECT,DISCONNECT,Brady,ASL_2011_07_22_Brady,50,2832,2854,ASL_2011_07_22_Brady-50,2713
DISCONNECT,DISCONNECT,Liz,ASL_2008_01_18,19,1115,1146,ASL_2008_01_18-19,2714
DISCONNECT,DISCONNECT,Liz,ASL_2008_02_29,9,3070,3100,ASL_2008_02_29-9,2715
DISCONNECT,DISCONNECT,Liz,ASL_2008_02_29,10,1310,1350,ASL_2008_02_29-10,2716
DISCONNECT,DISCONNECT,Naomi,ASL_2008_08_06,19,1371,1395,ASL_2008_08_06-19,2717
DISCONNECT,DISCONNECT,Tyler,ASL_2008_05_12b,18,948,975,ASL_2008_05_12b-18,2718
DISCRIMINATE,DISCRIMINATE,Brady,ASL_2011_06_08_Brady,35,4811,4852,ASL_2011_06_08_Brady-35,2719
DISCRIMINATE,DISCRIMINATE,Liz,ASL_2008_01_18,19,1627,1667,ASL_2008_01_18-19,2720
DISCRIMINATE,DISCRIMINATE,Naomi,ASL_2008_08_06,19,1832,1875,ASL_2008_08_06-19,2721
DISCRIMINATE,DISCRIMINATE,Tyler,ASL_2008_05_12b,18,1542,1590,ASL_2008_05_12b-18,2722
DISCUSS,DISCUSS+,Lana,ASL_2006_10_10,7,1824,1850,ASL_2006_10_10-7,2723
DISCUSS,DISCUSS+,Liz,ASL_2008_01_18,13,251,290,ASL_2008_01_18-13,2724
DISCUSS,DISCUSS+,Naomi,ASL_2008_08_06,12,3020,3055,ASL_2008_08_06-12,2725
DISCUSS,DISCUSS++,Liz,ASL_2008_01_18,19,1840,1885,ASL_2008_01_18-19,2726
DISCUSS,DISCUSS++,Naomi,ASL_2008_08_06,19,2110,2151,ASL_2008_08_06-19,2727
DISCUSS,DISCUSS++,Tyler,ASL_2008_05_12b,18,1760,1805,ASL_2008_05_12b-18,2728
DISCUSS,DISCUSS+++,Brady,ASL_2011_06_08_Brady,32,9757,9809,ASL_2011_06_08_Brady-32,2729
DISCUSS,DISCUSS+++,Brady,ASL_2011_06_08_Brady,35,5059,5103,ASL_2011_06_08_Brady-35,2730
DISCUSS,DISCUSS-INTENSELY+,Dana,ASL_2007_05_24,11,1953,2041,ASL_2007_05_24-11,2731
DISCUSS,DISCUSS-INTENSELY+,Tyler,ASL_2008_05_12b,12,3185,3236,ASL_2008_05_12b-12,2732
DISGUST,DISGUST+,Brady,ASL_2011_07_19_Brady,82,1406,1468,ASL_2011_07_19_Brady-82,2733
DISGUST,DISGUST+,Liz,ASL_2008_01_18,19,2065,2150,ASL_2008_01_18-19,2734
DISGUST,DISGUST+,Liz,ASL_2008_02_29,31,1084,1175,ASL_2008_02_29-31,2735
DISGUST,DISGUST+,Naomi,ASL_2008_08_06,19,2345,2380,ASL_2008_08_06-19,2736
DISGUST,DISGUST++,Brady,ASL_2011_06_08_Brady,35,5269,5335,ASL_2011_06_08_Brady-35,2737
DISGUST,DISGUST++,Tyler,ASL_2008_05_12b,18,1985,2036,ASL_2008_05_12b-18,2738
DISH,DISH,Brady,ASL_2011_06_08_Brady,36,1364,1384,ASL_2011_06_08_Brady-36,2739
DISH,DISH,Dana,ASL_2007_05_24,23,703,718,ASL_2007_05_24-23,2740
DISH,DISH,Lana,ASL_2006_10_10,21,766,778,ASL_2006_10_10-21,2741
DISH,DISH,Liz,ASL_2010_08_10_Liz_additional_lexicon_signs,2,165,221,ASL_2010_08_10_Liz_additional_lexicon_signs-2,2742
DISH,DISH,Liz,ASL_2010_08_10_Liz_additional_lexicon_signs,7,1753,1817,ASL_2010_08_10_Liz_additional_lexicon_signs-7,2743
DISH,DISH+,Liz,ASL_2008_02_15,41,516,571,ASL_2008_02_15-41,2744
DISH,DISH-pl,Brady,ASL_2011_06_08_Brady,36,1613,1646,ASL_2011_06_08_Brady-36,2745
DISH,DISH-pl,Liz,ASL_2010_08_10_Liz_additional_lexicon_signs,2,350,400,ASL_2010_08_10_Liz_additional_lexicon_signs-2,2746
DISMISS,DISMISS,Brady,ASL_2011_06_14_Brady,47,2986,3003,ASL_2011_06_14_Brady-47,2747
DISMISS,DISMISS,Dana,ASL_2007_05_24,18,2484,2516,ASL_2007_05_24-18,2748
DISMISS,DISMISS,Liz,ASL_2008_01_18,19,2267,2295,ASL_2008_01_18-19,2749
DISMISS,DISMISS,Liz,ASL_2008_02_01,44,2197,2240,ASL_2008_02_01-44,2750
DISMISS,DISMISS,Naomi,ASL_2008_08_06,19,2581,2615,ASL_2008_08_06-19,2751
DISMISS,DISMISS,Naomi,ASL_2008_08_13,37,4347,4377,ASL_2008_08_13-37,2752
DISMISS,DISMISS,Tyler,ASL_2008_05_12b,18,2320,2346,ASL_2008_05_12b-18,2753
DISMISS,DISMISS,Tyler,ASL_2008_05_29a,27,2575,2605,ASL_2008_05_29a-27,2754
DISMISS,DISMISS,Tyler,ASL_2008_05_29b,17,2241,2267,ASL_2008_05_29b-17,2755
DISTRIBUTE,DISTRIBUTE,Brady,ASL_2011_06_08_Brady,36,2755,2780,ASL_2011_06_08_Brady-36,2756
DISTRIBUTE,DISTRIBUTE,Liz,ASL_2008_01_18,20,565,586,ASL_2008_01_18-20,2757
DISTRIBUTE,DISTRIBUTE,Naomi,ASL_2008_08_06,20,151,180,ASL_2008_08_06-20,2758
DIVE,DIVE,Brady,ASL_2011_06_08_Brady,36,3847,3871,ASL_2011_06_08_Brady-36,2759
DIVE,DIVE,Liz,ASL_2008_01_18,20,1321,1355,ASL_2008_01_18-20,2760
DIVE,DIVE,Tyler,ASL_2008_05_12b,19,1205,1240,ASL_2008_05_12b-19,2761
DIVE,DIVE_2,Naomi,ASL_2008_08_06,20,1050,1080,ASL_2008_08_06-20,2762
DIVE-OFF-BOARD,DIVE-OFF-BOARD,Liz,ASL_2008_01_18,20,1551,1596,ASL_2008_01_18-20,2763
DIVE-OFF-BOARD,DIVE-OFF-BOARD,Naomi,ASL_2008_08_06,20,1295,1325,ASL_2008_08_06-20,2764
DIVE-OFF-BOARD,DIVE-OFF-BOARD,Tyler,ASL_2008_05_12b,19,1445,1481,ASL_2008_05_12b-19,2765
DIVE-OFF-BOARD,DIVE-OFF-BOARD_2,Brady,ASL_2011_06_08_Brady,36,4162,4192,ASL_2011_06_08_Brady-36,2766
DIVE-OFF-BOARD,DIVE-OFF-BOARD_2,Brady,ASL_2011_07_22_Brady,41,3764,3793,ASL_2011_07_22_Brady-41,2767
DIVIDE,DIVIDE,Brady,ASL_2011_06_08_Brady,36,4477,4487,ASL_2011_06_08_Brady-36,2768
DIVIDE,DIVIDE,Liz,ASL_2008_01_18,20,1766,1789,ASL_2008_01_18-20,2769
DIVIDE,DIVIDE,Naomi,ASL_2008_08_06,20,1525,1542,ASL_2008_08_06-20,2770
DIVIDE,DIVIDE,Tyler,ASL_2008_05_12b,19,1699,1712,ASL_2008_05_12b-19,2771
DIVORCE,DIVORCE,Brady,ASL_2011_06_08_Brady,36,5043,5057,ASL_2011_06_08_Brady-36,2772
DIVORCE,DIVORCE,Dana,ASL_2007_05_24,11,2276,2320,ASL_2007_05_24-11,2773
DIVORCE,DIVORCE,Lana,ASL_2006_10_10,7,2124,2134,ASL_2006_10_10-7,2774
DIVORCE,DIVORCE,Liz,ASL_2008_01_18,20,1986,2015,ASL_2008_01_18-20,2775
DIVORCE,DIVORCE,Naomi,ASL_2008_08_06,20,1801,1816,ASL_2008_08_06-20,2776
DIVORCE,DIVORCE,Tyler,ASL_2008_05_12b,19,1942,1970,ASL_2008_05_12b-19,2777
DIZZY,DIZZY+,Brady,ASL_2011_06_08_Brady,36,5262,5329,ASL_2011_06_08_Brady-36,2778
DIZZY,DIZZY++,Liz,ASL_2008_01_18,20,2180,2260,ASL_2008_01_18-20,2779
DIZZY,DIZZY++,Naomi,ASL_2008_08_06,20,3081,3165,ASL_2008_08_06-20,2780
DIZZY,DIZZY++,Tyler,ASL_2008_05_12b,19,2137,2195,ASL_2008_05_12b-19,2781
DO,DO+,Brady,ASL_2011_06_08_Brady,36,5547,5584,ASL_2011_06_08_Brady-36,2782
DO,DO+,Brady,ASL_2011_06_08_Brady,36,6299,6330,ASL_2011_06_08_Brady-36,2783
DO,DO+,Naomi,ASL_2008_08_06,20,3995,4065,ASL_2008_08_06-20,2784
DO,DO++,Liz,ASL_2008_01_18,21,227,295,ASL_2008_01_18-21,2785
DO-DO,(1h)DO-DO+,Liz,ASL_2008_02_15,25,391,425,ASL_2008_02_15-25,2786
DO-DO,DO-DO+,Brady,ASL_2011_06_14_Brady,28,9844,9875,ASL_2011_06_14_Brady-28,2787
DO-DO,DO-DO++,Tyler,ASL_2008_05_12b,19,2372,2425,ASL_2008_05_12b-19,2788
DO-DO,DO-DO+++,Brady,ASL_2011_07_22_Brady,28,392,432,ASL_2011_07_22_Brady-28,2789
DO-DO+HAPPEN,DO-DO+HAPPEN,Brady,ASL_2011_07_22_Brady,28,678,708,ASL_2011_07_22_Brady-28,2790
DOCTOR,(D)DOCTOR+,Liz,ASL_2008_01_18,21,655,697,ASL_2008_01_18-21,2791
DOCTOR,(D)DOCTOR+,Naomi,ASL_2008_08_06,21,1270,1295,ASL_2008_08_06-21,2792
DOCTOR,DOCTOR,Naomi,ASL_2008_08_06,21,1465,1491,ASL_2008_08_06-21,2793
DOCTOR,DOCTOR+,Brady,ASL_2011_06_08_Brady,37,653,681,ASL_2011_06_08_Brady-37,2794
DOCTOR,DOCTOR+,Dana,ASL_2007_05_24,11,2412,2465,ASL_2007_05_24-11,2795
DOCTOR,DOCTOR+,Lana,ASL_2006_10_10,7,2256,2283,ASL_2006_10_10-7,2796
DOCTOR,DOCTOR+,Liz,ASL_2008_01_18,21,855,891,ASL_2008_01_18-21,2797
DOCTOR,DOCTOR+,Naomi,ASL_2008_08_04,28,1067,1095,ASL_2008_08_04-28,2798
DOCTOR,DOCTOR++,Brady,ASL_2011_06_08_Brady,36,8132,8170,ASL_2011_06_08_Brady-36,2799
DOCTOR,DOCTOR+++,Tyler,ASL_2008_05_29a,1,2726,2785,ASL_2008_05_29a-1,2800
DOLLAR,DOLLAR,Brady,ASL_2011_06_08_Brady,37,1264,1280,ASL_2011_06_08_Brady-37,2801
DOLLAR,DOLLAR,Naomi,ASL_2008_08_06,21,2432,2447,ASL_2008_08_06-21,2802
DOLLAR,DOLLAR+,Liz,ASL_2008_01_18,21,1500,1546,ASL_2008_01_18-21,2803
DOLLAR,DOLLAR+,Tyler,ASL_2008_05_29a,1,4580,4621,ASL_2008_05_29a-1,2804
DOLLAR,DOLLAR_2,Brady,ASL_2011_06_08_Brady,37,1516,1541,ASL_2011_06_08_Brady-37,2805
DOLLAR,DOLLAR_2+,Liz,ASL_2008_01_18,21,1695,1735,ASL_2008_01_18-21,2806
DOLLAR,DOLLAR_2+,Naomi,ASL_2008_08_06,21,2656,2690,ASL_2008_08_06-21,2807
DON'T,DON'T,Brady,ASL_2011_06_08_Brady,38,410,428,ASL_2011_06_08_Brady-38,2808
DON'T,DON'T,Liz,ASL_2008_01_18,22,445,476,ASL_2008_01_18-22,2809
DON'T,DON'T,Naomi,ASL_2008_08_06,22,405,425,ASL_2008_08_06-22,2810
DONKEY,(2h)DONKEY++,Tyler,ASL_2008_05_29a,1,6251,6298,ASL_2008_05_29a-1,2811
DONKEY,DONKEY++,Brady,ASL_2011_06_08_Brady,37,2548,2594,ASL_2011_06_08_Brady-37,2812
DONUT,(R)DONUT,Brady,ASL_2011_06_14_Brady,6,3831,3851,ASL_2011_06_14_Brady-6,2813
DONUT,(R)DONUT,Liz,ASL_2008_01_18,23,587,627,ASL_2008_01_18-23,2814
DONUT,(R)DONUT,Naomi,ASL_2008_08_06,23,231,261,ASL_2008_08_06-23,2815
DONUT,DONUT,Tyler,ASL_2008_05_29a,3,271,305,ASL_2008_05_29a-3,2816
DOOR,DOOR,Liz,ASL_2010_08_10_Liz_additional_lexicon_signs,2,539,591,ASL_2010_08_10_Liz_additional_lexicon_signs-2,2817
DOOR,DOOR+,Brady,ASL_2011_06_14_Brady,6,1146,1167,ASL_2011_06_14_Brady-6,2818
DOOR,DOOR+,Dana,ASL_2007_05_24,11,2980,3057,ASL_2007_05_24-11,2819
DOOR,DOOR+,Lana,ASL_2006_10_10,7,2779,2817,ASL_2006_10_10-7,2820
DOOR,DOOR-pl,Brady,ASL_2011_06_14_Brady,6,1523,1564,ASL_2011_06_14_Brady-6,2821
DOOR,DOOR-pl,Liz,ASL_2010_08_10_Liz_additional_lexicon_signs,2,695,765,ASL_2010_08_10_Liz_additional_lexicon_signs-2,2822
DOOR+SQUARE,DOOR+SQUARE,Tyler,ASL_2008_05_12b,10,655,733,ASL_2008_05_12b-10,2823
DOOR+SQUARE,SQUARE+DOOR,Brady,ASL_2011_06_14_Brady,3,10992,11046,ASL_2011_06_14_Brady-3,2824
DOORBELL,(1h)DOORBELL+,Brady,ASL_2011_06_14_Brady,6,2488,2508,ASL_2011_06_14_Brady-6,2825
DOORBELL,(1h)DOORBELL++,Tyler,ASL_2008_05_29a,2,2520,2575,ASL_2008_05_29a-2,2826
DOORBELL,DOORBELL+,Liz,ASL_2008_01_18,22,1671,1706,ASL_2008_01_18-22,2827
DOORBELL,DOORBELL+,Naomi,ASL_2008_08_06,22,1676,1707,ASL_2008_08_06-22,2828
DORM,DORM,Brady,ASL_2011_06_14_Brady,6,2839,2864,ASL_2011_06_14_Brady-6,2829
DORM,DORM,Liz,ASL_2008_01_18,22,1895,1925,ASL_2008_01_18-22,2830
DORM,DORM,Naomi,ASL_2008_08_06,22,1917,1940,ASL_2008_08_06-22,2831
DORM,DORM,Tyler,ASL_2008_05_29a,2,2906,2936,ASL_2008_05_29a-2,2832
DOUBT,DOUBT+,Brady,ASL_2011_06_14_Brady,6,3541,3562,ASL_2011_06_14_Brady-6,2833
DOUBT,DOUBT+,Brady,ASL_2011_07_19_Brady,85,2353,2384,ASL_2011_07_19_Brady-85,2834
DOUBT,DOUBT+,Liz,ASL_2008_01_18,23,240,275,ASL_2008_01_18-23,2835
DOUBT,DOUBT+,Naomi,ASL_2008_08_06,22,2370,2390,ASL_2008_08_06-22,2836
DOUBT,DOUBT++,Liz,ASL_2008_02_29,33,1730,1780,ASL_2008_02_29-33,2837
DOUBT,DOUBT++,Tyler,ASL_2008_05_29a,2,3415,3440,ASL_2008_05_29a-2,2838
DOWN,DOWN,Brady,ASL_2011_06_14_Brady,6,4079,4097,ASL_2011_06_14_Brady-6,2839
DOWN,DOWN,Dana,ASL_2007_05_24,11,2131,2167,ASL_2007_05_24-11,2840
DOWN,DOWN,Lana,ASL_2006_10_10,7,1968,1983,ASL_2006_10_10-7,2841
DOWN,DOWN,Liz,ASL_2008_01_18,23,790,820,ASL_2008_01_18-23,2842
DOWN,DOWN,Naomi,ASL_2008_08_06,23,465,491,ASL_2008_08_06-23,2843
DOWN,DOWN,Tyler,ASL_2008_05_29a,3,607,635,ASL_2008_05_29a-3,2844
DOWN,DOWN+,Brady,ASL_2011_07_22_Brady,41,4015,4057,ASL_2011_07_22_Brady-41,2845
DOWN,DOWN+,Liz,ASL_2008_01_18,23,990,1031,ASL_2008_01_18-23,2846
DOWN,DOWN+,Naomi,ASL_2008_08_06,23,695,727,ASL_2008_08_06-23,2847
DOWN-TO-EARTH,DOWN-TO-EARTH,Tyler,ASL_2008_06_10,12,2245,2268,ASL_2008_06_10-12,2848
DOWNSTAIRS,DOWNSTAIRS,Brady,ASL_2011_07_19_Brady,95,1310,1353,ASL_2011_07_19_Brady-95,2849
DOWNSTAIRS,DOWNSTAIRS,Liz,ASL_2008_02_29,43,981,1030,ASL_2008_02_29-43,2850
DOWNSTAIRS,DOWNSTAIRS,Tyler,ASL_2008_05_29a,3,965,1005,ASL_2008_05_29a-3,2851
DRAGON,DRAGON+,Liz,ASL_2008_02_29,41,950,995,ASL_2008_02_29-41,2852
DREAM,DREAM,Brady,ASL_2011_06_14_Brady,7,767,806,ASL_2011_06_14_Brady-7,2853
DREAM,DREAM,Naomi,ASL_2008_08_06,23,1945,1965,ASL_2008_08_06-23,2854
DREAM,DREAM,Tyler,ASL_2008_05_29a,3,2595,2631,ASL_2008_05_29a-3,2855
DREAM,DREAM+,Liz,ASL_2008_01_18,23,2055,2091,ASL_2008_01_18-23,2856
DRESS/CLOTHES,DRESS/CLOTHES,Brady,ASL_2011_06_14_Brady,7,1330,1355,ASL_2011_06_14_Brady-7,2857
DRESS/CLOTHES,DRESS/CLOTHES,Dana,ASL_2007_05_24,12,192,231,ASL_2007_05_24-12,2858
DRESS/CLOTHES,DRESS/CLOTHES,Lana,ASL_2006_10_10,8,243,258,ASL_2006_10_10-8,2859
DRESS/CLOTHES,DRESS/CLOTHES,Liz,ASL_2008_01_18,24,275,297,ASL_2008_01_18-24,2860
DRESS/CLOTHES,DRESS/CLOTHES,Liz,ASL_2008_01_18,24,1510,1545,ASL_2008_01_18-24,2861
DRESS/CLOTHES,DRESS/CLOTHES,Naomi,ASL_2008_08_06,24,1051,1085,ASL_2008_08_06-24,2862
DRESS/CLOTHES,DRESS/CLOTHES,Tyler,ASL_2008_05_12a,29,2530,2560,ASL_2008_05_12a-29,2863
DRESS/CLOTHES,DRESS/CLOTHES,Tyler,ASL_2008_05_29a,3,2832,2861,ASL_2008_05_29a-3,2864
DRESS/CLOTHES,DRESS/CLOTHES,Tyler,ASL_2008_05_29a,3,3115,3140,ASL_2008_05_29a-3,2865
DRESS/CLOTHES,DRESS/CLOTHES,Tyler,ASL_2008_05_29a,4,1530,1556,ASL_2008_05_29a-4,2866
DRESS/CLOTHES,DRESS/CLOTHES+,Brady,ASL_2011_06_08_Brady,28,8505,8531,ASL_2011_06_08_Brady-28,2867
DRESS/CLOTHES,DRESS/CLOTHES+,Brady,ASL_2011_06_14_Brady,7,1016,1044,ASL_2011_06_14_Brady-7,2868
DRESS/CLOTHES,DRESS/CLOTHES+,Liz,ASL_2008_01_11,81,1345,1386,ASL_2008_01_11-81,2869
DRESS/CLOTHES,DRESS/CLOTHES+,Liz,ASL_2008_01_18,23,2285,2327,ASL_2008_01_18-23,2870
DRESS/CLOTHES,DRESS/CLOTHES+,Liz,ASL_2008_01_18,24,985,1041,ASL_2008_01_18-24,2871
DRESS/CLOTHES,DRESS/CLOTHES+,Naomi,ASL_2008_08_04,50,1862,1905,ASL_2008_08_04-50,2872
DRESS/CLOTHES,DRESS/CLOTHES+,Naomi,ASL_2008_08_06,24,805,837,ASL_2008_08_06-24,2873
DRESS/CLOTHES,DRESS/CLOTHES++,Tyler,ASL_2008_05_12a,48,1735,1780,ASL_2008_05_12a-48,2874
DRESS/CLOTHES,DRESS/CLOTHES++,Tyler,ASL_2008_05_29a,4,1132,1177,ASL_2008_05_29a-4,2875
DRESSER,(S)DRESSER+,Brady,ASL_2011_06_14_Brady,7,2192,2240,ASL_2011_06_14_Brady-7,2876
DRESSER,(S)DRESSER+,Liz,ASL_2008_01_18,24,502,560,ASL_2008_01_18-24,2877
DRESSER,(S)DRESSER+,Naomi,ASL_2008_08_06,24,307,386,ASL_2008_08_06-24,2878
DRESSER,(S)DRESSER+,Tyler,ASL_2008_05_29a,4,267,310,ASL_2008_05_29a-4,2879
DRESSER,DRESSER+,Brady,ASL_2011_06_14_Brady,7,2643,2683,ASL_2011_06_14_Brady-7,2880
DRESSER,DRESSER+,Liz,ASL_2008_01_18,24,725,785,ASL_2008_01_18-24,2881
DRESSER,DRESSER+,Naomi,ASL_2008_08_06,24,550,605,ASL_2008_08_06-24,2882
DRIBBLE,DRIBBLE++,Liz,ASL_2008_01_11,52,275,320,ASL_2008_01_11-52,2883
DRIBBLE,DRIBBLE++,Naomi,ASL_2008_08_04,33,2080,2145,ASL_2008_08_04-33,2884
DRIBBLE,DRIBBLE++,Tyler,ASL_2008_05_12a,32,1270,1310,ASL_2008_05_12a-32,2885
DRILL,DRILL,Brady,ASL_2011_06_14_Brady,7,3242,3269,ASL_2011_06_14_Brady-7,2886
DRILL,DRILL,Liz,ASL_2008_01_18,24,2582,2646,ASL_2008_01_18-24,2887
DRILL,DRILL,Naomi,ASL_2008_08_06,24,1311,1350,ASL_2008_08_06-24,2888
DRILL,DRILL_2,Tyler,ASL_2008_05_29a,4,1925,1955,ASL_2008_05_29a-4,2889
DRINK,(Y)DRINK,Naomi,ASL_2008_08_04,8,928,955,ASL_2008_08_04-8,2890
DRINK,COCKTAIL,Brady,ASL_2011_06_08_Brady,28,11115,11135,ASL_2011_06_08_Brady-28,2891
DRINK,COCKTAIL,Tyler,ASL_2008_05_12a,49,215,242,ASL_2008_05_12a-49,2892
DRINK,COCKTAIL++,Liz,ASL_2008_01_11,81,2260,2301,ASL_2008_01_11-81,2893
DRINK,COCKTAIL++,Naomi,ASL_2008_08_04,51,220,247,ASL_2008_08_04-51,2894
DRINK,DRINK,Brady,ASL_2011_06_14_Brady,7,3617,3636,ASL_2011_06_14_Brady-7,2895
DRINK,DRINK,Dana,ASL_2007_05_24,11,2578,2622,ASL_2007_05_24-11,2896
DRINK,DRINK,Lana,ASL_2006_10_10,7,2397,2405,ASL_2006_10_10-7,2897
DRINK,DRINK,Liz,ASL_2008_01_18,24,2880,2910,ASL_2008_01_18-24,2898
DRINK,DRINK,Naomi,ASL_2008_08_06,24,1520,1542,ASL_2008_08_06-24,2899
DRINK,DRINK,Tyler,ASL_2008_05_29a,4,2215,2240,ASL_2008_05_29a-4,2900
DRIP,(1h)DRIP,Brady,ASL_2011_06_14_Brady,7,5295,5323,ASL_2011_06_14_Brady-7,2901
DRIP,(1h)DRIP,Brady,ASL_2011_07_22_Brady,42,1273,1290,ASL_2011_07_22_Brady-42,2902
DRIP,(1h)DRIP,Liz,ASL_2008_01_18,25,480,511,ASL_2008_01_18-25,2903
DRIP,(1h)DRIP,Naomi,ASL_2008_08_06,25,275,305,ASL_2008_08_06-25,2904
DRIP,(1h)DRIP+,Tyler,ASL_2008_05_29a,4,2470,2517,ASL_2008_05_29a-4,2905
DRIP,(2h)alt.DRIP+,Brady,ASL_2011_07_19_Brady,50,1600,1651,ASL_2011_07_19_Brady-50,2906
DRIP,(2h)alt.DRIP+,Liz,ASL_2008_02_29,5,2526,2567,ASL_2008_02_29-5,2907
DRIP,DRIP++,Brady,ASL_2011_06_14_Brady,7,3945,3991,ASL_2011_06_14_Brady-7,2908
DRIP,DRIP++,Liz,ASL_2008_01_18,24,3135,3210,ASL_2008_01_18-24,2909
DRIP,DRIP++,Naomi,ASL_2008_08_06,24,1806,1870,ASL_2008_08_06-24,2910
DRIP,DRIP++,Tyler,ASL_2008_05_29a,5,436,495,ASL_2008_05_29a-5,2911
DRIVE,DRIVE,Brady,ASL_2011_06_14_Brady,7,4487,4504,ASL_2011_06_14_Brady-7,2912
DRIVE,DRIVE,Liz,ASL_2008_01_18,24,3610,3650,ASL_2008_01_18-24,2913
DRIVE,DRIVE,Naomi,ASL_2008_08_06,24,2465,2500,ASL_2008_08_06-24,2914
DRIVE,DRIVE,Tyler,ASL_2008_05_29a,4,3467,3495,ASL_2008_05_29a-4,2915
DRIVE,DRIVE-AROUND+,Tyler,ASL_2008_05_29a,4,2762,2807,ASL_2008_05_29a-4,2916
DROOL,DROOL,Liz,ASL_2010_08_10_Liz_additional_lexicon_signs,12,2550,2616,ASL_2010_08_10_Liz_additional_lexicon_signs-12,2917
DROOL,DROOL_2,Brady,ASL_2011_06_14_Brady,7,4743,4771,ASL_2011_06_14_Brady-7,2918
DROP,(1h)DROP,Tyler,ASL_2008_05_29a,4,3775,3805,ASL_2008_05_29a-4,2919
DROP,DROP,Brady,ASL_2011_06_14_Brady,7,5017,5037,ASL_2011_06_14_Brady-7,2920
DROP,DROP,Brady,ASL_2011_07_19_Brady,47,5728,5745,ASL_2011_07_19_Brady-47,2921
DROP,DROP,Brady,ASL_2011_07_19_Brady,47,5952,5966,ASL_2011_07_19_Brady-47,2922
DROP,DROP,Liz,ASL_2008_01_18,25,285,310,ASL_2008_01_18-25,2923
DROP,DROP,Liz,ASL_2008_02_29,3,715,770,ASL_2008_02_29-3,2924
DROP,DROP,Naomi,ASL_2008_08_06,24,2740,2755,ASL_2008_08_06-24,2925
DROWN,(V)DROWN,Liz,ASL_2008_01_18,25,685,726,ASL_2008_01_18-25,2926
DROWN,(V)DROWN,Naomi,ASL_2008_08_06,25,822,840,ASL_2008_08_06-25,2927
DROWN,DROWN,Brady,ASL_2011_06_14_Brady,7,5653,5671,ASL_2011_06_14_Brady-7,2928
DROWN,DROWN,Liz,ASL_2008_01_18,25,955,981,ASL_2008_01_18-25,2929
DROWN,DROWN,Naomi,ASL_2008_08_06,25,1195,1235,ASL_2008_08_06-25,2930
DROWN,DROWN,Tyler,ASL_2008_05_29a,5,975,1025,ASL_2008_05_29a-5,2931
DRUGS,DRUGS,Naomi,ASL_2008_08_06,25,1585,1610,ASL_2008_08_06-25,2932
DRUGS,DRUGS+,Brady,ASL_2011_06_14_Brady,7,6410,6439,ASL_2011_06_14_Brady-7,2933
DRUGS,DRUGS++,Liz,ASL_2008_01_18,25,1165,1220,ASL_2008_01_18-25,2934
DRUGS,DRUGS++,Tyler,ASL_2008_05_29a,5,1915,1960,ASL_2008_05_29a-5,2935
DRUMS,DRUMS+,Brady,ASL_2011_06_14_Brady,7,7956,8000,ASL_2011_06_14_Brady-7,2936
DRUMS,DRUMS+,Liz,ASL_2008_01_18,25,1602,1655,ASL_2008_01_18-25,2937
DRUMS,DRUMS++,Naomi,ASL_2008_08_06,25,2435,2480,ASL_2008_08_06-25,2938
DRUMS,DRUMS+++,Tyler,ASL_2008_05_29a,5,2511,2565,ASL_2008_05_29a-5,2939
DRUNK,DRUNK,Brady,ASL_2011_06_14_Brady,7,7050,7072,ASL_2011_06_14_Brady-7,2940
DRUNK,DRUNK,Dana,ASL_2007_05_24,11,2851,2881,ASL_2007_05_24-11,2941
DRUNK,DRUNK,Lana,ASL_2006_10_10,7,2651,2670,ASL_2006_10_10-7,2942
DRUNK,DRUNK,Liz,ASL_2008_01_18,25,1810,1837,ASL_2008_01_18-25,2943
DRUNK,DRUNK,Naomi,ASL_2008_08_06,25,2680,2720,ASL_2008_08_06-25,2944
DRUNK,DRUNK,Tyler,ASL_2008_05_12a,9,761,785,ASL_2008_05_12a-9,2945
DRUNK,DRUNK,Tyler,ASL_2008_05_29a,5,2710,2741,ASL_2008_05_29a-5,2946
DRY,DRY,Brady,ASL_2011_06_14_Brady,8,400,423,ASL_2011_06_14_Brady-8,2947
DRY,DRY,Dana,ASL_2007_05_24,12,323,380,ASL_2007_05_24-12,2948
DRY,DRY,Lana,ASL_2006_10_10,8,360,416,ASL_2006_10_10-8,2949
DRY,DRY,Liz,ASL_2008_01_18,25,2035,2080,ASL_2008_01_18-25,2950
DRY,DRY,Naomi,ASL_2008_08_06,25,2896,2940,ASL_2008_08_06-25,2951
DRY,DRY,Tyler,ASL_2008_05_29a,5,2930,2971,ASL_2008_05_29a-5,2952
DRY,DRY+,Liz,ASL_2008_01_18,26,265,298,ASL_2008_01_18-26,2953
DRY,DRY+,Naomi,ASL_2008_08_06,25,3541,3565,ASL_2008_08_06-25,2954
DRY,DRY++,Tyler,ASL_2008_05_29a,5,4300,4355,ASL_2008_05_29a-5,2955
DRY+(nd-C)SPIN,DRY+(nd-C)SPIN,Liz,ASL_2008_01_18,25,2390,2492,ASL_2008_01_18-25,2956
DRY+(nd-C)SPIN,DRY+(nd-C)SPIN,Naomi,ASL_2008_08_06,25,3257,3330,ASL_2008_08_06-25,2957
DRY+(nd-C)SPIN,DRY++(nd-C)SPIN,Brady,ASL_2011_06_14_Brady,8,869,912,ASL_2011_06_14_Brady-8,2958
DRY+(nd-C)SPIN,DRY++WASHING-MACHINE,Brady,ASL_2011_06_14_Brady,8,2810,2861,ASL_2011_06_14_Brady-8,2959
DRY+(nd-C)SPIN,DRY+WASHING-MACHINE,Tyler,ASL_2008_05_29a,5,3562,3625,ASL_2008_05_29a-5,2960
DRY+AREA,DRY+(1h)AREA,Naomi,ASL_2008_08_06,15,1060,1117,ASL_2008_08_06-15,2961
DRY+AREA,DRY+AREA,Brady,ASL_2011_06_14_Brady,4,310,351,ASL_2011_06_14_Brady-4,2962
DRY+AREA,DRY+AREA,Liz,ASL_2008_01_18,15,1103,1170,ASL_2008_01_18-15,2963
DRY+AREA,DRY+AREA_2,Tyler,ASL_2008_05_12b,15,837,903,ASL_2008_05_12b-15,2964
DRY-CEREAL,DRY-CEREAL+,Brady,ASL_2011_06_08_Brady,26,5104,5135,ASL_2011_06_08_Brady-26,2965
DRY-CEREAL,DRY-CEREAL+,Liz,ASL_2010_08_10_Liz_additional_lexicon_signs,12,531,592,ASL_2010_08_10_Liz_additional_lexicon_signs-12,2966
DUCK,DUCK,Brady,ASL_2011_06_14_Brady,9,360,388,ASL_2011_06_14_Brady-9,2967
DUCK,DUCK,Liz,ASL_2008_01_18,26,912,945,ASL_2008_01_18-26,2968
DURING/WHILE,DURING/WHILE,Brady,ASL_2011_06_14_Brady,9,658,676,ASL_2011_06_14_Brady-9,2969
DURING/WHILE,DURING/WHILE,Liz,ASL_2008_01_18,26,1121,1155,ASL_2008_01_18-26,2970
DUSTING,DUSTING+,Brady,ASL_2011_06_14_Brady,9,1312,1359,ASL_2011_06_14_Brady-9,2971
DUSTING,DUSTING+,Liz,ASL_2008_01_18,26,1347,1415,ASL_2008_01_18-26,2972
DUSTING,DUSTING+,Naomi,ASL_2008_08_06,26,2140,2205,ASL_2008_08_06-26,2973
DUTY,DUTY+,Brady,ASL_2011_06_14_Brady,9,1693,1707,ASL_2011_06_14_Brady-9,2974
DUTY,DUTY+,Liz,ASL_2008_01_18,26,1585,1620,ASL_2008_01_18-26,2975
DUTY,DUTY+,Naomi,ASL_2008_08_06,26,2465,2500,ASL_2008_08_06-26,2976
DYE,DYE+,Brady,ASL_2011_06_14_Brady,9,2149,2184,ASL_2011_06_14_Brady-9,2977
DYE,DYE+,Liz,ASL_2008_01_18,26,1832,1905,ASL_2008_01_18-26,2978
DYE,DYE+,Naomi,ASL_2008_08_06,26,2691,2747,ASL_2008_08_06-26,2979
E,E,Brady,ASL_2011_06_14_Brady,9,2520,2552,ASL_2011_06_14_Brady-9,2980
E,E,Liz,ASL_2008_01_18,26,2070,2130,ASL_2008_01_18-26,2981
E,E,Naomi,ASL_2008_08_06,26,2960,3007,ASL_2008_08_06-26,2982
E-MAIL,(1)E-MAIL,Brady,ASL_2011_06_14_Brady,9,3103,3115,ASL_2011_06_14_Brady-9,2983
E-MAIL,E-MAIL,Naomi,ASL_2008_08_06,26,3325,3345,ASL_2008_08_06-26,2984
E-MAIL_2,E-MAIL_2,Liz,ASL_2010_08_10_Liz_additional_lexicon_signs,11,650,700,ASL_2010_08_10_Liz_additional_lexicon_signs-11,2985
EACH,EACH,Liz,ASL_2008_01_18,26,2670,2695,ASL_2008_01_18-26,2986
EACH,EACH,Naomi,ASL_2008_08_06,26,4240,4271,ASL_2008_08_06-26,2987
EACH,EACH+,Brady,ASL_2011_06_14_Brady,9,3503,3537,ASL_2011_06_14_Brady-9,2988
EACH+ONE,EACH+ONE,Brady,ASL_2011_06_14_Brady,13,5208,5232,ASL_2011_06_14_Brady-13,2989
EACH+ONE,EACH+ONE,Liz,ASL_2008_01_18,34,2805,2860,ASL_2008_01_18-34,2990
EACH+ONE,EACH+ONE,Naomi,ASL_2008_08_06,34,1820,1848,ASL_2008_08_06-34,2991
EACH+ONE,EACH+ONE-pl-arc,Brady,ASL_2011_06_14_Brady,14,175,213,ASL_2011_06_14_Brady-14,2992
EACH+ONE,EACH+ONE-pl-arc,Liz,ASL_2008_01_18,34,3131,3195,ASL_2008_01_18-34,2993
EACH+ONE,EACH+ONE-pl-arc,Naomi,ASL_2008_08_06,34,2125,2166,ASL_2008_08_06-34,2994
EAGLE,EAGLE,Brady,ASL_2011_06_14_Brady,9,3994,4025,ASL_2011_06_14_Brady-9,2995
EAGLE,EAGLE,Liz,ASL_2008_01_18,27,455,490,ASL_2008_01_18-27,2996
EAGLE,EAGLE,Naomi,ASL_2008_08_06,27,170,206,ASL_2008_08_06-27,2997
EAGLE,EAGLE,Tyler,ASL_2008_05_29a,7,241,275,ASL_2008_05_29a-7,2998
EAR+EAR-HURT,EAR+EAR-HURT,Naomi,ASL_2008_08_06,27,604,655,ASL_2008_08_06-27,2999
EAR-HURT,EAR-HURT+,Brady,ASL_2011_06_14_Brady,9,4588,4620,ASL_2011_06_14_Brady-9,3000
EAR-HURT,EAR-HURT+,Liz,ASL_2008_01_18,27,935,980,ASL_2008_01_18-27,3001
EAR-HURT,EAR-HURT++,Tyler,ASL_2008_05_29a,7,625,665,ASL_2008_05_29a-7,3002
EARMUFF,EARMUFF,Brady,ASL_2011_06_14_Brady,9,5876,5900,ASL_2011_06_14_Brady-9,3003
EARMUFF,EARMUFF,Liz,ASL_2008_01_18,27,1907,1960,ASL_2008_01_18-27,3004
EARMUFF,EARMUFF,Naomi,ASL_2008_08_06,27,2697,2725,ASL_2008_08_06-27,3005
EARMUFF,EARMUFF,Tyler,ASL_2008_05_29a,7,2310,2350,ASL_2008_05_29a-7,3006
EARRING,EARRING,Brady,ASL_2011_06_14_Brady,9,6156,6183,ASL_2011_06_14_Brady-9,3007
EARRING,EARRING,Liz,ASL_2008_01_18,27,2161,2201,ASL_2008_01_18-27,3008
EARRING,EARRING,Naomi,ASL_2008_08_06,27,2960,2990,ASL_2008_08_06-27,3009
EARRING,EARRING,Tyler,ASL_2008_05_29a,7,2670,2697,ASL_2008_05_29a-7,3010
EARTH,EARTH,Brady,ASL_2011_06_14_Brady,9,6403,6442,ASL_2011_06_14_Brady-9,3011
EARTH,EARTH,Dana,ASL_2007_05_24,12,707,775,ASL_2007_05_24-12,3012
EARTH,EARTH,Lana,ASL_2006_10_10,8,775,820,ASL_2006_10_10-8,3013
EARTH,EARTH,Liz,ASL_2008_01_18,27,2426,2489,ASL_2008_01_18-27,3014
EARTH,EARTH,Naomi,ASL_2008_08_06,27,3211,3235,ASL_2008_08_06-27,3015
EARTH,EARTH,Tyler,ASL_2008_05_29a,7,2886,2932,ASL_2008_05_29a-7,3016
EARTH+RUMBLE,EARTH+RUMBLE,Brady,ASL_2011_06_14_Brady,9,6674,6707,ASL_2011_06_14_Brady-9,3017
EARTH+RUMBLE,EARTH+RUMBLE,Liz,ASL_2008_01_18,28,415,475,ASL_2008_01_18-28,3018
EARTH+RUMBLE,EARTH+RUMBLE,Naomi,ASL_2008_08_06,27,3476,3516,ASL_2008_08_06-27,3019
EARTH+RUMBLE,EARTH+RUMBLE,Tyler,ASL_2008_05_29a,7,3164,3203,ASL_2008_05_29a-7,3020
EARTH+SPHERE,EARTH+SPHERE,Brady,ASL_2011_06_14_Brady,26,5033,5089,ASL_2011_06_14_Brady-26,3021
EARTH+SPHERE,EARTH+SPHERE,Tyler,ASL_2008_05_29a,37,4186,4241,ASL_2008_05_29a-37,3022
EAR_2/BIRTHDAY_2,EAR_2/BIRTHDAY_2,Brady,ASL_2011_06_14_Brady,9,4310,4346,ASL_2011_06_14_Brady-9,3023
EAR_2/BIRTHDAY_2,EAR_2/BIRTHDAY_2,Naomi,ASL_2008_08_06,27,397,422,ASL_2008_08_06-27,3024
EAR_2/BIRTHDAY_2,EAR_2/BIRTHDAY_2,Tyler,ASL_2008_05_29a,7,425,466,ASL_2008_05_29a-7,3025
EAR_2/BIRTHDAY_2,EAR_2/BIRTHDAY_2+,Liz,ASL_2008_01_11,43,915,966,ASL_2008_01_11-43,3026
EAR_2/BIRTHDAY_2,EAR_2/BIRTHDAY_2+,Liz,ASL_2008_01_18,27,720,772,ASL_2008_01_18-27,3027
EAST,EAST,Brady,ASL_2011_06_14_Brady,9,6956,6980,ASL_2011_06_14_Brady-9,3028
EAST,EAST,Dana,ASL_2007_05_24,12,1000,1042,ASL_2007_05_24-12,3029
EAST,EAST,Lana,ASL_2006_10_10,8,1055,1071,ASL_2006_10_10-8,3030
EAST,EAST,Liz,ASL_2008_01_18,28,935,965,ASL_2008_01_18-28,3031
EAST,EAST,Naomi,ASL_2008_08_06,28,230,250,ASL_2008_08_06-28,3032
EAST,EAST,Tyler,ASL_2008_05_29a,8,272,295,ASL_2008_05_29a-8,3033
EASTER,(1h)EASTER,Lana,ASL_2006_10_10,8,1340,1364,ASL_2006_10_10-8,3034
EASTER,EASTER,Liz,ASL_2008_01_18,28,1125,1156,ASL_2008_01_18-28,3035
EASTER,EASTER,Naomi,ASL_2008_08_06,28,471,495,ASL_2008_08_06-28,3036
EASTER,EASTER_2,Brady,ASL_2011_06_14_Brady,9,7202,7235,ASL_2011_06_14_Brady-9,3037
EASY,EASY+,Brady,ASL_2011_06_08_Brady,11,384,407,ASL_2011_06_08_Brady-11,3038
EASY,EASY+,Lana,ASL_2006_10_10,8,909,967,ASL_2006_10_10-8,3039
EASY,EASY+,Liz,ASL_2008_01_11,12,845,880,ASL_2008_01_11-12,3040
EASY,EASY+,Liz,ASL_2008_01_18,28,1337,1371,ASL_2008_01_18-28,3041
EASY,EASY+,Naomi,ASL_2008_08_04,9,575,607,ASL_2008_08_04-9,3042
EASY,EASY+,Naomi,ASL_2008_08_06,28,701,725,ASL_2008_08_06-28,3043
EASY,EASY++,Brady,ASL_2011_06_14_Brady,9,7509,7546,ASL_2011_06_14_Brady-9,3044
EASY,EASY++,Dana,ASL_2007_05_24,12,854,923,ASL_2007_05_24-12,3045
EASY,EASY++,Tyler,ASL_2008_05_29a,8,675,721,ASL_2008_05_29a-8,3046
EAT,(2h)alt.EAT+,Brady,ASL_2011_06_14_Brady,17,576,609,ASL_2011_06_14_Brady-17,3047
EAT,(2h)alt.EAT+,Liz,ASL_2008_01_18,40,240,300,ASL_2008_01_18-40,3048
EAT,(2h)alt.EAT+,Liz,ASL_2010_08_10_Liz_additional_lexicon_signs,7,1497,1556,ASL_2010_08_10_Liz_additional_lexicon_signs-7,3049
EAT,(2h)alt.EAT+,Naomi,ASL_2008_08_06,39,2500,2550,ASL_2008_08_06-39,3050
EAT,(2h)alt.EAT+,Tyler,ASL_2008_05_29a,19,4660,4712,ASL_2008_05_29a-19,3051
EAT,(2h)alt.EAT++,Brady,ASL_2011_06_08_Brady,16,4981,5021,ASL_2011_06_08_Brady-16,3052
EAT,(2h)alt.EAT+++,Liz,ASL_2010_08_10_Liz_additional_lexicon_signs,24,987,1032,ASL_2010_08_10_Liz_additional_lexicon_signs-24,3053
EAT,EAT+,Brady,ASL_2011_06_14_Brady,9,7760,7790,ASL_2011_06_14_Brady-9,3054
EAT,EAT+,Lana,ASL_2006_10_10,8,1742,1776,ASL_2006_10_10-8,3055
EAT,EAT+,Lana,ASL_2006_10_10,11,1200,1219,ASL_2006_10_10-11,3056
EAT,EAT+,Liz,ASL_2008_01_18,28,1552,1590,ASL_2008_01_18-28,3057
EAT,EAT+,Naomi,ASL_2008_08_06,28,916,942,ASL_2008_08_06-28,3058
EAT,EAT++,Dana,ASL_2007_05_24,14,1155,1204,ASL_2007_05_24-14,3059
EAT,EAT+++,Tyler,ASL_2008_05_29a,8,850,895,ASL_2008_05_29a-8,3060
EAT,EAT_2+,Dana,ASL_2007_05_24,12,1689,1720,ASL_2007_05_24-12,3061
EAT++SELL,EAT++SELL+,Liz,ASL_2008_02_01,12,1665,1715,ASL_2008_02_01-12,3062
EAT++SELL,EAT+SELL+,Naomi,ASL_2008_08_13,10,5245,5293,ASL_2008_08_13-10,3063
EAT++SELL,EAT+SELL++,Brady,ASL_2011_06_14_Brady,29,4857,4900,ASL_2011_06_14_Brady-29,3064
EAT+BOX/ROOM,EAT++BOX/ROOM,Brady,ASL_2011_06_14_Brady,4,2304,2332,ASL_2011_06_14_Brady-4,3065
EAT+BOX/ROOM,EAT++BOX/ROOM,Brady,ASL_2011_06_14_Brady,5,1082,1120,ASL_2011_06_14_Brady-5,3066
EAT+BOX/ROOM,EAT++BOX/ROOM,Naomi,ASL_2008_08_06,17,3756,3812,ASL_2008_08_06-17,3067
EAT+BOX/ROOM,EAT+BOX/ROOM,Liz,ASL_2008_01_18,17,2549,2624,ASL_2008_01_18-17,3068
EAT+BUY,EAT+BUY++,Brady,ASL_2011_06_14_Brady,29,5087,5140,ASL_2011_06_14_Brady-29,3069
EAT+BUY,EAT+BUY++,Tyler,ASL_2008_05_29a,42,2165,2220,ASL_2008_05_29a-42,3070
EAT+MORNING,EAT+MORNING,Brady,ASL_2011_06_14_Brady,3,3125,3162,ASL_2011_06_14_Brady-3,3071
EAT+MORNING,EAT+MORNING,Dana,ASL_2007_05_24,7,3012,3069,ASL_2007_05_24-7,3072
EAT+MORNING,EAT+MORNING,Lana,ASL_2006_10_10,3,2857,2900,ASL_2006_10_10-3,3073
EAT+MORNING,EAT+MORNING,Liz,ASL_2008_01_11,55,1371,1405,ASL_2008_01_11-55,3074
EAT+MORNING,EAT+MORNING,Naomi,ASL_2008_08_04,35,2674,2710,ASL_2008_08_04-35,3075
EAT+MORNING,EAT+MORNING,Tyler,ASL_2008_05_12a,34,2075,2129,ASL_2008_05_12a-34,3076
EAT+NIGHT,EAT++NIGHT,Brady,ASL_2011_06_14_Brady,5,1610,1642,ASL_2011_06_14_Brady-5,3077
EAT+NIGHT,EAT+NIGHT,Dana,ASL_2007_05_24,11,1215,1271,ASL_2007_05_24-11,3078
EAT+NIGHT,EAT+NIGHT,Liz,ASL_2008_01_18,18,561,595,ASL_2008_01_18-18,3079
EAT+NIGHT,EAT+NIGHT,Naomi,ASL_2008_08_06,18,387,419,ASL_2008_08_06-18,3080
EAT+NIGHT,EAT+NIGHT,Tyler,ASL_2008_05_12b,17,316,356,ASL_2008_05_12b-17,3081
EAT+NIGHT,EAT+NIGHT+,Lana,ASL_2006_10_10,7,1160,1212,ASL_2006_10_10-7,3082
EAT+NOON,EAT+NOON,Brady,ASL_2011_06_14_Brady,53,295,328,ASL_2011_06_14_Brady-53,3083
EAT+NOON,EAT+NOON,Dana,ASL_2007_05_24,19,1533,1595,ASL_2007_05_24-19,3084
EAT+NOON,EAT+NOON,Lana,ASL_2006_10_10,16,1534,1577,ASL_2006_10_10-16,3085
EAT+NOON,EAT+NOON,Liz,ASL_2008_02_01,55,2290,2336,ASL_2008_02_01-55,3086
EAT+NOON,EAT+NOON,Naomi,ASL_2008_08_13_session2,10,2869,2907,ASL_2008_08_13_session2-10,3087
EAT+NOON,EAT+NOON,Tyler,ASL_2008_06_10,7,1827,1861,ASL_2008_06_10-7,3088
EAT-WITH-FORK,EAT-WITH-FORK,Brady,ASL_2011_06_14_Brady,22,781,800,ASL_2011_06_14_Brady-22,3089
EAT-WITH-FORK,EAT-WITH-FORK,Tyler,ASL_2008_05_29a,28,295,332,ASL_2008_05_29a-28,3090
ECONOMIC,ECONOMIC+,Brady,ASL_2011_06_14_Brady,10,189,210,ASL_2011_06_14_Brady-10,3091
ECONOMIC,ECONOMIC+,Liz,ASL_2008_01_18,28,1795,1835,ASL_2008_01_18-28,3092
ECONOMIC,ECONOMIC+,Naomi,ASL_2008_08_06,28,1305,1332,ASL_2008_08_06-28,3093
ECONOMIC,ECONOMIC++,Tyler,ASL_2008_05_29a,8,1022,1060,ASL_2008_05_29a-8,3094
EDGE/CLIFF,EDGE/CLIFF,Liz,ASL_2008_01_18,28,2340,2367,ASL_2008_01_18-28,3095
EDGE/CLIFF,EDGE/CLIFF,Naomi,ASL_2008_08_06,28,2750,2785,ASL_2008_08_06-28,3096
EDGE/CLIFF,EDGE_2,Brady,ASL_2011_06_14_Brady,10,2523,2555,ASL_2011_06_14_Brady-10,3097
EDGE/CLIFF,EDGE_3++,Tyler,ASL_2008_05_29a,8,2605,2670,ASL_2008_05_29a-8,3098
EFFORT,EFFORT,Brady,ASL_2011_06_14_Brady,10,4587,4602,ASL_2011_06_14_Brady-10,3099
EFFORT,EFFORT,Liz,ASL_2008_01_18,28,2766,2800,ASL_2008_01_18-28,3100
EFFORT,EFFORT,Naomi,ASL_2008_08_06,28,3320,3335,ASL_2008_08_06-28,3101
EFFORT,EFFORT,Tyler,ASL_2008_05_29a,8,3450,3477,ASL_2008_05_29a-8,3102
EGG,EGG,Dana,ASL_2007_05_24,12,1138,1156,ASL_2007_05_24-12,3103
EGG,EGG,Lana,ASL_2006_10_10,8,1200,1215,ASL_2006_10_10-8,3104
EGG,EGG,Liz,ASL_2010_08_10_Liz_additional_lexicon_signs,2,892,925,ASL_2010_08_10_Liz_additional_lexicon_signs-2,3105
EGG,EGG+,Brady,ASL_2011_06_14_Brady,10,4811,4833,ASL_2011_06_14_Brady-10,3106
EGG,EGG+,Brady,ASL_2011_06_14_Brady,10,5080,5105,ASL_2011_06_14_Brady-10,3107
EGG,EGG+,Dana,ASL_2007_05_24,12,1249,1295,ASL_2007_05_24-12,3108
EGG,EGG-pl,Liz,ASL_2010_08_10_Liz_additional_lexicon_signs,2,1035,1092,ASL_2010_08_10_Liz_additional_lexicon_signs-2,3109
EGO,(2h)alt.EGO,Brady,ASL_2011_06_14_Brady,10,5573,5600,ASL_2011_06_14_Brady-10,3110
EGO,EGO,Liz,ASL_2008_01_18,29,267,300,ASL_2008_01_18-29,3111
EGO,EGO,Naomi,ASL_2008_08_06,28,3715,3730,ASL_2008_08_06-28,3112
EIGHT,EIGHT,Brady,ASL_2011_06_08_Brady,6,3545,3559,ASL_2011_06_08_Brady-6,3113
EIGHT,EIGHT,Naomi,ASL_2008_08_04,2,883,906,ASL_2008_08_04-2,3114
EIGHT,EIGHT,Tyler,ASL_2008_05_12a,2,680,742,ASL_2008_05_12a-2,3115
EIGHT+HOUR,EIGHT+HOUR,Liz,ASL_2010_08_10_Liz_additional_lexicon_signs,16,5210,5273,ASL_2010_08_10_Liz_additional_lexicon_signs-16,3116
EIGHT-HOURS,EIGHT-HOURS,Brady,ASL_2011_06_08_Brady,6,4406,4434,ASL_2011_06_08_Brady-6,3117
EIGHT-MONTHS,EIGHT-MONTHS,Brady,ASL_2011_06_14_Brady,10,7237,7262,ASL_2011_06_14_Brady-10,3118
EIGHT-MONTHS,EIGHT-MONTHS,Liz,ASL_2010_08_10_Liz_additional_lexicon_signs,16,8006,8065,ASL_2010_08_10_Liz_additional_lexicon_signs-16,3119
EIGHT-WEEKS,EIGHT-WEEKS,Brady,ASL_2011_06_14_Brady,10,7472,7494,ASL_2011_06_14_Brady-10,3120
EIGHT-WEEKS,EIGHT-WEEKS,Liz,ASL_2010_08_10_Liz_additional_lexicon_signs,16,6620,6670,ASL_2010_08_10_Liz_additional_lexicon_signs-16,3121
EIGHTEEN,EIGHTEEN,Liz,ASL_2010_08_10_Liz_additional_lexicon_signs,18,1386,1428,ASL_2010_08_10_Liz_additional_lexicon_signs-18,3122
EIGHTEEN,EIGHTEEN,Naomi,ASL_2008_08_04,2,2972,2993,ASL_2008_08_04-2,3123
EIGHTEEN,EIGHTEEN+,Naomi,ASL_2008_08_04,2,2540,2560,ASL_2008_08_04-2,3124
EIGHTEEN,EIGHTEEN++,Brady,ASL_2011_06_08_Brady,4,12665,12692,ASL_2011_06_08_Brady-4,3125
EIGHTEEN,EIGHTEEN++,Tyler,ASL_2008_05_12a,2,1780,1837,ASL_2008_05_12a-2,3126
EIGHTEEN,EIGHTEEN+++,Tyler,ASL_2008_05_12a,2,2020,2086,ASL_2008_05_12a-2,3127
EIGHTH,EIGHTH,Brady,ASL_2011_06_08_Brady,6,3862,3880,ASL_2011_06_08_Brady-6,3128
EIGHTH,EIGHTH,Brady,ASL_2011_06_08_Brady,6,5265,5294,ASL_2011_06_08_Brady-6,3129
EIGHTH,EIGHTH+,Brady,ASL_2011_06_08_Brady,6,4876,4891,ASL_2011_06_08_Brady-6,3130
EIGHTH-PLACE,EIGHTH-PLACE,Liz,ASL_2010_08_10_Liz_additional_lexicon_signs,15,1215,1255,ASL_2010_08_10_Liz_additional_lexicon_signs-15,3131
EIGHTY-EIGHT,EIGHTY-EIGHT,Brady,ASL_2011_06_14_Brady,10,8038,8053,ASL_2011_06_14_Brady-10,3132
EIGHTY-EIGHT,EIGHTY-EIGHT_2,Liz,ASL_2010_08_10_Liz_additional_lexicon_signs,19,1312,1352,ASL_2010_08_10_Liz_additional_lexicon_signs-19,3133
EIGHTY-NINE,EIGHTY-NINE,Brady,ASL_2011_06_14_Brady,10,8260,8280,ASL_2011_06_14_Brady-10,3134
EIGHTY-NINE,EIGHTY-NINE,Liz,ASL_2010_08_10_Liz_additional_lexicon_signs,19,2542,2590,ASL_2010_08_10_Liz_additional_lexicon_signs-19,3135
EITHER,EITHER+,Liz,ASL_2008_01_18,6,2947,2980,ASL_2008_01_18-6,3136
EITHER,EITHER+,Naomi,ASL_2008_08_06,29,1405,1425,ASL_2008_08_06-29,3137
EITHER,EITHER++,Brady,ASL_2011_06_08_Brady,30,10581,10621,ASL_2011_06_08_Brady-30,3138
EITHER,EITHER++,Brady,ASL_2011_06_14_Brady,10,8506,8541,ASL_2011_06_14_Brady-10,3139
EITHER,EITHER++,Naomi,ASL_2008_08_06,6,2155,2181,ASL_2008_08_06-6,3140
EITHER,EITHER++,Tyler,ASL_2008_05_12b,6,2655,2696,ASL_2008_05_12b-6,3141
EITHER,EITHER++,Tyler,ASL_2008_05_29a,9,1586,1622,ASL_2008_05_29a-9,3142
EITHER,EITHER+++,Liz,ASL_2008_01_18,29,2105,2160,ASL_2008_01_18-29,3143
EITHER,EITHER+++,Liz,ASL_2008_02_15,16,4035,4105,ASL_2008_02_15-16,3144
ELASTIC,ELASTIC+,Liz,ASL_2008_01_18,29,2816,2880,ASL_2008_01_18-29,3145
ELASTIC,ELASTIC+,Naomi,ASL_2008_08_06,29,2071,2112,ASL_2008_08_06-29,3146
ELASTIC,ELASTIC++,Brady,ASL_2011_06_14_Brady,11,826,862,ASL_2011_06_14_Brady-11,3147
ELBOW,ELBOW+,Liz,ASL_2008_01_18,29,3102,3125,ASL_2008_01_18-29,3148
ELBOW,ELBOW+,Naomi,ASL_2008_08_06,29,2620,2650,ASL_2008_08_06-29,3149
ELBOW,ELBOW+,Tyler,ASL_2008_05_29a,9,2380,2415,ASL_2008_05_29a-9,3150
ELBOW,ELBOW++,Brady,ASL_2011_06_14_Brady,11,1086,1118,ASL_2011_06_14_Brady-11,3151
ELBOW-PATCH,ELBOW-PATCH,Brady,ASL_2011_07_19_Brady,27,1814,1854,ASL_2011_07_19_Brady-27,3152
ELBOW-PATCH,ELBOW-PATCH,Liz,ASL_2008_02_15,32,2171,2230,ASL_2008_02_15-32,3153
ELECTRIC,(E)ELECTRIC,Dana,ASL_2007_05_24,7,1705,1761,ASL_2007_05_24-7,3154
ELECTRIC,ELECTRIC+,Brady,ASL_2011_06_14_Brady,11,1695,1725,ASL_2011_06_14_Brady-11,3155
ELECTRIC,ELECTRIC+,Lana,ASL_2006_10_10,3,1714,1740,ASL_2006_10_10-3,3156
ELECTRIC,ELECTRIC+,Liz,ASL_2008_01_18,30,272,320,ASL_2008_01_18-30,3157
ELECTRIC,ELECTRIC+,Naomi,ASL_2008_08_06,29,3155,3190,ASL_2008_08_06-29,3158
ELECTRIC,ELECTRIC++,Tyler,ASL_2008_05_29a,9,2065,2106,ASL_2008_05_29a-9,3159
ELECTRIC,ELECTRIC++,Tyler,ASL_2008_05_29a,9,2886,2925,ASL_2008_05_29a-9,3160
ELECTRIC+AGENT,ELECTRIC+AGENT,Brady,ASL_2011_06_14_Brady,11,1981,2014,ASL_2011_06_14_Brady-11,3161
ELECTRIC+AGENT,ELECTRIC+AGENT,Liz,ASL_2008_01_18,30,486,555,ASL_2008_01_18-30,3162
ELECTRIC+AGENT,ELECTRIC+AGENT,Naomi,ASL_2008_08_06,30,259,305,ASL_2008_08_06-30,3163
ELECTRIC+AGENT,ELECTRIC+AGENT,Tyler,ASL_2008_05_29a,10,256,303,ASL_2008_05_29a-10,3164
ELEMENTARY,ELEMENTARY,Liz,ASL_2008_01_18,30,705,745,ASL_2008_01_18-30,3165
ELEMENTARY,ELEMENTARY++,Brady,ASL_2011_06_14_Brady,11,2250,2282,ASL_2011_06_14_Brady-11,3166
ELEMENTARY,ELEMENTARY++,Naomi,ASL_2008_08_06,30,581,616,ASL_2008_08_06-30,3167
ELEMENTARY,ELEMENTARY++,Tyler,ASL_2008_05_29a,10,470,515,ASL_2008_05_29a-10,3168
ELEPHANT,ELEPHANT,Brady,ASL_2011_06_14_Brady,11,2484,2509,ASL_2011_06_14_Brady-11,3169
ELEPHANT,ELEPHANT,Liz,ASL_2008_01_18,30,906,955,ASL_2008_01_18-30,3170
ELEPHANT,ELEPHANT,Naomi,ASL_2008_08_06,30,808,833,ASL_2008_08_06-30,3171
ELEPHANT,ELEPHANT,Tyler,ASL_2008_05_29a,10,633,677,ASL_2008_05_29a-10,3172
ELEVATOR,(nd-1)ELEVATOR+,Dana,ASL_2007_05_24,12,1529,1604,ASL_2007_05_24-12,3173
ELEVATOR,ELEVATOR,Liz,ASL_2008_01_18,30,1090,1131,ASL_2008_01_18-30,3174
ELEVATOR,ELEVATOR,Naomi,ASL_2008_08_06,30,1095,1130,ASL_2008_08_06-30,3175
ELEVATOR,ELEVATOR,Tyler,ASL_2008_05_29a,10,822,865,ASL_2008_05_29a-10,3176
ELEVATOR,ELEVATOR+,Brady,ASL_2011_06_14_Brady,11,2748,2782,ASL_2011_06_14_Brady-11,3177
ELEVATOR,ELEVATOR+,Lana,ASL_2006_10_10,8,1596,1655,ASL_2006_10_10-8,3178
ELEVEN,ELEVEN+,Brady,ASL_2011_06_08_Brady,4,7527,7547,ASL_2011_06_08_Brady-4,3179
ELEVEN,ELEVEN+,Liz,ASL_2008_01_11,2,1276,1310,ASL_2008_01_11-2,3180
ELEVEN,ELEVEN+,Naomi,ASL_2008_08_04,1,1155,1183,ASL_2008_08_04-1,3181
ELEVEN,ELEVEN+++,Tyler,ASL_2008_05_12a,1,1395,1481,ASL_2008_05_12a-1,3182
EMBARRASS,EMBARRASS+,Brady,ASL_2011_06_14_Brady,11,3663,3707,ASL_2011_06_14_Brady-11,3183
EMBARRASS,EMBARRASS+,Brady,ASL_2011_07_22_Brady,39,351,411,ASL_2011_07_22_Brady-39,3184
EMBARRASS,EMBARRASS+,Dana,ASL_2007_05_24,12,1827,1905,ASL_2007_05_24-12,3185
EMBARRASS,EMBARRASS+,Lana,ASL_2006_10_10,8,1860,1914,ASL_2006_10_10-8,3186
EMBARRASS,EMBARRASS+,Liz,ASL_2008_01_18,30,1472,1536,ASL_2008_01_18-30,3187
EMBARRASS,EMBARRASS+,Naomi,ASL_2008_08_06,30,1756,1797,ASL_2008_08_06-30,3188
EMBARRASS,EMBARRASS+,Tyler,ASL_2008_05_29a,10,1680,1720,ASL_2008_05_29a-10,3189
EMERGENCY,(2h)EMERGENCY,Tyler,ASL_2008_05_29a,8,470,531,ASL_2008_05_29a-8,3190
EMERGENCY,(2h)EMERGENCY,Tyler,ASL_2008_05_29a,10,1897,1935,ASL_2008_05_29a-10,3191
EMERGENCY,EMERGENCY+,Naomi,ASL_2008_08_06,30,1985,2010,ASL_2008_08_06-30,3192
EMERGENCY,EMERGENCY++,Brady,ASL_2011_06_14_Brady,11,7085,7124,ASL_2011_06_14_Brady-11,3193
EMERGENCY,EMERGENCY++,Liz,ASL_2008_01_18,30,1652,1695,ASL_2008_01_18-30,3194
EMOTION,EMOTION++,Tyler,ASL_2008_05_29a,10,2330,2386,ASL_2008_05_29a-10,3195
EMOTION,EMOTION_2+,Brady,ASL_2011_06_14_Brady,11,7452,7489,ASL_2011_06_14_Brady-11,3196
EMOTION,EMOTION_2+,Liz,ASL_2008_01_18,30,1906,1960,ASL_2008_01_18-30,3197
EMOTION,EMOTION_2+,Naomi,ASL_2008_08_06,30,2235,2286,ASL_2008_08_06-30,3198
EMOTIONLESS,EMOTIONLESS,Liz,ASL_2008_01_18,50,1330,1350,ASL_2008_01_18-50,3199
EMOTIONLESS,EMOTIONLESS,Naomi,ASL_2008_08_06,50,1020,1045,ASL_2008_08_06-50,3200
EMPHASIZE,EMPHASIZE,Brady,ASL_2011_06_14_Brady,11,7700,7724,ASL_2011_06_14_Brady-11,3201
EMPHASIZE,EMPHASIZE,Brady,ASL_2011_06_14_Brady,39,1952,1968,ASL_2011_06_14_Brady-39,3202
EMPHASIZE,EMPHASIZE,Lana,ASL_2006_10_10,14,2843,2867,ASL_2006_10_10-14,3203
EMPHASIZE,EMPHASIZE,Liz,ASL_2008_01_18,30,2151,2177,ASL_2008_01_18-30,3204
EMPHASIZE,EMPHASIZE,Liz,ASL_2008_02_01,30,622,675,ASL_2008_02_01-30,3205
EMPHASIZE,EMPHASIZE,Naomi,ASL_2008_08_06,30,2460,2500,ASL_2008_08_06-30,3206
EMPHASIZE,EMPHASIZE,Naomi,ASL_2008_08_13,25,771,812,ASL_2008_08_13-25,3207
EMPHASIZE,EMPHASIZE,Tyler,ASL_2008_05_29a,10,3140,3175,ASL_2008_05_29a-10,3208
EMPHASIZE,EMPHASIZE,Tyler,ASL_2008_05_29b,5,280,301,ASL_2008_05_29b-5,3209
EMPHASIZE,EMPHASIZE,Tyler,ASL_2008_05_29b,5,541,565,ASL_2008_05_29b-5,3210
EMPTY/EARLY,EMPTY/EARLY,Brady,ASL_2011_06_14_Brady,9,5041,5057,ASL_2011_06_14_Brady-9,3211
EMPTY/EARLY,EMPTY/EARLY,Dana,ASL_2007_05_24,12,458,503,ASL_2007_05_24-12,3212
EMPTY/EARLY,EMPTY/EARLY,Tyler,ASL_2008_05_29a,7,815,842,ASL_2008_05_29a-7,3213
EMPTY/EARLY,EMPTY/EARLY,Tyler,ASL_2008_05_29a,10,3535,3570,ASL_2008_05_29a-10,3214
EMPTY/EARLY,EMPTY/EARLY_2,Lana,ASL_2006_10_10,8,500,517,ASL_2006_10_10-8,3215
EMPTY/EARLY,EMPTY/EARLY_2,Naomi,ASL_2008_08_06,27,1702,1722,ASL_2008_08_06-27,3216
EMPTY/EARLY,EMPTY/EARLY_3,Liz,ASL_2008_01_18,27,1327,1362,ASL_2008_01_18-27,3217
EMPTY/NAKED,EMPTY/NAKED,Brady,ASL_2011_06_14_Brady,11,8140,8155,ASL_2011_06_14_Brady-11,3218
EMPTY/NAKED,EMPTY/NAKED,Liz,ASL_2008_01_18,31,271,290,ASL_2008_01_18-31,3219
EMPTY/NAKED,EMPTY/NAKED,Liz,ASL_2008_02_15,14,2192,2230,ASL_2008_02_15-14,3220
EMPTY/NAKED,EMPTY/NAKED,Naomi,ASL_2008_08_06,30,3121,3137,ASL_2008_08_06-30,3221
ENCOURAGE,ENCOURAGE+,Brady,ASL_2011_06_14_Brady,11,8369,8404,ASL_2011_06_14_Brady-11,3222
ENCOURAGE,ENCOURAGE+,Brady,ASL_2011_07_22_Brady,17,2000,2052,ASL_2011_07_22_Brady-17,3223
ENCOURAGE,ENCOURAGE+,Liz,ASL_2008_01_18,31,476,531,ASL_2008_01_18-31,3224
ENCOURAGE,ENCOURAGE+,Liz,ASL_2008_03_28,29,865,940,ASL_2008_03_28-29,3225
ENCOURAGE,ENCOURAGE+,Naomi,ASL_2008_08_06,31,142,191,ASL_2008_08_06-31,3226
ENCOURAGE,ENCOURAGE++,Tyler,ASL_2008_05_29a,11,303,354,ASL_2008_05_29a-11,3227
ENCYCLOPEDIA,ENCYCLOPEDIA+,Brady,ASL_2011_06_14_Brady,11,9175,9210,ASL_2011_06_14_Brady-11,3228
ENCYCLOPEDIA,ENCYCLOPEDIA+,Liz,ASL_2008_01_18,31,670,722,ASL_2008_01_18-31,3229
ENCYCLOPEDIA,ENCYCLOPEDIA+,Naomi,ASL_2008_08_06,31,500,535,ASL_2008_08_06-31,3230
ENCYCLOPEDIA,ENCYCLOPEDIA+,Tyler,ASL_2008_05_29a,11,620,670,ASL_2008_05_29a-11,3231
ENCYCLOPEDIA,ENCYCLOPEDIA_2,Liz,ASL_2008_01_18,31,885,940,ASL_2008_01_18-31,3232
END,END,Tyler,ASL_2008_05_29a,11,1240,1270,ASL_2008_05_29a-11,3233
ENERGY,ENERGY,Brady,ASL_2011_06_14_Brady,12,842,863,ASL_2011_06_14_Brady-12,3234
ENERGY,ENERGY,Liz,ASL_2008_01_18,31,1745,1776,ASL_2008_01_18-31,3235
ENERGY,ENERGY,Naomi,ASL_2008_08_06,31,2180,2210,ASL_2008_08_06-31,3236
ENERGY,ENERGY,Tyler,ASL_2008_05_29a,11,2112,2160,ASL_2008_05_29a-11,3237
ENGAGEMENT,ENGAGEMENT,Brady,ASL_2011_06_14_Brady,12,1142,1160,ASL_2011_06_14_Brady-12,3238
ENGAGEMENT,ENGAGEMENT,Brady,ASL_2011_06_14_Brady,12,2847,2860,ASL_2011_06_14_Brady-12,3239
ENGAGEMENT,ENGAGEMENT,Liz,ASL_2008_01_18,31,3445,3470,ASL_2008_01_18-31,3240
ENGAGEMENT,ENGAGEMENT,Liz,ASL_2008_01_18,31,3755,3795,ASL_2008_01_18-31,3241
ENGAGEMENT,ENGAGEMENT,Naomi,ASL_2008_08_06,31,2450,2475,ASL_2008_08_06-31,3242
ENGAGEMENT,ENGAGEMENT,Naomi,ASL_2008_08_06,31,2705,2730,ASL_2008_08_06-31,3243
ENGAGEMENT,ENGAGEMENT_2,Tyler,ASL_2008_05_29a,11,2355,2385,ASL_2008_05_29a-11,3244
ENGAGEMENT,ENGAGEMENT_2,Tyler,ASL_2008_05_29a,11,2590,2615,ASL_2008_05_29a-11,3245
ENGINE,ENGINE+,Naomi,ASL_2008_08_06,31,3147,3200,ASL_2008_08_06-31,3246
ENGINEERING+AGENT,(2h)alt.ENGINEERING+AGENT,Tyler,ASL_2008_05_29a,11,3616,3680,ASL_2008_05_29a-11,3247
ENGINEERING+AGENT,ENGINEERING+AGENT,Brady,ASL_2011_06_14_Brady,12,4591,4628,ASL_2011_06_14_Brady-12,3248
ENGINEERING+AGENT,ENGINEERING+AGENT,Liz,ASL_2008_01_18,32,182,237,ASL_2008_01_18-32,3249
ENGINEERING+AGENT,ENGINEERING+AGENT,Naomi,ASL_2008_08_06,31,3440,3475,ASL_2008_08_06-31,3250
ENOUGH,ENOUGH+,Brady,ASL_2011_06_14_Brady,12,5575,5600,ASL_2011_06_14_Brady-12,3251
ENOUGH,ENOUGH+,Dana,ASL_2007_05_24,12,2260,2301,ASL_2007_05_24-12,3252
ENOUGH,ENOUGH+,Lana,ASL_2006_10_10,8,2318,2352,ASL_2006_10_10-8,3253
ENOUGH,ENOUGH+,Liz,ASL_2008_01_18,32,1385,1420,ASL_2008_01_18-32,3254
ENOUGH,ENOUGH+,Naomi,ASL_2008_08_06,32,820,845,ASL_2008_08_06-32,3255
ENOUGH,ENOUGH+,Tyler,ASL_2008_05_29a,12,1335,1370,ASL_2008_05_29a-12,3256
ENTER,ENTER,Dana,ASL_2007_05_24,12,2528,2568,ASL_2007_05_24-12,3257
ENTER,ENTER,Lana,ASL_2006_10_10,8,2584,2607,ASL_2006_10_10-8,3258
ENTER,ENTER,Liz,ASL_2008_01_11,6,3355,3390,ASL_2008_01_11-6,3259
ENTER,ENTER,Liz,ASL_2008_01_18,32,1580,1620,ASL_2008_01_18-32,3260
ENTER,ENTER,Naomi,ASL_2008_08_04,5,2825,2848,ASL_2008_08_04-5,3261
ENTER,ENTER,Naomi,ASL_2008_08_06,32,1030,1065,ASL_2008_08_06-32,3262
ENTER,ENTER,Tyler,ASL_2008_05_12a,6,5660,5680,ASL_2008_05_12a-6,3263
ENTER,ENTER,Tyler,ASL_2008_05_29a,12,1535,1565,ASL_2008_05_29a-12,3264
ENTER,ENTER+,Brady,ASL_2011_06_14_Brady,56,1040,1062,ASL_2011_06_14_Brady-56,3265
ENVIRONMENT,ENVIRONMENT,Brady,ASL_2011_06_14_Brady,12,6021,6041,ASL_2011_06_14_Brady-12,3266
ENVIRONMENT,ENVIRONMENT,Liz,ASL_2008_01_18,32,1781,1820,ASL_2008_01_18-32,3267
ENVIRONMENT,ENVIRONMENT,Naomi,ASL_2008_08_06,32,1310,1337,ASL_2008_08_06-32,3268
ENVIRONMENT,ENVIRONMENT,Tyler,ASL_2008_05_29a,12,1761,1790,ASL_2008_05_29a-12,3269
EPISCOPAL,EPISCOPAL,Brady,ASL_2011_06_14_Brady,12,6252,6270,ASL_2011_06_14_Brady-12,3270
EPISCOPAL,EPISCOPAL,Liz,ASL_2008_01_18,32,1977,2010,ASL_2008_01_18-32,3271
EQUAL,EQUAL+,Brady,ASL_2011_06_14_Brady,12,6719,6738,ASL_2011_06_14_Brady-12,3272
EQUAL,EQUAL+,Liz,ASL_2008_01_18,32,2246,2290,ASL_2008_01_18-32,3273
EQUAL,EQUAL+,Naomi,ASL_2008_08_06,32,2461,2487,ASL_2008_08_06-32,3274
EQUAL,EQUAL++,Tyler,ASL_2008_05_29a,12,2922,2955,ASL_2008_05_29a-12,3275
EQUIPMENT,(nd-E)EQUIPMENT,Tyler,ASL_2008_05_29a,12,3155,3200,ASL_2008_05_29a-12,3276
EQUIPMENT,EQUIPMENT,Brady,ASL_2011_06_14_Brady,12,6980,7004,ASL_2011_06_14_Brady-12,3277
EQUIPMENT,EQUIPMENT,Liz,ASL_2008_01_18,32,2535,2585,ASL_2008_01_18-32,3278
EQUIPMENT,EQUIPMENT,Naomi,ASL_2008_08_06,32,2801,2820,ASL_2008_08_06-32,3279
ERASE,ERASE,Brady,ASL_2011_06_14_Brady,12,7200,7226,ASL_2011_06_14_Brady-12,3280
ERASE,ERASE,Liz,ASL_2008_01_18,33,236,285,ASL_2008_01_18-33,3281
ERASE,ERASE,Naomi,ASL_2008_08_06,32,3230,3275,ASL_2008_08_06-32,3282
ERASE,ERASE,Tyler,ASL_2008_05_29a,12,3407,3455,ASL_2008_05_29a-12,3283
ERASE-BOARD,ERASE-BOARD+,Liz,ASL_2008_01_18,33,490,585,ASL_2008_01_18-33,3284
ERASE-BOARD,ERASE-BOARD+,Naomi,ASL_2008_08_06,33,240,300,ASL_2008_08_06-33,3285
ERECT,ERECT,Brady,ASL_2011_07_19_Brady,77,2012,2044,ASL_2011_07_19_Brady-77,3286
ERECT,ERECT,Liz,ASL_2008_02_29,27,775,820,ASL_2008_02_29-27,3287
ESCAPE,ESCAPE,Brady,ASL_2011_06_14_Brady,12,8015,8033,ASL_2011_06_14_Brady-12,3288
ESCAPE,ESCAPE,Liz,ASL_2008_01_18,33,700,720,ASL_2008_01_18-33,3289
ESCAPE,ESCAPE,Naomi,ASL_2008_08_06,33,455,472,ASL_2008_08_06-33,3290
ESCAPE,ESCAPE,Tyler,ASL_2008_05_29a,13,1571,1595,ASL_2008_05_29a-13,3291
ETCETERA,ETCETERA,Brady,ASL_2011_06_14_Brady,13,360,384,ASL_2011_06_14_Brady-13,3292
ETCETERA,ETCETERA,Liz,ASL_2008_01_18,33,1075,1105,ASL_2008_01_18-33,3293
ETCETERA,ETCETERA,Naomi,ASL_2008_08_06,33,960,985,ASL_2008_08_06-33,3294
EVALUATE,EVALUATE+,Brady,ASL_2011_06_14_Brady,13,798,833,ASL_2011_06_14_Brady-13,3295
EVALUATE,EVALUATE+,Liz,ASL_2008_01_18,33,1515,1570,ASL_2008_01_18-33,3296
EVALUATE,EVALUATE+,Naomi,ASL_2008_08_06,33,1430,1471,ASL_2008_08_06-33,3297
EVENING,EVENING,Brady,ASL_2011_06_14_Brady,13,1479,1502,ASL_2011_06_14_Brady-13,3298
EVENING,EVENING,Liz,ASL_2008_01_18,33,1766,1797,ASL_2008_01_18-33,3299
EVENING,EVENING,Naomi,ASL_2008_08_06,28,1585,1610,ASL_2008_08_06-28,3300
EVERY+(2h)THING,EVERY+(2h)THING,Brady,ASL_2011_06_14_Brady,14,469,497,ASL_2011_06_14_Brady-14,3301
EVERY+(2h)THING,EVERY+(2h)THING,Brady,ASL_2011_07_22_Brady,42,1795,1827,ASL_2011_07_22_Brady-42,3302
EVERY+(2h)THING,EVERY+(2h)THING,Liz,ASL_2008_01_18,35,259,305,ASL_2008_01_18-35,3303
EVERY+(2h)THING,EVERY+(2h)THING,Naomi,ASL_2008_08_06,34,2364,2405,ASL_2008_08_06-34,3304
EVERY+(2h)THING,EVERY+(2h)THING,Tyler,ASL_2008_05_29a,14,2622,2654,ASL_2008_05_29a-14,3305
EVERY-FRIDAY,EVERY-FRIDAY,Brady,ASL_2011_06_14_Brady,13,3132,3158,ASL_2011_06_14_Brady-13,3306
EVERY-FRIDAY,EVERY-FRIDAY,Liz,ASL_2008_01_18,33,2206,2235,ASL_2008_01_18-33,3307
EVERY-FRIDAY,EVERY-FRIDAY,Naomi,ASL_2008_08_06,33,2130,2155,ASL_2008_08_06-33,3308
EVERY-FRIDAY,EVERY-FRIDAY,Tyler,ASL_2008_05_29a,13,3980,4016,ASL_2008_05_29a-13,3309
EVERY-MONDAY,EVERY-MONDAY,Brady,ASL_2011_06_14_Brady,13,3351,3376,ASL_2011_06_14_Brady-13,3310
EVERY-MONDAY,EVERY-MONDAY,Liz,ASL_2008_01_18,34,355,380,ASL_2008_01_18-34,3311
EVERY-MONDAY,EVERY-MONDAY,Naomi,ASL_2008_08_06,33,2351,2377,ASL_2008_08_06-33,3312
EVERY-MONDAY,EVERY-MONDAY,Tyler,ASL_2008_05_29a,13,4190,4230,ASL_2008_05_29a-13,3313
EVERY-MONTH/RENT,EVERY-MONTH/RENT+,Liz,ASL_2008_02_15,8,1465,1515,ASL_2008_02_15-8,3314
EVERY-MONTH/RENT,EVERY-MONTH/RENT++,Brady,ASL_2011_07_19_Brady,5,859,907,ASL_2011_07_19_Brady-5,3315
EVERY-MONTH/RENT,EVERY-MONTH/RENT++,Tyler,ASL_2008_06_10,18,995,1040,ASL_2008_06_10-18,3316
EVERY-SATURDAY,EVERY-SATURDAY,Brady,ASL_2011_06_14_Brady,13,3555,3582,ASL_2011_06_14_Brady-13,3317
EVERY-SATURDAY,EVERY-SATURDAY,Liz,ASL_2008_01_18,34,580,611,ASL_2008_01_18-34,3318
EVERY-SATURDAY,EVERY-SATURDAY,Naomi,ASL_2008_08_06,34,190,215,ASL_2008_08_06-34,3319
EVERY-SATURDAY,EVERY-SATURDAY,Tyler,ASL_2008_05_29a,14,290,330,ASL_2008_05_29a-14,3320
EVERY-SUNDAY,EVERY-SUNDAY,Brady,ASL_2011_06_14_Brady,13,3784,3806,ASL_2011_06_14_Brady-13,3321
EVERY-SUNDAY,EVERY-SUNDAY,Liz,ASL_2008_01_18,34,791,825,ASL_2008_01_18-34,3322
EVERY-SUNDAY,EVERY-SUNDAY,Naomi,ASL_2008_08_06,34,422,446,ASL_2008_08_06-34,3323
EVERY-SUNDAY,EVERY-SUNDAY,Tyler,ASL_2008_05_29a,14,451,497,ASL_2008_05_29a-14,3324
EVERY-THURSDAY,(H)EVERY-THURSDAY,Brady,ASL_2011_06_14_Brady,13,4260,4279,ASL_2011_06_14_Brady-13,3325
EVERY-THURSDAY,(H)EVERY-THURSDAY,Liz,ASL_2008_01_18,34,1190,1215,ASL_2008_01_18-34,3326
EVERY-THURSDAY,(H)EVERY-THURSDAY,Naomi,ASL_2008_08_06,34,917,937,ASL_2008_08_06-34,3327
EVERY-THURSDAY,EVERY-THURSDAY,Brady,ASL_2011_06_14_Brady,13,4029,4050,ASL_2011_06_14_Brady-13,3328
EVERY-THURSDAY,EVERY-THURSDAY,Liz,ASL_2008_01_18,34,980,1010,ASL_2008_01_18-34,3329
EVERY-THURSDAY,EVERY-THURSDAY,Naomi,ASL_2008_08_06,34,640,670,ASL_2008_08_06-34,3330
EVERY-THURSDAY,EVERY-THURSDAY_2,Tyler,ASL_2008_05_29a,14,685,742,ASL_2008_05_29a-14,3331
EVERY-TUESDAY,EVERY-TUESDAY,Brady,ASL_2011_06_14_Brady,13,4492,4512,ASL_2011_06_14_Brady-13,3332
EVERY-TUESDAY,EVERY-TUESDAY,Liz,ASL_2008_01_18,34,1330,1355,ASL_2008_01_18-34,3333
EVERY-TUESDAY,EVERY-TUESDAY,Naomi,ASL_2008_08_06,34,1131,1155,ASL_2008_08_06-34,3334
EVERY-TUESDAY,EVERY-TUESDAY,Tyler,ASL_2008_05_29a,14,1436,1470,ASL_2008_05_29a-14,3335
EVERY-TWO-YEARS,EVERY-TWO-YEARS,Brady,ASL_2011_06_08_Brady,21,1829,1862,ASL_2011_06_08_Brady-21,3336
EVERY-TWO-YEARS,EVERY-TWO-YEARS,Brady,ASL_2011_06_14_Brady,13,2133,2156,ASL_2011_06_14_Brady-13,3337
EVERY-TWO-YEARS,EVERY-TWO-YEARS,Liz,ASL_2010_08_10_Liz_additional_lexicon_signs,16,1845,1881,ASL_2010_08_10_Liz_additional_lexicon_signs-16,3338
EVERY-TWO-YEARS,EVERY-TWO-YEARS,Liz,ASL_2010_08_10_Liz_additional_lexicon_signs,24,2032,2090,ASL_2010_08_10_Liz_additional_lexicon_signs-24,3339
EVERY-WEDNESDAY,EVERY-WEDNESDAY,Brady,ASL_2011_06_14_Brady,13,4724,4744,ASL_2011_06_14_Brady-13,3340
EVERY-WEDNESDAY,EVERY-WEDNESDAY,Liz,ASL_2008_01_18,34,1921,1950,ASL_2008_01_18-34,3341
EVERY-WEDNESDAY,EVERY-WEDNESDAY,Naomi,ASL_2008_08_06,34,1337,1361,ASL_2008_08_06-34,3342
EVERY-WEDNESDAY,EVERY-WEDNESDAY,Tyler,ASL_2008_05_29a,14,1617,1650,ASL_2008_05_29a-14,3343
EVERY-WEEK,EVERY-WEEK++,Brady,ASL_2011_07_22_Brady,26,2752,2834,ASL_2011_07_22_Brady-26,3344
EVERY-WEEK,EVERY-WEEK++,Liz,ASL_2008_03_28,38,1535,1610,ASL_2008_03_28-38,3345
EVERY-YEAR,EVERY-YEAR,Brady,ASL_2011_07_22_Brady,57,5978,6034,ASL_2011_07_22_Brady-57,3346
EVERY-YEAR,EVERY-YEAR++,Brady,ASL_2011_06_08_Brady,12,784,879,ASL_2011_06_08_Brady-12,3347
EVERY-YEAR,EVERY-YEAR++,Brady,ASL_2011_07_22_Brady,35,1433,1493,ASL_2011_07_22_Brady-35,3348
EVERY-YEAR,EVERY-YEAR++,Liz,ASL_2008_03_28,47,1596,1647,ASL_2008_03_28-47,3349
EVERY-YEAR,EVERY-YEAR++,Liz,ASL_2010_08_10_Liz_additional_lexicon_signs,23,1420,1500,ASL_2010_08_10_Liz_additional_lexicon_signs-23,3350
EVERYDAY,EVERYDAY,Brady,ASL_2011_06_14_Brady,13,4950,4983,ASL_2011_06_14_Brady-13,3351
EVERYDAY,EVERYDAY,Dana,ASL_2007_05_24,12,2396,2433,ASL_2007_05_24-12,3352
EVERYDAY,EVERYDAY,Lana,ASL_2006_10_10,8,2460,2503,ASL_2006_10_10-8,3353
EVERYDAY,EVERYDAY,Liz,ASL_2008_01_18,34,2547,2590,ASL_2008_01_18-34,3354
EVERYDAY,EVERYDAY,Naomi,ASL_2008_08_06,34,1537,1590,ASL_2008_08_06-34,3355
EVERYDAY,EVERYDAY,Tyler,ASL_2008_05_29a,14,1790,1832,ASL_2008_05_29a-14,3356
EXACT,(F)EXACT,Liz,ASL_2008_02_15,35,2220,2277,ASL_2008_02_15-35,3357
EXACT,EXACT,Brady,ASL_2011_06_14_Brady,14,972,994,ASL_2011_06_14_Brady-14,3358
EXACT,EXACT,Liz,ASL_2008_01_18,35,685,720,ASL_2008_01_18-35,3359
EXACT,EXACT,Liz,ASL_2010_08_10_Liz_additional_lexicon_signs,23,658,720,ASL_2010_08_10_Liz_additional_lexicon_signs-23,3360
EXACT,EXACT,Naomi,ASL_2008_08_06,35,601,627,ASL_2008_08_06-35,3361
EXACT,EXACT,Tyler,ASL_2008_05_29a,15,470,506,ASL_2008_05_29a-15,3362
EXACT,EXACT,Tyler,ASL_2008_05_29a,15,705,740,ASL_2008_05_29a-15,3363
EXACT,EXACT_2,Naomi,ASL_2008_08_06,35,360,390,ASL_2008_08_06-35,3364
EXAGGERATE,EXAGGERATE+,Dana,ASL_2007_05_24,12,2799,2859,ASL_2007_05_24-12,3365
EXAGGERATE,EXAGGERATE+,Lana,ASL_2006_10_10,8,2846,2904,ASL_2006_10_10-8,3366
EXAGGERATE,EXAGGERATE+,Liz,ASL_2008_01_18,35,1110,1175,ASL_2008_01_18-35,3367
EXAGGERATE,EXAGGERATE+,Tyler,ASL_2008_05_29a,15,920,965,ASL_2008_05_29a-15,3368
EXAGGERATE,EXAGGERATE++,Brady,ASL_2011_06_14_Brady,14,2364,2418,ASL_2011_06_14_Brady-14,3369
EXAGGERATE,EXAGGERATE++,Naomi,ASL_2008_08_06,35,936,1011,ASL_2008_08_06-35,3370
EXCEED,EXCEED,Brady,ASL_2011_06_14_Brady,14,3085,3105,ASL_2011_06_14_Brady-14,3371
EXCEED,EXCEED,Liz,ASL_2008_01_11,5,1000,1031,ASL_2008_01_11-5,3372
EXCEED,EXCEED,Liz,ASL_2008_01_18,35,1580,1615,ASL_2008_01_18-35,3373
EXCEED,EXCEED,Naomi,ASL_2008_08_06,35,1402,1421,ASL_2008_08_06-35,3374
EXCITED,EXCITED+,Brady,ASL_2011_06_14_Brady,14,3866,3895,ASL_2011_06_14_Brady-14,3375
EXCITED,EXCITED+,Dana,ASL_2007_05_24,13,187,254,ASL_2007_05_24-13,3376
EXCITED,EXCITED+,Lana,ASL_2006_10_10,9,168,205,ASL_2006_10_10-9,3377
EXCITED,EXCITED+,Liz,ASL_2008_01_18,35,2057,2112,ASL_2008_01_18-35,3378
EXCITED,EXCITED+,Naomi,ASL_2008_08_06,35,1870,1905,ASL_2008_08_06-35,3379
EXCITED,EXCITED+,Tyler,ASL_2008_05_29a,15,2717,2762,ASL_2008_05_29a-15,3380
EXCUSE,EXCUSE,Brady,ASL_2011_06_08_Brady,36,2175,2195,ASL_2011_06_08_Brady-36,3381
EXCUSE,EXCUSE,Brady,ASL_2011_06_14_Brady,14,4180,4202,ASL_2011_06_14_Brady-14,3382
EXCUSE,EXCUSE,Brady,ASL_2011_06_14_Brady,21,7561,7588,ASL_2011_06_14_Brady-21,3383
EXCUSE,EXCUSE,Brady,ASL_2011_06_14_Brady,21,7810,7836,ASL_2011_06_14_Brady-21,3384
EXCUSE,EXCUSE,Dana,ASL_2007_05_24,13,479,542,ASL_2007_05_24-13,3385
EXCUSE,EXCUSE,Lana,ASL_2006_10_10,9,482,513,ASL_2006_10_10-9,3386
EXCUSE,EXCUSE,Liz,ASL_2008_01_18,35,2310,2340,ASL_2008_01_18-35,3387
EXCUSE,EXCUSE,Liz,ASL_2008_01_18,36,287,332,ASL_2008_01_18-36,3388
EXCUSE,EXCUSE,Liz,ASL_2008_01_18,47,2370,2420,ASL_2008_01_18-47,3389
EXCUSE,EXCUSE,Liz,ASL_2008_01_18,48,160,200,ASL_2008_01_18-48,3390
EXCUSE,EXCUSE,Naomi,ASL_2008_08_06,35,2080,2101,ASL_2008_08_06-35,3391
EXCUSE,EXCUSE,Naomi,ASL_2008_08_06,35,2345,2372,ASL_2008_08_06-35,3392
EXCUSE,EXCUSE,Naomi,ASL_2008_08_06,47,2685,2715,ASL_2008_08_06-47,3393
EXCUSE,EXCUSE,Naomi,ASL_2008_08_06,47,2975,3010,ASL_2008_08_06-47,3394
EXCUSE,EXCUSE,Tyler,ASL_2008_05_29a,15,2920,2957,ASL_2008_05_29a-15,3395
EXCUSE,EXCUSE,Tyler,ASL_2008_05_29a,15,3210,3236,ASL_2008_05_29a-15,3396
EXPAND,EXPAND,Brady,ASL_2011_06_14_Brady,14,5075,5097,ASL_2011_06_14_Brady-14,3397
EXPAND,EXPAND,Liz,ASL_2008_01_18,36,961,996,ASL_2008_01_18-36,3398
EXPAND,EXPAND,Naomi,ASL_2008_08_06,36,1352,1385,ASL_2008_08_06-36,3399
EXPAND,EXPAND,Tyler,ASL_2008_05_29a,16,1080,1110,ASL_2008_05_29a-16,3400
EXPENSIVE,EXPENSIVE,Brady,ASL_2011_06_14_Brady,14,5309,5340,ASL_2011_06_14_Brady-14,3401
EXPENSIVE,EXPENSIVE,Dana,ASL_2007_05_24,13,983,1046,ASL_2007_05_24-13,3402
EXPENSIVE,EXPENSIVE,Lana,ASL_2006_10_10,9,935,962,ASL_2006_10_10-9,3403
EXPENSIVE,EXPENSIVE,Liz,ASL_2008_01_18,36,1165,1201,ASL_2008_01_18-36,3404
EXPENSIVE,EXPENSIVE,Naomi,ASL_2008_08_06,36,1591,1625,ASL_2008_08_06-36,3405
EXPENSIVE,EXPENSIVE_2,Tyler,ASL_2008_05_29a,16,1297,1332,ASL_2008_05_29a-16,3406
EXPERIENCE,EXPERIENCE+,Brady,ASL_2011_06_14_Brady,14,5936,5969,ASL_2011_06_14_Brady-14,3407
EXPERIENCE,EXPERIENCE+,Dana,ASL_2007_05_24,12,2663,2715,ASL_2007_05_24-12,3408
EXPERIENCE,EXPERIENCE+,Lana,ASL_2006_10_10,8,2725,2755,ASL_2006_10_10-8,3409
EXPERIENCE,EXPERIENCE+,Liz,ASL_2008_01_18,36,1365,1410,ASL_2008_01_18-36,3410
EXPERIENCE,EXPERIENCE+,Naomi,ASL_2008_08_06,36,1801,1832,ASL_2008_08_06-36,3411
EXPERIENCE,EXPERIENCE++,Tyler,ASL_2008_05_29a,16,1525,1585,ASL_2008_05_29a-16,3412
EXPERIMENT,EXPERIMENT+,Brady,ASL_2011_06_14_Brady,14,5620,5666,ASL_2011_06_14_Brady-14,3413
EXPERIMENT,EXPERIMENT+,Liz,ASL_2008_01_18,36,1582,1650,ASL_2008_01_18-36,3414
EXPERIMENT,EXPERIMENT+,Naomi,ASL_2008_08_06,36,2037,2085,ASL_2008_08_06-36,3415
EXPERIMENT,EXPERIMENT+,Tyler,ASL_2008_05_29a,13,3275,3325,ASL_2008_05_29a-13,3416
EXPERIMENT,EXPERIMENT+,Tyler,ASL_2008_05_29a,16,1780,1835,ASL_2008_05_29a-16,3417
EXPERT,EXPERT,Brady,ASL_2011_06_08_Brady,32,3913,3933,ASL_2011_06_08_Brady-32,3418
EXPERT,EXPERT,Brady,ASL_2011_06_14_Brady,14,6428,6449,ASL_2011_06_14_Brady-14,3419
EXPERT,EXPERT,Brady,ASL_2011_06_14_Brady,27,3520,3539,ASL_2011_06_14_Brady-27,3420
EXPERT,EXPERT,Liz,ASL_2008_01_18,11,2756,2781,ASL_2008_01_18-11,3421
EXPERT,EXPERT,Liz,ASL_2008_01_18,36,1899,1934,ASL_2008_01_18-36,3422
EXPERT,EXPERT,Liz,ASL_2008_02_01,8,2210,2225,ASL_2008_02_01-8,3423
EXPERT,EXPERT,Naomi,ASL_2008_08_06,11,3261,3281,ASL_2008_08_06-11,3424
EXPERT,EXPERT,Naomi,ASL_2008_08_06,36,2293,2321,ASL_2008_08_06-36,3425
EXPERT,EXPERT,Naomi,ASL_2008_08_13,7,3056,3066,ASL_2008_08_13-7,3426
EXPERT,EXPERT,Tyler,ASL_2008_05_29a,16,2020,2036,ASL_2008_05_29a-16,3427
EXPERT,EXPERT,Tyler,ASL_2008_05_29a,39,1862,1867,ASL_2008_05_29a-39,3428
EXPLAIN,EXPLAIN+,Brady,ASL_2011_06_14_Brady,14,6663,6705,ASL_2011_06_14_Brady-14,3429
EXPLAIN,EXPLAIN+,Dana,ASL_2007_05_24,13,1274,1339,ASL_2007_05_24-13,3430
EXPLAIN,EXPLAIN+,Liz,ASL_2008_01_18,36,2065,2110,ASL_2008_01_18-36,3431
EXPLAIN,EXPLAIN+,Naomi,ASL_2008_08_06,36,2530,2574,ASL_2008_08_06-36,3432
EXPLAIN,EXPLAIN+,Tyler,ASL_2008_05_29a,16,2289,2329,ASL_2008_05_29a-16,3433
EXPLAIN,EXPLAIN++,Brady,ASL_2011_06_08_Brady,35,2105,2185,ASL_2011_06_08_Brady-35,3434
EXPLAIN,EXPLAIN++,Lana,ASL_2006_10_10,9,1209,1264,ASL_2006_10_10-9,3435
EXPLOIT,EXPLOIT+,Brady,ASL_2011_07_19_Brady,75,659,695,ASL_2011_07_19_Brady-75,3436
EXPLOIT,EXPLOIT+,Liz,ASL_2008_02_29,24,3892,3932,ASL_2008_02_29-24,3437
EXPOSE,EXPOSE,Liz,ASL_2008_02_29,28,275,310,ASL_2008_02_29-28,3438
EXPOSE,EXPOSE+,Brady,ASL_2011_07_19_Brady,79,442,475,ASL_2011_07_19_Brady-79,3439
EXPOSE,EXPOSE_2+,Liz,ASL_2010_08_10_Liz_additional_lexicon_signs,27,1207,1256,ASL_2010_08_10_Liz_additional_lexicon_signs-27,3440
EXPRESS,EXPRESS,Brady,ASL_2011_06_14_Brady,15,620,638,ASL_2011_06_14_Brady-15,3441
EXPRESS,EXPRESS,Liz,ASL_2008_01_18,36,2442,2480,ASL_2008_01_18-36,3442
EXPRESS,EXPRESS,Naomi,ASL_2008_08_06,36,2750,2785,ASL_2008_08_06-36,3443
EXPRESS,EXPRESS,Tyler,ASL_2008_05_29a,16,2560,2590,ASL_2008_05_29a-16,3444
EYE-MASK,EYE-MASK,Brady,ASL_2011_06_14_Brady,54,4662,4690,ASL_2011_06_14_Brady-54,3445
EYE-MASK,EYE-MASK,Liz,ASL_2008_02_01,58,2191,2227,ASL_2008_02_01-58,3446
EYE-MASK,EYE-MASK,Naomi,ASL_2008_08_13_session2,13,1235,1262,ASL_2008_08_13_session2-13,3447
EYEBROW,EYEBROW,Brady,ASL_2011_06_14_Brady,15,900,930,ASL_2011_06_14_Brady-15,3448
EYEBROW,EYEBROW,Liz,ASL_2008_01_18,37,320,360,ASL_2008_01_18-37,3449
EYEBROW,EYEBROW,Naomi,ASL_2008_08_06,36,3045,3081,ASL_2008_08_06-36,3450
EYEBROW,EYEBROW,Tyler,ASL_2008_05_29a,16,2800,2865,ASL_2008_05_29a-16,3451
EYEBROW-FROWN,EYEBROW-FROWN,Brady,ASL_2011_06_14_Brady,23,4073,4100,ASL_2011_06_14_Brady-23,3452
EYEBROW-FROWN,EYEBROW-FROWN,Liz,ASL_2008_01_18,50,1751,1772,ASL_2008_01_18-50,3453
EYEBROW-FROWN,EYEBROW-FROWN,Naomi,ASL_2008_08_06,50,1706,1725,ASL_2008_08_06-50,3454
EYEBROW-FROWN,EYEBROW-FROWN,Tyler,ASL_2008_05_29a,31,1530,1545,ASL_2008_05_29a-31,3455
EYELASHES,EYELASHES,Brady,ASL_2011_06_14_Brady,15,1129,1146,ASL_2011_06_14_Brady-15,3456
EYELASHES,EYELASHES,Liz,ASL_2008_01_18,37,527,545,ASL_2008_01_18-37,3457
EYELASHES,EYELASHES,Naomi,ASL_2008_08_06,37,215,245,ASL_2008_08_06-37,3458
EYELASHES,EYELASHES,Tyler,ASL_2008_05_29a,17,255,280,ASL_2008_05_29a-17,3459
EYES,EYES,Brady,ASL_2011_06_14_Brady,15,1411,1433,ASL_2011_06_14_Brady-15,3460
EYES,EYES,Liz,ASL_2008_01_18,37,705,735,ASL_2008_01_18-37,3461
EYES,EYES,Naomi,ASL_2008_08_06,37,441,470,ASL_2008_08_06-37,3462
EYES,EYES,Tyler,ASL_2008_05_29a,17,425,455,ASL_2008_05_29a-17,3463
F,F,Brady,ASL_2011_06_14_Brady,15,2188,2300,ASL_2011_06_14_Brady-15,3464
F,F,Liz,ASL_2008_01_18,37,932,945,ASL_2008_01_18-37,3465
F,F,Naomi,ASL_2008_08_06,37,710,755,ASL_2008_08_06-37,3466
F,F,Tyler,ASL_2008_05_29a,17,651,685,ASL_2008_05_29a-17,3467
FACE,(5)FACE+,Brady,ASL_2011_06_14_Brady,51,4310,4351,ASL_2011_06_14_Brady-51,3468
FACE,(5)FACE+,Liz,ASL_2008_02_01,53,4165,4225,ASL_2008_02_01-53,3469
FACE,(5)FACE+,Naomi,ASL_2008_08_13_session2,8,2665,2725,ASL_2008_08_13_session2-8,3470
FACE,(5)FACE+,Tyler,ASL_2008_06_10,5,2645,2687,ASL_2008_06_10-5,3471
FACE,FACE,Naomi,ASL_2008_08_06,37,1255,1285,ASL_2008_08_06-37,3472
FACE,FACE,Naomi,ASL_2008_08_13_session2,8,2972,3001,ASL_2008_08_13_session2-8,3473
FACE,FACE+,Brady,ASL_2011_06_14_Brady,15,3316,3360,ASL_2011_06_14_Brady-15,3474
FACE,FACE+,Brady,ASL_2011_06_14_Brady,51,4535,4575,ASL_2011_06_14_Brady-51,3475
FACE,FACE+,Liz,ASL_2008_01_18,37,1320,1371,ASL_2008_01_18-37,3476
FACE,FACE+,Liz,ASL_2008_02_01,53,4475,4525,ASL_2008_02_01-53,3477
FACE,FACE+,Tyler,ASL_2008_05_29a,17,1990,2050,ASL_2008_05_29a-17,3478
FACE+NICE/CLEAN,FACE+NICE/CLEAN,Brady,ASL_2011_06_14_Brady,31,5332,5373,ASL_2011_06_14_Brady-31,3479
FACE+NICE/CLEAN,FACE+NICE/CLEAN,Liz,ASL_2008_02_01,16,2612,2661,ASL_2008_02_01-16,3480
FACE+NICE/CLEAN,FACE+NICE/CLEAN,Naomi,ASL_2008_08_13,13,7242,7297,ASL_2008_08_13-13,3481
FACE+SAME,(5)FACE+SAME,Tyler,ASL_2008_06_10,5,797,844,ASL_2008_06_10-5,3482
FACE+SAME,FACE+SAME,Brady,ASL_2011_06_14_Brady,51,3366,3394,ASL_2011_06_14_Brady-51,3483
FACE+SAME,FACE+SAME,Liz,ASL_2008_02_01,53,1121,1160,ASL_2008_02_01-53,3484
FACE+SAME,FACE+SAME,Naomi,ASL_2008_08_13_session2,8,1016,1028,ASL_2008_08_13_session2-8,3485
FACE+SAME,FACE+SAME,Tyler,ASL_2008_06_10,5,1610,1643,ASL_2008_06_10-5,3486
FACE+STRONG,FACE+STRONG,Brady,ASL_2011_06_14_Brady,51,3107,3139,ASL_2011_06_14_Brady-51,3487
FACE+STRONG,FACE+STRONG,Liz,ASL_2008_02_01,53,828,892,ASL_2008_02_01-53,3488
FACE+STRONG,FACE+STRONG,Naomi,ASL_2008_08_13_session2,8,780,824,ASL_2008_08_13_session2-8,3489
FACIAL-EXPRESSION,FACIAL-EXPRESSION,Brady,ASL_2011_06_14_Brady,42,7441,7492,ASL_2011_06_14_Brady-42,3490
FACIAL-EXPRESSION,FACIAL-EXPRESSION+,Brady,ASL_2011_06_14_Brady,15,4761,4802,ASL_2011_06_14_Brady-15,3491
FACIAL-EXPRESSION,FACIAL-EXPRESSION+,Liz,ASL_2008_01_18,37,1555,1597,ASL_2008_01_18-37,3492
FACIAL-EXPRESSION,FACIAL-EXPRESSION+,Naomi,ASL_2008_08_06,37,1470,1507,ASL_2008_08_06-37,3493
FACIAL-EXPRESSION,FACIAL-EXPRESSION+,Tyler,ASL_2008_05_29a,17,2240,2285,ASL_2008_05_29a-17,3494
FACULTY,FACULTY,Brady,ASL_2011_06_14_Brady,15,5390,5415,ASL_2011_06_14_Brady-15,3495
FACULTY,FACULTY,Liz,ASL_2010_08_10_Liz_additional_lexicon_signs,27,1550,1596,ASL_2010_08_10_Liz_additional_lexicon_signs-27,3496
FAIL,FAIL,Brady,ASL_2011_06_14_Brady,15,5634,5649,ASL_2011_06_14_Brady-15,3497
FAIL,FAIL,Brady,ASL_2011_06_14_Brady,20,4761,4775,ASL_2011_06_14_Brady-20,3498
FAIL,FAIL,Liz,ASL_2008_01_18,45,1845,1865,ASL_2008_01_18-45,3499
FAIL,FAIL,Liz,ASL_2010_08_10_Liz_additional_lexicon_signs,27,1721,1782,ASL_2010_08_10_Liz_additional_lexicon_signs-27,3500
FAIL,FAIL,Naomi,ASL_2008_08_06,45,2197,2220,ASL_2008_08_06-45,3501
FAIL,FAIL,Tyler,ASL_2008_05_29a,25,2132,2155,ASL_2008_05_29a-25,3502
FALL,(1h)FALL,Tyler,ASL_2008_05_29a,18,366,400,ASL_2008_05_29a-18,3503
FALL,FALL,Lana,ASL_2006_10_10,9,1472,1490,ASL_2006_10_10-9,3504
FALL,FALL_2,Brady,ASL_2011_06_14_Brady,15,7606,7638,ASL_2011_06_14_Brady-15,3505
FALL,FALL_2,Liz,ASL_2008_01_18,38,467,497,ASL_2008_01_18-38,3506
FALL,FALL_2,Naomi,ASL_2008_08_06,38,125,155,ASL_2008_08_06-38,3507
FALL,FALL_3,Dana,ASL_2007_05_24,13,1564,1632,ASL_2007_05_24-13,3508
FALL-IN-LOVE,FALL-IN-LOVE,Brady,ASL_2011_06_14_Brady,15,7833,7871,ASL_2011_06_14_Brady-15,3509
FALL-IN-LOVE,FALL-IN-LOVE,Naomi,ASL_2008_08_06,37,3661,3700,ASL_2008_08_06-37,3510
FALL-IN-LOVE,FALL-IN-LOVE+,Liz,ASL_2008_01_18,38,271,307,ASL_2008_01_18-38,3511
FALL-IN-LOVE,FALL-IN-LOVE++,Tyler,ASL_2008_05_29a,17,3890,3931,ASL_2008_05_29a-17,3512
FALL-INTO-PLACE,FALL-INTO-PLACE,Brady,ASL_2011_07_22_Brady,33,125,162,ASL_2011_07_22_Brady-33,3513
FALL-INTO-PLACE,FALL-INTO-PLACE,Liz,ASL_2008_03_28,44,2166,2220,ASL_2008_03_28-44,3514
FALSEHOOD,FALSEHOOD,Liz,ASL_2008_02_01,48,560,597,ASL_2008_02_01-48,3515
FALSEHOOD,FALSEHOOD,Liz,ASL_2008_02_01,48,3770,3800,ASL_2008_02_01-48,3516
FALSEHOOD,FALSEHOOD,Naomi,ASL_2008_08_13_session2,3,740,755,ASL_2008_08_13_session2-3,3517
FALSEHOOD,FALSEHOOD,Naomi,ASL_2008_08_13_session2,3,3437,3460,ASL_2008_08_13_session2-3,3518
FAMILY,FAMILY,Brady,ASL_2011_06_14_Brady,16,452,471,ASL_2011_06_14_Brady-16,3519
FAMILY,FAMILY,Dana,ASL_2007_05_24,13,1724,1793,ASL_2007_05_24-13,3520
FAMILY,FAMILY,Lana,ASL_2006_10_10,9,1602,1634,ASL_2006_10_10-9,3521
FAMILY,FAMILY,Liz,ASL_2008_01_18,38,875,912,ASL_2008_01_18-38,3522
FAMILY,FAMILY,Naomi,ASL_2008_08_06,38,550,576,ASL_2008_08_06-38,3523
FAMILY,FAMILY,Tyler,ASL_2008_05_29a,18,1190,1250,ASL_2008_05_29a-18,3524
FAMOUS,FAMOUS,Brady,ASL_2011_06_14_Brady,16,688,721,ASL_2011_06_14_Brady-16,3525
FAMOUS,FAMOUS,Liz,ASL_2008_01_18,38,1095,1135,ASL_2008_01_18-38,3526
FAMOUS,FAMOUS,Naomi,ASL_2008_08_06,38,775,805,ASL_2008_08_06-38,3527
FAMOUS,FAMOUS,Tyler,ASL_2008_05_29a,18,2102,2142,ASL_2008_05_29a-18,3528
FANCY,FANCY+,Naomi,ASL_2008_08_06,38,1051,1095,ASL_2008_08_06-38,3529
FANCY,FANCY++,Brady,ASL_2011_06_14_Brady,16,3032,3087,ASL_2011_06_14_Brady-16,3530
FANCY,FANCY++,Brady,ASL_2011_07_19_Brady,91,1092,1153,ASL_2011_07_19_Brady-91,3531
FANCY,FANCY++,Liz,ASL_2008_01_18,38,1325,1390,ASL_2008_01_18-38,3532
FANCY,FANCY++,Tyler,ASL_2008_05_29a,18,2325,2390,ASL_2008_05_29a-18,3533
FANCY+BOX/ROOM,FANCY+BOX/ROOM,Brady,ASL_2011_06_14_Brady,50,3282,3340,ASL_2011_06_14_Brady-50,3534
FANCY+BOX/ROOM,FANCY+BOX/ROOM,Liz,ASL_2008_02_01,51,1980,2047,ASL_2008_02_01-51,3535
FANCY+BOX/ROOM,FANCY+BOX/ROOM,Naomi,ASL_2008_08_13_session2,6,2348,2414,ASL_2008_08_13_session2-6,3536
FANTASY,FANTASY+,Brady,ASL_2011_06_14_Brady,16,3296,3346,ASL_2011_06_14_Brady-16,3537
FANTASY,FANTASY+,Liz,ASL_2008_01_18,38,1540,1595,ASL_2008_01_18-38,3538
FANTASY,FANTASY+,Tyler,ASL_2008_05_29a,18,2567,2596,ASL_2008_05_29a-18,3539
FAR,FAR,Brady,ASL_2011_06_08_Brady,10,644,669,ASL_2011_06_08_Brady-10,3540
FAR,FAR,Brady,ASL_2011_06_14_Brady,16,3556,3583,ASL_2011_06_14_Brady-16,3541
FAR,FAR,Lana,ASL_2006_10_10,9,1895,1923,ASL_2006_10_10-9,3542
FAR,FAR,Liz,ASL_2008_01_18,38,1775,1830,ASL_2008_01_18-38,3543
FAR,FAR,Naomi,ASL_2008_08_06,38,2097,2125,ASL_2008_08_06-38,3544
FAR,FAR,Tyler,ASL_2008_05_29a,18,2777,2815,ASL_2008_05_29a-18,3545
FAR,FAR_2,Dana,ASL_2007_05_24,13,2176,2251,ASL_2007_05_24-13,3546
FARM,FARM,Brady,ASL_2011_06_14_Brady,16,3787,3817,ASL_2011_06_14_Brady-16,3547
FARM,FARM,Liz,ASL_2008_01_18,38,1976,2005,ASL_2008_01_18-38,3548
FARM,FARM,Naomi,ASL_2008_08_06,38,2290,2315,ASL_2008_08_06-38,3549
FARM,FARM_2,Lana,ASL_2006_09_26,61,1213,1244,ASL_2006_09_26-61,3550
FARM,FARM_2,Tyler,ASL_2008_05_29a,18,2967,3000,ASL_2008_05_29a-18,3551
FARM+AGENT,FARM++AGENT,Naomi,ASL_2008_08_06,38,2539,2590,ASL_2008_08_06-38,3552
FARM+AGENT,FARM+AGENT,Brady,ASL_2011_06_14_Brady,16,4074,4110,ASL_2011_06_14_Brady-16,3553
FARM+AGENT,FARM+AGENT,Liz,ASL_2008_01_18,38,2177,2245,ASL_2008_01_18-38,3554
FARM+AGENT,FARM_2+AGENT,Tyler,ASL_2008_05_29a,18,3167,3210,ASL_2008_05_29a-18,3555
FASCINATE,FASCINATE,Liz,ASL_2010_08_10_Liz_additional_lexicon_signs,28,1137,1196,ASL_2010_08_10_Liz_additional_lexicon_signs-28,3556
FAST,FAST,Lana,ASL_2006_10_10,9,2167,2180,ASL_2006_10_10-9,3557
FAST,FAST_2,Liz,ASL_2010_08_10_Liz_additional_lexicon_signs,23,149,183,ASL_2010_08_10_Liz_additional_lexicon_signs-23,3558
FASTING,FASTING,Brady,ASL_2011_06_14_Brady,16,4909,4938,ASL_2011_06_14_Brady-16,3559
FASTING,FASTING,Liz,ASL_2008_01_18,39,435,467,ASL_2008_01_18-39,3560
FASTING,FASTING,Naomi,ASL_2008_08_06,39,210,240,ASL_2008_08_06-39,3561
FAST_3,FAST_3,Brady,ASL_2011_06_14_Brady,16,4635,4652,ASL_2011_06_14_Brady-16,3562
FAST_3,FAST_3,Liz,ASL_2008_01_18,39,267,280,ASL_2008_01_18-39,3563
FAST_3,FAST_3,Naomi,ASL_2008_08_06,38,2796,2822,ASL_2008_08_06-38,3564
FAST_3,FAST_3,Tyler,ASL_2008_05_29a,18,3385,3410,ASL_2008_05_29a-18,3565
FAT,FAT,Brady,ASL_2011_06_14_Brady,16,5387,5408,ASL_2011_06_14_Brady-16,3566
FAT,FAT,Liz,ASL_2008_01_18,39,835,855,ASL_2008_01_18-39,3567
FAT,FAT,Naomi,ASL_2008_08_06,39,605,625,ASL_2008_08_06-39,3568
FAT,FAT_2,Dana,ASL_2007_05_24,21,2102,2130,ASL_2007_05_24-21,3569
FAT,FAT_2,Lana,ASL_2006_10_10,19,2164,2176,ASL_2006_10_10-19,3570
FAT,FAT_2,Tyler,ASL_2008_05_29a,19,1490,1520,ASL_2008_05_29a-19,3571
FATHER,FATHER+,Brady,ASL_2011_06_14_Brady,16,5637,5653,ASL_2011_06_14_Brady-16,3572
FATHER,FATHER+,Dana,ASL_2007_05_24,13,1138,1182,ASL_2007_05_24-13,3573
FATHER,FATHER+,Liz,ASL_2008_01_18,39,1320,1345,ASL_2008_01_18-39,3574
FATHER,FATHER+,Naomi,ASL_2008_08_06,39,1140,1162,ASL_2008_08_06-39,3575
FATHER,FATHERwg,Lana,ASL_2006_10_10,9,1084,1116,ASL_2006_10_10-9,3576
FATHER,FATHERwg,Tyler,ASL_2008_05_29a,19,2487,2527,ASL_2008_05_29a-19,3577
FATHER+LAW,FATHER+IN+LAW,Brady,ASL_2011_06_14_Brady,16,5984,6024,ASL_2011_06_14_Brady-16,3578
FATHER+LAW,FATHER+LAW,Liz,ASL_2008_01_18,39,1067,1131,ASL_2008_01_18-39,3579
FATHER+LAW,FATHER+LAW,Naomi,ASL_2008_08_06,39,887,933,ASL_2008_08_06-39,3580
FATHER+LAW,FATHERwg+LAW,Tyler,ASL_2008_05_29a,19,2250,2286,ASL_2008_05_29a-19,3581
FAULT,FAULT,Brady,ASL_2011_06_14_Brady,16,6600,6625,ASL_2011_06_14_Brady-16,3582
FAULT,FAULT,Liz,ASL_2008_01_18,39,1535,1565,ASL_2008_01_18-39,3583
FAULT,FAULT,Naomi,ASL_2008_08_06,39,1392,1415,ASL_2008_08_06-39,3584
FAVORITE/PREFER,FAVORITE/PREFER,Liz,ASL_2008_02_15,46,1660,1695,ASL_2008_02_15-46,3585
FAVORITE/PREFER,FAVORITE/PREFER+,Liz,ASL_2008_01_18,39,1745,1775,ASL_2008_01_18-39,3586
FAVORITE/PREFER,FAVORITE/PREFER++,Naomi,ASL_2008_08_06,39,1635,1670,ASL_2008_08_06-39,3587
FAVORITE/PREFER,FAVORITE/PREFER++,Tyler,ASL_2008_05_29a,19,2987,3012,ASL_2008_05_29a-19,3588
FAX,(Vulcan)FAX,Naomi,ASL_2008_08_06,39,1970,1992,ASL_2008_08_06-39,3589
FAX,FAX,Brady,ASL_2011_06_14_Brady,16,7286,7297,ASL_2011_06_14_Brady-16,3590
FAX,FAX,Liz,ASL_2008_01_18,39,1946,1975,ASL_2008_01_18-39,3591
FEATHER,FEATHER,Liz,ASL_2010_08_10_Liz_additional_lexicon_signs,28,1315,1350,ASL_2010_08_10_Liz_additional_lexicon_signs-28,3592
FED-UP/FULL,FED-UP/FULL,Brady,ASL_2011_06_14_Brady,17,1852,1875,ASL_2011_06_14_Brady-17,3593
FED-UP/FULL,FED-UP/FULL,Brady,ASL_2011_06_14_Brady,23,5559,5574,ASL_2011_06_14_Brady-23,3594
FED-UP/FULL,FED-UP/FULL,Brady,ASL_2011_06_14_Brady,23,5781,5801,ASL_2011_06_14_Brady-23,3595
FED-UP/FULL,FED-UP/FULL,Brady,ASL_2011_06_14_Brady,24,987,1007,ASL_2011_06_14_Brady-24,3596
FED-UP/FULL,FED-UP/FULL,Liz,ASL_2008_02_01,1,1105,1150,ASL_2008_02_01-1,3597
FED-UP/FULL,FED-UP/FULL,Liz,ASL_2008_02_01,1,1396,1460,ASL_2008_02_01-1,3598
FED-UP/FULL,FED-UP/FULL,Liz,ASL_2010_08_10_Liz_additional_lexicon_signs,28,1470,1520,ASL_2010_08_10_Liz_additional_lexicon_signs-28,3599
FED-UP/FULL,FED-UP/FULL,Naomi,ASL_2008_08_13,1,1056,1078,ASL_2008_08_13-1,3600
FED-UP/FULL,FED-UP/FULL,Naomi,ASL_2008_08_13,1,1532,1572,ASL_2008_08_13-1,3601
FED-UP/FULL,FED-UP/FULL,Tyler,ASL_2008_05_29a,32,705,730,ASL_2008_05_29a-32,3602
FED-UP/FULL,FED-UP/FULL,Tyler,ASL_2008_05_29a,33,890,925,ASL_2008_05_29a-33,3603
FEDERAL,FEDERAL,Brady,ASL_2011_06_14_Brady,17,2097,2121,ASL_2011_06_14_Brady-17,3604
FEDERAL,FEDERAL,Liz,ASL_2008_01_18,40,410,432,ASL_2008_01_18-40,3605
FEDERAL,FEDERAL,Naomi,ASL_2008_08_06,40,180,202,ASL_2008_08_06-40,3606
FEDERAL,FEDERAL,Tyler,ASL_2008_05_29a,20,265,297,ASL_2008_05_29a-20,3607
FEED,(1h)FEED,Lana,ASL_2006_10_10,9,1354,1376,ASL_2006_10_10-9,3608
FEED,FEED+,Brady,ASL_2011_06_14_Brady,17,2326,2348,ASL_2011_06_14_Brady-17,3609
FEED,FEED+,Naomi,ASL_2008_08_06,40,500,530,ASL_2008_08_06-40,3610
FEED,FEED++,Dana,ASL_2007_05_24,13,1435,1489,ASL_2007_05_24-13,3611
FEEDBACK,FEEDBACK,Tyler,ASL_2008_05_12b,5,2991,3039,ASL_2008_05_12b-5,3612
FEEDBACK,FEEDBACK_2,Liz,ASL_2010_08_10_Liz_additional_lexicon_signs,12,2890,2913,ASL_2010_08_10_Liz_additional_lexicon_signs-12,3613
FEEDBACK,FEEDBACK_2+,Brady,ASL_2011_06_14_Brady,17,2592,2613,ASL_2011_06_14_Brady-17,3614
FEEL,(2h)FEEL+,Tyler,ASL_2008_05_29a,13,3722,3755,ASL_2008_05_29a-13,3615
FEEL,FEEL+,Brady,ASL_2011_06_14_Brady,17,2854,2877,ASL_2011_06_14_Brady-17,3616
FEEL,FEEL+,Lana,ASL_2006_10_10,9,1746,1774,ASL_2006_10_10-9,3617
FEEL,FEEL+,Liz,ASL_2008_01_18,40,765,801,ASL_2008_01_18-40,3618
FEEL,FEEL+,Naomi,ASL_2008_08_06,40,705,741,ASL_2008_08_06-40,3619
FEEL,FEEL++,Dana,ASL_2007_05_24,13,1881,1957,ASL_2007_05_24-13,3620
FEEL,FEEL+++,Tyler,ASL_2008_05_29a,20,645,690,ASL_2008_05_29a-20,3621
FEEL+DEFLATE,FEEL+DEFLATE,Brady,ASL_2011_06_08_Brady,19,1562,1598,ASL_2011_06_08_Brady-19,3622
FEEL+DEFLATE,FEEL+DEFLATE,Liz,ASL_2010_08_10_Liz_additional_lexicon_signs,24,1667,1703,ASL_2010_08_10_Liz_additional_lexicon_signs-24,3623
FEEL+GRIEF,FEEL+GRIEF,Brady,ASL_2011_06_14_Brady,29,3572,3614,ASL_2011_06_14_Brady-29,3624
FEEL+NONE/NOTHING,FEEL+NONE/NOTHING,Brady,ASL_2011_06_08_Brady,12,5244,5268,ASL_2011_06_08_Brady-12,3625
FEEL+NONE/NOTHING,FEEL+NONE/NOTHING,Liz,ASL_2010_08_10_Liz_additional_lexicon_signs,6,2031,2105,ASL_2010_08_10_Liz_additional_lexicon_signs-6,3626
FEMALE-COUSIN,FEMALE-COUSIN,Brady,ASL_2011_06_08_Brady,30,12111,12140,ASL_2011_06_08_Brady-30,3627
FEMALE-COUSIN,FEMALE-COUSIN,Brady,ASL_2011_06_08_Brady,30,12392,12424,ASL_2011_06_08_Brady-30,3628
FEMALE-COUSIN,FEMALE-COUSIN,Liz,ASL_2008_01_18,7,1771,1813,ASL_2008_01_18-7,3629
FEMALE-COUSIN,FEMALE-COUSIN,Naomi,ASL_2008_08_06,7,1080,1096,ASL_2008_08_06-7,3630
FEMALE-COUSIN,FEMALE-COUSIN+,Tyler,ASL_2008_05_12b,7,746,790,ASL_2008_05_12b-7,3631
FEMALE-COUSIN,FEMALE-COUSIN+,Tyler,ASL_2008_05_12b,7,1275,1305,ASL_2008_05_12b-7,3632
FEMALE-FIGURE,FEMALE-FIGURE,Brady,ASL_2011_06_14_Brady,18,311,340,ASL_2011_06_14_Brady-18,3633
FEMALE-FIGURE,FEMALE-FIGURE,Tyler,ASL_2008_05_29a,20,3565,3600,ASL_2008_05_29a-20,3634
FENCE,FENCE,Brady,ASL_2011_06_14_Brady,17,3877,3891,ASL_2011_06_14_Brady-17,3635
FENCE,FENCE,Brady,ASL_2011_07_22_Brady,48,1871,1905,ASL_2011_07_22_Brady-48,3636
FENCE,FENCE,Liz,ASL_2008_01_18,40,1367,1395,ASL_2008_01_18-40,3637
FENCE,FENCE,Liz,ASL_2008_02_15,17,2721,2785,ASL_2008_02_15-17,3638
FENCE,FENCE,Naomi,ASL_2008_08_06,40,2182,2200,ASL_2008_08_06-40,3639
FENCE,FENCE,Tyler,ASL_2008_05_29a,20,2057,2090,ASL_2008_05_29a-20,3640
FERRIS-WHEEL/FAIR,FERRIS-WHEEL/FAIR+,Brady,ASL_2011_06_08_Brady,27,14600,14650,ASL_2011_06_08_Brady-27,3641
FERRIS-WHEEL/FAIR,FERRIS-WHEEL/FAIR+,Tyler,ASL_2008_05_12a,47,935,1010,ASL_2008_05_12a-47,3642
FEW,FEW,Brady,ASL_2011_07_19_Brady,78,1511,1530,ASL_2011_07_19_Brady-78,3643
FEW,FEW,Lana,ASL_2006_10_10,2,1367,1385,ASL_2006_10_10-2,3644
FEW,FEW,Liz,ASL_2008_02_29,27,1185,1225,ASL_2008_02_29-27,3645
FEW,FEW_2,Dana,ASL_2007_05_24,5,1651,1672,ASL_2007_05_24-5,3646
FEW/CLOSE,FEW/CLOSE,Brady,ASL_2011_06_14_Brady,17,4130,4151,ASL_2011_06_14_Brady-17,3647
FEW/CLOSE,FEW/CLOSE,Liz,ASL_2010_08_10_Liz_additional_lexicon_signs,16,932,970,ASL_2010_08_10_Liz_additional_lexicon_signs-16,3648
FIANCE,FIANCE,Brady,ASL_2011_06_14_Brady,17,4366,4388,ASL_2011_06_14_Brady-17,3649
FIANCE,FIANCE,Liz,ASL_2010_08_10_Liz_additional_lexicon_signs,28,1662,1720,ASL_2010_08_10_Liz_additional_lexicon_signs-28,3650
FIFTEEN,FIFTEEN,Brady,ASL_2011_06_08_Brady,4,11841,11871,ASL_2011_06_08_Brady-4,3651
FIFTEEN,FIFTEEN,Liz,ASL_2008_01_11,2,305,346,ASL_2008_01_11-2,3652
FIFTEEN,FIFTEEN,Naomi,ASL_2008_08_04,1,278,300,ASL_2008_08_04-1,3653
FIFTEEN,FIFTEEN,Tyler,ASL_2008_05_12a,1,357,441,ASL_2008_05_12a-1,3654
FIFTH,FIFTH,Brady,ASL_2011_06_08_Brady,4,265,280,ASL_2011_06_08_Brady-4,3655
FIFTH,FIFTH,Brady,ASL_2011_06_08_Brady,4,725,739,ASL_2011_06_08_Brady-4,3656
FIFTH,FIFTH,Brady,ASL_2011_06_08_Brady,4,1413,1429,ASL_2011_06_08_Brady-4,3657
FIFTH,FIFTH,Brady,ASL_2011_06_08_Brady,5,10708,10719,ASL_2011_06_08_Brady-5,3658
FIFTH,FIFTH,Brady,ASL_2011_06_08_Brady,6,734,750,ASL_2011_06_08_Brady-6,3659
FIFTH,FIFTH,Brady,ASL_2011_06_14_Brady,17,6839,6859,ASL_2011_06_14_Brady-17,3660
FIFTH,FIFTH,Brady,ASL_2011_06_14_Brady,19,2369,2379,ASL_2011_06_14_Brady-19,3661
FIFTH,FIFTH,Liz,ASL_2008_01_18,40,1592,1622,ASL_2008_01_18-40,3662
FIFTH,FIFTH,Liz,ASL_2008_01_18,43,1225,1247,ASL_2008_01_18-43,3663
FIFTH,FIFTH,Liz,ASL_2010_08_10_Liz_additional_lexicon_signs,11,2710,2740,ASL_2010_08_10_Liz_additional_lexicon_signs-11,3664
FIFTH,FIFTH,Liz,ASL_2010_08_10_Liz_additional_lexicon_signs,15,795,830,ASL_2010_08_10_Liz_additional_lexicon_signs-15,3665
FIFTH,FIFTH,Liz,ASL_2010_08_10_Liz_additional_lexicon_signs,18,885,925,ASL_2010_08_10_Liz_additional_lexicon_signs-18,3666
FIFTH,FIFTH,Naomi,ASL_2008_08_06,40,2485,2501,ASL_2008_08_06-40,3667
FIFTH,FIFTH,Naomi,ASL_2008_08_06,43,1170,1192,ASL_2008_08_06-43,3668
FIFTH,FIFTH+,Tyler,ASL_2008_05_29a,20,2655,2720,ASL_2008_05_29a-20,3669
FIFTH,FIFTH_2,Brady,ASL_2011_06_08_Brady,6,462,473,ASL_2011_06_08_Brady-6,3670
FIFTH,FIFTH_2,Brady,ASL_2011_06_08_Brady,6,981,1002,ASL_2011_06_08_Brady-6,3671
FIFTH-PLACE,FIFTH-PLACE,Liz,ASL_2010_08_10_Liz_additional_lexicon_signs,11,2985,3030,ASL_2010_08_10_Liz_additional_lexicon_signs-11,3672
FIFTH-PLACE,FIFTH-PLACE,Liz,ASL_2010_08_10_Liz_additional_lexicon_signs,13,705,746,ASL_2010_08_10_Liz_additional_lexicon_signs-13,3673
FIFTY-FIVE,FIFTY-FIVE,Brady,ASL_2011_06_14_Brady,17,5855,5881,ASL_2011_06_14_Brady-17,3674
FIFTY-FIVE,FIFTY-FIVE,Liz,ASL_2010_08_10_Liz_additional_lexicon_signs,19,885,930,ASL_2010_08_10_Liz_additional_lexicon_signs-19,3675
FIGHT,FIGHT,Liz,ASL_2008_01_18,40,2025,2052,ASL_2008_01_18-40,3676
FIGHT,FIGHT,Liz,ASL_2008_02_29,11,390,460,ASL_2008_02_29-11,3677
FIGHT,FIGHT,Naomi,ASL_2008_08_06,40,3037,3057,ASL_2008_08_06-40,3678
FIGHT,FIGHT,Tyler,ASL_2008_05_29a,20,3275,3300,ASL_2008_05_29a-20,3679
FIGHT,FIGHT+,Liz,ASL_2008_01_18,40,1805,1845,ASL_2008_01_18-40,3680
FIGHT,FIGHT+,Naomi,ASL_2008_08_06,40,2690,2725,ASL_2008_08_06-40,3681
FIGHT,FIGHT_2,Brady,ASL_2011_06_14_Brady,17,7421,7447,ASL_2011_06_14_Brady-17,3682
FIGHT,FIGHT_2,Brady,ASL_2011_06_14_Brady,17,7724,7746,ASL_2011_06_14_Brady-17,3683
FIGURE-OUT,FIGURE-OUT+,Liz,ASL_2008_02_15,12,1205,1275,ASL_2008_02_15-12,3684
FIGURE-OUT,FIGURE-OUT++,Lana,ASL_2006_10_10,17,2189,2235,ASL_2006_10_10-17,3685
FIGURE-OUT,FIGURE-OUT+++,Tyler,ASL_2008_06_10,11,135,180,ASL_2008_06_10-11,3686
FILE,(Vulcan)FILE,Brady,ASL_2011_06_14_Brady,18,580,600,ASL_2011_06_14_Brady-18,3687
FILE,(Vulcan)FILE,Brady,ASL_2011_06_14_Brady,18,1298,1312,ASL_2011_06_14_Brady-18,3688
FILE,(Vulcan)FILE,Naomi,ASL_2008_08_06,41,237,260,ASL_2008_08_06-41,3689
FILE,(Vulcan)FILE,Naomi,ASL_2008_08_06,41,500,525,ASL_2008_08_06-41,3690
FILE,(nd-B-L)FILE,Liz,ASL_2008_01_18,41,960,972,ASL_2008_01_18-41,3691
FILE,(nd-B-L)FILE++,Liz,ASL_2008_01_18,41,660,707,ASL_2008_01_18-41,3692
FILE,FILE,Tyler,ASL_2008_05_29a,21,597,626,ASL_2008_05_29a-21,3693
FILE,FILE++,Tyler,ASL_2008_05_29a,21,350,400,ASL_2008_05_29a-21,3694
FILL-OUT,FILL-OUT,Brady,ASL_2011_07_19_Brady,56,962,1005,ASL_2011_07_19_Brady-56,3695
FILL-OUT,FILL-OUT,Liz,ASL_2008_02_29,11,1075,1107,ASL_2008_02_29-11,3696
FILTHY,FILTHY,Brady,ASL_2011_06_14_Brady,18,1710,1732,ASL_2011_06_14_Brady-18,3697
FILTHY,FILTHY,Liz,ASL_2008_01_18,41,1220,1240,ASL_2008_01_18-41,3698
FILTHY,FILTHY,Naomi,ASL_2008_08_06,18,2355,2380,ASL_2008_08_06-18,3699
FILTHY,FILTHY,Naomi,ASL_2008_08_06,41,772,795,ASL_2008_08_06-41,3700
FILTHY,FILTHY,Tyler,ASL_2008_05_29a,21,850,870,ASL_2008_05_29a-21,3701
FINALLY,FINALLY,Brady,ASL_2011_06_08_Brady,13,10795,10818,ASL_2011_06_08_Brady-13,3702
FINALLY,FINALLY,Brady,ASL_2011_06_14_Brady,18,1944,1959,ASL_2011_06_14_Brady-18,3703
FINALLY,FINALLY,Liz,ASL_2008_01_18,41,1401,1425,ASL_2008_01_18-41,3704
FINALLY,FINALLY,Liz,ASL_2010_08_10_Liz_additional_lexicon_signs,24,128,188,ASL_2010_08_10_Liz_additional_lexicon_signs-24,3705
FINALLY,FINALLY,Naomi,ASL_2008_08_06,41,985,1005,ASL_2008_08_06-41,3706
FINALLY,FINALLY,Tyler,ASL_2008_05_29a,21,1081,1105,ASL_2008_05_29a-21,3707
FINALLY,FINALLY_2,Lana,ASL_2006_10_10,9,2287,2301,ASL_2006_10_10-9,3708
FINANCIAL,FINANCIAL+,Brady,ASL_2011_06_14_Brady,18,2215,2240,ASL_2011_06_14_Brady-18,3709
FINANCIAL,FINANCIAL+,Liz,ASL_2008_01_18,41,1601,1636,ASL_2008_01_18-41,3710
FINANCIAL,FINANCIAL+,Naomi,ASL_2008_08_06,41,1390,1420,ASL_2008_08_06-41,3711
FINANCIAL,FINANCIAL++,Tyler,ASL_2008_05_29a,21,1321,1357,ASL_2008_05_29a-21,3712
FIND/FIND-OUT,FIND/FIND-OUT,Brady,ASL_2011_06_08_Brady,27,10346,10361,ASL_2011_06_08_Brady-27,3713
FIND/FIND-OUT,FIND/FIND-OUT,Brady,ASL_2011_06_08_Brady,27,11670,11690,ASL_2011_06_08_Brady-27,3714
FIND/FIND-OUT,FIND/FIND-OUT,Lana,ASL_2006_10_10,9,2035,2050,ASL_2006_10_10-9,3715
FIND/FIND-OUT,FIND/FIND-OUT,Liz,ASL_2008_01_18,41,1806,1830,ASL_2008_01_18-41,3716
FIND/FIND-OUT,FIND/FIND-OUT,Naomi,ASL_2008_08_04,48,1250,1275,ASL_2008_08_04-48,3717
FIND/FIND-OUT,FIND/FIND-OUT,Naomi,ASL_2008_08_06,41,1590,1610,ASL_2008_08_06-41,3718
FIND/FIND-OUT,FIND/FIND-OUT,Tyler,ASL_2008_05_29a,21,1492,1520,ASL_2008_05_29a-21,3719
FINE,FINE,Lana,ASL_2006_10_10,9,2444,2469,ASL_2006_10_10-9,3720
FINE,FINE+,Brady,ASL_2011_06_14_Brady,18,2468,2502,ASL_2011_06_14_Brady-18,3721
FINE,FINE+,Liz,ASL_2008_01_18,41,1985,2020,ASL_2008_01_18-41,3722
FINE,FINE++,Dana,ASL_2007_05_24,13,2823,2870,ASL_2007_05_24-13,3723
FINE,FINE++,Naomi,ASL_2008_08_06,41,1776,1815,ASL_2008_08_06-41,3724
FINE,FINE++,Tyler,ASL_2008_05_29a,21,1695,1730,ASL_2008_05_29a-21,3725
FINGER,FINGER,Brady,ASL_2011_06_14_Brady,18,3577,3614,ASL_2011_06_14_Brady-18,3726
FINGER,FINGER,Liz,ASL_2008_01_18,41,2335,2405,ASL_2008_01_18-41,3727
FINGER,FINGER,Naomi,ASL_2008_08_06,41,2050,2090,ASL_2008_08_06-41,3728
FINGER,FINGER,Tyler,ASL_2008_05_29a,21,1956,2001,ASL_2008_05_29a-21,3729
FINGERPRINTS,(1)FINGERPRINTS+,Tyler,ASL_2008_05_29a,21,2205,2265,ASL_2008_05_29a-21,3730
FINGERPRINTS,FINGERPRINTS,Brady,ASL_2011_06_14_Brady,18,3990,4017,ASL_2011_06_14_Brady-18,3731
FINGERPRINTS,FINGERPRINTS,Liz,ASL_2008_01_18,41,2601,2630,ASL_2008_01_18-41,3732
FINGERPRINTS,FINGERPRINTS,Naomi,ASL_2008_08_06,41,2325,2366,ASL_2008_08_06-41,3733
FINGERS,FINGERS,Brady,ASL_2011_06_14_Brady,18,4222,4250,ASL_2011_06_14_Brady-18,3734
FINGERS,FINGERS,Liz,ASL_2008_01_18,42,286,330,ASL_2008_01_18-42,3735
FINGERS,FINGERS,Naomi,ASL_2008_08_06,41,2677,2700,ASL_2008_08_06-41,3736
FINGERS,FINGERS,Tyler,ASL_2008_05_29a,21,2480,2505,ASL_2008_05_29a-21,3737
FINGERSPELL,FINGERSPELL,Brady,ASL_2011_06_14_Brady,18,4484,4518,ASL_2011_06_14_Brady-18,3738
FINGERSPELL,FINGERSPELL+,Brady,ASL_2011_06_08_Brady,25,20072,20111,ASL_2011_06_08_Brady-25,3739
FINGERSPELL,FINGERSPELL+,Brady,ASL_2011_07_22_Brady,39,2337,2392,ASL_2011_07_22_Brady-39,3740
FINGERSPELL,FINGERSPELL+,Lana,ASL_2006_10_10,9,2708,2750,ASL_2006_10_10-9,3741
FINGERSPELL,FINGERSPELL+,Liz,ASL_2008_01_11,66,555,595,ASL_2008_01_11-66,3742
FINGERSPELL,FINGERSPELL+,Liz,ASL_2008_01_18,42,460,505,ASL_2008_01_18-42,3743
FINGERSPELL,FINGERSPELL+,Naomi,ASL_2008_08_06,42,105,145,ASL_2008_08_06-42,3744
FINGERSPELL,FINGERSPELL++,Dana,ASL_2007_05_24,13,3095,3174,ASL_2007_05_24-13,3745
FINGERSPELL,FINGERSPELL++,Tyler,ASL_2008_05_29a,22,280,325,ASL_2008_05_29a-22,3746
FINGERSPELL,FINGERSPELL++,Tyler,ASL_2008_05_29a,22,765,816,ASL_2008_05_29a-22,3747
FINISH,(1h)FINISH,Brady,ASL_2011_07_19_Brady,99,1565,1580,ASL_2011_07_19_Brady-99,3748
FINISH,(1h)FINISH,Liz,ASL_2008_02_29,48,513,548,ASL_2008_02_29-48,3749
FINISH,FINISH,Brady,ASL_2011_06_14_Brady,18,5012,5027,ASL_2011_06_14_Brady-18,3750
FINISH,FINISH,Lana,ASL_2006_01_20,22,1322,1359,ASL_2006_01_20-22,3751
FINISH,FINISH,Liz,ASL_2008_01_18,42,825,851,ASL_2008_01_18-42,3752
FINISH,FINISH,Naomi,ASL_2008_08_06,42,515,545,ASL_2008_08_06-42,3753
FINISH,FINISH,Tyler,ASL_2008_05_29a,22,1325,1355,ASL_2008_05_29a-22,3754
FIRE/BURN,(2h)alt.FIRE+,Brady,ASL_2011_06_14_Brady,18,6523,6568,ASL_2011_06_14_Brady-18,3755
FIRE/BURN,(2h)alt.FIRE+,Naomi,ASL_2008_08_06,42,995,1062,ASL_2008_08_06-42,3756
FIRE/BURN,(2h)alt.FIRE+,Tyler,ASL_2008_05_12a,36,3231,3275,ASL_2008_05_12a-36,3757
FIRE/BURN,(2h)alt.FIRE+,Tyler,ASL_2008_05_29a,22,2316,2370,ASL_2008_05_29a-22,3758
FIRE/BURN,(2h)alt.FIRE++,Liz,ASL_2008_01_18,42,1545,1622,ASL_2008_01_18-42,3759
FIRE/BURN,FIRE,Dana,ASL_2007_05_24,13,2963,3014,ASL_2007_05_24-13,3760
FIRE/BURN,FIRE,Lana,ASL_2006_10_10,10,2646,2688,ASL_2006_10_10-10,3761
FIRE/BURN,FIRE/BURN,Brady,ASL_2011_06_08_Brady,24,7217,7235,ASL_2011_06_08_Brady-24,3762
FIRE/BURN,FIRE/BURN,Liz,ASL_2008_01_11,59,685,715,ASL_2008_01_11-59,3763
FIRE/BURN,FIRE/BURN,Naomi,ASL_2008_08_04,37,2990,3015,ASL_2008_08_04-37,3764
FIRE/BURN+PLACE,(2h)alt.FIRE+PLACE,Brady,ASL_2011_06_14_Brady,18,7191,7235,ASL_2011_06_14_Brady-18,3765
FIRE/BURN+PLACE,FIRE/BURN+PLACE,Liz,ASL_2008_01_18,42,2254,2335,ASL_2008_01_18-42,3766
FIRE/BURN+PLACE,FIRE/BURN+PLACE,Naomi,ASL_2008_08_06,42,1787,1846,ASL_2008_08_06-42,3767
FIRE/BURN+PLACE,FIRE/BURN+PLACE,Tyler,ASL_2008_05_29a,22,2964,3008,ASL_2008_05_29a-22,3768
FIRED,(nd-B)FIRED,Lana,ASL_2006_10_10,9,2579,2595,ASL_2006_10_10-9,3769
FIRED,(nd-B)FIRED,Lana,ASL_2006_10_10,15,2529,2544,ASL_2006_10_10-15,3770
FIRED,FIRED,Brady,ASL_2011_06_14_Brady,18,6722,6740,ASL_2011_06_14_Brady-18,3771
FIRED,FIRED,Liz,ASL_2008_01_18,42,1790,1815,ASL_2008_01_18-42,3772
FIRED,FIRED,Naomi,ASL_2008_08_06,42,1207,1227,ASL_2008_08_06-42,3773
FIRED,FIRED,Tyler,ASL_2008_05_29a,22,2535,2560,ASL_2008_05_29a-22,3774
FIREMAN,FIREMAN,Brady,ASL_2011_06_14_Brady,18,6943,6975,ASL_2011_06_14_Brady-18,3775
FIREMAN,FIREMAN,Liz,ASL_2008_01_18,42,2025,2065,ASL_2008_01_18-42,3776
FIREMAN,FIREMAN,Naomi,ASL_2008_08_06,42,1425,1448,ASL_2008_08_06-42,3777
FIREMAN,FIREMAN,Tyler,ASL_2008_05_29a,22,2745,2781,ASL_2008_05_29a-22,3778
FIRST,FIRST,Brady,ASL_2011_06_08_Brady,5,1615,1631,ASL_2011_06_08_Brady-5,3779
FIRST,FIRST,Brady,ASL_2011_06_08_Brady,5,1740,1750,ASL_2011_06_08_Brady-5,3780
FIRST,FIRST,Liz,ASL_2010_08_10_Liz_additional_lexicon_signs,18,321,365,ASL_2010_08_10_Liz_additional_lexicon_signs-18,3781
FIRST,FIRST,Tyler,ASL_2008_05_29a,22,3190,3211,ASL_2008_05_29a-22,3782
FIRST,FIRST_2,Brady,ASL_2011_06_08_Brady,5,916,927,ASL_2011_06_08_Brady-5,3783
FIRST-IN-LIST,(nd-1)FIRST-IN-LIST,Brady,ASL_2011_07_19_Brady,42,1053,1063,ASL_2011_07_19_Brady-42,3784
FIRST-IN-LIST,FIRST-IN-LIST,Brady,ASL_2011_06_14_Brady,19,70,85,ASL_2011_06_14_Brady-19,3785
FIRST-IN-LIST,FIRST-IN-LIST,Dana,ASL_2007_05_24,13,3251,3304,ASL_2007_05_24-13,3786
FIRST-IN-LIST,FIRST-IN-LIST,Lana,ASL_2006_10_10,9,2834,2844,ASL_2006_10_10-9,3787
FIRST-IN-LIST,FIRST-IN-LIST,Liz,ASL_2008_01_18,42,2475,2500,ASL_2008_01_18-42,3788
FIRST-IN-LIST,FIRST-IN-LIST,Liz,ASL_2008_02_15,48,865,915,ASL_2008_02_15-48,3789
FIRST-IN-LIST,FIRST-IN-LIST,Naomi,ASL_2008_08_06,42,2107,2136,ASL_2008_08_06-42,3790
FIRST-PLACE,FIRST-PLACE,Brady,ASL_2011_06_08_Brady,4,15297,15322,ASL_2011_06_08_Brady-4,3791
FIRST-PLACE,FIRST-PLACE,Liz,ASL_2010_08_10_Liz_additional_lexicon_signs,13,125,180,ASL_2010_08_10_Liz_additional_lexicon_signs-13,3792
FISH,(1h)FISH,Brady,ASL_2011_06_14_Brady,19,683,713,ASL_2011_06_14_Brady-19,3793
FISH,(1h)FISH,Liz,ASL_2010_08_10_Liz_additional_lexicon_signs,11,3745,3790,ASL_2010_08_10_Liz_additional_lexicon_signs-11,3794
FISH,(1h)FISH,Naomi,ASL_2008_08_06,42,2676,2695,ASL_2008_08_06-42,3795
FISH,FISH,Brady,ASL_2011_06_14_Brady,19,914,944,ASL_2011_06_14_Brady-19,3796
FISH,FISH,Liz,ASL_2008_01_18,43,260,295,ASL_2008_01_18-43,3797
FISHING,FISHING+,Brady,ASL_2011_06_14_Brady,19,1204,1230,ASL_2011_06_14_Brady-19,3798
FISHING,FISHING+,Liz,ASL_2008_01_18,43,451,500,ASL_2008_01_18-43,3799
FISHING,FISHING+,Naomi,ASL_2008_08_06,43,205,236,ASL_2008_08_06-43,3800
FISHING,FISHING+,Tyler,ASL_2008_05_29a,23,296,330,ASL_2008_05_29a-23,3801
FIST,FIST,Naomi,ASL_2008_08_06,43,685,712,ASL_2008_08_06-43,3802
FIST,FIST,Tyler,ASL_2008_05_29a,23,572,600,ASL_2008_05_29a-23,3803
FIVE,FIVE,Brady,ASL_2011_06_08_Brady,5,10503,10517,ASL_2011_06_08_Brady-5,3804
FIVE,FIVE,Liz,ASL_2008_01_11,3,2090,2135,ASL_2008_01_11-3,3805
FIVE,FIVE,Naomi,ASL_2008_08_04,2,1470,1497,ASL_2008_08_04-2,3806
FIVE,FIVE_2,Tyler,ASL_2008_05_12a,2,1226,1295,ASL_2008_05_12a-2,3807
FIVE-DOLLARS,FIVE-DOLLARS,Liz,ASL_2010_08_10_Liz_additional_lexicon_signs,11,2851,2880,ASL_2010_08_10_Liz_additional_lexicon_signs-11,3808
FIVE-DOLLARS,FIVE-DOLLARS,Tyler,ASL_2008_05_29a,23,1027,1050,ASL_2008_05_29a-23,3809
FIVE-DOLLARS,FIVE-DOLLARS++,Brady,ASL_2011_06_08_Brady,6,127,155,ASL_2011_06_08_Brady-6,3810
FIVE-HOURS,FIVE-HOURS,Brady,ASL_2011_06_14_Brady,19,2622,2649,ASL_2011_06_14_Brady-19,3811
FIVE-MONTHS,FIVE-MONTHS,Brady,ASL_2011_06_14_Brady,19,1900,1917,ASL_2011_06_14_Brady-19,3812
FIVE-MONTHS,FIVE-MONTHS,Liz,ASL_2010_08_10_Liz_additional_lexicon_signs,16,7485,7545,ASL_2010_08_10_Liz_additional_lexicon_signs-16,3813
FIVE-WEEKS,FIVE-WEEKS,Brady,ASL_2011_06_14_Brady,19,2155,2179,ASL_2011_06_14_Brady-19,3814
FIVE-WEEKS,FIVE-WEEKS,Liz,ASL_2010_08_10_Liz_additional_lexicon_signs,16,6126,6180,ASL_2010_08_10_Liz_additional_lexicon_signs-16,3815
FIVE_2+HOUR,FIVE_2+HOUR,Liz,ASL_2010_08_10_Liz_additional_lexicon_signs,16,4629,4713,ASL_2010_08_10_Liz_additional_lexicon_signs-16,3816
FIX,FIX++,Brady,ASL_2011_06_14_Brady,19,3793,3834,ASL_2011_06_14_Brady-19,3817
FLAG,FLAG+,Brady,ASL_2011_06_14_Brady,19,5001,5029,ASL_2011_06_14_Brady-19,3818
FLAG,FLAG+,Liz,ASL_2008_01_18,43,2045,2120,ASL_2008_01_18-43,3819
FLAG,FLAG+,Naomi,ASL_2008_08_06,43,2251,2305,ASL_2008_08_06-43,3820
FLAG_2,FLAG_2+,Brady,ASL_2011_06_14_Brady,19,5363,5400,ASL_2011_06_14_Brady-19,3821
FLAG_2,FLAG_2+,Liz,ASL_2008_01_18,43,2291,2352,ASL_2008_01_18-43,3822
FLAG_2,FLAG_2+,Tyler,ASL_2008_05_29a,22,3405,3445,ASL_2008_05_29a-22,3823
FLAG_2,FLAG_2+,Tyler,ASL_2008_05_29a,23,2285,2339,ASL_2008_05_29a-23,3824
FLAG_2,FLAG_2++,Naomi,ASL_2008_08_06,43,2545,2595,ASL_2008_08_06-43,3825
FLASHLIGHT,FLASHLIGHT+,Brady,ASL_2011_06_14_Brady,19,5696,5757,ASL_2011_06_14_Brady-19,3826
FLASHLIGHT,FLASHLIGHT+,Liz,ASL_2008_01_18,44,265,330,ASL_2008_01_18-44,3827
FLASHLIGHT,FLASHLIGHT+,Naomi,ASL_2008_08_06,43,2870,2921,ASL_2008_08_06-43,3828
FLASHLIGHT_2,FLASHLIGHT_2++,Tyler,ASL_2008_05_29a,23,3205,3261,ASL_2008_05_29a-23,3829
FLAT-TIRE,FLAT-TIRE,Brady,ASL_2011_06_08_Brady,32,13907,13928,ASL_2011_06_08_Brady-32,3830
FLAT-TIRE,FLAT-TIRE,Liz,ASL_2008_01_18,13,2561,2585,ASL_2008_01_18-13,3831
FLAT-TIRE,FLAT-TIRE,Liz,ASL_2008_01_18,44,895,915,ASL_2008_01_18-44,3832
FLAT-TIRE,FLAT-TIRE,Naomi,ASL_2008_08_06,13,2901,2926,ASL_2008_08_06-13,3833
FLAT-TIRE,FLAT-TIRE,Naomi,ASL_2008_08_06,44,670,705,ASL_2008_08_06-44,3834
FLAT-TIRE,FLAT-TIRE,Tyler,ASL_2008_05_12b,13,2720,2746,ASL_2008_05_12b-13,3835
FLAT-TIRE,FLAT-TIRE_2,Lana,ASL_2006_10_10,11,383,393,ASL_2006_10_10-11,3836
FLAT-TIRE,FLAT-TIRE_3,Dana,ASL_2007_05_24,14,314,361,ASL_2007_05_24-14,3837
FLAT-TIRE,FLAT-TIRE_3,Tyler,ASL_2008_05_29a,24,890,917,ASL_2008_05_29a-24,3838
FLAT/FLOOR,FLAT/FLOOR,Brady,ASL_2011_06_14_Brady,19,6181,6214,ASL_2011_06_14_Brady-19,3839
FLAT/FLOOR,FLAT/FLOOR,Liz,ASL_2008_01_18,44,690,715,ASL_2008_01_18-44,3840
FLAT/FLOOR,FLAT/FLOOR,Naomi,ASL_2008_08_06,44,435,455,ASL_2008_08_06-44,3841
FLAT/LEVEL,FLAT/LEVEL,Brady,ASL_2011_06_08_Brady,30,609,644,ASL_2011_06_08_Brady-30,3842
FLAT/LEVEL,FLAT/LEVEL,Liz,ASL_2008_01_18,4,390,491,ASL_2008_01_18-4,3843
FLAT/LEVEL,FLAT/LEVEL,Naomi,ASL_2008_08_06,3,2725,2755,ASL_2008_08_06-3,3844
FLEXIBLE,FLEXIBLE+,Brady,ASL_2011_06_14_Brady,19,6657,6697,ASL_2011_06_14_Brady-19,3845
FLEXIBLE,FLEXIBLE+,Liz,ASL_2008_01_18,44,1076,1145,ASL_2008_01_18-44,3846
FLEXIBLE,FLEXIBLE+++,Brady,ASL_2011_06_14_Brady,52,562,628,ASL_2011_06_14_Brady-52,3847
FLEXIBLE,FLEXIBLE+++,Brady,ASL_2011_07_22_Brady,43,408,469,ASL_2011_07_22_Brady-43,3848
FLIP-FLOP,FLIP-FLOP,Liz,ASL_2008_02_29,21,3505,3545,ASL_2008_02_29-21,3849
FLIP-FLOP,FLIP-FLOP,Liz,ASL_2008_03_28,11,1790,1840,ASL_2008_03_28-11,3850
FLIP-FLOP,FLIP-FLOP+,Brady,ASL_2011_07_19_Brady,72,842,876,ASL_2011_07_19_Brady-72,3851
FLIP-FLOP,FLIP-FLOP+,Brady,ASL_2011_07_19_Brady,115,2257,2292,ASL_2011_07_19_Brady-115,3852
FLIP-OVER,FLIP-OVER,Naomi,ASL_2008_08_06,44,2057,2085,ASL_2008_08_06-44,3853
FLIRT,FLIRT,Brady,ASL_2011_06_14_Brady,20,1556,1584,ASL_2011_06_14_Brady-20,3854
FLIRT,FLIRT,Liz,ASL_2008_01_18,44,2230,2275,ASL_2008_01_18-44,3855
FLIRT,FLIRT,Naomi,ASL_2008_08_06,44,2920,2940,ASL_2008_08_06-44,3856
FLIRT,FLIRT,Tyler,ASL_2008_05_29a,24,3561,3590,ASL_2008_05_29a-24,3857
FLOAT,FLOAT+,Brady,ASL_2011_06_14_Brady,20,1770,1820,ASL_2011_06_14_Brady-20,3858
FLOAT,FLOAT+,Brady,ASL_2011_07_22_Brady,43,715,807,ASL_2011_07_22_Brady-43,3859
FLOAT,FLOAT+,Liz,ASL_2008_01_18,45,375,465,ASL_2008_01_18-45,3860
FLOAT,FLOAT+,Naomi,ASL_2008_08_06,44,3245,3325,ASL_2008_08_06-44,3861
FLOAT,FLOAT+,Tyler,ASL_2008_05_29a,24,3785,3835,ASL_2008_05_29a-24,3862
FLOW,FLOW+,Tyler,ASL_2008_05_29a,25,730,790,ASL_2008_05_29a-25,3863
FLOW,FLOW++,Brady,ASL_2011_06_14_Brady,20,3219,3266,ASL_2011_06_14_Brady-20,3864
FLOWER,(R)FLOWER,Brady,ASL_2011_07_19_Brady,69,137,166,ASL_2011_07_19_Brady-69,3865
FLOWER,(R)FLOWER,Liz,ASL_2008_02_29,18,4910,4945,ASL_2008_02_29-18,3866
FLOWER,FLOWER,Brady,ASL_2011_07_19_Brady,69,393,420,ASL_2011_07_19_Brady-69,3867
FLOWER,FLOWER,Dana,ASL_2007_05_24,14,456,496,ASL_2007_05_24-14,3868
FLOWER,FLOWER,Lana,ASL_2006_10_10,11,517,536,ASL_2006_10_10-11,3869
FLOWER,FLOWER,Liz,ASL_2008_02_29,19,147,190,ASL_2008_02_29-19,3870
FLUNK,FLUNK,Brady,ASL_2011_06_14_Brady,20,4051,4072,ASL_2011_06_14_Brady-20,3871
FLUNK,FLUNK,Liz,ASL_2008_01_18,45,1580,1610,ASL_2008_01_18-45,3872
FLUNK,FLUNK,Naomi,ASL_2008_08_06,45,1960,1976,ASL_2008_08_06-45,3873
FLUTE,FLUTE,Brady,ASL_2011_07_22_Brady,12,667,715,ASL_2011_07_22_Brady-12,3874
FLUTE,FLUTE,Naomi,ASL_2008_08_06,45,2495,2525,ASL_2008_08_06-45,3875
FLUTE,FLUTE,Tyler,ASL_2008_05_29a,25,2452,2485,ASL_2008_05_29a-25,3876
FLUTE,FLUTE_2,Brady,ASL_2011_06_14_Brady,20,4314,4345,ASL_2011_06_14_Brady-20,3877
FLUTE,FLUTE_2,Liz,ASL_2008_01_18,45,2135,2175,ASL_2008_01_18-45,3878
FLY-BY-PLANE,FLY-BY-PLANE,Brady,ASL_2011_06_14_Brady,20,5233,5248,ASL_2011_06_14_Brady-20,3879
FLY-BY-PLANE,FLY-BY-PLANE,Brady,ASL_2011_07_22_Brady,43,925,949,ASL_2011_07_22_Brady-43,3880
FLY-BY-PLANE,FLY-BY-PLANE,Dana,ASL_2007_05_24,14,729,792,ASL_2007_05_24-14,3881
FLY-BY-PLANE,FLY-BY-PLANE,Lana,ASL_2006_10_10,11,819,850,ASL_2006_10_10-11,3882
FLY-BY-PLANE,FLY-BY-PLANE,Liz,ASL_2008_01_18,45,2570,2600,ASL_2008_01_18-45,3883
FLY-BY-PLANE,FLY-BY-PLANE,Naomi,ASL_2008_08_06,45,3045,3065,ASL_2008_08_06-45,3884
FLY-BY-PLANE,FLY-BY-PLANE,Tyler,ASL_2008_05_29a,25,3225,3250,ASL_2008_05_29a-25,3885
FLY-BY-WINGS,FLY-BY-WINGS,Tyler,ASL_2008_05_29a,25,3432,3470,ASL_2008_05_29a-25,3886
FLY-KITE,FLY-KITE,Liz,ASL_2008_01_18,45,2370,2437,ASL_2008_01_18-45,3887
FLY-KITE,FLY-KITE,Naomi,ASL_2008_08_06,45,2810,2872,ASL_2008_08_06-45,3888
FOCUS/NARROW,FOCUS/NARROW,Brady,ASL_2011_06_14_Brady,20,6363,6382,ASL_2011_06_14_Brady-20,3889
FOCUS/NARROW,FOCUS/NARROW,Liz,ASL_2008_02_15,15,725,780,ASL_2008_02_15-15,3890
FOCUS/NARROW,FOCUS/NARROW,Liz,ASL_2010_08_10_Liz_additional_lexicon_signs,28,2810,2850,ASL_2010_08_10_Liz_additional_lexicon_signs-28,3891
FOCUS/NARROW,FOCUS/NARROW,Tyler,ASL_2008_06_10,23,388,435,ASL_2008_06_10-23,3892
FOLD,FOLD,Naomi,ASL_2008_08_06,46,202,237,ASL_2008_08_06-46,3893
FOLD,FOLD+,Brady,ASL_2011_06_14_Brady,20,6851,6884,ASL_2011_06_14_Brady-20,3894
FOLD,FOLD+,Brady,ASL_2011_07_22_Brady,34,762,814,ASL_2011_07_22_Brady-34,3895
FOLD,FOLD+,Brady,ASL_2011_07_22_Brady,57,5200,5249,ASL_2011_07_22_Brady-57,3896
FOLD,FOLD+,Tyler,ASL_2008_05_29a,25,4035,4086,ASL_2008_05_29a-25,3897
FOLLOW,FOLLOW,Brady,ASL_2011_06_14_Brady,21,317,334,ASL_2011_06_14_Brady-21,3898
FOLLOW,FOLLOW,Lana,ASL_2006_10_10,11,645,676,ASL_2006_10_10-11,3899
FOLLOW,FOLLOW,Liz,ASL_2008_01_18,46,935,972,ASL_2008_01_18-46,3900
FOLLOW,FOLLOW,Tyler,ASL_2008_05_12a,6,1075,1111,ASL_2008_05_12a-6,3901
FOLLOW,FOLLOW,Tyler,ASL_2008_05_29a,25,4455,4480,ASL_2008_05_29a-25,3902
FOLLOW,FOLLOW_2,Naomi,ASL_2008_08_06,46,525,550,ASL_2008_08_06-46,3903
FOOT,FOOT,Brady,ASL_2011_06_14_Brady,21,2801,2821,ASL_2011_06_14_Brady-21,3904
FOOT,FOOT,Liz,ASL_2008_01_18,46,2635,2656,ASL_2008_01_18-46,3905
FOOT,FOOT,Naomi,ASL_2008_08_06,46,2675,2705,ASL_2008_08_06-46,3906
FOOT,FOOT-pl,Brady,ASL_2011_06_14_Brady,17,3271,3292,ASL_2011_06_14_Brady-17,3907
FOOT,FOOT-pl,Liz,ASL_2008_01_18,40,956,990,ASL_2008_01_18-40,3908
FOOT,FOOT-pl,Naomi,ASL_2008_08_06,40,1176,1200,ASL_2008_08_06-40,3909
FOOTBALL,FOOTBALL+,Brady,ASL_2011_06_14_Brady,21,3038,3062,ASL_2011_06_14_Brady-21,3910
FOOTBALL,FOOTBALL+,Dana,ASL_2007_05_24,14,880,939,ASL_2007_05_24-14,3911
FOOTBALL,FOOTBALL+,Lana,ASL_2006_10_10,11,957,985,ASL_2006_10_10-11,3912
FOOTBALL,FOOTBALL+,Liz,ASL_2008_01_18,46,2810,2845,ASL_2008_01_18-46,3913
FOOTBALL,FOOTBALL+,Naomi,ASL_2008_08_06,46,2936,2970,ASL_2008_08_06-46,3914
FOOTBALL,FOOTBALL+,Tyler,ASL_2008_05_29a,26,1950,1985,ASL_2008_05_29a-26,3915
FOOTSTEP,FOOTSTEP,Liz,ASL_2008_01_18,47,307,355,ASL_2008_01_18-47,3916
FOOTSTEP,FOOTSTEP,Naomi,ASL_2008_08_06,46,3255,3300,ASL_2008_08_06-46,3917
FOOTSTEP,FOOTSTEP+,Brady,ASL_2011_06_14_Brady,21,3325,3371,ASL_2011_06_14_Brady-21,3918
FOOTSTEP,FOOTSTEP+,Tyler,ASL_2008_05_29a,26,2276,2325,ASL_2008_05_29a-26,3919
FOR,FOR,Lana,ASL_2006_10_10,11,1450,1458,ASL_2006_10_10-11,3920
FOR,FOR,Liz,ASL_2008_01_18,47,521,545,ASL_2008_01_18-47,3921
FOR,FOR,Naomi,ASL_2008_08_06,47,185,200,ASL_2008_08_06-47,3922
FOR,FOR,Tyler,ASL_2008_05_29a,27,310,326,ASL_2008_05_29a-27,3923
FOR-FOR,FOR-FOR+,Brady,ASL_2011_06_14_Brady,21,3556,3581,ASL_2011_06_14_Brady-21,3924
FOR-FOR,FOR-FOR+,Brady,ASL_2011_07_22_Brady,28,185,225,ASL_2011_07_22_Brady-28,3925
FOR-FOR,FOR-FOR+,Liz,ASL_2008_03_28,39,1036,1062,ASL_2008_03_28-39,3926
FORCE,(1h)FORCE,Brady,ASL_2011_06_14_Brady,21,5727,5755,ASL_2011_06_14_Brady-21,3927
FORCE,(1h)FORCE,Liz,ASL_2008_01_18,47,921,946,ASL_2008_01_18-47,3928
FORCE,(nd-1)FORCE,Brady,ASL_2011_06_14_Brady,21,5330,5341,ASL_2011_06_14_Brady-21,3929
FORCE,FORCE,Liz,ASL_2010_08_10_Liz_additional_lexicon_signs,11,3886,3911,ASL_2010_08_10_Liz_additional_lexicon_signs-11,3930
FORCE,FORCE,Naomi,ASL_2008_08_06,47,745,771,ASL_2008_08_06-47,3931
FORCE,FORCE,Tyler,ASL_2008_05_29a,27,717,742,ASL_2008_05_29a-27,3932
FOREHEAD,(bent-B-L)FOREHEAD,Tyler,ASL_2008_05_29a,27,1020,1080,ASL_2008_05_29a-27,3933
FOREHEAD,FOREHEAD,Brady,ASL_2011_06_14_Brady,21,5926,5957,ASL_2011_06_14_Brady-21,3934
FOREHEAD,FOREHEAD,Liz,ASL_2008_01_18,47,1167,1195,ASL_2008_01_18-47,3935
FOREHEAD,FOREHEAD,Naomi,ASL_2008_08_06,47,1060,1102,ASL_2008_08_06-47,3936
FOREIGN,FOREIGN+,Liz,ASL_2008_01_18,47,1670,1730,ASL_2008_01_18-47,3937
FOREIGN,FOREIGN+,Naomi,ASL_2008_08_06,47,1682,1737,ASL_2008_08_06-47,3938
FOREIGN,FOREIGN+,Tyler,ASL_2008_05_29a,27,1302,1365,ASL_2008_05_29a-27,3939
FOREVER,FOREVER,Brady,ASL_2011_07_22_Brady,8,1047,1059,ASL_2011_07_22_Brady-8,3940
FOREVER,FOREVER,Liz,ASL_2008_03_28,20,537,580,ASL_2008_03_28-20,3941
FOREVER,FOREVER,Liz,ASL_2010_08_10_Liz_additional_lexicon_signs,13,888,932,ASL_2010_08_10_Liz_additional_lexicon_signs-13,3942
FOREVER,FOREVER_2,Tyler,ASL_2008_05_29a,27,2111,2151,ASL_2008_05_29a-27,3943
FOREVER,FOREVER_3,Brady,ASL_2011_06_14_Brady,40,2171,2205,ASL_2011_06_14_Brady-40,3944
FORGET,FORGET,Brady,ASL_2011_06_14_Brady,21,7100,7111,ASL_2011_06_14_Brady-21,3945
FORGET,FORGET,Dana,ASL_2007_05_24,15,1752,1785,ASL_2007_05_24-15,3946
FORGET,FORGET,Lana,ASL_2006_10_10,11,1823,1832,ASL_2006_10_10-11,3947
FORGET,FORGET,Liz,ASL_2008_01_18,47,2170,2200,ASL_2008_01_18-47,3948
FORGET,FORGET,Naomi,ASL_2008_08_06,47,2431,2450,ASL_2008_08_06-47,3949
FORGET,FORGET,Tyler,ASL_2008_05_29a,27,2355,2375,ASL_2008_05_29a-27,3950
FORK,FORK+,Brady,ASL_2011_06_14_Brady,22,355,380,ASL_2011_06_14_Brady-22,3951
FORK,FORK+,Brady,ASL_2011_06_14_Brady,22,1030,1049,ASL_2011_06_14_Brady-22,3952
FORK,FORK+,Liz,ASL_2008_01_18,48,509,571,ASL_2008_01_18-48,3953
FORK,FORK+,Naomi,ASL_2008_08_06,48,138,163,ASL_2008_08_06-48,3954
FORK,FORK_2+,Liz,ASL_2008_01_18,48,840,885,ASL_2008_01_18-48,3955
FORK,FORK_2+,Naomi,ASL_2008_08_06,48,374,405,ASL_2008_08_06-48,3956
FORK-IN-ROAD,FORK-IN-ROAD,Liz,ASL_2008_01_11,54,510,540,ASL_2008_01_11-54,3957
FORK-IN-ROAD,FORK-IN-ROAD_2,Naomi,ASL_2008_08_04,34,2752,2775,ASL_2008_08_04-34,3958
FORK-IN-ROAD_3,FORK-IN-ROAD_3,Brady,ASL_2011_06_08_Brady,23,4418,4439,ASL_2011_06_08_Brady-23,3959
FORK-IN-ROAD_3,FORK-IN-ROAD_3,Tyler,ASL_2008_05_12a,33,2272,2322,ASL_2008_05_12a-33,3960
FORM,FORM,Liz,ASL_2008_01_18,48,1435,1500,ASL_2008_01_18-48,3961
FORM,FORM,Naomi,ASL_2008_08_06,48,1470,1510,ASL_2008_08_06-48,3962
FORM,FORM,Tyler,ASL_2008_05_29a,28,1227,1265,ASL_2008_05_29a-28,3963
FORM,FORM,Tyler,ASL_2008_05_29a,30,410,450,ASL_2008_05_29a-30,3964
FORMERLY,FORMERLY+,Brady,ASL_2011_07_22_Brady,18,135,194,ASL_2011_07_22_Brady-18,3965
FORMERLY,FORMERLY+,Liz,ASL_2008_03_28,29,2260,2301,ASL_2008_03_28-29,3966
FORTY,FORTY,Brady,ASL_2011_06_14_Brady,22,2678,2693,ASL_2011_06_14_Brady-22,3967
FORTY,FORTY,Liz,ASL_2008_01_18,48,1881,1900,ASL_2008_01_18-48,3968
FORTY,FORTY,Naomi,ASL_2008_08_06,48,3110,3125,ASL_2008_08_06-48,3969
FORTY,FORTY++,Tyler,ASL_2008_05_29a,28,2100,2145,ASL_2008_05_29a-28,3970
FORTY-FOUR,FORTY-FOUR,Brady,ASL_2011_06_14_Brady,22,2893,2914,ASL_2011_06_14_Brady-22,3971
FORTY-FOUR,FORTY-FOUR,Liz,ASL_2010_08_10_Liz_additional_lexicon_signs,19,740,780,ASL_2010_08_10_Liz_additional_lexicon_signs-19,3972
FOUNDATION,FOUNDATION,Brady,ASL_2011_06_14_Brady,22,3660,3690,ASL_2011_06_14_Brady-22,3973
FOUNDATION,FOUNDATION,Naomi,ASL_2008_08_06,48,3671,3720,ASL_2008_08_06-48,3974
FOUNDATION,FOUNDATION,Tyler,ASL_2008_05_29a,28,3070,3107,ASL_2008_05_29a-28,3975
FOUNDATION,FOUNDATION_2,Liz,ASL_2008_01_18,48,2420,2460,ASL_2008_01_18-48,3976
FOUNTAIN,FOUNTAIN,Brady,ASL_2011_06_14_Brady,22,4041,4073,ASL_2011_06_14_Brady-22,3977
FOUNTAIN,FOUNTAIN,Liz,ASL_2008_01_18,48,2830,2886,ASL_2008_01_18-48,3978
FOUNTAIN,FOUNTAIN,Naomi,ASL_2008_08_06,48,4020,4070,ASL_2008_08_06-48,3979
FOUNTAIN,FOUNTAIN,Tyler,ASL_2008_05_29a,28,3390,3425,ASL_2008_05_29a-28,3980
FOUR,FOUR,Brady,ASL_2011_06_08_Brady,5,9227,9242,ASL_2011_06_08_Brady-5,3981
FOUR,FOUR,Dana,ASL_2007_05_24,15,2009,2056,ASL_2007_05_24-15,3982
FOUR,FOUR,Lana,ASL_2006_10_10,11,2078,2087,ASL_2006_10_10-11,3983
FOUR,FOUR,Liz,ASL_2008_01_11,2,2125,2155,ASL_2008_01_11-2,3984
FOUR,FOUR,Naomi,ASL_2008_08_04,1,1843,1860,ASL_2008_08_04-1,3985
FOUR,FOUR,Tyler,ASL_2008_05_12a,1,2020,2110,ASL_2008_05_12a-1,3986
FOUR-DOLLARS,FOUR-DOLLARS,Liz,ASL_2010_08_10_Liz_additional_lexicon_signs,15,655,692,ASL_2010_08_10_Liz_additional_lexicon_signs-15,3987
FOUR-DOLLARS,FOURTH,Brady,ASL_2011_06_08_Brady,5,10221,10226,ASL_2011_06_08_Brady-5,3988
FOUR-DOLLARS,FOURTH,Liz,ASL_2010_08_10_Liz_additional_lexicon_signs,18,750,787,ASL_2010_08_10_Liz_additional_lexicon_signs-18,3989
FOUR-DOLLARS,FOURTH_2,Brady,ASL_2011_06_08_Brady,5,9710,9729,ASL_2011_06_08_Brady-5,3990
FOUR-HOURS,FOUR-HOURS,Brady,ASL_2011_06_14_Brady,22,4785,4814,ASL_2011_06_14_Brady-22,3991
FOUR-MONTHS,FOUR-MONTHS,Brady,ASL_2011_06_14_Brady,22,4312,4329,ASL_2011_06_14_Brady-22,3992
FOUR-MONTHS,FOUR-MONTHS,Liz,ASL_2010_08_10_Liz_additional_lexicon_signs,16,7305,7370,ASL_2010_08_10_Liz_additional_lexicon_signs-16,3993
FOUR-WEEKS,FOUR-WEEKS,Brady,ASL_2011_06_14_Brady,22,4539,4561,ASL_2011_06_14_Brady-22,3994
FOUR-WEEKS,FOUR-WEEKS,Liz,ASL_2010_08_10_Liz_additional_lexicon_signs,16,5955,6015,ASL_2010_08_10_Liz_additional_lexicon_signs-16,3995
FOURTEEN,FOURTEEN+,Brady,ASL_2011_06_08_Brady,4,9698,9728,ASL_2011_06_08_Brady-4,3996
FOURTEEN,FOURTEEN+,Brady,ASL_2011_06_08_Brady,4,11628,11650,ASL_2011_06_08_Brady-4,3997
FOURTEEN,FOURTEEN+,Liz,ASL_2008_01_11,2,515,550,ASL_2008_01_11-2,3998
FOURTEEN,FOURTEEN+,Naomi,ASL_2008_08_04,1,465,485,ASL_2008_08_04-1,3999
FOURTEEN,FOURTEEN+++,Tyler,ASL_2008_05_12a,1,695,772,ASL_2008_05_12a-1,4000
FOURTH-PLACE,FOURTH-PLACE,Liz,ASL_2010_08_10_Liz_additional_lexicon_signs,13,560,610,ASL_2010_08_10_Liz_additional_lexicon_signs-13,4001
FOUR_2+HOUR,FOUR_2+HOUR,Liz,ASL_2010_08_10_Liz_additional_lexicon_signs,16,4441,4514,ASL_2010_08_10_Liz_additional_lexicon_signs-16,4002
FOX,FOX,Brady,ASL_2011_06_14_Brady,22,5016,5050,ASL_2011_06_14_Brady-22,4003
FOX,FOX,Naomi,ASL_2008_08_06,48,4285,4301,ASL_2008_08_06-48,4004
FOX,FOX,Tyler,ASL_2008_05_29a,28,3700,3735,ASL_2008_05_29a-28,4005
FOX,FOX+,Liz,ASL_2008_01_18,49,350,385,ASL_2008_01_18-49,4006
FRACTION,(1h)FRACTION,Liz,ASL_2010_08_10_Liz_additional_lexicon_signs,28,2997,3050,ASL_2010_08_10_Liz_additional_lexicon_signs-28,4007
FRACTION,FRACTION,Brady,ASL_2011_06_14_Brady,22,5286,5308,ASL_2011_06_14_Brady-22,4008
FRAME,FRAME,Liz,ASL_2008_01_18,49,620,680,ASL_2008_01_18-49,4009
FRAME,FRAME_2,Naomi,ASL_2008_08_06,49,125,176,ASL_2008_08_06-49,4010
FRAME,FRAME_3,Brady,ASL_2011_06_14_Brady,22,5586,5629,ASL_2011_06_14_Brady-22,4011
FRECKLES,(1h)FRECKLES,Liz,ASL_2008_01_18,49,1220,1265,ASL_2008_01_18-49,4012
FRECKLES,FRECKLES,Brady,ASL_2011_06_14_Brady,22,6459,6478,ASL_2011_06_14_Brady-22,4013
FRECKLES,FRECKLES,Brady,ASL_2011_07_19_Brady,33,1113,1134,ASL_2011_07_19_Brady-33,4014
FRECKLES,FRECKLES,Brady,ASL_2011_07_22_Brady,36,4129,4161,ASL_2011_07_22_Brady-36,4015
FRECKLES,FRECKLES,Naomi,ASL_2008_08_06,49,675,695,ASL_2008_08_06-49,4016
FRECKLES,FRECKLES,Tyler,ASL_2008_05_29a,30,950,995,ASL_2008_05_29a-30,4017
FREE,FREE,Brady,ASL_2011_06_14_Brady,22,6941,6956,ASL_2011_06_14_Brady-22,4018
FREE,FREE,Dana,ASL_2007_05_24,14,1022,1056,ASL_2007_05_24-14,4019
FREE,FREE,Lana,ASL_2006_10_10,11,1085,1104,ASL_2006_10_10-11,4020
FREE,FREE,Liz,ASL_2008_01_18,49,1405,1435,ASL_2008_01_18-49,4021
FREE,FREE,Naomi,ASL_2008_08_06,49,895,930,ASL_2008_08_06-49,4022
FREE,FREE,Tyler,ASL_2008_05_29a,30,1165,1196,ASL_2008_05_29a-30,4023
FREEZE,FREEZE,Brady,ASL_2011_06_14_Brady,23,690,706,ASL_2011_06_14_Brady-23,4024
FREEZE,FREEZE,Dana,ASL_2007_05_24,14,1290,1334,ASL_2007_05_24-14,4025
FREEZE,FREEZE,Lana,ASL_2006_10_10,11,1308,1325,ASL_2006_10_10-11,4026
FREEZE,FREEZE,Liz,ASL_2008_01_18,49,1567,1595,ASL_2008_01_18-49,4027
FREEZE,FREEZE,Naomi,ASL_2008_08_06,49,1115,1137,ASL_2008_08_06-49,4028
FREEZE,FREEZE,Tyler,ASL_2008_05_29a,30,1336,1365,ASL_2008_05_29a-30,4029
FRESHMAN,FRESHMAN+,Naomi,ASL_2008_08_06,49,1670,1705,ASL_2008_08_06-49,4030
FRESHMAN,FRESHMAN++,Brady,ASL_2011_06_14_Brady,23,1142,1164,ASL_2011_06_14_Brady-23,4031
FRESHMAN,FRESHMAN++,Liz,ASL_2008_01_18,49,2335,2395,ASL_2008_01_18-49,4032
FRESHMAN_2,(rd)FRESHMAN_2+,Naomi,ASL_2008_08_06,49,2416,2450,ASL_2008_08_06-49,4033
FRESHMAN_2,FRESHMAN_2++,Brady,ASL_2011_06_14_Brady,23,1386,1414,ASL_2011_06_14_Brady-23,4034
FRESHMAN_2,FRESHMAN_2++,Liz,ASL_2008_01_18,49,2591,2631,ASL_2008_01_18-49,4035
FRESHMAN_2,FRESHMAN_2+++,Tyler,ASL_2008_05_29a,30,1885,1945,ASL_2008_05_29a-30,4036
FRESHMAN_3,FRESHMAN_3+,Brady,ASL_2011_06_14_Brady,23,1709,1743,ASL_2011_06_14_Brady-23,4037
FRESHMAN_3,FRESHMAN_3+,Naomi,ASL_2008_08_06,49,2710,2746,ASL_2008_08_06-49,4038
FRESHMAN_4,FRESHMAN_4,Liz,ASL_2008_01_18,49,2895,2935,ASL_2008_01_18-49,4039
FRIDAY,FRIDAY+,Brady,ASL_2011_06_14_Brady,23,1955,1986,ASL_2011_06_14_Brady-23,4040
FRIDAY,FRIDAY+,Dana,ASL_2007_05_24,15,2690,2763,ASL_2007_05_24-15,4041
FRIDAY,FRIDAY+,Lana,ASL_2006_10_10,11,2756,2797,ASL_2006_10_10-11,4042
FRIDAY,FRIDAY+,Liz,ASL_2008_01_18,50,255,301,ASL_2008_01_18-50,4043
FRIDAY,FRIDAY+,Naomi,ASL_2008_08_06,49,2996,3030,ASL_2008_08_06-49,4044
FRIDAY,FRIDAY+,Tyler,ASL_2008_05_29a,30,3775,3830,ASL_2008_05_29a-30,4045
FRIEND,FRIEND,Brady,ASL_2011_06_14_Brady,23,2547,2575,ASL_2011_06_14_Brady-23,4046
FRIEND,FRIEND,Dana,ASL_2007_05_24,15,1612,1671,ASL_2007_05_24-15,4047
FRIEND,FRIEND,Lana,ASL_2006_10_10,11,1694,1721,ASL_2006_10_10-11,4048
FRIEND,FRIEND,Liz,ASL_2008_01_18,50,455,490,ASL_2008_01_18-50,4049
FRIEND,FRIEND,Naomi,ASL_2008_08_06,50,105,130,ASL_2008_08_06-50,4050
FRIEND,FRIEND,Tyler,ASL_2008_05_29a,31,235,265,ASL_2008_05_29a-31,4051
FRIENDLY,FRIENDLY,Brady,ASL_2011_07_19_Brady,36,953,971,ASL_2011_07_19_Brady-36,4052
FRIENDLY,FRIENDLY,Dana,ASL_2007_05_24,15,1884,1911,ASL_2007_05_24-15,4053
FRIENDLY,FRIENDLY,Lana,ASL_2006_10_10,11,1948,1980,ASL_2006_10_10-11,4054
FRIENDLY,FRIENDLY,Liz,ASL_2008_02_15,42,826,858,ASL_2008_02_15-42,4055
FROG,FROG,Naomi,ASL_2008_08_06,50,325,346,ASL_2008_08_06-50,4056
FROG,FROG+,Brady,ASL_2011_06_14_Brady,23,2798,2822,ASL_2011_06_14_Brady-23,4057
FROG,FROG+,Liz,ASL_2008_01_18,50,704,741,ASL_2008_01_18-50,4058
FROG,FROG+,Tyler,ASL_2008_05_29a,31,416,457,ASL_2008_05_29a-31,4059
FROM,FROM,Brady,ASL_2011_06_14_Brady,23,3049,3059,ASL_2011_06_14_Brady-23,4060
FROM,FROM,Liz,ASL_2008_01_18,50,916,945,ASL_2008_01_18-50,4061
FROM,FROM,Naomi,ASL_2008_08_06,50,565,591,ASL_2008_08_06-50,4062
FROM,FROM,Tyler,ASL_2008_05_29a,31,595,615,ASL_2008_05_29a-31,4063
FROM-NOW-ON,FROM-NOW-ON,Brady,ASL_2011_06_14_Brady,23,3300,3330,ASL_2011_06_14_Brady-23,4064
FROM-NOW-ON,FROM-NOW-ON,Liz,ASL_2008_01_18,50,1127,1157,ASL_2008_01_18-50,4065
FROM-NOW-ON,FROM-NOW-ON,Naomi,ASL_2008_08_06,50,795,815,ASL_2008_08_06-50,4066
FROM-NOW-ON,FROM-NOW-ON,Tyler,ASL_2008_05_29a,31,795,831,ASL_2008_05_29a-31,4067
FRONT,FRONT+,Tyler,ASL_2008_05_29a,31,970,1005,ASL_2008_05_29a-31,4068
FRUIT,FRUIT,Brady,ASL_2011_06_14_Brady,23,4315,4340,ASL_2011_06_14_Brady-23,4069
FRUIT,FRUIT+,Liz,ASL_2008_01_18,50,1957,1980,ASL_2008_01_18-50,4070
FRUIT,FRUIT+,Naomi,ASL_2008_08_06,50,1980,2002,ASL_2008_08_06-50,4071
FRUIT,FRUIT++,Tyler,ASL_2008_05_29a,31,1795,1855,ASL_2008_05_29a-31,4072
FRUSTRATE,FRUSTRATE+,Brady,ASL_2011_06_14_Brady,23,4593,4612,ASL_2011_06_14_Brady-23,4073
FRUSTRATE,FRUSTRATE+,Brady,ASL_2011_06_14_Brady,23,4857,4886,ASL_2011_06_14_Brady-23,4074
FRUSTRATE,FRUSTRATE++,Tyler,ASL_2008_05_29a,31,2057,2115,ASL_2008_05_29a-31,4075
FRUSTRATED/THWARTED,FRUSTRATED/THWARTED,Liz,ASL_2008_01_18,50,2140,2157,ASL_2008_01_18-50,4076
FRUSTRATED/THWARTED,FRUSTRATED/THWARTED,Naomi,ASL_2008_08_06,50,2221,2230,ASL_2008_08_06-50,4077
FULL,FULL,Brady,ASL_2011_06_08_Brady,29,6349,6365,ASL_2011_06_08_Brady-29,4078
FULL,FULL,Brady,ASL_2011_06_14_Brady,23,5329,5346,ASL_2011_06_14_Brady-23,4079
FULL,FULL,Liz,ASL_2008_01_18,2,775,810,ASL_2008_01_18-2,4080
FULL,FULL,Liz,ASL_2008_02_01,1,575,620,ASL_2008_02_01-1,4081
FULL,FULL,Naomi,ASL_2008_08_06,2,525,551,ASL_2008_08_06-2,4082
FULL,FULL,Naomi,ASL_2008_08_13,1,665,688,ASL_2008_08_13-1,4083
FULL,FULL,Tyler,ASL_2008_05_12b,2,570,595,ASL_2008_05_12b-2,4084
FULL,FULL,Tyler,ASL_2008_05_29a,32,466,490,ASL_2008_05_29a-32,4085
FUN,FUN,Brady,ASL_2011_06_14_Brady,24,1390,1408,ASL_2011_06_14_Brady-24,4086
FUN,FUN,Liz,ASL_2008_02_01,1,1660,1700,ASL_2008_02_01-1,4087
FUN,FUN,Naomi,ASL_2008_08_13,1,1875,1898,ASL_2008_08_13-1,4088
FUN,FUN,Tyler,ASL_2008_05_29a,33,1100,1125,ASL_2008_05_29a-33,4089
FUNCTION,FUNCTION+,Liz,ASL_2008_02_01,1,1956,2005,ASL_2008_02_01-1,4090
FUNCTION,FUNCTION+,Liz,ASL_2010_08_10_Liz_additional_lexicon_signs,18,2906,2957,ASL_2010_08_10_Liz_additional_lexicon_signs-18,4091
FUNCTION,FUNCTION_2+,Brady,ASL_2011_06_14_Brady,24,350,371,ASL_2011_06_14_Brady-24,4092
FUNCTION,FUNCTION_2+,Brady,ASL_2011_06_14_Brady,24,2006,2030,ASL_2011_06_14_Brady-24,4093
FUNCTION,FUNCTION_2+++,Tyler,ASL_2008_05_29a,33,1315,1360,ASL_2008_05_29a-33,4094
FUNCTION,FUNCTION_3+,Naomi,ASL_2008_08_13,1,2155,2192,ASL_2008_08_13-1,4095
FUNERAL,FUNERAL+,Brady,ASL_2011_06_14_Brady,24,2538,2564,ASL_2011_06_14_Brady-24,4096
FUNERAL,FUNERAL+,Liz,ASL_2008_02_01,1,2221,2275,ASL_2008_02_01-1,4097
FUNERAL,FUNERAL+,Tyler,ASL_2008_05_29a,33,1501,1545,ASL_2008_05_29a-33,4098
FUNNY,FUNNY,Lana,ASL_2006_09_26,61,1322,1353,ASL_2006_09_26-61,4099
FUNNY,FUNNY+,Brady,ASL_2011_06_14_Brady,24,2830,2858,ASL_2011_06_14_Brady-24,4100
FUNNY,FUNNY+,Brady,ASL_2011_06_14_Brady,37,8021,8043,ASL_2011_06_14_Brady-37,4101
FUNNY,FUNNY+,Liz,ASL_2008_02_01,1,2506,2540,ASL_2008_02_01-1,4102
FUNNY,FUNNY+,Naomi,ASL_2008_08_13,1,2787,2817,ASL_2008_08_13-1,4103
FUNNY,FUNNY++,Liz,ASL_2010_08_10_Liz_additional_lexicon_signs,30,770,825,ASL_2010_08_10_Liz_additional_lexicon_signs-30,4104
FUNNY,FUNNY++,Tyler,ASL_2008_05_29a,33,1737,1780,ASL_2008_05_29a-33,4105
FURNITURE,(2h)FURNITURE,Tyler,ASL_2008_05_29a,33,2130,2170,ASL_2008_05_29a-33,4106
FURNITURE,FURNITURE,Brady,ASL_2011_06_14_Brady,24,3082,3112,ASL_2011_06_14_Brady-24,4107
FURNITURE,FURNITURE,Liz,ASL_2008_02_01,1,2780,2830,ASL_2008_02_01-1,4108
FURNITURE,FURNITURE,Naomi,ASL_2008_08_13,1,3297,3320,ASL_2008_08_13-1,4109
FUTURE,(F)FUTURE,Tyler,ASL_2008_05_29a,33,2860,2905,ASL_2008_05_29a-33,4110
FUTURE,FUTURE,Brady,ASL_2011_07_22_Brady,30,1594,1611,ASL_2011_07_22_Brady-30,4111
FUTURE,FUTURE,Brady,ASL_2011_07_22_Brady,48,4301,4322,ASL_2011_07_22_Brady-48,4112
FUTURE,FUTURE,Dana,ASL_2007_05_24,13,665,719,ASL_2007_05_24-13,4113
FUTURE,FUTURE,Lana,ASL_2006_10_10,9,630,658,ASL_2006_10_10-9,4114
FUTURE,FUTURE,Liz,ASL_2008_02_01,1,3106,3151,ASL_2008_02_01-1,4115
FUTURE,FUTURE,Liz,ASL_2008_03_28,42,1676,1710,ASL_2008_03_28-42,4116
FUTURE,FUTURE,Naomi,ASL_2008_08_13,1,3568,3605,ASL_2008_08_13-1,4117
G,G,Brady,ASL_2011_06_14_Brady,24,4682,4705,ASL_2011_06_14_Brady-24,4118
G,G,Liz,ASL_2008_02_01,2,401,455,ASL_2008_02_01-2,4119
G,G,Naomi,ASL_2008_08_13,1,3898,3922,ASL_2008_08_13-1,4120
G,G,Tyler,ASL_2008_05_29a,33,3165,3220,ASL_2008_05_29a-33,4121
GAMBLE,GAMBLE,Brady,ASL_2011_06_08_Brady,34,1062,1082,ASL_2011_06_08_Brady-34,4122
GAMBLE,GAMBLE,Brady,ASL_2011_06_14_Brady,24,5490,5510,ASL_2011_06_14_Brady-24,4123
GAMBLE,GAMBLE,Liz,ASL_2008_02_01,2,810,855,ASL_2008_02_01-2,4124
GAMBLE,GAMBLE,Liz,ASL_2010_08_10_Liz_additional_lexicon_signs,27,650,700,ASL_2010_08_10_Liz_additional_lexicon_signs-27,4125
GAMBLE,GAMBLE,Naomi,ASL_2008_08_13,2,556,590,ASL_2008_08_13-2,4126
GAMBLE,GAMBLE,Tyler,ASL_2008_05_29a,34,395,430,ASL_2008_05_29a-34,4127
GAME,GAME+,Brady,ASL_2011_06_14_Brady,24,5731,5758,ASL_2011_06_14_Brady-24,4128
GAME,GAME+,Lana,ASL_2006_10_10,11,2215,2240,ASL_2006_10_10-11,4129
GAME,GAME+,Liz,ASL_2008_02_01,2,1035,1080,ASL_2008_02_01-2,4130
GAME,GAME+,Naomi,ASL_2008_08_13,2,819,847,ASL_2008_08_13-2,4131
GAME,GAME++,Dana,ASL_2007_05_24,15,2138,2191,ASL_2007_05_24-15,4132
GAME,GAME++,Tyler,ASL_2008_05_29a,34,550,601,ASL_2008_05_29a-34,4133
GANG,GANG+,Brady,ASL_2011_06_14_Brady,24,6182,6211,ASL_2011_06_14_Brady-24,4134
GANG,GANG+,Liz,ASL_2008_02_01,2,1286,1350,ASL_2008_02_01-2,4135
GANG,GANG+,Naomi,ASL_2008_08_13,2,1081,1115,ASL_2008_08_13-2,4136
GANG,GANG+++,Tyler,ASL_2008_05_29a,34,740,796,ASL_2008_05_29a-34,4137
"GANG+++SCL:C""group go together""","GANG+++SCL:C""group go together""",Liz,ASL_2008_02_01,2,1940,2008,ASL_2008_02_01-2,4138
"GANG+++SCL:C""group go together""","GANG++SCL:C""group go together""",Brady,ASL_2011_06_14_Brady,24,6698,6769,ASL_2011_06_14_Brady-24,4139
"GANG+++SCL:C""group go together""","GANG++SCL:C""group go together""",Brady,ASL_2011_06_14_Brady,24,6874,6943,ASL_2011_06_14_Brady-24,4140
GARAGE/SUBMARINE,GARAGE/SUBMARINE,Tyler,ASL_2008_05_29a,34,1320,1350,ASL_2008_05_29a-34,4141
GARAGE/SUBMARINE,GARAGE/SUBMARINE+,Liz,ASL_2008_02_01,2,2680,2740,ASL_2008_02_01-2,4142
GARAGE/SUBMARINE,GARAGE/SUBMARINE+,Liz,ASL_2008_02_29,51,1340,1397,ASL_2008_02_29-51,4143
GARAGE/SUBMARINE,GARAGE/SUBMARINE+,Naomi,ASL_2008_08_13,2,2060,2090,ASL_2008_08_13-2,4144
GARAGE/SUBMARINE,GARAGE/SUBMARINE++,Brady,ASL_2011_07_19_Brady,102,2719,2759,ASL_2011_07_19_Brady-102,4145
GAS/GAS-UP,GAS/GAS-UP,Brady,ASL_2011_06_14_Brady,24,8894,8921,ASL_2011_06_14_Brady-24,4146
GAS/GAS-UP,GAS/GAS-UP,Brady,ASL_2011_07_19_Brady,48,124,153,ASL_2011_07_19_Brady-48,4147
GAS/GAS-UP,GAS/GAS-UP,Dana,ASL_2007_05_24,15,2278,2329,ASL_2007_05_24-15,4148
GAS/GAS-UP,GAS/GAS-UP,Lana,ASL_2006_10_10,11,2348,2360,ASL_2006_10_10-11,4149
GAS/GAS-UP,GAS/GAS-UP,Liz,ASL_2008_02_29,3,1056,1111,ASL_2008_02_29-3,4150
GAS/GAS-UP,GAS/GAS-UP+,Liz,ASL_2008_02_01,2,3265,3350,ASL_2008_02_01-2,4151
GAS/GAS-UP,GAS/GAS-UP+,Naomi,ASL_2008_08_13,2,3002,3029,ASL_2008_08_13-2,4152
GAS/GAS-UP,GAS/GAS-UP+,Tyler,ASL_2008_05_29a,34,1840,1881,ASL_2008_05_29a-34,4153
GATE,GATE,Naomi,ASL_2008_08_13,2,3305,3345,ASL_2008_08_13-2,4154
GATE,GATE,Tyler,ASL_2008_05_29a,34,2115,2155,ASL_2008_05_29a-34,4155
GATE,GATE+,Liz,ASL_2008_02_01,2,3530,3600,ASL_2008_02_01-2,4156
GATE,GATE++,Brady,ASL_2011_06_14_Brady,24,9205,9233,ASL_2011_06_14_Brady-24,4157
GAY,GAY,Brady,ASL_2011_06_14_Brady,24,9474,9493,ASL_2011_06_14_Brady-24,4158
GAY,GAY,Liz,ASL_2008_02_01,3,295,340,ASL_2008_02_01-3,4159
GAY,GAY,Naomi,ASL_2008_08_13,2,3668,3690,ASL_2008_08_13-2,4160
GAY,GAY,Tyler,ASL_2008_05_29a,34,2360,2400,ASL_2008_05_29a-34,4161
GENERAL,GENERAL,Brady,ASL_2011_06_14_Brady,24,9743,9782,ASL_2011_06_14_Brady-24,4162
GENERAL,GENERAL,Brady,ASL_2011_06_14_Brady,32,6365,6379,ASL_2011_06_14_Brady-32,4163
GENERAL,GENERAL,Liz,ASL_2008_02_01,3,530,575,ASL_2008_02_01-3,4164
GENERAL,GENERAL,Naomi,ASL_2008_08_13,3,67,92,ASL_2008_08_13-3,4165
GENERAL,GENERAL,Tyler,ASL_2008_05_29a,35,275,298,ASL_2008_05_29a-35,4166
GENERATION,GENERATION+,Brady,ASL_2011_06_14_Brady,25,154,201,ASL_2011_06_14_Brady-25,4167
GENERATION,GENERATION+,Brady,ASL_2011_06_14_Brady,44,6965,7008,ASL_2011_06_14_Brady-44,4168
GENERATION,GENERATION+,Liz,ASL_2008_02_01,3,750,830,ASL_2008_02_01-3,4169
GENERATION,GENERATION+,Liz,ASL_2008_02_01,41,835,921,ASL_2008_02_01-41,4170
GENERATION,GENERATION+,Naomi,ASL_2008_08_13,3,1423,1470,ASL_2008_08_13-3,4171
GENERATION,GENERATION+,Naomi,ASL_2008_08_13,34,1527,1576,ASL_2008_08_13-34,4172
GENERATIONS-AGO,GENERATIONS-AGO+,Brady,ASL_2011_06_08_Brady,11,9127,9164,ASL_2011_06_08_Brady-11,4173
GENERATIONS-AGO,GENERATIONS-AGO+,Liz,ASL_2008_01_11,14,765,825,ASL_2008_01_11-14,4174
GENERATIONS-AGO,GENERATIONS-AGO+,Naomi,ASL_2008_08_04,10,1463,1498,ASL_2008_08_04-10,4175
GEOMETRY,GEOMETRY+,Brady,ASL_2011_06_14_Brady,25,1080,1104,ASL_2011_06_14_Brady-25,4176
GEOMETRY,GEOMETRY+,Liz,ASL_2008_02_01,3,1256,1307,ASL_2008_02_01-3,4177
GEOMETRY,GEOMETRY+,Naomi,ASL_2008_08_13,3,2165,2200,ASL_2008_08_13-3,4178
GET,GET,Brady,ASL_2011_07_19_Brady,52,111,137,ASL_2011_07_19_Brady-52,4179
GET,GET,Liz,ASL_2008_02_29,7,462,496,ASL_2008_02_29-7,4180
GET-BIGGER,GET-BIGGER,Brady,ASL_2011_07_19_Brady,107,609,633,ASL_2011_07_19_Brady-107,4181
GET-BIGGER,GET-BIGGER,Liz,ASL_2008_03_28,2,1055,1130,ASL_2008_03_28-2,4182
GET-CLOSE,GET-CLOSE,Brady,ASL_2011_06_08_Brady,12,9773,9804,ASL_2011_06_08_Brady-12,4183
GET-CLOSE,GET-CLOSE,Liz,ASL_2008_01_11,19,1845,1890,ASL_2008_01_11-19,4184
GET-CLOSE,GET-CLOSE,Naomi,ASL_2008_08_04,13,1970,1995,ASL_2008_08_04-13,4185
GET-CLOSE,GET-CLOSE++,Tyler,ASL_2008_06_10,23,3251,3280,ASL_2008_06_10-23,4186
GET-IN,GET-IN,Brady,ASL_2011_06_14_Brady,25,2537,2575,ASL_2011_06_14_Brady-25,4187
GET-IN,GET-IN,Liz,ASL_2008_02_01,3,2795,2861,ASL_2008_02_01-3,4188
GET-IN,GET-IN,Naomi,ASL_2008_08_13,3,3595,3627,ASL_2008_08_13-3,4189
GET-ON,GET-ON,Brady,ASL_2011_06_14_Brady,25,2773,2802,ASL_2011_06_14_Brady-25,4190
GET-ON,GET-ON,Naomi,ASL_2008_08_13,3,3942,3977,ASL_2008_08_13-3,4191
GET-OUT,GET-OUT,Brady,ASL_2011_07_19_Brady,57,1405,1429,ASL_2011_07_19_Brady-57,4192
GET-OUT,GET-OUT,Liz,ASL_2008_02_29,12,1353,1391,ASL_2008_02_29-12,4193
GET-RID-OF,GET-RID-OF,Brady,ASL_2011_07_19_Brady,117,3150,3173,ASL_2011_07_19_Brady-117,4194
GET-RID-OF,GET-RID-OF,Liz,ASL_2008_03_28,16,1097,1126,ASL_2008_03_28-16,4195
GET-TICKET,GET-TICKET,Brady,ASL_2011_06_14_Brady,25,2065,2088,ASL_2011_06_14_Brady-25,4196
GET-TICKET,GET-TICKET,Brady,ASL_2011_06_14_Brady,25,3237,3261,ASL_2011_06_14_Brady-25,4197
GET-TICKET,GET-TICKET,Brady,ASL_2011_07_22_Brady,43,1759,1792,ASL_2011_07_22_Brady-43,4198
GET-TICKET,GET-TICKET,Brady,ASL_2011_07_22_Brady,43,1962,1988,ASL_2011_07_22_Brady-43,4199
GET-TICKET,GET-TICKET,Liz,ASL_2008_02_01,3,1985,2040,ASL_2008_02_01-3,4200
GET-TICKET,GET-TICKET,Liz,ASL_2008_02_01,4,775,817,ASL_2008_02_01-4,4201
GET-TICKET,GET-TICKET,Naomi,ASL_2008_08_13,3,2943,2970,ASL_2008_08_13-3,4202
GET-TICKET,GET-TICKET,Naomi,ASL_2008_08_13,4,980,1000,ASL_2008_08_13-4,4203
GET-TICKET,GET-TICKET,Tyler,ASL_2008_05_29a,36,480,505,ASL_2008_05_29a-36,4204
GET-TICKET,GET-TICKET+,Brady,ASL_2011_07_22_Brady,5,3035,3071,ASL_2011_07_22_Brady-5,4205
GET-TICKET,GET-TICKET++,Liz,ASL_2008_03_28,17,4020,4050,ASL_2008_03_28-17,4206
GET-UP,GET-UP,Brady,ASL_2011_06_14_Brady,25,3934,3958,ASL_2011_06_14_Brady-25,4207
GET-UP,GET-UP,Brady,ASL_2011_07_22_Brady,43,2174,2199,ASL_2011_07_22_Brady-43,4208
GET-UP,GET-UP,Liz,ASL_2008_02_01,4,1005,1061,ASL_2008_02_01-4,4209
GET-UP,GET-UP,Naomi,ASL_2008_08_13,4,1312,1342,ASL_2008_08_13-4,4210
GET-UP,GET-UP,Tyler,ASL_2008_05_29a,36,675,697,ASL_2008_05_29a-36,4211
GHOST,GHOST,Brady,ASL_2011_06_14_Brady,25,4141,4181,ASL_2011_06_14_Brady-25,4212
GHOST,GHOST,Brady,ASL_2011_07_19_Brady,91,2450,2494,ASL_2011_07_19_Brady-91,4213
GHOST,GHOST,Liz,ASL_2008_02_01,4,1266,1311,ASL_2008_02_01-4,4214
GHOST,GHOST,Liz,ASL_2008_02_29,39,1710,1745,ASL_2008_02_29-39,4215
GHOST,GHOST,Naomi,ASL_2008_08_13,4,1763,1800,ASL_2008_08_13-4,4216
GHOST,GHOST_2,Brady,ASL_2011_06_14_Brady,25,4452,4490,ASL_2011_06_14_Brady-25,4217
GHOST,GHOST_2,Liz,ASL_2010_08_10_Liz_additional_lexicon_signs,11,4105,4151,ASL_2010_08_10_Liz_additional_lexicon_signs-11,4218
GHOST,GHOST_2,Tyler,ASL_2008_05_29a,36,832,887,ASL_2008_05_29a-36,4219
GIFT,(1h)GIFT,Brady,ASL_2011_06_14_Brady,26,830,847,ASL_2011_06_14_Brady-26,4220
GIFT,(1h)GIFT,Liz,ASL_2008_02_01,5,770,800,ASL_2008_02_01-5,4221
GIFT,(1h)GIFT,Naomi,ASL_2008_08_13,5,792,820,ASL_2008_08_13-5,4222
GIFT,(1h)GIFT,Tyler,ASL_2008_05_29a,37,611,640,ASL_2008_05_29a-37,4223
GIFT,GIFT,Brady,ASL_2011_07_19_Brady,41,2806,2820,ASL_2011_07_19_Brady-41,4224
GIFT,GIFT,Liz,ASL_2008_02_15,47,1737,1770,ASL_2008_02_15-47,4225
GIGGLE,GIGGLE,Brady,ASL_2011_06_14_Brady,25,5433,5462,ASL_2011_06_14_Brady-25,4226
GIGGLE,GIGGLE,Brady,ASL_2011_07_22_Brady,40,1323,1365,ASL_2011_07_22_Brady-40,4227
GIGGLE,GIGGLE,Liz,ASL_2008_01_11,76,1375,1400,ASL_2008_01_11-76,4228
GIGGLE,GIGGLE,Liz,ASL_2008_02_01,4,2125,2175,ASL_2008_02_01-4,4229
GIGGLE,GIGGLE,Naomi,ASL_2008_08_04,48,2816,2846,ASL_2008_08_04-48,4230
GIGGLE,GIGGLE,Naomi,ASL_2008_08_13,4,3060,3080,ASL_2008_08_13-4,4231
GIGGLE,GIGGLE,Tyler,ASL_2008_05_29a,36,1780,1811,ASL_2008_05_29a-36,4232
GIRAFFE,GIRAFFE,Brady,ASL_2011_06_14_Brady,25,5705,5727,ASL_2011_06_14_Brady-25,4233
GIRAFFE,GIRAFFE,Liz,ASL_2010_08_10_Liz_additional_lexicon_signs,2,1211,1260,ASL_2010_08_10_Liz_additional_lexicon_signs-2,4234
GIRAFFE,GIRAFFE-pl,Brady,ASL_2011_06_14_Brady,25,6153,6194,ASL_2011_06_14_Brady-25,4235
GIRAFFE,GIRAFFE-pl,Liz,ASL_2010_08_10_Liz_additional_lexicon_signs,2,1340,1390,ASL_2010_08_10_Liz_additional_lexicon_signs-2,4236
GIRL,GIRL+,Brady,ASL_2011_06_14_Brady,26,274,297,ASL_2011_06_14_Brady-26,4237
GIRL,GIRL+,Dana,ASL_2007_05_24,16,308,362,ASL_2007_05_24-16,4238
GIRL,GIRL+,Lana,ASL_2006_10_10,12,443,470,ASL_2006_10_10-12,4239
GIRL,GIRL+,Liz,ASL_2008_02_01,4,2365,2395,ASL_2008_02_01-4,4240
GIRL,GIRL+,Naomi,ASL_2008_08_13,4,3343,3370,ASL_2008_08_13-4,4241
GIRL,GIRL++,Tyler,ASL_2008_05_29a,36,1970,2015,ASL_2008_05_29a-36,4242
GIRL+BABY_2,GIRL+BABY,Naomi,ASL_2008_08_06,12,2028,2060,ASL_2008_08_06-12,4243
GIRL+BABY_2,GIRL+BABY_2,Liz,ASL_2008_01_18,12,1886,1918,ASL_2008_01_18-12,4244
GIRL+BABY_2,GIRL+BABY_2,Tyler,ASL_2008_05_12b,12,1966,2004,ASL_2008_05_12b-12,4245
GIRL+CORRECT,GIRL+ALSO,Liz,ASL_2010_08_10_Liz_additional_lexicon_signs,3,3115,3170,ASL_2010_08_10_Liz_additional_lexicon_signs-3,4246
GIRL+CORRECT,GIRL+ALSO+,Liz,ASL_2010_08_10_Liz_additional_lexicon_signs,3,3288,3342,ASL_2010_08_10_Liz_additional_lexicon_signs-3,4247
GIRL+CORRECT,GIRL+CORRECT,Lana,ASL_2006_10_10,25,1527,1567,ASL_2006_10_10-25,4248
GIRL+CORRECT,GIRL+CORRECT,Liz,ASL_2010_08_10_Liz_additional_lexicon_signs,3,3489,3534,ASL_2010_08_10_Liz_additional_lexicon_signs-3,4249
GIRL+CORRECT,GIRL+CORRECT+,Liz,ASL_2010_08_10_Liz_additional_lexicon_signs,3,3610,3656,ASL_2010_08_10_Liz_additional_lexicon_signs-3,4250
GIRL+CORRECT+LAW,GIRL+CORRECT+LAW,Liz,ASL_2008_02_29,33,561,624,ASL_2008_02_29-33,4251
GIRL+FRIEND,GIRL+FRIEND,Brady,ASL_2011_06_14_Brady,26,574,596,ASL_2011_06_14_Brady-26,4252
GIRL+FRIEND,GIRL+FRIEND,Dana,ASL_2007_05_24,15,2540,2607,ASL_2007_05_24-15,4253
GIRL+FRIEND,GIRL+FRIEND,Lana,ASL_2006_10_10,11,2615,2665,ASL_2006_10_10-11,4254
GIRL+FRIEND,GIRL+FRIEND,Liz,ASL_2008_02_01,4,2625,2676,ASL_2008_02_01-4,4255
GIRL+FRIEND,GIRL+FRIEND,Naomi,ASL_2008_08_13,4,3623,3669,ASL_2008_08_13-4,4256
GIRL+FRIEND,GIRL+FRIEND,Tyler,ASL_2008_05_29a,36,2179,2212,ASL_2008_05_29a-36,4257
GIRL+MARRY,GIRL+MARRY,Liz,ASL_2008_03_28,42,306,348,ASL_2008_03_28-42,4258
GIRL-SCOUT,GIRL-SCOUT,Liz,ASL_2008_02_29,24,1925,1952,ASL_2008_02_29-24,4259
GIVE,(2h)GIVE,Brady,ASL_2011_06_14_Brady,26,1042,1058,ASL_2011_06_14_Brady-26,4260
GIVE,(2h)GIVE,Liz,ASL_2008_01_18,40,585,606,ASL_2008_01_18-40,4261
GIVE,(2h)GIVE,Liz,ASL_2008_02_01,5,975,1005,ASL_2008_02_01-5,4262
GIVE,(2h)GIVE,Naomi,ASL_2008_08_13,5,1138,1168,ASL_2008_08_13-5,4263
GIVE,GIVE,Dana,ASL_2007_05_24,16,570,613,ASL_2007_05_24-16,4264
GIVE,GIVE,Lana,ASL_2006_10_10,12,714,726,ASL_2006_10_10-12,4265
GIVE,GIVE,Tyler,ASL_2008_05_29a,37,842,866,ASL_2008_05_29a-37,4266
GIVE,GIVE_2,Liz,ASL_2008_01_18,44,1546,1586,ASL_2008_01_18-44,4267
GIVE-UP,GIVE-UP,Brady,ASL_2011_06_14_Brady,26,1530,1548,ASL_2011_06_14_Brady-26,4268
GIVE-UP,GIVE-UP,Dana,ASL_2007_05_24,15,2822,2869,ASL_2007_05_24-15,4269
GIVE-UP,GIVE-UP,Lana,ASL_2006_10_10,11,2884,2904,ASL_2006_10_10-11,4270
GIVE-UP,GIVE-UP,Liz,ASL_2008_02_01,5,501,545,ASL_2008_02_01-5,4271
GIVE-UP,GIVE-UP,Naomi,ASL_2008_08_13,5,232,260,ASL_2008_08_13-5,4272
GIVE-UP,GIVE-UP,Tyler,ASL_2008_05_29a,37,326,355,ASL_2008_05_29a-37,4273
GLASSES,GLASSES+,Liz,ASL_2008_02_01,6,1295,1340,ASL_2008_02_01-6,4274
GLASSES,GLASSES+,Naomi,ASL_2008_08_13,5,3763,3795,ASL_2008_08_13-5,4275
GLASSES_2,GLASSES_2+,Brady,ASL_2011_06_14_Brady,26,2295,2317,ASL_2011_06_14_Brady-26,4276
GLOBE,GLOBE,Brady,ASL_2011_06_14_Brady,26,5575,5602,ASL_2011_06_14_Brady-26,4277
GLOBE,GLOBE,Liz,ASL_2008_02_01,6,1666,1737,ASL_2008_02_01-6,4278
GLOBE,GLOBE,Naomi,ASL_2008_08_13,5,4115,4145,ASL_2008_08_13-5,4279
GLORY,(25)GLORY,Tyler,ASL_2008_05_29a,37,4720,4752,ASL_2008_05_29a-37,4280
GLORY,(25)GLORY+,Brady,ASL_2011_06_14_Brady,26,6394,6470,ASL_2011_06_14_Brady-26,4281
GLORY,GLORY,Liz,ASL_2008_02_01,7,246,311,ASL_2008_02_01-7,4282
GLORY,GLORY_2,Brady,ASL_2011_06_14_Brady,26,5825,5860,ASL_2011_06_14_Brady-26,4283
GLOVES,GLOVES,Brady,ASL_2011_06_14_Brady,26,7182,7227,ASL_2011_06_14_Brady-26,4284
GLOVES,GLOVES,Liz,ASL_2008_02_01,7,500,580,ASL_2008_02_01-7,4285
GLOVES_2,GLOVES_2,Naomi,ASL_2008_08_13,6,267,317,ASL_2008_08_13-6,4286
GLUE,(G)GLUE++,Tyler,ASL_2008_05_29a,38,511,576,ASL_2008_05_29a-38,4287
GLUE,(G)GLUE++,Tyler,ASL_2008_05_29a,38,900,957,ASL_2008_05_29a-38,4288
GLUE,GLUE,Liz,ASL_2008_02_01,7,1202,1251,ASL_2008_02_01-7,4289
GLUE,GLUE,Naomi,ASL_2008_08_13,6,1101,1140,ASL_2008_08_13-6,4290
GLUE,GLUE+,Liz,ASL_2008_02_01,7,942,1027,ASL_2008_02_01-7,4291
GLUE,GLUE+,Naomi,ASL_2008_08_13,6,805,840,ASL_2008_08_13-6,4292
GO,(1h)(5)GO,Tyler,ASL_2008_05_29a,38,1125,1155,ASL_2008_05_29a-38,4293
GO,(1h)GO,Brady,ASL_2011_06_14_Brady,26,8773,8800,ASL_2011_06_14_Brady-26,4294
GO,(1h)GO,Liz,ASL_2008_02_01,7,1445,1495,ASL_2008_02_01-7,4295
GO,GO,Liz,ASL_2008_01_11,24,990,1020,ASL_2008_01_11-24,4296
GO,GO,Naomi,ASL_2008_08_04,16,1402,1425,ASL_2008_08_04-16,4297
GO,GO,Naomi,ASL_2008_08_13,6,1418,1427,ASL_2008_08_13-6,4298
GO,GO+,Liz,ASL_2008_01_11,24,1195,1221,ASL_2008_01_11-24,4299
GO,GO+,Naomi,ASL_2008_08_04,16,3165,3191,ASL_2008_08_04-16,4300
GO,GO+,Tyler,ASL_2008_05_12a,16,1020,1051,ASL_2008_05_12a-16,4301
GO,GO++,Tyler,ASL_2008_05_12a,16,2340,2380,ASL_2008_05_12a-16,4302
GO-AWAY,GO-AWAY,Brady,ASL_2011_06_08_Brady,14,3878,3901,ASL_2011_06_08_Brady-14,4303
GO-AWAY,GO-AWAY,Liz,ASL_2008_01_11,27,755,780,ASL_2008_01_11-27,4304
GO-AWAY,GO-AWAY,Naomi,ASL_2008_08_04,17,3153,3175,ASL_2008_08_04-17,4305
GO-AWAY,GO-AWAY,Naomi,ASL_2008_08_13,6,2580,2608,ASL_2008_08_13-6,4306
GO-AWAY,GO-AWAY,Tyler,ASL_2008_05_12a,17,3686,3710,ASL_2008_05_12a-17,4307
GO-AWAY,GO-AWAY,Tyler,ASL_2008_05_29a,38,1515,1541,ASL_2008_05_29a-38,4308
GO-AWAY,GO-AWAY_2,Brady,ASL_2011_06_14_Brady,27,259,287,ASL_2011_06_14_Brady-27,4309
GO-AWAY,GO-AWAY_2,Liz,ASL_2008_02_01,7,1840,1865,ASL_2008_02_01-7,4310
GO-BY-BOAT,GO-BY-BOAT,Brady,ASL_2011_06_14_Brady,27,475,504,ASL_2011_06_14_Brady-27,4311
GO-BY-BOAT,GO-BY-BOAT,Brady,ASL_2011_07_22_Brady,44,504,534,ASL_2011_07_22_Brady-44,4312
GO-BY-BOAT,GO-BY-BOAT,Liz,ASL_2008_02_01,7,2071,2140,ASL_2008_02_01-7,4313
GO-BY-BOAT,GO-BY-BOAT,Tyler,ASL_2008_05_29a,38,1775,1816,ASL_2008_05_29a-38,4314
GO-BY-BOAT,GO-BY-BOAT_2,Naomi,ASL_2008_08_13,6,2890,2915,ASL_2008_08_13-6,4315
GO-OUT,GO-OUT,Lana,ASL_2006_01_20,22,2283,2325,ASL_2006_01_20-22,4316
GO-OUT,GO-OUT+,Brady,ASL_2011_07_19_Brady,23,2914,2944,ASL_2011_07_19_Brady-23,4317
GO-TO-IT,GO-TO-IT,Brady,ASL_2011_06_14_Brady,27,1610,1630,ASL_2011_06_14_Brady-27,4318
GO-TO-IT,GO-TO-IT,Brady,ASL_2011_07_22_Brady,44,686,703,ASL_2011_07_22_Brady-44,4319
GO-TO-IT,GO-TO-IT,Liz,ASL_2008_02_01,8,645,670,ASL_2008_02_01-8,4320
GO-TO-IT,GO-TO-IT,Naomi,ASL_2008_08_13,7,743,762,ASL_2008_08_13-7,4321
GO-TO-IT,GO-TO-IT,Tyler,ASL_2008_05_29a,39,276,306,ASL_2008_05_29a-39,4322
GOAL,GOAL,Brady,ASL_2011_06_14_Brady,27,1856,1871,ASL_2011_06_14_Brady-27,4323
GOAL,GOAL,Brady,ASL_2011_07_19_Brady,92,2894,2920,ASL_2011_07_19_Brady-92,4324
GOAL,GOAL,Brady,ASL_2011_07_22_Brady,9,1316,1340,ASL_2011_07_22_Brady-9,4325
GOAL,GOAL,Liz,ASL_2008_02_01,8,886,931,ASL_2008_02_01-8,4326
GOAL,GOAL,Liz,ASL_2008_02_29,40,1585,1625,ASL_2008_02_29-40,4327
GOAL,GOAL,Liz,ASL_2008_03_28,21,1545,1577,ASL_2008_03_28-21,4328
GOAL,GOAL,Naomi,ASL_2008_08_13,7,1046,1075,ASL_2008_08_13-7,4329
GOAL,GOAL,Tyler,ASL_2008_05_29a,39,540,567,ASL_2008_05_29a-39,4330
GOAT,GOAT,Brady,ASL_2011_06_14_Brady,27,2071,2092,ASL_2011_06_14_Brady-27,4331
GOAT,GOAT,Liz,ASL_2008_02_01,8,1090,1127,ASL_2008_02_01-8,4332
GOAT,GOAT,Tyler,ASL_2008_05_29a,39,731,760,ASL_2008_05_29a-39,4333
GOD,GOD,Brady,ASL_2011_06_14_Brady,27,2525,2545,ASL_2011_06_14_Brady-27,4334
GOD,GOD,Liz,ASL_2008_02_01,8,1305,1346,ASL_2008_02_01-8,4335
GOD,GOD,Naomi,ASL_2008_08_13,7,1647,1670,ASL_2008_08_13-7,4336
GOD,GOD,Tyler,ASL_2008_05_29a,39,925,950,ASL_2008_05_29a-39,4337
GOLD/ns-CALIFORNIA,(25)ns-CALIFORNIA++,Tyler,ASL_2008_05_12a,38,1470,1505,ASL_2008_05_12a-38,4338
GOLD/ns-CALIFORNIA,(G)GOLD,Tyler,ASL_2008_05_29a,39,1177,1200,ASL_2008_05_29a-39,4339
GOLD/ns-CALIFORNIA,GOLD/ns-CALIFORNIA,Brady,ASL_2011_06_08_Brady,24,14043,14056,ASL_2011_06_08_Brady-24,4340
GOLD/ns-CALIFORNIA,GOLD/ns-CALIFORNIA,Brady,ASL_2011_06_08_Brady,24,14318,14335,ASL_2011_06_08_Brady-24,4341
GOLD/ns-CALIFORNIA,GOLD/ns-CALIFORNIA,Brady,ASL_2011_06_14_Brady,27,2755,2773,ASL_2011_06_14_Brady-27,4342
GOLD/ns-CALIFORNIA,GOLD/ns-CALIFORNIA,Liz,ASL_2008_01_11,61,2045,2065,ASL_2008_01_11-61,4343
GOLD/ns-CALIFORNIA,GOLD/ns-CALIFORNIA,Naomi,ASL_2008_08_04,39,2965,2980,ASL_2008_08_04-39,4344
GOLD/ns-CALIFORNIA,GOLD/ns-CALIFORNIA,Naomi,ASL_2008_08_13,7,2007,2022,ASL_2008_08_13-7,4345
GOLD/ns-CALIFORNIA,GOLD/ns-CALIFORNIA+,Lana,ASL_2006_10_10,5,357,385,ASL_2006_10_10-5,4346
GOLD/ns-CALIFORNIA,ns-CALIFORNIA_2,Dana,ASL_2007_05_24,9,422,450,ASL_2007_05_24-9,4347
GOLD/ns-CALIFORNIA+YELLOW,GOLD/ns-CALIFORNIA+YELLOW,Liz,ASL_2008_02_01,8,1507,1560,ASL_2008_02_01-8,4348
GOLF,GOLF,Brady,ASL_2011_06_14_Brady,27,3020,3044,ASL_2011_06_14_Brady-27,4349
GOLF,GOLF,Liz,ASL_2008_02_01,8,1785,1842,ASL_2008_02_01-8,4350
GOLF,GOLF,Naomi,ASL_2008_08_13,7,2352,2377,ASL_2008_08_13-7,4351
GOLF,GOLF,Tyler,ASL_2008_05_29a,39,1390,1420,ASL_2008_05_29a-39,4352
GONE,GONE,Brady,ASL_2011_06_14_Brady,27,3280,3300,ASL_2011_06_14_Brady-27,4353
GONE,GONE,Dana,ASL_2007_05_24,11,1660,1695,ASL_2007_05_24-11,4354
GONE,GONE,Liz,ASL_2008_02_01,8,1987,2026,ASL_2008_02_01-8,4355
GONE,GONE,Liz,ASL_2010_08_10_Liz_additional_lexicon_signs,5,1273,1321,ASL_2010_08_10_Liz_additional_lexicon_signs-5,4356
GONE,GONE,Naomi,ASL_2008_08_13,7,2652,2673,ASL_2008_08_13-7,4357
GONE,GONE,Tyler,ASL_2008_05_29a,39,1610,1646,ASL_2008_05_29a-39,4358
GOOD+ENOUGH,GOOD+ENOUGH,Dana,ASL_2007_05_24,16,440,489,ASL_2007_05_24-16,4359
GOOD+ENOUGH,GOOD+ENOUGH,Lana,ASL_2006_10_10,12,578,602,ASL_2006_10_10-12,4360
GOOD+LUCKY,GOOD+LUCKY,Liz,ASL_2008_02_01,9,464,497,ASL_2008_02_01-9,4361
GOOD+LUCKY,GOOD+LUCKY,Naomi,ASL_2008_08_13,8,259,282,ASL_2008_08_13-8,4362
GOOD+LUCKY,GOOD+LUCKY,Tyler,ASL_2008_05_29a,39,2475,2510,ASL_2008_05_29a-39,4363
GOOD+MORNING,(1h)GOOD/THANK-YOU+(1h)MORNING,Liz,ASL_2008_02_01,9,893,920,ASL_2008_02_01-9,4364
GOOD+MORNING,(1h)GOOD/THANK-YOU+(1h)MORNING,Naomi,ASL_2008_08_13,8,880,914,ASL_2008_08_13-8,4365
GOOD+MORNING,(1h)GOOD/THANK-YOU+(1h)MORNING,Tyler,ASL_2008_05_29a,40,818,843,ASL_2008_05_29a-40,4366
GOOD+MORNING,(1h)GOOD/THANK-YOU+MORNING,Liz,ASL_2008_02_01,9,672,710,ASL_2008_02_01-9,4367
GOOD+MORNING,GOOD+MORNING,Naomi,ASL_2008_08_13,8,607,649,ASL_2008_08_13-8,4368
GOOD+MORNING,GOOD+MORNING,Tyler,ASL_2008_05_29a,40,575,615,ASL_2008_05_29a-40,4369
GOOD+NIGHT,(1h)GOOD/THANK-YOU+NIGHT,Liz,ASL_2008_02_01,9,1107,1146,ASL_2008_02_01-9,4370
GOOD+NIGHT,(1h)GOOD/THANK-YOU+NIGHT,Naomi,ASL_2008_08_13,8,1160,1190,ASL_2008_08_13-8,4371
GOOD+NIGHT,GOOD+NIGHT,Tyler,ASL_2008_05_29a,40,1044,1081,ASL_2008_05_29a-40,4372
GOOSEBUMPS,GOOSEBUMPS,Brady,ASL_2011_07_19_Brady,70,1430,1464,ASL_2011_07_19_Brady-70,4373
GORILLA,GORILLA+,Brady,ASL_2011_06_14_Brady,28,567,594,ASL_2011_06_14_Brady-28,4374
GORILLA,GORILLA+,Liz,ASL_2010_08_10_Liz_additional_lexicon_signs,12,155,207,ASL_2010_08_10_Liz_additional_lexicon_signs-12,4375
GOSSIP,GOSSIP+,Liz,ASL_2008_02_01,9,1390,1457,ASL_2008_02_01-9,4376
GOSSIP,GOSSIP++,Brady,ASL_2011_06_14_Brady,28,859,885,ASL_2011_06_14_Brady-28,4377
GOSSIP,GOSSIP++,Naomi,ASL_2008_08_13,8,1453,1500,ASL_2008_08_13-8,4378
GOSSIP,GOSSIP+++,Dana,ASL_2007_05_24,16,696,765,ASL_2007_05_24-16,4379
GOSSIP,GOSSIP+++,Lana,ASL_2006_10_10,12,856,913,ASL_2006_10_10-12,4380
GOSSIP,GOSSIP+++,Tyler,ASL_2008_05_29a,40,1375,1412,ASL_2008_05_29a-40,4381
GOVERNMENT,(G)GOVERNMENT,Dana,ASL_2007_05_24,16,988,1042,ASL_2007_05_24-16,4382
GOVERNMENT,(G)GOVERNMENT,Tyler,ASL_2008_05_29a,40,1597,1625,ASL_2008_05_29a-40,4383
GOVERNMENT,GOVERNMENT,Brady,ASL_2011_06_08_Brady,25,11567,11600,ASL_2011_06_08_Brady-25,4384
GOVERNMENT,GOVERNMENT,Brady,ASL_2011_06_14_Brady,28,1523,1544,ASL_2011_06_14_Brady-28,4385
GOVERNMENT,GOVERNMENT,Brady,ASL_2011_06_14_Brady,28,1969,1985,ASL_2011_06_14_Brady-28,4386
GOVERNMENT,GOVERNMENT,Lana,ASL_2006_10_10,12,1147,1173,ASL_2006_10_10-12,4387
GOVERNMENT,GOVERNMENT,Liz,ASL_2008_01_11,64,1175,1210,ASL_2008_01_11-64,4388
GOVERNMENT,GOVERNMENT,Liz,ASL_2008_02_01,9,1570,1626,ASL_2008_02_01-9,4389
GOVERNMENT,GOVERNMENT,Naomi,ASL_2008_08_04,41,2380,2410,ASL_2008_08_04-41,4390
GOVERNMENT,GOVERNMENT,Naomi,ASL_2008_08_13,8,1698,1727,ASL_2008_08_13-8,4391
GOVERNMENT,GOVERNMENT,Naomi,ASL_2008_08_13,8,2528,2558,ASL_2008_08_13-8,4392
GOVERNMENT,GOVERNMENT,Tyler,ASL_2008_05_29a,40,1895,1915,ASL_2008_05_29a-40,4393
GOVERNMENT+AGENT,GOVERNMENT+AGENT,Brady,ASL_2011_06_14_Brady,28,2287,2331,ASL_2011_06_14_Brady-28,4394
GOVERNMENT+AGENT,GOVERNMENT+AGENT,Liz,ASL_2008_02_01,10,107,180,ASL_2008_02_01-10,4395
GRAB,GRAB,Brady,ASL_2011_07_22_Brady,55,1107,1131,ASL_2011_07_22_Brady-55,4396
GRAB,GRAB,Liz,ASL_2008_02_01,10,826,870,ASL_2008_02_01-10,4397
GRAB,GRAB,Naomi,ASL_2008_08_13,8,3018,3040,ASL_2008_08_13-8,4398
GRAB,GRAB,Tyler,ASL_2008_05_12a,25,1681,1715,ASL_2008_05_12a-25,4399
GRAB,GRAB,Tyler,ASL_2008_05_12a,25,2062,2090,ASL_2008_05_12a-25,4400
GRAB,GRAB_2,Tyler,ASL_2008_05_29a,40,2138,2172,ASL_2008_05_29a-40,4401
GRAB-CHANCE,GRAB-CHANCE,Brady,ASL_2011_06_14_Brady,28,2633,2651,ASL_2011_06_14_Brady-28,4402
GRAB-CHANCE,GRAB-CHANCE,Brady,ASL_2011_06_14_Brady,28,4955,4978,ASL_2011_06_14_Brady-28,4403
GRAB-CHANCE,GRAB-CHANCE,Liz,ASL_2008_02_01,10,1065,1112,ASL_2008_02_01-10,4404
GRAB-CHANCE,GRAB-CHANCE,Naomi,ASL_2008_08_13,8,3282,3307,ASL_2008_08_13-8,4405
GRAB-CHANCE,GRAB-CHANCE,Tyler,ASL_2008_05_29a,40,2420,2440,ASL_2008_05_29a-40,4406
GRAD,GRAD+,Brady,ASL_2011_06_14_Brady,28,5694,5719,ASL_2011_06_14_Brady-28,4407
GRAD,GRAD+,Brady,ASL_2011_06_14_Brady,28,7752,7776,ASL_2011_06_14_Brady-28,4408
GRAD,GRAD+,Liz,ASL_2010_08_10_Liz_additional_lexicon_signs,30,575,631,ASL_2010_08_10_Liz_additional_lexicon_signs-30,4409
GRAD,GRAD+,Naomi,ASL_2008_08_13,9,290,320,ASL_2008_08_13-9,4410
GRAD,GRAD++,Brady,ASL_2011_06_14_Brady,28,5397,5431,ASL_2011_06_14_Brady-28,4411
GRAD,GRAD++,Liz,ASL_2008_02_01,11,471,522,ASL_2008_02_01-11,4412
GRADUAL-DECLINE-A-LOT,GRADUAL-DECLINE++,Liz,ASL_2008_01_18,16,357,425,ASL_2008_01_18-16,4413
GRADUAL-DECLINE-A-LOT,GRADUAL-DECLINE-A-LOT++,Brady,ASL_2011_06_08_Brady,33,9336,9404,ASL_2011_06_08_Brady-33,4414
GRADUAL-DECLINE-A-LOT,GRADUAL-DECLINE-A-LOT++,Brady,ASL_2011_07_22_Brady,41,2296,2372,ASL_2011_07_22_Brady-41,4415
GRADUAL-DECLINE-A-LOT,GRADUAL-DECLINE-A-LOT++,Naomi,ASL_2008_08_06,15,3920,3970,ASL_2008_08_06-15,4416
GRADUAL-DECLINE-A-LOT,GRADUAL-DECLINE_3,Tyler,ASL_2008_05_12b,15,3285,3330,ASL_2008_05_12b-15,4417
GRADUAL-IMPROVE,GRADUAL-IMPROVE,Brady,ASL_2011_06_14_Brady,39,2956,3009,ASL_2011_06_14_Brady-39,4418
GRADUAL-IMPROVE,GRADUAL-IMPROVE,Brady,ASL_2011_07_22_Brady,45,2462,2539,ASL_2011_07_22_Brady-45,4419
GRADUAL-IMPROVE,GRADUAL-IMPROVE,Liz,ASL_2008_02_01,30,950,1015,ASL_2008_02_01-30,4420
GRADUAL-IMPROVE,GRADUAL-IMPROVE,Liz,ASL_2008_02_01,30,2645,2716,ASL_2008_02_01-30,4421
GRADUAL-IMPROVE,GRADUAL-IMPROVE-A-LOT,Brady,ASL_2011_06_14_Brady,39,2406,2466,ASL_2011_06_14_Brady-39,4422
GRADUAL-IMPROVE,GRADUAL-IMPROVE-A-LOT,Naomi,ASL_2008_08_13,25,1973,2035,ASL_2008_08_13-25,4423
GRADUAL-IMPROVE,GRADUAL-IMPROVE-A-LOT,Tyler,ASL_2008_05_29b,5,846,910,ASL_2008_05_29b-5,4424
GRADUAL-IMPROVE,GRADUAL-IMPROVE-A-LOT,Tyler,ASL_2008_05_29b,5,1300,1370,ASL_2008_05_29b-5,4425
GRADUATE,GRADUATE,Brady,ASL_2011_06_14_Brady,28,7531,7574,ASL_2011_06_14_Brady-28,4426
GRADUATE,GRADUATE,Dana,ASL_2007_05_24,16,851,892,ASL_2007_05_24-16,4427
GRADUATE,GRADUATE,Lana,ASL_2006_10_10,12,1004,1042,ASL_2006_10_10-12,4428
GRADUATE,GRADUATE,Liz,ASL_2008_02_01,11,257,330,ASL_2008_02_01-11,4429
GRADUATE,GRADUATE,Naomi,ASL_2008_08_13,8,3638,3675,ASL_2008_08_13-8,4430
GRADUATE,GRADUATE,Tyler,ASL_2008_05_29a,40,2640,2675,ASL_2008_05_29a-40,4431
GRAMMAR,GRAMMAR,Brady,ASL_2011_06_14_Brady,28,7978,8008,ASL_2011_06_14_Brady-28,4432
GRAMMAR,GRAMMAR,Liz,ASL_2008_02_01,11,740,792,ASL_2008_02_01-11,4433
GRAMMAR,GRAMMAR,Naomi,ASL_2008_08_13,9,797,817,ASL_2008_08_13-9,4434
GRAMMAR,GRAMMAR,Tyler,ASL_2008_05_29a,41,1535,1562,ASL_2008_05_29a-41,4435
GRANDFATHER,GRANDFATHER,Brady,ASL_2011_06_14_Brady,28,8600,8626,ASL_2011_06_14_Brady-28,4436
GRANDFATHER,GRANDFATHER,Dana,ASL_2007_05_24,16,1272,1338,ASL_2007_05_24-16,4437
GRANDFATHER,GRANDFATHER,Lana,ASL_2006_10_10,12,1433,1460,ASL_2006_10_10-12,4438
GRANDFATHER,GRANDFATHER,Liz,ASL_2008_02_01,11,965,1005,ASL_2008_02_01-11,4439
GRANDFATHER,GRANDFATHER,Naomi,ASL_2008_08_13,9,1085,1110,ASL_2008_08_13-9,4440
GRANDFATHER,GRANDFATHER,Tyler,ASL_2008_05_29a,41,1731,1761,ASL_2008_05_29a-41,4441
GRANDMOTHER,GRANDMOTHER,Brady,ASL_2011_06_14_Brady,28,8994,9021,ASL_2011_06_14_Brady-28,4442
GRANDMOTHER,GRANDMOTHER,Dana,ASL_2007_05_24,16,1693,1745,ASL_2007_05_24-16,4443
GRANDMOTHER,GRANDMOTHER,Lana,ASL_2006_10_10,12,1842,1866,ASL_2006_10_10-12,4444
GRANDMOTHER,GRANDMOTHER,Liz,ASL_2008_02_01,11,1215,1257,ASL_2008_02_01-11,4445
GRANDMOTHER,GRANDMOTHER,Naomi,ASL_2008_08_13,9,1305,1332,ASL_2008_08_13-9,4446
GRANDMOTHER,GRANDMOTHER,Tyler,ASL_2008_05_29a,41,1870,1901,ASL_2008_05_29a-41,4447
GRAPES,GRAPES++,Liz,ASL_2008_02_01,11,1437,1486,ASL_2008_02_01-11,4448
GRAPES,GRAPES++,Naomi,ASL_2008_08_13,9,1647,1691,ASL_2008_08_13-9,4449
GRAPES,GRAPES++++,Tyler,ASL_2008_05_29a,41,2050,2097,ASL_2008_05_29a-41,4450
GRAPES,GRAPES_2+++,Brady,ASL_2011_06_14_Brady,28,9193,9213,ASL_2011_06_14_Brady-28,4451
GRASS,GRASS+,Brady,ASL_2011_06_14_Brady,28,9605,9637,ASL_2011_06_14_Brady-28,4452
GRASS,GRASS+,Dana,ASL_2007_05_24,16,1979,2033,ASL_2007_05_24-16,4453
GRASS,GRASS+,Lana,ASL_2006_10_10,12,2104,2134,ASL_2006_10_10-12,4454
GRASS,GRASS+,Liz,ASL_2008_02_01,11,1690,1720,ASL_2008_02_01-11,4455
GRASS,GRASS+,Naomi,ASL_2008_08_13,9,1950,1975,ASL_2008_08_13-9,4456
GRASS,GRASS++,Tyler,ASL_2008_05_29a,41,2240,2285,ASL_2008_05_29a-41,4457
GRAY,GRAY++,Brady,ASL_2011_06_14_Brady,29,161,200,ASL_2011_06_14_Brady-29,4458
GRAY,GRAY++,Liz,ASL_2008_02_01,11,2796,2845,ASL_2008_02_01-11,4459
GRAY,GRAY++,Naomi,ASL_2008_08_13,10,62,123,ASL_2008_08_13-10,4460
GRAY,GRAY++,Tyler,ASL_2008_05_29a,41,4807,4865,ASL_2008_05_29a-41,4461
GREAT,GREAT+,Brady,ASL_2011_07_19_Brady,112,1402,1438,ASL_2011_07_19_Brady-112,4462
GREAT,GREAT+,Liz,ASL_2008_03_28,8,780,815,ASL_2008_03_28-8,4463
GREEDY,GREEDY,Brady,ASL_2011_06_14_Brady,29,1437,1451,ASL_2011_06_14_Brady-29,4464
GREEDY,GREEDY,Liz,ASL_2010_08_10_Liz_additional_lexicon_signs,29,1015,1055,ASL_2010_08_10_Liz_additional_lexicon_signs-29,4465
GREEN,GREEN,Brady,ASL_2011_06_14_Brady,29,2245,2280,ASL_2011_06_14_Brady-29,4466
GREEN,GREEN,Dana,ASL_2007_05_24,16,2395,2441,ASL_2007_05_24-16,4467
GREEN,GREEN,Lana,ASL_2006_10_10,12,2493,2514,ASL_2006_10_10-12,4468
GREEN,GREEN,Liz,ASL_2008_02_01,12,505,536,ASL_2008_02_01-12,4469
GREEN,GREEN,Naomi,ASL_2008_08_13,10,1490,1506,ASL_2008_08_13-10,4470
GREEN,GREEN,Tyler,ASL_2008_05_29a,42,990,1035,ASL_2008_05_29a-42,4471
GRIEF,GRIEF,Liz,ASL_2008_02_01,12,1132,1187,ASL_2008_02_01-12,4472
GRIEF,GRIEF,Naomi,ASL_2008_08_13,10,2155,2212,ASL_2008_08_13-10,4473
GRIEF,GRIEF,Tyler,ASL_2008_05_29a,42,1481,1516,ASL_2008_05_29a-42,4474
GRIP,GRIP,Brady,ASL_2011_06_14_Brady,29,4552,4575,ASL_2011_06_14_Brady-29,4475
GRIP,GRIP,Liz,ASL_2008_02_01,12,1345,1385,ASL_2008_02_01-12,4476
GRIP,GRIP,Naomi,ASL_2008_08_13,10,2877,2910,ASL_2008_08_13-10,4477
GRIP,GRIP,Naomi,ASL_2008_08_13,19,528,582,ASL_2008_08_13-19,4478
GRIP,GRIP,Tyler,ASL_2008_05_29a,42,1904,1951,ASL_2008_05_29a-42,4479
GROUCHY,GROUCHY,Brady,ASL_2011_06_14_Brady,29,5310,5343,ASL_2011_06_14_Brady-29,4480
GROUCHY,GROUCHY,Tyler,ASL_2008_05_29a,42,2405,2432,ASL_2008_05_29a-42,4481
GROUCHY,GROUCHY+,Liz,ASL_2008_02_01,12,1868,1902,ASL_2008_02_01-12,4482
GROUCHY,GROUCHY+,Naomi,ASL_2008_08_13,10,5535,5557,ASL_2008_08_13-10,4483
GROUCHY,GROUCHY+++,Brady,ASL_2011_07_22_Brady,44,889,933,ASL_2011_07_22_Brady-44,4484
GROUND,GROUND,Brady,ASL_2011_07_22_Brady,46,1453,1466,ASL_2011_07_22_Brady-46,4485
GROUND,GROUND+,Brady,ASL_2011_06_08_Brady,35,2700,2726,ASL_2011_06_08_Brady-35,4486
GROUND,GROUND+,Brady,ASL_2011_06_14_Brady,54,6912,6940,ASL_2011_06_14_Brady-54,4487
GROUND,GROUND+,Liz,ASL_2008_01_18,18,2235,2302,ASL_2008_01_18-18,4488
GROUND,GROUND+,Naomi,ASL_2008_08_13_session2,13,2645,2690,ASL_2008_08_13_session2-13,4489
GROUND,GROUND++,Brady,ASL_2011_07_22_Brady,47,475,516,ASL_2011_07_22_Brady-47,4490
GROUND,GROUND++,Liz,ASL_2008_02_01,58,3655,3695,ASL_2008_02_01-58,4491
GROUND,GROUND++,Naomi,ASL_2008_08_06,18,2152,2187,ASL_2008_08_06-18,4492
GROUND,GROUND++,Tyler,ASL_2008_05_29b,16,1356,1405,ASL_2008_05_29b-16,4493
GROUND,GROUND+++,Tyler,ASL_2008_06_10,10,4895,4938,ASL_2008_06_10-10,4494
GROUND+AREA_2,GROUND+AREA,Brady,ASL_2011_06_14_Brady,46,3249,3289,ASL_2011_06_14_Brady-46,4495
GROUND+AREA_2,GROUND+AREA,Brady,ASL_2011_07_19_Brady,51,695,739,ASL_2011_07_19_Brady-51,4496
GROUND+AREA_2,GROUND+AREA,Liz,ASL_2008_02_29,6,2359,2432,ASL_2008_02_29-6,4497
GROUND+AREA_2,GROUND+AREA,Naomi,ASL_2008_08_13,36,1461,1512,ASL_2008_08_13-36,4498
GROUND+AREA_2,GROUND+AREA_2,Liz,ASL_2008_02_01,43,2157,2207,ASL_2008_02_01-43,4499
GROUP,GROUP,Brady,ASL_2011_06_14_Brady,29,5578,5602,ASL_2011_06_14_Brady-29,4500
GROUP,GROUP,Liz,ASL_2008_02_01,12,2150,2196,ASL_2008_02_01-12,4501
GROUP,GROUP,Naomi,ASL_2008_08_13,10,6008,6040,ASL_2008_08_13-10,4502
GROUP,GROUP,Tyler,ASL_2008_05_29a,42,2620,2645,ASL_2008_05_29a-42,4503
GROUP/TOGETHER,GROUP/TOGETHER,Liz,ASL_2008_02_01,12,2341,2377,ASL_2008_02_01-12,4504
GROUP/TOGETHER,GROUP/TOGETHER,Naomi,ASL_2008_08_13,2,1574,1628,ASL_2008_08_13-2,4505
GROUP/TOGETHER,GROUP/TOGETHER,Naomi,ASL_2008_08_13,10,6777,6800,ASL_2008_08_13-10,4506
GROUP/TOGETHER,GROUP/TOGETHER,Tyler,ASL_2008_05_29a,42,3090,3117,ASL_2008_05_29a-42,4507
GROW,GROW,Brady,ASL_2011_06_14_Brady,29,6069,6108,ASL_2011_06_14_Brady-29,4508
GROW,GROW,Dana,ASL_2007_05_24,27,2337,2391,ASL_2007_05_24-27,4509
GROW,GROW,Lana,ASL_2006_10_10,25,2394,2424,ASL_2006_10_10-25,4510
GROW,GROW,Liz,ASL_2008_02_01,13,246,290,ASL_2008_02_01-13,4511
GROW,GROW,Naomi,ASL_2008_08_13,10,7435,7475,ASL_2008_08_13-10,4512
GROW,GROW,Tyler,ASL_2008_05_29a,42,3360,3406,ASL_2008_05_29a-42,4513
GROW,GROW+,Brady,ASL_2011_07_19_Brady,94,892,932,ASL_2011_07_19_Brady-94,4514
GROW,GROW+,Liz,ASL_2008_02_29,41,2655,2690,ASL_2008_02_29-41,4515
GROW++COLLECT,GROW+++COLLECT,Brady,ASL_2011_06_14_Brady,32,2266,2343,ASL_2011_06_14_Brady-32,4516
GROW++COLLECT,GROW++COLLECT,Tyler,ASL_2008_05_29a,46,3381,3447,ASL_2008_05_29a-46,4517
GROW-UP,GROW-UP,Brady,ASL_2011_07_19_Brady,50,1802,1831,ASL_2011_07_19_Brady-50,4518
GROW-UP,GROW-UP,Liz,ASL_2008_02_29,5,2775,2835,ASL_2008_02_29-5,4519
GUILTY,GUILTY,Naomi,ASL_2008_08_04,13,1698,1738,ASL_2008_08_04-13,4520
GUILTY,GUILTY+,Liz,ASL_2008_01_11,19,1541,1590,ASL_2008_01_11-19,4521
GUILTY,GUILTY+,Liz,ASL_2008_02_01,13,1737,1790,ASL_2008_02_01-13,4522
GUILTY,GUILTY+,Naomi,ASL_2008_08_13,11,1972,1991,ASL_2008_08_13-11,4523
GUILTY,GUILTY++,Brady,ASL_2011_06_08_Brady,12,9537,9574,ASL_2011_06_08_Brady-12,4524
GUILTY,GUILTY++,Brady,ASL_2011_06_14_Brady,29,7465,7514,ASL_2011_06_14_Brady-29,4525
GUILTY,GUILTY++,Tyler,ASL_2008_05_12a,13,1330,1415,ASL_2008_05_12a-13,4526
GUILTY,GUILTY++,Tyler,ASL_2008_05_29a,43,1765,1815,ASL_2008_05_29a-43,4527
GUITAR,GUITAR++,Brady,ASL_2011_06_08_Brady,12,11733,11772,ASL_2011_06_08_Brady-12,4528
GUITAR,GUITAR++,Brady,ASL_2011_06_14_Brady,30,251,286,ASL_2011_06_14_Brady-30,4529
GUITAR,GUITAR++,Brady,ASL_2011_06_14_Brady,30,542,574,ASL_2011_06_14_Brady-30,4530
GUITAR,GUITAR++,Liz,ASL_2008_01_11,21,246,290,ASL_2008_01_11-21,4531
GUITAR,GUITAR++,Liz,ASL_2008_02_01,13,2440,2521,ASL_2008_02_01-13,4532
GUITAR,GUITAR++,Naomi,ASL_2008_08_04,14,603,650,ASL_2008_08_04-14,4533
GUITAR,GUITAR++,Naomi,ASL_2008_08_13,11,2307,2380,ASL_2008_08_13-11,4534
GUITAR,GUITAR++,Naomi,ASL_2008_08_13,11,2622,2695,ASL_2008_08_13-11,4535
GUITAR,GUITAR++,Tyler,ASL_2008_05_12a,14,526,565,ASL_2008_05_12a-14,4536
GUITAR,GUITAR++,Tyler,ASL_2008_05_29a,43,1980,2030,ASL_2008_05_29a-43,4537
GUITAR,GUITAR++,Tyler,ASL_2008_05_29a,43,2206,2246,ASL_2008_05_29a-43,4538
GUITAR,GUITAR+++,Liz,ASL_2008_02_01,13,2030,2095,ASL_2008_02_01-13,4539
GUM,GUM+,Brady,ASL_2011_06_08_Brady,27,5614,5666,ASL_2011_06_08_Brady-27,4540
GUM,GUM+,Liz,ASL_2008_01_11,74,560,601,ASL_2008_01_11-74,4541
GUM,GUM+,Naomi,ASL_2008_08_04,47,281,327,ASL_2008_08_04-47,4542
GUM,GUM+,Tyler,ASL_2008_05_12a,45,265,312,ASL_2008_05_12a-45,4543
GUN,GUN,Brady,ASL_2011_06_14_Brady,30,1065,1081,ASL_2011_06_14_Brady-30,4544
GUN,GUN,Liz,ASL_2008_02_01,13,2765,2797,ASL_2008_02_01-13,4545
GUN,GUN,Naomi,ASL_2008_08_13,11,2958,2993,ASL_2008_08_13-11,4546
GYM,(G)GYM,Brady,ASL_2011_06_14_Brady,30,1827,1842,ASL_2011_06_14_Brady-30,4547
GYM,(G)GYM+++,Tyler,ASL_2008_05_29a,43,2751,2802,ASL_2008_05_29a-43,4548
GYM,(crvd-L)GYM++,Tyler,ASL_2008_05_29a,43,3081,3111,ASL_2008_05_29a-43,4549
GYM,GYM+,Liz,ASL_2008_02_01,15,240,290,ASL_2008_02_01-15,4550
GYM,GYM+,Naomi,ASL_2008_08_13,11,3670,3720,ASL_2008_08_13-11,4551
GYMNASTICS,GYMNASTICS,Brady,ASL_2011_06_14_Brady,30,3997,4015,ASL_2011_06_14_Brady-30,4552
GYMNASTICS,GYMNASTICS,Brady,ASL_2011_06_14_Brady,30,4234,4266,ASL_2011_06_14_Brady-30,4553
GYMNASTICS,GYMNASTICS,Brady,ASL_2011_06_14_Brady,30,4433,4453,ASL_2011_06_14_Brady-30,4554
GYMNASTICS,GYMNASTICS,Liz,ASL_2010_08_10_Liz_additional_lexicon_signs,29,1390,1455,ASL_2010_08_10_Liz_additional_lexicon_signs-29,4555
H,H,Brady,ASL_2011_06_14_Brady,30,4798,4808,ASL_2011_06_14_Brady-30,4556
H,H,Liz,ASL_2008_02_01,15,660,705,ASL_2008_02_01-15,4557
H,H,Naomi,ASL_2008_08_13,12,652,703,ASL_2008_08_13-12,4558
H,H,Tyler,ASL_2008_05_29a,44,565,620,ASL_2008_05_29a-44,4559
HABIT,HABIT,Liz,ASL_2008_02_01,15,991,1030,ASL_2008_02_01-15,4560
HABIT,HABIT_2,Tyler,ASL_2008_05_29a,44,1061,1090,ASL_2008_05_29a-44,4561
HABIT,HABIT_3,Brady,ASL_2011_06_14_Brady,30,5491,5506,ASL_2011_06_14_Brady-30,4562
HABIT,HABIT_3,Naomi,ASL_2008_08_13,12,1557,1590,ASL_2008_08_13-12,4563
HAIR,HAIR,Brady,ASL_2011_06_14_Brady,30,6030,6045,ASL_2011_06_14_Brady-30,4564
HAIR,HAIR,Liz,ASL_2008_02_01,15,1465,1500,ASL_2008_02_01-15,4565
HAIR,HAIR,Naomi,ASL_2008_08_13,12,1852,1882,ASL_2008_08_13-12,4566
HAIR,HAIR,Tyler,ASL_2008_05_29a,44,1237,1281,ASL_2008_05_29a-44,4567
HAIRBRUSH,HAIRBRUSH+,Brady,ASL_2011_06_14_Brady,30,6257,6284,ASL_2011_06_14_Brady-30,4568
HAIRBRUSH,HAIRBRUSH+,Liz,ASL_2008_02_01,15,1625,1680,ASL_2008_02_01-15,4569
HAIRBRUSH,HAIRBRUSH+,Naomi,ASL_2008_08_13,12,2200,2242,ASL_2008_08_13-12,4570
HAIRBRUSH,HAIRBRUSH++,Tyler,ASL_2008_05_29a,44,1435,1481,ASL_2008_05_29a-44,4571
HAIRCUT,(2h)alt.HAIRCUT++,Brady,ASL_2011_06_08_Brady,16,6793,6826,ASL_2011_06_08_Brady-16,4572
HAIRCUT,(2h)alt.HAIRCUT++,Brady,ASL_2011_06_14_Brady,53,6004,6036,ASL_2011_06_14_Brady-53,4573
HAIRCUT,(2h)alt.HAIRCUT++,Tyler,ASL_2008_05_12a,20,3750,3807,ASL_2008_05_12a-20,4574
HAIRCUT,HAIRCUT+,Naomi,ASL_2008_08_13_session2,12,1230,1268,ASL_2008_08_13_session2-12,4575
HAIRCUT,HAIRCUT+++,Tyler,ASL_2008_06_10,9,1547,1593,ASL_2008_06_10-9,4576
HAIRCUT,HAIRCUT_2+,Liz,ASL_2008_02_01,57,1365,1422,ASL_2008_02_01-57,4577
HAIRCUT+AGENT,(1h)HAIRCUT++AGENT,Liz,ASL_2008_01_11,32,525,588,ASL_2008_01_11-32,4578
HAIRCUT+AGENT,(2h)alt.HAIRCUT+AGENT,Brady,ASL_2011_06_14_Brady,2,3618,3651,ASL_2011_06_14_Brady-2,4579
HAIRCUT+AGENT,HAIRCUT+AGENT,Naomi,ASL_2008_08_04,20,3595,3637,ASL_2008_08_04-20,4580
HAIRCUT/TRIM,HAIRCUT/TRIM,Brady,ASL_2011_07_22_Brady,19,1390,1411,ASL_2011_07_22_Brady-19,4581
HAIRCUT/TRIM,HAIRCUT/TRIM,Liz,ASL_2008_03_28,30,3161,3190,ASL_2008_03_28-30,4582
HAIRCUT/TRIM,HAIRCUT/TRIM,Tyler,ASL_2008_05_29a,20,1850,1892,ASL_2008_05_29a-20,4583
HAIRCUT/TRIM,HAIRCUT/TRIM++,Brady,ASL_2011_06_14_Brady,17,3596,3632,ASL_2011_06_14_Brady-17,4584
HAIRCUT/TRIM,HAIRCUT/TRIM++,Liz,ASL_2008_01_18,40,1145,1197,ASL_2008_01_18-40,4585
HAIRCUT/TRIM,HAIRCUT/TRIM_2,Naomi,ASL_2008_08_06,40,1885,1915,ASL_2008_08_06-40,4586
HAIR_2+BLOND,HAIR_2+BLOND,Brady,ASL_2011_06_08_Brady,21,18004,18020,ASL_2011_06_08_Brady-21,4587
HAIR_2+BLOND,HAIR_2+BLOND,Brady,ASL_2011_07_22_Brady,38,4462,4481,ASL_2011_07_22_Brady-38,4588
HAIR_2+BLOND,HAIR_2+BLOND,Brady,ASL_2011_07_22_Brady,39,18,36,ASL_2011_07_22_Brady-39,4589
HAIR_2+BLOND,HAIR_2+BLOND,Liz,ASL_2008_01_11,47,805,832,ASL_2008_01_11-47,4590
HALF,HALF,Brady,ASL_2011_06_14_Brady,30,8634,8654,ASL_2011_06_14_Brady-30,4591
HALF,HALF,Brady,ASL_2011_07_19_Brady,19,3542,3566,ASL_2011_07_19_Brady-19,4592
HALF,HALF,Brady,ASL_2011_07_19_Brady,20,190,212,ASL_2011_07_19_Brady-20,4593
HALF,HALF,Liz,ASL_2008_02_01,15,2247,2290,ASL_2008_02_01-15,4594
HALF,HALF,Liz,ASL_2008_02_15,24,2610,2650,ASL_2008_02_15-24,4595
HALF,HALF,Tyler,ASL_2008_05_29a,44,4125,4150,ASL_2008_05_29a-44,4596
HALF,HALF_2,Liz,ASL_2008_02_15,24,2821,2865,ASL_2008_02_15-24,4597
HALF-HALF,HALF-HALF,Brady,ASL_2011_06_14_Brady,30,9474,9505,ASL_2011_06_14_Brady-30,4598
HALF-HALF,HALF-HALF,Liz,ASL_2010_08_10_Liz_additional_lexicon_signs,16,1115,1157,ASL_2010_08_10_Liz_additional_lexicon_signs-16,4599
HALL,HALL,Brady,ASL_2011_06_14_Brady,30,10203,10217,ASL_2011_06_14_Brady-30,4600
HALL,HALL,Liz,ASL_2008_02_01,16,800,840,ASL_2008_02_01-16,4601
HALL,HALL,Naomi,ASL_2008_08_13,13,272,295,ASL_2008_08_13-13,4602
HALL,HALL,Tyler,ASL_2008_05_29a,44,4770,4800,ASL_2008_05_29a-44,4603
HALLOWEEN,HALLOWEEN,Brady,ASL_2011_06_14_Brady,54,4874,4897,ASL_2011_06_14_Brady-54,4604
HALLOWEEN,HALLOWEEN,Brady,ASL_2011_06_14_Brady,54,5170,5186,ASL_2011_06_14_Brady-54,4605
HALLOWEEN,HALLOWEEN,Liz,ASL_2008_02_01,58,2470,2500,ASL_2008_02_01-58,4606
HALLOWEEN,HALLOWEEN,Naomi,ASL_2008_08_13,13,611,642,ASL_2008_08_13-13,4607
HALLOWEEN,HALLOWEEN,Naomi,ASL_2008_08_13_session2,13,1485,1510,ASL_2008_08_13_session2-13,4608
HALLOWEEN,HALLOWEEN,Tyler,ASL_2008_06_10,10,2535,2558,ASL_2008_06_10-10,4609
HALLOWEEN,HALLOWEEN+,Brady,ASL_2011_06_14_Brady,31,1883,1904,ASL_2011_06_14_Brady-31,4610
HALLOWEEN,HALLOWEEN+,Liz,ASL_2008_02_01,16,1000,1050,ASL_2008_02_01-16,4611
HALLOWEEN_2,HALLOWEEN_2,Naomi,ASL_2008_08_13,13,1140,1165,ASL_2008_08_13-13,4612
HALLOWEEN_2,HALLOWEEN_2+,Brady,ASL_2011_06_14_Brady,31,2357,2387,ASL_2011_06_14_Brady-31,4613
HALLOWEEN_2,HALLOWEEN_2+,Liz,ASL_2008_02_01,16,1245,1285,ASL_2008_02_01-16,4614
HALLUCINATE,HALLUCINATE+,Tyler,ASL_2008_05_29a,50,475,515,ASL_2008_05_29a-50,4615
HAMBURGER,HAMBURGER,Brady,ASL_2011_06_14_Brady,31,3752,3778,ASL_2011_06_14_Brady-31,4616
HAMBURGER,HAMBURGER,Dana,ASL_2007_05_24,16,1126,1188,ASL_2007_05_24-16,4617
HAMBURGER,HAMBURGER,Lana,ASL_2006_10_10,12,1275,1306,ASL_2006_10_10-12,4618
HAMBURGER,HAMBURGER,Liz,ASL_2008_01_18,46,682,720,ASL_2008_01_18-46,4619
HAMBURGER,HAMBURGER,Liz,ASL_2010_08_10_Liz_additional_lexicon_signs,2,1496,1550,ASL_2010_08_10_Liz_additional_lexicon_signs-2,4620
HAMBURGER,HAMBURGER-pl,Brady,ASL_2011_06_14_Brady,31,4081,4152,ASL_2011_06_14_Brady-31,4621
HAMBURGER,HAMBURGER-pl,Liz,ASL_2010_08_10_Liz_additional_lexicon_signs,2,1670,1735,ASL_2010_08_10_Liz_additional_lexicon_signs-2,4622
HAMMER,(1h)HAMMER+,Dana,ASL_2007_05_24,16,2649,2697,ASL_2007_05_24-16,4623
HAMMER,(1h)HAMMER+,Lana,ASL_2006_10_10,12,2732,2766,ASL_2006_10_10-12,4624
HAMMER,(1h)HAMMER++,Tyler,ASL_2008_05_12a,40,4330,4382,ASL_2008_05_12a-40,4625
HAMMER,(1h)HAMMER++,Tyler,ASL_2008_05_29a,45,2365,2410,ASL_2008_05_29a-45,4626
HAMMER,(1h)HAMMER+++,Brady,ASL_2011_07_22_Brady,46,560,614,ASL_2011_07_22_Brady-46,4627
HAMMER,HAMMER,Brady,ASL_2011_06_08_Brady,25,18570,18609,ASL_2011_06_08_Brady-25,4628
HAMMER,HAMMER,Brady,ASL_2011_06_14_Brady,31,4342,4372,ASL_2011_06_14_Brady-31,4629
HAMMER,HAMMER,Liz,ASL_2008_02_01,16,1795,1850,ASL_2008_02_01-16,4630
HAMMER,HAMMER,Naomi,ASL_2008_08_13,13,5931,5960,ASL_2008_08_13-13,4631
HANDS,HANDS,Brady,ASL_2011_06_14_Brady,31,5096,5120,ASL_2011_06_14_Brady-31,4632
HANDS,HANDS,Liz,ASL_2008_02_01,16,2326,2361,ASL_2008_02_01-16,4633
HANDS,HANDS,Naomi,ASL_2008_08_13,13,6755,6787,ASL_2008_08_13-13,4634
HANDS,HANDS,Tyler,ASL_2008_05_29a,45,3860,3895,ASL_2008_05_29a-45,4635
HANDSOME/ns-HAWAII_2,HANDSOME/ns-HAWAII_2+,Liz,ASL_2008_02_01,19,1095,1157,ASL_2008_02_01-19,4636
HANDSOME/ns-HAWAII_2,HANDSOME/ns-HAWAII_2+,Naomi,ASL_2008_08_13,15,1312,1363,ASL_2008_08_13-15,4637
HANDSOME/ns-HAWAII_2,HANDSOME/ns-HAWAII_2+,Tyler,ASL_2008_05_29a,45,4090,4136,ASL_2008_05_29a-45,4638
HANG-UP-PHONE,(2h)HANG-UP-PHONE,Tyler,ASL_2008_05_29a,45,4772,4810,ASL_2008_05_29a-45,4639
HANG-UP-PHONE,HANG-UP-PHONE,Brady,ASL_2011_06_14_Brady,31,5569,5602,ASL_2011_06_14_Brady-31,4640
HANG-UP-PHONE,HANG-UP-PHONE,Liz,ASL_2008_02_01,16,2870,2910,ASL_2008_02_01-16,4641
HANG-UP-PHONE,HANG-UP-PHONE,Naomi,ASL_2008_08_13,13,7695,7722,ASL_2008_08_13-13,4642
HANGER,HANGER,Liz,ASL_2008_02_01,18,1241,1305,ASL_2008_02_01-18,4643
HANGER,HANGER,Naomi,ASL_2008_08_13,13,7956,7978,ASL_2008_08_13-13,4644
HANGER,HANGER,Tyler,ASL_2008_05_29a,45,5025,5046,ASL_2008_05_29a-45,4645
HANGER,HANGER+,Naomi,ASL_2008_08_13,14,332,363,ASL_2008_08_13-14,4646
HANGER,HANGER++,Brady,ASL_2011_06_14_Brady,31,6076,6101,ASL_2011_06_14_Brady-31,4647
HANGER,HANGER++,Liz,ASL_2008_02_01,18,1476,1550,ASL_2008_02_01-18,4648
HANGER,HANGER++,Tyler,ASL_2008_05_29a,46,262,292,ASL_2008_05_29a-46,4649
HANGER,HANGER_2++,Brady,ASL_2011_06_14_Brady,31,5839,5873,ASL_2011_06_14_Brady-31,4650
HANUKKAH,HANUKKAH,Brady,ASL_2011_06_14_Brady,31,6317,6343,ASL_2011_06_14_Brady-31,4651
HANUKKAH,HANUKKAH,Liz,ASL_2008_02_01,18,1785,1827,ASL_2008_02_01-18,4652
HANUKKAH,HANUKKAH,Naomi,ASL_2008_08_13,14,650,688,ASL_2008_08_13-14,4653
HANUKKAH,HANUKKAH_2,Tyler,ASL_2008_05_29a,46,455,495,ASL_2008_05_29a-46,4654
HAPPEN,HAPPEN,Brady,ASL_2011_06_14_Brady,31,6530,6545,ASL_2011_06_14_Brady-31,4655
HAPPEN,HAPPEN,Dana,ASL_2007_05_24,16,1424,1461,ASL_2007_05_24-16,4656
HAPPEN,HAPPEN,Lana,ASL_2006_10_10,12,1566,1580,ASL_2006_10_10-12,4657
HAPPEN,HAPPEN,Liz,ASL_2008_02_01,18,2005,2045,ASL_2008_02_01-18,4658
HAPPEN,HAPPEN,Liz,ASL_2008_03_28,39,2343,2377,ASL_2008_03_28-39,4659
HAPPEN,HAPPEN,Naomi,ASL_2008_08_13,14,920,933,ASL_2008_08_13-14,4660
HAPPEN,HAPPEN,Tyler,ASL_2008_05_29a,46,697,725,ASL_2008_05_29a-46,4661
HAPPY,(1h)HAPPY+,Brady,ASL_2011_06_14_Brady,31,6750,6779,ASL_2011_06_14_Brady-31,4662
HAPPY,(1h)HAPPY+,Dana,ASL_2007_05_24,17,774,834,ASL_2007_05_24-17,4663
HAPPY,(1h)HAPPY+,Lana,ASL_2006_10_10,14,386,422,ASL_2006_10_10-14,4664
HAPPY,(1h)HAPPY+,Liz,ASL_2008_02_01,18,2245,2297,ASL_2008_02_01-18,4665
HAPPY,(1h)HAPPY+,Liz,ASL_2008_03_28,27,3620,3677,ASL_2008_03_28-27,4666
HAPPY,(1h)HAPPY+,Tyler,ASL_2008_05_29a,46,880,930,ASL_2008_05_29a-46,4667
HAPPY,(1h)HAPPY++,Brady,ASL_2011_07_22_Brady,16,2646,2721,ASL_2011_07_22_Brady-16,4668
HAPPY,(1h)HAPPY+++,Naomi,ASL_2008_08_13,14,1192,1235,ASL_2008_08_13-14,4669
HAPPY,HAPPY+,Brady,ASL_2011_06_14_Brady,43,6359,6389,ASL_2011_06_14_Brady-43,4670
HAPPY,HAPPY+,Liz,ASL_2008_02_01,37,3391,3445,ASL_2008_02_01-37,4671
HAPPY,HAPPY+,Naomi,ASL_2008_08_13,31,3870,3925,ASL_2008_08_13-31,4672
HARD,HARD,Brady,ASL_2011_06_14_Brady,31,6952,6972,ASL_2011_06_14_Brady-31,4673
HARD,HARD,Lana,ASL_2006_10_10,12,1705,1722,ASL_2006_10_10-12,4674
HARD,HARD,Liz,ASL_2008_02_01,18,2655,2692,ASL_2008_02_01-18,4675
HARD,HARD,Naomi,ASL_2008_08_13,14,1750,1773,ASL_2008_08_13-14,4676
HARD,HARD,Tyler,ASL_2008_05_29a,46,1435,1457,ASL_2008_05_29a-46,4677
HARD,HARD++,Dana,ASL_2007_05_24,16,1548,1604,ASL_2007_05_24-16,4678
HARD-OF-HEARING,HARD-OF-HEARING,Brady,ASL_2011_06_14_Brady,32,678,706,ASL_2011_06_14_Brady-32,4679
HARD-OF-HEARING,HARD-OF-HEARING,Dana,ASL_2007_05_24,17,1039,1081,ASL_2007_05_24-17,4680
HARD-OF-HEARING,HARD-OF-HEARING,Lana,ASL_2006_10_10,14,645,670,ASL_2006_10_10-14,4681
HARD-OF-HEARING,HARD-OF-HEARING,Liz,ASL_2008_02_01,18,2470,2516,ASL_2008_02_01-18,4682
HARD-OF-HEARING,HARD-OF-HEARING,Naomi,ASL_2008_08_13,14,1495,1520,ASL_2008_08_13-14,4683
HARD-OF-HEARING,HARD-OF-HEARING,Tyler,ASL_2008_05_29a,46,1196,1227,ASL_2008_05_29a-46,4684
HARMONICA,HARMONICA+,Liz,ASL_2010_08_10_Liz_additional_lexicon_signs,20,596,650,ASL_2010_08_10_Liz_additional_lexicon_signs-20,4685
HARP,(nd-S)HARP+,Naomi,ASL_2008_08_13,14,2856,2922,ASL_2008_08_13-14,4686
HARP,HARP+,Brady,ASL_2011_06_14_Brady,32,1278,1340,ASL_2011_06_14_Brady-32,4687
HARP,HARP+,Liz,ASL_2008_02_01,18,3411,3525,ASL_2008_02_01-18,4688
HAT,HAT+,Brady,ASL_2011_06_14_Brady,32,2525,2552,ASL_2011_06_14_Brady-32,4689
HAT,HAT+,Liz,ASL_2008_02_01,19,547,576,ASL_2008_02_01-19,4690
HAT,HAT+,Naomi,ASL_2008_08_13,15,387,430,ASL_2008_08_13-15,4691
HAT,HAT+++,Tyler,ASL_2008_05_29a,47,2585,2626,ASL_2008_05_29a-47,4692
HATE,HATE,Brady,ASL_2011_06_14_Brady,32,2713,2731,ASL_2011_06_14_Brady-32,4693
HATE,HATE,Liz,ASL_2008_02_01,19,715,736,ASL_2008_02_01-19,4694
HATE,HATE,Naomi,ASL_2008_08_13,15,703,725,ASL_2008_08_13-15,4695
HATE,HATE,Tyler,ASL_2008_05_29a,47,2785,2810,ASL_2008_05_29a-47,4696
HAVE,(V)HAVE,Brady,ASL_2011_07_22_Brady,20,514,548,ASL_2011_07_22_Brady-20,4697
HAVE,HAVE,Brady,ASL_2011_06_14_Brady,32,2921,2936,ASL_2011_06_14_Brady-32,4698
HAVE,HAVE,Dana,ASL_2007_05_24,16,1824,1858,ASL_2007_05_24-16,4699
HAVE,HAVE,Lana,ASL_2006_10_10,12,1964,1973,ASL_2006_10_10-12,4700
HAVE,HAVE,Liz,ASL_2008_02_01,19,900,940,ASL_2008_02_01-19,4701
HAVE,HAVE,Naomi,ASL_2008_08_13,15,996,1015,ASL_2008_08_13-15,4702
HAVE,HAVE,Tyler,ASL_2008_05_29a,47,2966,2980,ASL_2008_05_29a-47,4703
HEAD,HEAD,Brady,ASL_2011_06_14_Brady,32,4183,4203,ASL_2011_06_14_Brady-32,4704
HEAD,HEAD,Dana,ASL_2007_05_24,17,1430,1467,ASL_2007_05_24-17,4705
HEAD,HEAD,Lana,ASL_2006_10_10,14,1070,1090,ASL_2006_10_10-14,4706
HEAD,HEAD,Liz,ASL_2008_02_01,19,1543,1582,ASL_2008_02_01-19,4707
HEAD,HEAD,Naomi,ASL_2008_08_13,15,2301,2327,ASL_2008_08_13-15,4708
HEAD,HEAD,Tyler,ASL_2008_05_29a,47,3600,3625,ASL_2008_05_29a-47,4709
HEAD-COLD,HEAD-COLD,Brady,ASL_2011_06_14_Brady,31,4584,4611,ASL_2011_06_14_Brady-31,4710
HEAD-COLD,HEAD-COLD,Brady,ASL_2011_06_14_Brady,31,4849,4875,ASL_2011_06_14_Brady-31,4711
HEAD-COLD,HEAD-COLD,Brady,ASL_2011_07_22_Brady,44,1093,1148,ASL_2011_07_22_Brady-44,4712
HEAD-COLD,HEAD-COLD,Liz,ASL_2008_01_11,82,1815,1850,ASL_2008_01_11-82,4713
HEAD-COLD,HEAD-COLD,Liz,ASL_2008_02_01,16,2077,2115,ASL_2008_02_01-16,4714
HEAD-COLD,HEAD-COLD,Naomi,ASL_2008_08_04,51,2445,2480,ASL_2008_08_04-51,4715
HEAD-COLD,HEAD-COLD,Naomi,ASL_2008_08_13,13,6407,6436,ASL_2008_08_13-13,4716
HEAD-COLD,HEAD-COLD_2,Brady,ASL_2011_06_08_Brady,28,13306,13332,ASL_2011_06_08_Brady-28,4717
HEADACHE,HEADACHE+,Brady,ASL_2011_06_14_Brady,32,4377,4411,ASL_2011_06_14_Brady-32,4718
HEADACHE,HEADACHE+,Liz,ASL_2008_02_01,19,1801,1860,ASL_2008_02_01-19,4719
HEADACHE,HEADACHE+,Naomi,ASL_2008_08_13,15,2591,2630,ASL_2008_08_13-15,4720
HEADACHE,HEADACHE++,Tyler,ASL_2008_05_29a,47,3802,3840,ASL_2008_05_29a-47,4721
HEADLINE,HEADLINE,Brady,ASL_2011_06_14_Brady,32,4610,4637,ASL_2011_06_14_Brady-32,4722
HEADLINE,HEADLINE,Liz,ASL_2008_02_01,19,2220,2257,ASL_2008_02_01-19,4723
HEADLINE,HEADLINE,Naomi,ASL_2008_08_13,15,2958,2990,ASL_2008_08_13-15,4724
HEAR+NOISE,HEAR+NOISE+,Liz,ASL_2008_02_15,20,522,577,ASL_2008_02_15-20,4725
HEAR+RUMBLE,HEAR+RUMBLE,Naomi,ASL_2008_08_13_session2,9,2481,2513,ASL_2008_08_13_session2-9,4726
HEAR+RUMBLE,HEAR+RUMBLE+,Liz,ASL_2008_02_01,54,1821,1874,ASL_2008_02_01-54,4727
HEAR+RUMBLE,HEAR+RUMBLE+,Liz,ASL_2008_03_28,17,2258,2311,ASL_2008_03_28-17,4728
HEAR+RUMBLE,HEAR+RUMBLE++,Brady,ASL_2011_07_22_Brady,5,1916,1966,ASL_2011_07_22_Brady-5,4729
HEAR+SHUT,HEAR+SHUT,Liz,ASL_2008_01_18,12,2555,2625,ASL_2008_01_18-12,4730
HEAR+SHUT,HEAR+SHUT,Naomi,ASL_2008_08_06,12,2762,2795,ASL_2008_08_06-12,4731
HEAR/LISTEN,(3)LISTEN++,Tyler,ASL_2008_06_10,3,1076,1097,ASL_2008_06_10-3,4732
HEAR/LISTEN,HEAR/LISTEN,Brady,ASL_2011_06_14_Brady,50,2596,2625,ASL_2011_06_14_Brady-50,4733
HEAR/LISTEN,HEAR/LISTEN,Liz,ASL_2008_02_01,51,1112,1156,ASL_2008_02_01-51,4734
HEAR/LISTEN,HEAR/LISTEN,Naomi,ASL_2008_08_13_session2,6,895,925,ASL_2008_08_13_session2-6,4735
HEAR/LISTEN+RUMBLE,HEAR/LISTEN+RUMBLE,Dana,ASL_2007_05_24,19,1389,1444,ASL_2007_05_24-19,4736
HEARING,HEARING+,Brady,ASL_2011_06_14_Brady,32,5545,5564,ASL_2011_06_14_Brady-32,4737
HEARING,HEARING+,Lana,ASL_2006_10_10,14,1336,1368,ASL_2006_10_10-14,4738
HEARING,HEARING+,Lana,ASL_2006_10_10,22,2474,2504,ASL_2006_10_10-22,4739
HEARING,HEARING+,Naomi,ASL_2008_08_13,16,380,411,ASL_2008_08_13-16,4740
HEARING,HEARING++,Dana,ASL_2007_05_24,17,1705,1762,ASL_2007_05_24-17,4741
HEARING,HEARING++,Liz,ASL_2008_02_01,20,567,611,ASL_2008_02_01-20,4742
HEARING,HEARING++,Tyler,ASL_2008_05_29a,48,290,335,ASL_2008_05_29a-48,4743
HEARING-AID,HEARING-AID+,Brady,ASL_2011_06_14_Brady,32,4833,4861,ASL_2011_06_14_Brady-32,4744
HEARING-AID,HEARING-AID+,Dana,ASL_2007_05_24,17,2112,2154,ASL_2007_05_24-17,4745
HEARING-AID,HEARING-AID+,Lana,ASL_2006_10_10,14,1751,1774,ASL_2006_10_10-14,4746
HEARING-AID,HEARING-AID+,Liz,ASL_2008_02_01,19,2565,2595,ASL_2008_02_01-19,4747
HEARING-AID,HEARING-AID+,Naomi,ASL_2008_08_13,15,3250,3280,ASL_2008_08_13-15,4748
HEARING-AID,HEARING-AID++,Tyler,ASL_2008_05_29a,47,4870,4905,ASL_2008_05_29a-47,4749
HEART,HEART+,Brady,ASL_2011_06_14_Brady,32,7525,7550,ASL_2011_06_14_Brady-32,4750
HEART,HEART+,Liz,ASL_2008_02_01,20,1056,1107,ASL_2008_02_01-20,4751
HEART,HEART+,Naomi,ASL_2008_08_13,16,970,1010,ASL_2008_08_13-16,4752
HEART,HEART++,Tyler,ASL_2008_05_29a,48,647,701,ASL_2008_05_29a-48,4753
HEART+ATTACK,HEART+ATTACK,Brady,ASL_2011_06_14_Brady,33,548,574,ASL_2011_06_14_Brady-33,4754
HEART+ATTACK,HEART+ATTACK,Brady,ASL_2011_07_22_Brady,44,1775,1801,ASL_2011_07_22_Brady-44,4755
HEART+ATTACK,HEART+ATTACK,Dana,ASL_2007_05_24,16,2115,2167,ASL_2007_05_24-16,4756
HEART+ATTACK,HEART+ATTACK,Lana,ASL_2006_10_10,12,2223,2277,ASL_2006_10_10-12,4757
HEART+ATTACK,HEART+ATTACK,Liz,ASL_2008_02_01,20,884,933,ASL_2008_02_01-20,4758
HEART+ATTACK,HEART+ATTACK,Tyler,ASL_2008_05_29a,48,460,485,ASL_2008_05_29a-48,4759
HEART+HEART-BEAT,HEART+BEAT_4+,Liz,ASL_2008_02_01,20,1892,1963,ASL_2008_02_01-20,4760
HEART+HEART-BEAT,HEART+BEAT_4+++,Brady,ASL_2011_06_14_Brady,33,1629,1696,ASL_2011_06_14_Brady-33,4761
HEART+HEART-BEAT,HEART+HEART-BEAT++,Liz,ASL_2008_02_01,20,1622,1691,ASL_2008_02_01-20,4762
HEART+HEART-BEAT,HEART+HEART-BEAT+++,Brady,ASL_2011_06_14_Brady,33,1026,1076,ASL_2011_06_14_Brady-33,4763
HEART+HEART-BEAT,HEART+HEART-BEAT+++,Naomi,ASL_2008_08_13,16,3579,3666,ASL_2008_08_13-16,4764
HEART-BEAT,HEART-BEAT++,Brady,ASL_2011_06_14_Brady,33,1305,1366,ASL_2011_06_14_Brady-33,4765
HEART-BEAT,HEART-BEAT++,Tyler,ASL_2008_05_29a,48,1315,1376,ASL_2008_05_29a-48,4766
HEAVEN,HEAVEN,Brady,ASL_2011_06_14_Brady,33,1877,1913,ASL_2011_06_14_Brady-33,4767
HEAVEN,HEAVEN,Liz,ASL_2008_02_01,20,2180,2235,ASL_2008_02_01-20,4768
HEAVEN_2,HEAVEN_2,Tyler,ASL_2008_05_29a,48,1850,1890,ASL_2008_05_29a-48,4769
HEAVEN_3,HEAVEN_3,Naomi,ASL_2008_08_13,16,4558,4592,ASL_2008_08_13-16,4770
HEAVY,HEAVY,Brady,ASL_2011_06_14_Brady,33,2122,2140,ASL_2011_06_14_Brady-33,4771
HEAVY,HEAVY,Dana,ASL_2007_05_24,16,2243,2313,ASL_2007_05_24-16,4772
HEAVY,HEAVY,Lana,ASL_2006_10_10,12,2366,2381,ASL_2006_10_10-12,4773
HEAVY,HEAVY,Liz,ASL_2008_02_01,20,2430,2495,ASL_2008_02_01-20,4774
HEAVY,HEAVY,Naomi,ASL_2008_08_13,16,4905,4940,ASL_2008_08_13-16,4775
HEAVY,HEAVY,Tyler,ASL_2008_05_29a,48,2072,2095,ASL_2008_05_29a-48,4776
HEIGHT,HEIGHT+,Naomi,ASL_2008_08_13,16,5235,5271,ASL_2008_08_13-16,4777
HEIGHT,HEIGHT++,Liz,ASL_2008_02_01,20,2716,2766,ASL_2008_02_01-20,4778
HEIGHT_2,HEIGHT_2+,Liz,ASL_2008_02_01,21,460,520,ASL_2008_02_01-21,4779
HEIGHT_2,HEIGHT_2+,Naomi,ASL_2008_08_13,16,5471,5496,ASL_2008_08_13-16,4780
HELICOPTER,(3)HELICOPTER,Brady,ASL_2011_06_14_Brady,33,3228,3258,ASL_2011_06_14_Brady-33,4781
HELICOPTER,(3)HELICOPTER,Naomi,ASL_2008_08_13,17,571,596,ASL_2008_08_13-17,4782
HELICOPTER,HELICOPTER,Liz,ASL_2008_02_01,21,731,790,ASL_2008_02_01-21,4783
HELICOPTER,HELICOPTER,Tyler,ASL_2008_05_29a,49,261,307,ASL_2008_05_29a-49,4784
HELL,HELL,Brady,ASL_2011_06_14_Brady,33,3500,3519,ASL_2011_06_14_Brady-33,4785
HELL,HELL,Liz,ASL_2008_02_01,21,930,960,ASL_2008_02_01-21,4786
HELL,HELL,Naomi,ASL_2008_08_13,17,915,937,ASL_2008_08_13-17,4787
HELLO,HELLO,Brady,ASL_2011_06_14_Brady,29,1865,1885,ASL_2011_06_14_Brady-29,4788
HELLO,HELLO,Brady,ASL_2011_06_14_Brady,33,3755,3769,ASL_2011_06_14_Brady-33,4789
HELLO,HELLO,Dana,ASL_2007_05_24,17,2369,2402,ASL_2007_05_24-17,4790
HELLO,HELLO,Lana,ASL_2006_10_10,14,2040,2050,ASL_2006_10_10-14,4791
HELLO,HELLO,Liz,ASL_2008_02_01,12,835,880,ASL_2008_02_01-12,4792
HELLO,HELLO,Liz,ASL_2008_02_01,21,1160,1182,ASL_2008_02_01-21,4793
HELLO,HELLO,Naomi,ASL_2008_08_13,10,1822,1842,ASL_2008_08_13-10,4794
HELLO,HELLO,Naomi,ASL_2008_08_13,17,1186,1205,ASL_2008_08_13-17,4795
HELLO,HELLO,Tyler,ASL_2008_05_29a,49,700,717,ASL_2008_05_29a-49,4796
HELMET,HELMET,Brady,ASL_2011_06_14_Brady,33,4462,4496,ASL_2011_06_14_Brady-33,4797
HELMET,HELMET,Brady,ASL_2011_07_22_Brady,41,1333,1365,ASL_2011_07_22_Brady-41,4798
HELMET,HELMET,Liz,ASL_2008_01_18,9,1686,1729,ASL_2008_01_18-9,4799
HELMET,HELMET,Liz,ASL_2008_02_01,21,1386,1435,ASL_2008_02_01-21,4800
HELMET,HELMET,Naomi,ASL_2008_08_06,9,2245,2261,ASL_2008_08_06-9,4801
HELMET,HELMET,Naomi,ASL_2008_08_13,17,1488,1513,ASL_2008_08_13-17,4802
HELMET,HELMET,Tyler,ASL_2008_05_29a,49,911,940,ASL_2008_05_29a-49,4803
HERE,HERE+,Liz,ASL_2008_02_01,21,2447,2485,ASL_2008_02_01-21,4804
HERE,HERE+,Naomi,ASL_2008_08_13,17,2493,2525,ASL_2008_08_13-17,4805
HERE,HERE++,Brady,ASL_2011_06_14_Brady,33,5842,5869,ASL_2011_06_14_Brady-33,4806
HERE,HERE++,Lana,ASL_2006_01_20,22,1454,1522,ASL_2006_01_20-22,4807
HERE,HERE++,Tyler,ASL_2008_05_29a,49,1692,1725,ASL_2008_05_29a-49,4808
HEREDITY,HEREDITY+,Brady,ASL_2011_06_14_Brady,33,6357,6392,ASL_2011_06_14_Brady-33,4809
HEREDITY,HEREDITY+,Liz,ASL_2010_08_10_Liz_additional_lexicon_signs,29,2785,2851,ASL_2010_08_10_Liz_additional_lexicon_signs-29,4810
HIDE,HIDE,Dana,ASL_2007_05_24,16,2786,2827,ASL_2007_05_24-16,4811
HIGH,HIGH,Brady,ASL_2011_06_14_Brady,34,1218,1234,ASL_2011_06_14_Brady-34,4812
HIGH,HIGH,Dana,ASL_2007_05_24,17,2732,2766,ASL_2007_05_24-17,4813
HIGH,HIGH,Lana,ASL_2006_10_10,14,2430,2458,ASL_2006_10_10-14,4814
HIGH,HIGH,Liz,ASL_2008_02_01,22,1492,1531,ASL_2008_02_01-22,4815
HIGH,HIGH,Naomi,ASL_2008_08_13,18,1840,1855,ASL_2008_08_13-18,4816
HIGH,HIGH,Tyler,ASL_2008_05_29a,48,2295,2325,ASL_2008_05_29a-48,4817
HIGH,HIGH,Tyler,ASL_2008_05_29a,50,1080,1102,ASL_2008_05_29a-50,4818
HIGH-HEELS,HIGH-HEELS+,Brady,ASL_2011_06_14_Brady,34,1659,1707,ASL_2011_06_14_Brady-34,4819
HIGH-HEELS,HIGH-HEELS+,Brady,ASL_2011_07_19_Brady,47,997,1055,ASL_2011_07_19_Brady-47,4820
HIGH-HEELS,HIGH-HEELS+,Liz,ASL_2008_02_29,41,1950,2010,ASL_2008_02_29-41,4821
HIGH-HEELS,HIGH-HEELS+,Naomi,ASL_2008_08_13,18,1377,1440,ASL_2008_08_13-18,4822
HIGH-HEELS,HIGH-HEELS+,Tyler,ASL_2008_05_29a,50,830,886,ASL_2008_05_29a-50,4823
HIGH-ON-DRUGS,HIGH-ON-DRUGS,Brady,ASL_2011_06_14_Brady,34,1466,1484,ASL_2011_06_14_Brady-34,4824
HIGH-ON-DRUGS,HIGH-ON-DRUGS,Liz,ASL_2008_02_01,22,826,881,ASL_2008_02_01-22,4825
HIGHWAY,HIGHWAY+,Brady,ASL_2011_06_14_Brady,34,2119,2142,ASL_2011_06_14_Brady-34,4826
HIGHWAY,HIGHWAY+,Liz,ASL_2008_02_01,22,1771,1825,ASL_2008_02_01-22,4827
HIGHWAY,HIGHWAY+,Naomi,ASL_2008_08_13,18,2182,2202,ASL_2008_08_13-18,4828
HIGHWAY,HIGHWAY_2,Tyler,ASL_2008_05_29a,50,1275,1317,ASL_2008_05_29a-50,4829
HILL,(2h)HILL,Brady,ASL_2011_06_14_Brady,34,2874,2911,ASL_2011_06_14_Brady-34,4830
HILL,(2h)HILLS,Brady,ASL_2011_06_14_Brady,34,3112,3168,ASL_2011_06_14_Brady-34,4831
HILL,HILL,Liz,ASL_2010_08_10_Liz_additional_lexicon_signs,2,1856,1908,ASL_2010_08_10_Liz_additional_lexicon_signs-2,4832
HILL,HILLS,Liz,ASL_2010_08_10_Liz_additional_lexicon_signs,2,2040,2120,ASL_2010_08_10_Liz_additional_lexicon_signs-2,4833
HISTORY,HISTORY+,Brady,ASL_2011_06_14_Brady,34,3991,4020,ASL_2011_06_14_Brady-34,4834
HISTORY,HISTORY+,Lana,ASL_2006_10_10,14,2724,2754,ASL_2006_10_10-14,4835
HISTORY,HISTORY++,Dana,ASL_2007_05_24,17,3004,3056,ASL_2007_05_24-17,4836
HISTORY,HISTORY++,Liz,ASL_2008_02_01,23,246,300,ASL_2008_02_01-23,4837
HISTORY,HISTORY++,Naomi,ASL_2008_08_13,18,4950,4995,ASL_2008_08_13-18,4838
HISTORY,HISTORY++,Tyler,ASL_2008_05_29a,50,2717,2760,ASL_2008_05_29a-50,4839
HIT,HIT,Brady,ASL_2011_06_08_Brady,18,243,261,ASL_2011_06_08_Brady-18,4840
HIT,HIT,Dana,ASL_2007_05_24,17,653,682,ASL_2007_05_24-17,4841
HIT,HIT,Lana,ASL_2006_10_10,14,252,268,ASL_2006_10_10-14,4842
HIT,HIT,Liz,ASL_2008_01_11,36,260,286,ASL_2008_01_11-36,4843
HIT,HIT,Naomi,ASL_2008_08_04,24,875,897,ASL_2008_08_04-24,4844
HIT,HIT-1p,Brady,ASL_2011_06_14_Brady,39,1266,1279,ASL_2011_06_14_Brady-39,4845
HIT,HIT-1p,Liz,ASL_2010_08_10_Liz_additional_lexicon_signs,30,2265,2315,ASL_2010_08_10_Liz_additional_lexicon_signs-30,4846
HIT,HIT_2,Brady,ASL_2011_06_08_Brady,13,18323,18347,ASL_2011_06_08_Brady-13,4847
HIT,HIT_2,Liz,ASL_2010_08_10_Liz_additional_lexicon_signs,24,319,361,ASL_2010_08_10_Liz_additional_lexicon_signs-24,4848
HITCHHIKE,HITCHHIKE+,Brady,ASL_2011_06_14_Brady,34,4289,4309,ASL_2011_06_14_Brady-34,4849
HITCHHIKE,HITCHHIKE+,Liz,ASL_2010_08_10_Liz_additional_lexicon_signs,20,1035,1080,ASL_2010_08_10_Liz_additional_lexicon_signs-20,4850
HOCKEY,HOCKEY+,Brady,ASL_2011_06_14_Brady,34,4530,4560,ASL_2011_06_14_Brady-34,4851
HOCKEY,HOCKEY+,Lana,ASL_2006_10_10,14,513,547,ASL_2006_10_10-14,4852
HOCKEY,HOCKEY++,Dana,ASL_2007_05_24,17,917,968,ASL_2007_05_24-17,4853
HOCKEY,HOCKEY++,Liz,ASL_2008_02_01,23,435,500,ASL_2008_02_01-23,4854
HOCKEY,HOCKEY++,Naomi,ASL_2008_08_13,19,247,292,ASL_2008_08_13-19,4855
HOCKEY,HOCKEY++,Tyler,ASL_2008_05_29a,51,372,425,ASL_2008_05_29a-51,4856
HOLD,HOLD,Brady,ASL_2011_06_14_Brady,34,4758,4784,ASL_2011_06_14_Brady-34,4857
HOLD,HOLD,Liz,ASL_2008_02_01,23,640,675,ASL_2008_02_01-23,4858
HOLD,HOLD,Tyler,ASL_2008_05_29a,51,730,767,ASL_2008_05_29a-51,4859
HOLY,HOLY,Liz,ASL_2008_02_01,23,2027,2085,ASL_2008_02_01-23,4860
HOLY,HOLY,Tyler,ASL_2008_05_29a,51,2335,2370,ASL_2008_05_29a-51,4861
HOME,HOME,Brady,ASL_2011_06_14_Brady,35,2469,2489,ASL_2011_06_14_Brady-35,4862
HOME,HOME,Brady,ASL_2011_07_19_Brady,23,237,263,ASL_2011_07_19_Brady-23,4863
HOME,HOME,Dana,ASL_2007_05_24,18,303,342,ASL_2007_05_24-18,4864
HOME,HOME,Lana,ASL_2006_10_10,15,348,378,ASL_2006_10_10-15,4865
HOME,HOME,Liz,ASL_2008_02_01,23,2780,2820,ASL_2008_02_01-23,4866
HOME,HOME,Liz,ASL_2010_08_10_Liz_additional_lexicon_signs,8,2130,2176,ASL_2010_08_10_Liz_additional_lexicon_signs-8,4867
HOME,HOME,Naomi,ASL_2008_08_13,19,4800,4822,ASL_2008_08_13-19,4868
HOME,HOME,Tyler,ASL_2008_05_29a,51,2562,2585,ASL_2008_05_29a-51,4869
HOME+WORK,HOME+WORK,Dana,ASL_2007_05_24,17,1297,1350,ASL_2007_05_24-17,4870
HOME+WORK,HOME+WORK,Naomi,ASL_2008_08_13,19,4985,5008,ASL_2008_08_13-19,4871
HOME+WORK,HOME+WORK+,Lana,ASL_2006_10_10,14,932,985,ASL_2006_10_10-14,4872
HOME+WORK,HOME+WORK+,Liz,ASL_2008_02_01,23,3020,3071,ASL_2008_02_01-23,4873
HOME+WORK,HOME+WORK+,Tyler,ASL_2008_05_29a,51,2750,2787,ASL_2008_05_29a-51,4874
HOMEWORK,HOMEWORK,Brady,ASL_2011_06_14_Brady,35,2718,2737,ASL_2011_06_14_Brady-35,4875
HONEST,HONEST,Brady,ASL_2011_07_22_Brady,12,1696,1726,ASL_2011_07_22_Brady-12,4876
HONEST,HONEST,Liz,ASL_2008_03_28,24,527,569,ASL_2008_03_28-24,4877
HONEY/DEAR,HONEY/DEAR,Brady,ASL_2011_06_14_Brady,35,2956,2981,ASL_2011_06_14_Brady-35,4878
HONEY/DEAR,HONEY/DEAR,Tyler,ASL_2008_05_29a,51,3190,3215,ASL_2008_05_29a-51,4879
HONEYMOON,HONEYMOON,Brady,ASL_2011_06_14_Brady,35,3494,3521,ASL_2011_06_14_Brady-35,4880
HONEYMOON,HONEYMOON,Liz,ASL_2010_08_10_Liz_additional_lexicon_signs,20,1190,1255,ASL_2010_08_10_Liz_additional_lexicon_signs-20,4881
HONOR,(1h)HONOR,Brady,ASL_2011_06_14_Brady,35,4391,4413,ASL_2011_06_14_Brady-35,4882
HONOR,(1h)HONOR,Liz,ASL_2008_02_01,24,1220,1255,ASL_2008_02_01-24,4883
HONOR,HONOR,Naomi,ASL_2008_08_13,20,5096,5135,ASL_2008_08_13-20,4884
HONOR,HONOR,Tyler,ASL_2008_05_29a,52,2156,2182,ASL_2008_05_29a-52,4885
HOPE,HOPE+,Brady,ASL_2011_06_14_Brady,35,4615,4635,ASL_2011_06_14_Brady-35,4886
HOPE,HOPE+,Liz,ASL_2008_02_01,24,1470,1500,ASL_2008_02_01-24,4887
HOPE,HOPE+,Naomi,ASL_2008_08_13,20,6005,6020,ASL_2008_08_13-20,4888
HOPE,HOPE+,Tyler,ASL_2008_05_29a,52,2355,2372,ASL_2008_05_29a-52,4889
HORSE,(2h)HORSE+++,Tyler,ASL_2008_05_29a,52,3076,3117,ASL_2008_05_29a-52,4890
HORSE,HORSE++,Brady,ASL_2011_06_14_Brady,35,5071,5096,ASL_2011_06_14_Brady-35,4891
HORSE,HORSE++,Liz,ASL_2008_02_01,24,1905,1931,ASL_2008_02_01-24,4892
HORSE,HORSE++,Naomi,ASL_2008_08_13,20,6725,6750,ASL_2008_08_13-20,4893
"HORSE+ICL:S""holding moving pole""","(2h)HORSE++ICL:S""holding moving pole""+",Tyler,ASL_2008_06_10,12,4720,4803,ASL_2008_06_10-12,4894
"HORSE+ICL:S""holding moving pole""","HORSE+ICL:S""holding moving pole""+",Liz,ASL_2008_02_15,3,315,441,ASL_2008_02_15-3,4895
"HORSE+ICL:S""holding moving pole""","HORSE+ICL:S""holding moving pole""++",Brady,ASL_2011_06_14_Brady,56,722,815,ASL_2011_06_14_Brady-56,4896
HORSE+RIDE-ON,(2h)HORSE++RIDE-ON++,Tyler,ASL_2008_06_10,12,3387,3454,ASL_2008_06_10-12,4897
HORSE+RIDE-ON,(2h)HORSE+RIDE-ON+,Tyler,ASL_2008_05_29a,52,3313,3368,ASL_2008_05_29a-52,4898
HORSE+RIDE-ON,HORSE+RIDE-ON+,Brady,ASL_2011_06_14_Brady,56,321,376,ASL_2011_06_14_Brady-56,4899
HORSE+RIDE-ON,HORSE+RIDE-ON+,Liz,ASL_2008_02_01,24,2163,2255,ASL_2008_02_01-24,4900
HORSE+RIDE-ON,HORSE+RIDE-ON+,Naomi,ASL_2008_08_13,20,6999,7057,ASL_2008_08_13-20,4901
HOSPITAL,(10)HOSPITAL,Liz,ASL_2010_08_10_Liz_additional_lexicon_signs,6,1492,1577,ASL_2010_08_10_Liz_additional_lexicon_signs-6,4902
HOSPITAL,HOSPITAL,Brady,ASL_2011_06_14_Brady,35,5571,5592,ASL_2011_06_14_Brady-35,4903
HOSPITAL,HOSPITAL,Dana,ASL_2007_05_24,18,554,616,ASL_2007_05_24-18,4904
HOSPITAL,HOSPITAL,Lana,ASL_2006_10_10,15,641,681,ASL_2006_10_10-15,4905
HOSPITAL,HOSPITAL,Liz,ASL_2008_02_01,24,2460,2507,ASL_2008_02_01-24,4906
HOSPITAL,HOSPITAL,Naomi,ASL_2008_08_13,20,7310,7340,ASL_2008_08_13-20,4907
HOT,HOT,Brady,ASL_2011_06_14_Brady,35,6300,6313,ASL_2011_06_14_Brady-35,4908
HOT,HOT,Lana,ASL_2006_09_26,61,1533,1555,ASL_2006_09_26-61,4909
HOT,HOT,Liz,ASL_2008_02_01,25,222,255,ASL_2008_02_01-25,4910
HOT,HOT,Naomi,ASL_2008_08_13,20,7742,7755,ASL_2008_08_13-20,4911
HOT-SPICY,HOT-SPICY++,Liz,ASL_2008_02_29,41,696,740,ASL_2008_02_29-41,4912
HOTEL,HOTEL,Liz,ASL_2010_08_10_Liz_additional_lexicon_signs,2,2317,2360,ASL_2010_08_10_Liz_additional_lexicon_signs-2,4913
HOTEL,HOTEL+,Brady,ASL_2011_06_14_Brady,37,1332,1362,ASL_2011_06_14_Brady-37,4914
HOTEL,HOTEL-pl,Liz,ASL_2010_08_10_Liz_additional_lexicon_signs,2,2490,2531,ASL_2010_08_10_Liz_additional_lexicon_signs-2,4915
HOUR,HOUR,Dana,ASL_2007_05_24,17,1845,1889,ASL_2007_05_24-17,4916
HOUR,HOUR,Lana,ASL_2006_10_10,14,1458,1484,ASL_2006_10_10-14,4917
HOUR,HOUR_2,Liz,ASL_2008_02_01,25,635,695,ASL_2008_02_01-25,4918
HOUR,HOUR_2,Naomi,ASL_2008_08_13,21,1375,1410,ASL_2008_08_13-21,4919
HOUR,HOUR_2,Tyler,ASL_2008_05_29b,1,480,531,ASL_2008_05_29b-1,4920
HOUR,HOUR_3,Brady,ASL_2011_06_14_Brady,37,2693,2722,ASL_2011_06_14_Brady-37,4921
HOUSE,HOUSE,Brady,ASL_2011_06_14_Brady,37,3013,3032,ASL_2011_06_14_Brady-37,4922
HOUSE,HOUSE,Dana,ASL_2007_05_24,17,1985,2025,ASL_2007_05_24-17,4923
HOUSE,HOUSE,Lana,ASL_2006_10_10,14,1599,1618,ASL_2006_10_10-14,4924
HOUSE,HOUSE,Liz,ASL_2010_08_10_Liz_additional_lexicon_signs,2,2644,2672,ASL_2010_08_10_Liz_additional_lexicon_signs-2,4925
HOUSE,HOUSE-pl,Brady,ASL_2011_06_14_Brady,37,3294,3352,ASL_2011_06_14_Brady-37,4926
HOUSE,HOUSE-pl,Liz,ASL_2010_08_10_Liz_additional_lexicon_signs,2,2801,2849,ASL_2010_08_10_Liz_additional_lexicon_signs-2,4927
HOUSE+(P)PAY,HOUSE+(P)PAY,Liz,ASL_2010_08_10_Liz_additional_lexicon_signs,15,3825,3892,ASL_2010_08_10_Liz_additional_lexicon_signs-15,4928
HOW,HOW+,Brady,ASL_2011_06_14_Brady,37,3894,3922,ASL_2011_06_14_Brady-37,4929
HOW,HOW+,Brady,ASL_2011_06_14_Brady,37,4533,4563,ASL_2011_06_14_Brady-37,4930
HOW,HOW+,Liz,ASL_2008_02_01,25,3595,3625,ASL_2008_02_01-25,4931
HOW,HOW+,Liz,ASL_2008_02_01,25,3900,3935,ASL_2008_02_01-25,4932
HOW,HOW+,Naomi,ASL_2008_08_13,21,5337,5360,ASL_2008_08_13-21,4933
HOW,HOW+,Naomi,ASL_2008_08_13,21,5569,5600,ASL_2008_08_13-21,4934
HOW,HOW++,Tyler,ASL_2008_05_29b,1,2822,2850,ASL_2008_05_29b-1,4935
HOW-MANY/MANY,(1h)HOW-MANY/MANY,Brady,ASL_2011_06_14_Brady,37,5589,5609,ASL_2011_06_14_Brady-37,4936
HOW-MANY/MANY,(1h)HOW-MANY/MANY,Liz,ASL_2008_02_01,25,2420,2447,ASL_2008_02_01-25,4937
HOW-MANY/MANY,(1h)HOW-MANY/MANY,Naomi,ASL_2008_08_13,21,4767,4790,ASL_2008_08_13-21,4938
HOW-MANY/MANY,HOW-MANY/MANY,Brady,ASL_2011_06_14_Brady,37,5134,5153,ASL_2011_06_14_Brady-37,4939
HOW-MANY/MANY,HOW-MANY/MANY,Lana,ASL_2006_01_20,22,1871,1905,ASL_2006_01_20-22,4940
HOW-MANY/MANY,HOW-MANY/MANY,Liz,ASL_2008_02_01,25,1870,1880,ASL_2008_02_01-25,4941
HOW-MANY/MANY,HOW-MANY/MANY,Naomi,ASL_2008_08_13,21,4286,4305,ASL_2008_08_13-21,4942
HOW-MANY/MANY,HOW-MANY/MANY,Naomi,ASL_2008_08_13_session2,12,3651,3691,ASL_2008_08_13_session2-12,4943
HOW-MANY/MANY,HOW-MANY/MANY,Tyler,ASL_2008_05_29b,1,940,960,ASL_2008_05_29b-1,4944
HUG,HUG,Brady,ASL_2011_06_14_Brady,37,6232,6266,ASL_2011_06_14_Brady-37,4945
HUG,HUG,Naomi,ASL_2008_08_13,21,6923,6967,ASL_2008_08_13-21,4946
HUG,HUG,Tyler,ASL_2008_05_29b,1,3251,3276,ASL_2008_05_29b-1,4947
HUG,HUG_2,Liz,ASL_2008_02_01,26,321,365,ASL_2008_02_01-26,4948
HUMBLE,(1)HUMBLE,Brady,ASL_2011_06_14_Brady,37,7315,7339,ASL_2011_06_14_Brady-37,4949
HUMBLE,(H)HUMBLE,Naomi,ASL_2008_08_13,22,960,995,ASL_2008_08_13-22,4950
HUMBLE,HUMBLE,Liz,ASL_2008_02_01,26,772,810,ASL_2008_02_01-26,4951
HUMBLE,HUMBLE,Liz,ASL_2008_02_01,26,1285,1325,ASL_2008_02_01-26,4952
HUMBLE,HUMBLE,Tyler,ASL_2008_05_29b,2,600,620,ASL_2008_05_29b-2,4953
HUNDRED,HUNDRED,Brady,ASL_2011_06_14_Brady,37,8781,8807,ASL_2011_06_14_Brady-37,4954
HUNDRED,HUNDRED,Liz,ASL_2008_02_01,26,1920,1970,ASL_2008_02_01-26,4955
HUNDRED,HUNDRED,Naomi,ASL_2008_08_13,22,2807,2845,ASL_2008_08_13-22,4956
HUNGRY/WISH,HUNGRY/WISH,Liz,ASL_2008_02_01,26,2726,2780,ASL_2008_02_01-26,4957
HUNGRY/WISH,HUNGRY/WISH,Liz,ASL_2008_03_28,43,736,773,ASL_2008_03_28-43,4958
HUNGRY/WISH,HUNGRY/WISH,Naomi,ASL_2008_08_13,22,4137,4177,ASL_2008_08_13-22,4959
HUNGRY/WISH,HUNGRY/WISH,Tyler,ASL_2008_05_29b,2,2720,2755,ASL_2008_05_29b-2,4960
HUNTING,(U-L)HUNTING,Brady,ASL_2011_07_19_Brady,60,1183,1202,ASL_2011_07_19_Brady-60,4961
HUNTING,(U-L)HUNTING,Tyler,ASL_2008_05_29b,2,2935,2972,ASL_2008_05_29b-2,4962
HUNTING,HUNTING,Liz,ASL_2008_02_01,26,2957,2995,ASL_2008_02_01-26,4963
HUNTING,HUNTING,Naomi,ASL_2008_08_13,22,4490,4528,ASL_2008_08_13-22,4964
HURRICANE,HURRICANE,Liz,ASL_2008_02_01,26,3161,3224,ASL_2008_02_01-26,4965
HURRICANE,HURRICANE,Naomi,ASL_2008_08_13,22,4812,4832,ASL_2008_08_13-22,4966
HURRICANE,HURRICANE,Tyler,ASL_2008_05_29b,2,3125,3175,ASL_2008_05_29b-2,4967
HURRY,HURRY+,Lana,ASL_2006_10_10,14,1896,1922,ASL_2006_10_10-14,4968
HURRY,HURRY++,Dana,ASL_2007_05_24,17,2243,2300,ASL_2007_05_24-17,4969
HURRY,HURRY++,Liz,ASL_2008_02_01,27,420,445,ASL_2008_02_01-27,4970
HURRY,HURRY++,Naomi,ASL_2008_08_13,23,403,435,ASL_2008_08_13-23,4971
HURRY,HURRY++,Tyler,ASL_2008_05_29b,3,200,235,ASL_2008_05_29b-3,4972
HURT,HURT,Liz,ASL_2008_02_29,32,1013,1060,ASL_2008_02_29-32,4973
HURT,HURT+,Lana,ASL_2006_10_10,14,2164,2200,ASL_2006_10_10-14,4974
HURT,HURT+,Liz,ASL_2008_02_01,27,620,670,ASL_2008_02_01-27,4975
HURT,HURT+,Liz,ASL_2008_02_29,33,271,354,ASL_2008_02_29-33,4976
HURT,HURT+,Tyler,ASL_2008_05_29b,3,370,410,ASL_2008_05_29b-3,4977
HURT,HURT_2+,Dana,ASL_2007_05_24,17,2482,2533,ASL_2007_05_24-17,4978
HURT,HURT_2+,Naomi,ASL_2008_08_13,23,698,745,ASL_2008_08_13-23,4979
HURT,HURT_3,Brady,ASL_2011_07_19_Brady,83,1424,1458,ASL_2011_07_19_Brady-83,4980
HUSBAND,HUSBAND,Liz,ASL_2008_02_01,27,1204,1232,ASL_2008_02_01-27,4981
HUSBAND,HUSBAND,Naomi,ASL_2008_08_13,23,1325,1355,ASL_2008_08_13-23,4982
HYPOCRITE,HYPOCRITE,Liz,ASL_2008_02_01,27,1405,1447,ASL_2008_02_01-27,4983
HYPOCRITE,HYPOCRITE,Naomi,ASL_2008_08_13,23,1615,1636,ASL_2008_08_13-23,4984
HYPOCRITE,HYPOCRITE,Tyler,ASL_2008_05_29b,3,1010,1036,ASL_2008_05_29b-3,4985
I,I,Liz,ASL_2008_02_01,27,1620,1680,ASL_2008_02_01-27,4986
I,I,Naomi,ASL_2008_08_13,23,2012,2052,ASL_2008_08_13-23,4987
I,I,Tyler,ASL_2008_05_29b,3,1202,1237,ASL_2008_05_29b-3,4988
I-LOVE-YOU,I-LOVE-YOU,Liz,ASL_2008_02_01,27,1840,1875,ASL_2008_02_01-27,4989
I-LOVE-YOU,I-LOVE-YOU,Naomi,ASL_2008_08_13,23,2275,2292,ASL_2008_08_13-23,4990
I-LOVE-YOU,I-LOVE-YOU,Tyler,ASL_2008_05_29b,3,1405,1420,ASL_2008_05_29b-3,4991
ICE-CREAM,ICE-CREAM+,Lana,ASL_2006_10_10,15,1326,1368,ASL_2006_10_10-15,4992
ICE-CREAM,ICE-CREAM+,Liz,ASL_2008_02_01,27,2606,2660,ASL_2008_02_01-27,4993
ICE-CREAM,ICE-CREAM+,Naomi,ASL_2008_08_13,23,3132,3155,ASL_2008_08_13-23,4994
ICE-CREAM,ICE-CREAM++,Dana,ASL_2007_05_24,18,1261,1330,ASL_2007_05_24-18,4995
ICE-CREAM,ICE-CREAM++,Tyler,ASL_2008_05_29b,3,2106,2155,ASL_2008_05_29b-3,4996
ICE-SKATE,ICE-SKATE+,Brady,ASL_2011_07_19_Brady,85,1902,1965,ASL_2011_07_19_Brady-85,4997
ICE-SKATE,ICE-SKATE+,Dana,ASL_2007_05_24,17,2859,2941,ASL_2007_05_24-17,4998
ICE-SKATE,ICE-SKATE+,Lana,ASL_2006_10_10,14,2570,2640,ASL_2006_10_10-14,4999
ICE-SKATE,ICE-SKATE+,Liz,ASL_2008_02_29,33,1191,1275,ASL_2008_02_29-33,5000
"ICL""peeling an orange""","ICL""peeling an orange""+",Liz,ASL_2008_02_15,34,645,710,ASL_2008_02_15-34,5001
"ICL""peeling skin""","ICL""peeling skin""+",Liz,ASL_2008_02_15,34,1210,1285,ASL_2008_02_15-34,5002
"ICL""peeling with knife""","ICL""peeling with knife""+",Liz,ASL_2008_02_15,34,375,461,ASL_2008_02_15-34,5003
"ICL""shaking out""","ICL""shaking out""+",Liz,ASL_2008_02_15,45,3070,3118,ASL_2008_02_15-45,5004
"ICL""squeezing small object""","ICL""squeezing small object""",Liz,ASL_2008_03_28,26,2126,2160,ASL_2008_03_28-26,5005
"ICL:C""pouring over""","ICL:C""pouring over""",Liz,ASL_2008_02_15,45,2760,2863,ASL_2008_02_15-45,5006
"ICL:F""peeling paint""","ICL:F""peeling paint""+",Liz,ASL_2008_02_15,34,935,1000,ASL_2008_02_15-34,5007
"ICL:S""handling something long and narrow""","ICL:S""handling something long and narrow""+",Liz,ASL_2008_02_01,2,2972,3047,ASL_2008_02_01-2,5008
"ICL:S""handling something long and narrow""","ICL:X""handling something long and narrow""",Naomi,ASL_2008_08_13,2,2475,2535,ASL_2008_08_13-2,5009
IDEA,IDEA,Dana,ASL_2007_05_24,18,1660,1690,ASL_2007_05_24-18,5010
IDEA,IDEA,Lana,ASL_2006_10_10,15,1717,1731,ASL_2006_10_10-15,5011
IDEA,IDEA,Liz,ASL_2008_02_01,29,1040,1075,ASL_2008_02_01-29,5012
IDEA,IDEA,Naomi,ASL_2008_08_13,24,1077,1095,ASL_2008_08_13-24,5013
IDEA,IDEA,Tyler,ASL_2008_05_29b,4,1045,1065,ASL_2008_05_29b-4,5014
IDENTIFICATION,IDENTIFICATION,Tyler,ASL_2008_05_29b,4,1245,1277,ASL_2008_05_29b-4,5015
IDENTIFICATION,IDENTIFICATION,Tyler,ASL_2008_05_29b,4,1486,1510,ASL_2008_05_29b-4,5016
IDENTIFY,IDENTIFY,Liz,ASL_2008_02_01,29,1515,1560,ASL_2008_02_01-29,5017
IDENTIFY,IDENTIFY,Naomi,ASL_2008_08_13,24,1477,1500,ASL_2008_08_13-24,5018
IDENTIFY,IDENTIFY,Naomi,ASL_2008_08_13,24,4171,4195,ASL_2008_08_13-24,5019
IDENTIFY,IDENTIFY+,Liz,ASL_2008_02_01,29,1301,1361,ASL_2008_02_01-29,5020
IF,IF++,Brady,ASL_2011_07_19_Brady,105,2503,2549,ASL_2011_07_19_Brady-105,5021
IF,IF++,Liz,ASL_2008_02_29,53,2980,3015,ASL_2008_02_29-53,5022
IGNITION-OFF,IGNITION-OFF,Liz,ASL_2008_03_28,25,431,460,ASL_2008_03_28-25,5023
IGNITION-ON,IGNITION-ON,Brady,ASL_2011_07_22_Brady,13,1945,1969,ASL_2011_07_22_Brady-13,5024
IGNITION-ON,IGNITION-ON,Brady,ASL_2011_07_22_Brady,13,2235,2262,ASL_2011_07_22_Brady-13,5025
IGNITION-ON,IGNITION-ON,Liz,ASL_2008_03_28,25,650,690,ASL_2008_03_28-25,5026
IGNORE,IGNORE,Brady,ASL_2011_06_14_Brady,39,334,351,ASL_2011_06_14_Brady-39,5027
IGNORE,IGNORE,Liz,ASL_2008_02_01,29,2060,2096,ASL_2008_02_01-29,5028
IGNORE,IGNORE,Tyler,ASL_2008_05_29b,4,1922,1956,ASL_2008_05_29b-4,5029
ILLEGAL,ILLEGAL,Brady,ASL_2011_06_14_Brady,21,4745,4770,ASL_2011_06_14_Brady-21,5030
ILLEGAL,ILLEGAL,Brady,ASL_2011_06_14_Brady,39,588,613,ASL_2011_06_14_Brady-39,5031
ILLEGAL,ILLEGAL,Liz,ASL_2008_01_18,47,730,752,ASL_2008_01_18-47,5032
ILLEGAL,ILLEGAL,Liz,ASL_2010_08_10_Liz_additional_lexicon_signs,5,895,954,ASL_2010_08_10_Liz_additional_lexicon_signs-5,5033
ILLEGAL,ILLEGAL,Liz,ASL_2010_08_10_Liz_additional_lexicon_signs,30,2090,2145,ASL_2010_08_10_Liz_additional_lexicon_signs-30,5034
ILLEGAL,ILLEGAL,Naomi,ASL_2008_08_06,47,492,515,ASL_2008_08_06-47,5035
ILLEGAL,ILLEGAL,Tyler,ASL_2008_05_29a,27,521,545,ASL_2008_05_29a-27,5036
IMAGINE,IMAGINE+,Brady,ASL_2011_06_14_Brady,39,814,849,ASL_2011_06_14_Brady-39,5037
IMAGINE,IMAGINE+,Liz,ASL_2008_02_01,29,2236,2295,ASL_2008_02_01-29,5038
IMAGINE,IMAGINE+,Naomi,ASL_2008_08_13,24,5610,5653,ASL_2008_08_13-24,5039
IMAGINE,IMAGINE+,Tyler,ASL_2008_05_29b,4,2148,2185,ASL_2008_05_29b-4,5040
IMAGINE,IMAGINE_2/PARANOID+,Brady,ASL_2011_07_19_Brady,26,595,624,ASL_2011_07_19_Brady-26,5041
IMAGINE,IMAGINE_2/PARANOID+,Liz,ASL_2008_02_15,31,705,756,ASL_2008_02_15-31,5042
IMMATURE,IMMATURE+,Liz,ASL_2008_02_01,29,2645,2682,ASL_2008_02_01-29,5043
IMMATURE,IMMATURE+,Naomi,ASL_2008_08_13,24,5975,6015,ASL_2008_08_13-24,5044
IMMATURE,IMMATURE++,Brady,ASL_2011_06_14_Brady,39,1015,1043,ASL_2011_06_14_Brady-39,5045
IMMATURE,IMMATURE++,Tyler,ASL_2008_05_29b,4,2367,2400,ASL_2008_05_29b-4,5046
IMPORTANT,IMPORTANT,Brady,ASL_2011_06_14_Brady,39,1480,1508,ASL_2011_06_14_Brady-39,5047
IMPORTANT,IMPORTANT,Liz,ASL_2008_02_01,29,2891,2940,ASL_2008_02_01-29,5048
IMPORTANT,IMPORTANT,Naomi,ASL_2008_08_13,24,6263,6305,ASL_2008_08_13-24,5049
IMPORTANT,IMPORTANT,Tyler,ASL_2008_05_29b,4,2695,2730,ASL_2008_05_29b-4,5050
IMPOSSIBLE,IMPOSSIBLE+,Brady,ASL_2011_06_14_Brady,39,1718,1752,ASL_2011_06_14_Brady-39,5051
IMPOSSIBLE,IMPOSSIBLE+,Liz,ASL_2008_02_01,30,250,320,ASL_2008_02_01-30,5052
IMPOSSIBLE,IMPOSSIBLE+,Naomi,ASL_2008_08_13,24,6515,6555,ASL_2008_08_13-24,5053
IMPOSSIBLE,IMPOSSIBLE++,Tyler,ASL_2008_05_29b,4,2885,2940,ASL_2008_05_29b-4,5054
IMPRESS-1p,IMPRESS,Dana,ASL_2007_05_24,17,3131,3171,ASL_2007_05_24-17,5055
IMPRESS-1p,IMPRESS-1p,Brady,ASL_2011_06_14_Brady,39,2170,2189,ASL_2011_06_14_Brady-39,5056
IMPRESS-1p,IMPRESS-1p,Liz,ASL_2008_02_01,30,452,486,ASL_2008_02_01-30,5057
IMPRESS-1p,IMPRESS-1p,Naomi,ASL_2008_08_13,25,225,257,ASL_2008_08_13-25,5058
IMPRESS-MEMORY,IMPRESS-MEMORY,Brady,ASL_2011_07_22_Brady,50,3083,3116,ASL_2011_07_22_Brady-50,5059
IMPRESS-MEMORY,IMPRESS-MEMORY,Liz,ASL_2008_02_29,10,2722,2772,ASL_2008_02_29-10,5060
IMPROVE-A-LOT,IMPROVE,Brady,ASL_2011_06_14_Brady,39,2676,2708,ASL_2011_06_14_Brady-39,5061
IMPROVE-A-LOT,IMPROVE,Liz,ASL_2008_02_01,30,2200,2261,ASL_2008_02_01-30,5062
IMPROVE-A-LOT,IMPROVE-A-LOT,Brady,ASL_2011_06_14_Brady,39,3275,3308,ASL_2011_06_14_Brady-39,5063
IMPROVE-A-LOT,IMPROVE-A-LOT,Naomi,ASL_2008_08_13,25,1530,1558,ASL_2008_08_13-25,5064
IMPROVE-A-LOT,IMPROVE-A-LOT,Naomi,ASL_2008_08_13,25,2527,2570,ASL_2008_08_13-25,5065
IMPROVE-A-LOT,IMPROVE-A-LOT,Tyler,ASL_2008_05_29b,5,1070,1105,ASL_2008_05_29b-5,5066
IN,IN,Brady,ASL_2011_06_14_Brady,39,3513,3529,ASL_2011_06_14_Brady-39,5067
IN,IN,Liz,ASL_2008_02_01,30,3212,3250,ASL_2008_02_01-30,5068
IN,IN,Naomi,ASL_2008_08_13,25,3152,3175,ASL_2008_08_13-25,5069
IN,IN,Tyler,ASL_2008_05_29b,5,1620,1641,ASL_2008_05_29b-5,5070
IN,IN+,Brady,ASL_2011_06_14_Brady,40,4414,4439,ASL_2011_06_14_Brady-40,5071
IN,IN+,Dana,ASL_2007_05_24,18,701,756,ASL_2007_05_24-18,5072
IN,IN+,Lana,ASL_2006_10_10,15,774,804,ASL_2006_10_10-15,5073
IN,IN+,Naomi,ASL_2008_08_13,27,900,943,ASL_2008_08_13-27,5074
IN,IN++,Liz,ASL_2008_02_01,32,910,950,ASL_2008_02_01-32,5075
IN,IN++,Tyler,ASL_2008_05_29b,7,1040,1087,ASL_2008_05_29b-7,5076
IN-FIVE-YEARS,IN-FIVE-YEARS,Brady,ASL_2011_06_14_Brady,13,2864,2886,ASL_2011_06_14_Brady-13,5077
IN-FIVE-YEARS,IN-FIVE-YEARS,Liz,ASL_2010_08_10_Liz_additional_lexicon_signs,16,2300,2335,ASL_2010_08_10_Liz_additional_lexicon_signs-16,5078
IN-FOUR-YEARS,IN-FOUR-YEARS,Brady,ASL_2011_06_14_Brady,13,2627,2648,ASL_2011_06_14_Brady-13,5079
IN-FOUR-YEARS,IN-FOUR-YEARS,Liz,ASL_2010_08_10_Liz_additional_lexicon_signs,16,2151,2187,ASL_2010_08_10_Liz_additional_lexicon_signs-16,5080
IN-THREE-YEARS,IN-THREE-YEARS,Brady,ASL_2011_06_14_Brady,13,2397,2415,ASL_2011_06_14_Brady-13,5081
IN-THREE-YEARS,IN-THREE-YEARS,Liz,ASL_2010_08_10_Liz_additional_lexicon_signs,16,1995,2025,ASL_2010_08_10_Liz_additional_lexicon_signs-16,5082
INCLUDE/INVOLVE,INCLUDE/INVOLVE,Brady,ASL_2011_06_14_Brady,39,3740,3754,ASL_2011_06_14_Brady-39,5083
INCLUDE/INVOLVE,INCLUDE/INVOLVE,Brady,ASL_2011_06_14_Brady,41,3604,3622,ASL_2011_06_14_Brady-41,5084
INCLUDE/INVOLVE,INCLUDE/INVOLVE,Brady,ASL_2011_07_19_Brady,26,3051,3081,ASL_2011_07_19_Brady-26,5085
INCLUDE/INVOLVE,INCLUDE/INVOLVE,Dana,ASL_2007_05_24,18,840,891,ASL_2007_05_24-18,5086
INCLUDE/INVOLVE,INCLUDE/INVOLVE,Lana,ASL_2006_10_10,15,908,941,ASL_2006_10_10-15,5087
INCLUDE/INVOLVE,INCLUDE/INVOLVE,Liz,ASL_2008_02_01,30,3447,3492,ASL_2008_02_01-30,5088
INCLUDE/INVOLVE,INCLUDE/INVOLVE,Liz,ASL_2008_02_01,35,225,266,ASL_2008_02_01-35,5089
INCLUDE/INVOLVE,INCLUDE/INVOLVE,Naomi,ASL_2008_08_13,25,3400,3425,ASL_2008_08_13-25,5090
INCLUDE/INVOLVE,INCLUDE/INVOLVE,Naomi,ASL_2008_08_13,28,2737,2766,ASL_2008_08_13-28,5091
INCLUDE/INVOLVE,INCLUDE/INVOLVE,Tyler,ASL_2008_05_29b,5,1827,1855,ASL_2008_05_29b-5,5092
INCLUDE/INVOLVE,INCLUDE/INVOLVE,Tyler,ASL_2008_05_29b,8,2170,2200,ASL_2008_05_29b-8,5093
INCOMPETENT,INCOMPETENT,Dana,ASL_2007_05_24,18,172,212,ASL_2007_05_24-18,5094
INCOMPETENT,INCOMPETENT_2,Lana,ASL_2006_10_10,15,217,265,ASL_2006_10_10-15,5095
INCREASE,INCREASE,Brady,ASL_2011_06_14_Brady,39,3966,3981,ASL_2011_06_14_Brady-39,5096
INCREASE,INCREASE,Dana,ASL_2007_05_24,18,425,484,ASL_2007_05_24-18,5097
INCREASE,INCREASE,Liz,ASL_2008_02_01,30,3655,3715,ASL_2008_02_01-30,5098
INCREASE,INCREASE,Naomi,ASL_2008_08_13,25,3767,3786,ASL_2008_08_13-25,5099
INCREASE,INCREASE,Tyler,ASL_2008_05_29b,5,2040,2067,ASL_2008_05_29b-5,5100
INCREASE,INCREASE+,Lana,ASL_2006_10_10,15,485,543,ASL_2006_10_10-15,5101
INCREASE,INCREASE++,Liz,ASL_2010_08_10_Liz_additional_lexicon_signs,23,460,536,ASL_2010_08_10_Liz_additional_lexicon_signs-23,5102
INDEPENDENT,INDEPENDENT,Brady,ASL_2011_06_14_Brady,39,4235,4251,ASL_2011_06_14_Brady-39,5103
INDEPENDENT,INDEPENDENT,Liz,ASL_2008_02_01,31,265,305,ASL_2008_02_01-31,5104
INDEPENDENT,INDEPENDENT,Naomi,ASL_2008_08_13,25,4060,4081,ASL_2008_08_13-25,5105
INDEPENDENT,INDEPENDENT,Tyler,ASL_2008_05_29b,5,2280,2305,ASL_2008_05_29b-5,5106
INDIVIDUAL,INDIVIDUAL,Liz,ASL_2008_02_01,31,650,690,ASL_2008_02_01-31,5107
INDIVIDUAL,INDIVIDUAL,Naomi,ASL_2008_08_13,26,515,537,ASL_2008_08_13-26,5108
INDIVIDUAL,INDIVIDUAL-pl,Brady,ASL_2011_06_14_Brady,39,4725,4773,ASL_2011_06_14_Brady-39,5109
INDIVIDUAL,INDIVIDUAL-pl,Tyler,ASL_2008_05_29b,6,470,510,ASL_2008_05_29b-6,5110
INDUSTRY,INDUSTRY+,Liz,ASL_2008_02_01,31,1182,1235,ASL_2008_02_01-31,5111
INDUSTRY,INDUSTRY+,Naomi,ASL_2008_08_13,26,1698,1737,ASL_2008_08_13-26,5112
INDUSTRY,INDUSTRY+++,Tyler,ASL_2008_05_29b,6,1355,1402,ASL_2008_05_29b-6,5113
INFLATE,INFLATE,Brady,ASL_2011_06_14_Brady,10,6284,6308,ASL_2011_06_14_Brady-10,5114
INFLATE,INFLATE,Liz,ASL_2008_01_18,29,477,506,ASL_2008_01_18-29,5115
INFLATE,INFLATE,Naomi,ASL_2008_08_06,29,205,235,ASL_2008_08_06-29,5116
INFORM,INFORM,Brady,ASL_2011_06_14_Brady,40,2949,2975,ASL_2011_06_14_Brady-40,5117
INFORM,INFORM,Brady,ASL_2011_07_19_Brady,17,3002,3024,ASL_2011_07_19_Brady-17,5118
INFORM,INFORM,Brady,ASL_2011_07_22_Brady,48,3487,3505,ASL_2011_07_22_Brady-48,5119
INFORM,INFORM,Lana,ASL_2006_09_26,61,1646,1669,ASL_2006_09_26-61,5120
INFORM,INFORM,Liz,ASL_2008_02_01,31,2156,2185,ASL_2008_02_01-31,5121
INFORM,INFORM,Liz,ASL_2008_02_15,22,1511,1551,ASL_2008_02_15-22,5122
INFORM,INFORM,Naomi,ASL_2008_08_13,26,4120,4141,ASL_2008_08_13-26,5123
INFORM,INFORM,Tyler,ASL_2008_05_29b,6,2445,2465,ASL_2008_05_29b-6,5124
INFORM,INFORM-1p,Brady,ASL_2011_06_14_Brady,40,3177,3204,ASL_2011_06_14_Brady-40,5125
INFORM,INFORM-1p,Liz,ASL_2008_02_01,31,2470,2511,ASL_2008_02_01-31,5126
INFORM,INFORM-1p,Naomi,ASL_2008_08_13,26,4416,4445,ASL_2008_08_13-26,5127
INFORM,INFORM-1p,Tyler,ASL_2008_05_29b,6,2665,2692,ASL_2008_05_29b-6,5128
INFORM,INFORM-ALL,Brady,ASL_2011_06_14_Brady,40,2710,2734,ASL_2011_06_14_Brady-40,5129
INFORM,INFORM-ALL,Liz,ASL_2008_02_01,31,1940,1975,ASL_2008_02_01-31,5130
INFORM,INFORM-ALL,Naomi,ASL_2008_08_13,26,3842,3887,ASL_2008_08_13-26,5131
INFORM,INFORM-ALL,Tyler,ASL_2008_05_29b,6,2220,2245,ASL_2008_05_29b-6,5132
INJECT,(3)INJECT,Brady,ASL_2011_06_14_Brady,40,3950,3963,ASL_2011_06_14_Brady-40,5133
INJECT,(3)INJECT,Brady,ASL_2011_07_22_Brady,43,2500,2514,ASL_2011_07_22_Brady-43,5134
INJECT,(3)INJECT,Naomi,ASL_2008_08_13,27,235,270,ASL_2008_08_13-27,5135
INJECT,(3)INJECT,Tyler,ASL_2008_05_29a,36,2461,2487,ASL_2008_05_29a-36,5136
INJECT,INJECT,Brady,ASL_2011_06_14_Brady,40,3702,3718,ASL_2011_06_14_Brady-40,5137
INJECT,INJECT,Brady,ASL_2011_07_22_Brady,43,2394,2420,ASL_2011_07_22_Brady-43,5138
INJECT,INJECT,Liz,ASL_2008_02_01,32,290,330,ASL_2008_02_01-32,5139
INJECT,INJECT,Naomi,ASL_2008_08_13,4,3988,4022,ASL_2008_08_13-4,5140
INJECT,INJECT,Naomi,ASL_2008_08_13,26,4798,4828,ASL_2008_08_13-26,5141
INJECT,INJECT,Tyler,ASL_2008_05_29b,6,2946,2975,ASL_2008_05_29b-6,5142
INJECT,INJECT+,Liz,ASL_2008_02_01,5,267,310,ASL_2008_02_01-5,5143
INNOCENT,INNOCENT,Brady,ASL_2011_06_14_Brady,40,4179,4194,ASL_2011_06_14_Brady-40,5144
INNOCENT,INNOCENT,Liz,ASL_2008_02_01,32,695,720,ASL_2008_02_01-32,5145
INNOCENT,INNOCENT,Naomi,ASL_2008_08_13,27,692,710,ASL_2008_08_13-27,5146
INNOCENT,INNOCENT,Tyler,ASL_2008_05_29b,7,305,325,ASL_2008_05_29b-7,5147
INSPIRE,(5)INSPIRE,Tyler,ASL_2008_05_29b,7,1392,1412,ASL_2008_05_29b-7,5148
INSPIRE,INSPIRE,Brady,ASL_2011_06_14_Brady,40,4662,4687,ASL_2011_06_14_Brady-40,5149
INSPIRE,INSPIRE,Liz,ASL_2008_02_01,32,1200,1235,ASL_2008_02_01-32,5150
INSPIRE,INSPIRE,Naomi,ASL_2008_08_13,27,1162,1195,ASL_2008_08_13-27,5151
INSTEAD,INSTEAD,Dana,ASL_2007_05_24,25,1987,2023,ASL_2007_05_24-25,5152
INSTEAD,INSTEAD,Lana,ASL_2006_10_10,22,2077,2110,ASL_2006_10_10-22,5153
INSTEAD,INSTEAD,Liz,ASL_2010_08_10_Liz_additional_lexicon_signs,30,2689,2775,ASL_2010_08_10_Liz_additional_lexicon_signs-30,5154
INSTITUTE,(nd-S)INSTITUTE,Lana,ASL_2006_10_10,22,2333,2364,ASL_2006_10_10-22,5155
INSTITUTE,(nd-S)INSTITUTE_2,Dana,ASL_2007_05_24,25,2242,2303,ASL_2007_05_24-25,5156
INSTITUTE,INSTITUTE+,Brady,ASL_2011_06_14_Brady,40,5159,5187,ASL_2011_06_14_Brady-40,5157
INSTITUTE,INSTITUTE+,Brady,ASL_2011_07_19_Brady,57,1175,1200,ASL_2011_07_19_Brady-57,5158
INSTITUTE,INSTITUTE+,Liz,ASL_2008_02_29,12,1130,1185,ASL_2008_02_29-12,5159
INSTITUTE,INSTITUTE+,Liz,ASL_2010_08_10_Liz_additional_lexicon_signs,30,2900,2976,ASL_2010_08_10_Liz_additional_lexicon_signs-30,5160
INSTITUTE,INSTITUTE++,Brady,ASL_2011_06_14_Brady,40,5900,5939,ASL_2011_06_14_Brady-40,5161
INSULT,INSULT,Brady,ASL_2011_06_14_Brady,40,5404,5423,ASL_2011_06_14_Brady-40,5162
INSULT,INSULT,Liz,ASL_2008_02_01,33,271,297,ASL_2008_02_01-33,5163
INSULT,INSULT,Naomi,ASL_2008_08_13,27,1453,1483,ASL_2008_08_13-27,5164
INSULT,INSULT,Tyler,ASL_2008_05_12b,10,1996,2022,ASL_2008_05_12b-10,5165
INSULT,INSULT,Tyler,ASL_2008_05_29b,7,1635,1661,ASL_2008_05_29b-7,5166
INSURANCE/INFECTION,INSURANCE/INFECTION,Brady,ASL_2011_06_14_Brady,40,805,831,ASL_2011_06_14_Brady-40,5167
INSURANCE/INFECTION,INSURANCE/INFECTION,Liz,ASL_2008_02_01,33,525,565,ASL_2008_02_01-33,5168
INSURANCE/INFECTION,INSURANCE/INFECTION,Liz,ASL_2010_08_10_Liz_additional_lexicon_signs,30,2520,2576,ASL_2010_08_10_Liz_additional_lexicon_signs-30,5169
INSURANCE/INFECTION,INSURANCE/INFECTION,Naomi,ASL_2008_08_13,27,1765,1802,ASL_2008_08_13-27,5170
INSURANCE/INFECTION,INSURANCE/INFECTION,Tyler,ASL_2008_05_29b,7,1815,1862,ASL_2008_05_29b-7,5171
INTERCOURSE,INTERCOURSE,Naomi,ASL_2008_08_13,27,2540,2572,ASL_2008_08_13-27,5172
INTERCOURSE,INTERCOURSE+,Brady,ASL_2011_06_14_Brady,41,436,472,ASL_2011_06_14_Brady-41,5173
INTERCOURSE,INTERCOURSE+,Liz,ASL_2008_02_01,33,2116,2160,ASL_2008_02_01-33,5174
INTERESTING,INTERESTING,Brady,ASL_2011_06_14_Brady,41,975,994,ASL_2011_06_14_Brady-41,5175
INTERESTING,INTERESTING,Liz,ASL_2008_02_01,34,276,310,ASL_2008_02_01-34,5176
INTERESTING,INTERESTING,Naomi,ASL_2008_08_13,27,3150,3172,ASL_2008_08_13-27,5177
INTERESTING,INTERESTING,Tyler,ASL_2008_05_29b,7,4465,4490,ASL_2008_05_29b-7,5178
INTERNATIONAL,INTERNATIONAL,Brady,ASL_2011_06_14_Brady,41,1445,1479,ASL_2011_06_14_Brady-41,5179
INTERNATIONAL,INTERNATIONAL,Liz,ASL_2008_02_01,34,920,975,ASL_2008_02_01-34,5180
INTERNATIONAL,INTERNATIONAL,Naomi,ASL_2008_08_13,28,527,557,ASL_2008_08_13-28,5181
INTERNATIONAL,INTERNATIONAL,Tyler,ASL_2008_05_29b,8,505,550,ASL_2008_05_29b-8,5182
INTERNET,INTERNET,Liz,ASL_2008_02_15,17,3710,3755,ASL_2008_02_15-17,5183
INTERPRET,INTERPRET+,Brady,ASL_2011_06_14_Brady,41,1678,1713,ASL_2011_06_14_Brady-41,5184
INTERPRET,INTERPRET+,Lana,ASL_2006_09_26,61,1750,1779,ASL_2006_09_26-61,5185
INTERPRET,INTERPRET+,Liz,ASL_2008_02_01,34,1391,1425,ASL_2008_02_01-34,5186
INTERPRET,INTERPRET++,Tyler,ASL_2008_05_29b,8,887,920,ASL_2008_05_29b-8,5187
INTERPRET,INTERPRET+++,Naomi,ASL_2008_08_13,28,1097,1147,ASL_2008_08_13-28,5188
INTERPRET++AGENT,INTERPRET++AGENT,Brady,ASL_2011_06_14_Brady,41,1944,1981,ASL_2011_06_14_Brady-41,5189
INTERPRET++AGENT,INTERPRET++AGENT,Liz,ASL_2008_02_01,34,1165,1210,ASL_2008_02_01-34,5190
INTERPRET++AGENT,INTERPRET++AGENT,Tyler,ASL_2008_05_29b,8,667,702,ASL_2008_05_29b-8,5191
INTERPRET++AGENT,INTERPRET+AGENT,Naomi,ASL_2008_08_13,28,793,829,ASL_2008_08_13-28,5192
INTERRUPT,INTERRUPT,Liz,ASL_2008_02_01,34,1627,1665,ASL_2008_02_01-34,5193
INTERRUPT,INTERRUPT,Naomi,ASL_2008_08_13,28,1367,1393,ASL_2008_08_13-28,5194
INTERRUPT,INTERRUPT,Tyler,ASL_2008_05_29b,8,1055,1080,ASL_2008_05_29b-8,5195
INTERRUPT,INTERRUPT-1p,Brady,ASL_2011_06_14_Brady,41,2179,2208,ASL_2011_06_14_Brady-41,5196
INTERVIEW,INTERVIEW+,Brady,ASL_2011_06_14_Brady,41,2677,2710,ASL_2011_06_14_Brady-41,5197
INTERVIEW,INTERVIEW+,Naomi,ASL_2008_08_13,28,1615,1650,ASL_2008_08_13-28,5198
INTERVIEW,INTERVIEW++,Liz,ASL_2008_02_01,34,1865,1925,ASL_2008_02_01-34,5199
INTERVIEW,INTERVIEW++,Tyler,ASL_2008_05_29b,8,1255,1292,ASL_2008_05_29b-8,5200
INTRODUCE,INTRODUCE,Brady,ASL_2011_06_14_Brady,29,2727,2748,ASL_2011_06_14_Brady-29,5201
INTRODUCE,INTRODUCE,Brady,ASL_2011_06_14_Brady,41,2898,2920,ASL_2011_06_14_Brady-41,5202
INTRODUCE,INTRODUCE,Liz,ASL_2008_02_01,34,2092,2135,ASL_2008_02_01-34,5203
INTRODUCE,INTRODUCE,Naomi,ASL_2008_08_13,28,1975,2002,ASL_2008_08_13-28,5204
INTRODUCE,INTRODUCE,Tyler,ASL_2008_05_29a,42,1212,1235,ASL_2008_05_29a-42,5205
INTRODUCE,INTRODUCE,Tyler,ASL_2008_05_29b,8,1457,1480,ASL_2008_05_29b-8,5206
INVEST,INVEST+,Brady,ASL_2011_07_19_Brady,99,702,754,ASL_2011_07_19_Brady-99,5207
INVEST,INVEST+,Liz,ASL_2008_02_29,47,1857,1932,ASL_2008_02_29-47,5208
INVITE/HIRE,INVITE/HIRE,Naomi,ASL_2008_08_13,18,4332,4355,ASL_2008_08_13-18,5209
INVITE/HIRE,INVITE/HIRE,Tyler,ASL_2008_05_29a,50,1985,2010,ASL_2008_05_29a-50,5210
IRON-CLOTHES,IRON-CLOTHES++,Liz,ASL_2008_02_01,35,3080,3145,ASL_2008_02_01-35,5211
IRON-CLOTHES,IRON-CLOTHES+++,Brady,ASL_2011_06_14_Brady,42,800,827,ASL_2011_06_14_Brady-42,5212
IRON-CLOTHES,IRON-CLOTHES+++,Brady,ASL_2011_07_22_Brady,45,3368,3416,ASL_2011_07_22_Brady-45,5213
IRON-CLOTHES,IRON-CLOTHES+++,Naomi,ASL_2008_08_13,29,1907,1965,ASL_2008_08_13-29,5214
IRON-CLOTHES,IRON-CLOTHES+++,Tyler,ASL_2008_05_29b,9,3312,3346,ASL_2008_05_29b-9,5215
IRON-CLOTHES,IRON-CLOTHES_2+++,Brady,ASL_2011_07_22_Brady,45,3092,3161,ASL_2011_07_22_Brady-45,5216
ISLAND/INTEREST,(nd-B)ISLAND/INTEREST+,Liz,ASL_2008_02_01,33,2535,2585,ASL_2008_02_01-33,5217
ISLAND/INTEREST,(nd-B)ISLAND/INTEREST+,Tyler,ASL_2008_05_29b,7,3500,3540,ASL_2008_05_29b-7,5218
ISLAND/INTEREST,(nd-B)ISLAND/INTEREST+,Tyler,ASL_2008_05_29b,9,3555,3600,ASL_2008_05_29b-9,5219
ISLAND/INTEREST,ISLAND/INTEREST,Naomi,ASL_2008_08_13,27,2845,2890,ASL_2008_08_13-27,5220
ISLAND/INTEREST,ISLAND/INTEREST+,Brady,ASL_2011_06_14_Brady,41,714,761,ASL_2011_06_14_Brady-41,5221
ISLAND/INTEREST,ISLAND/INTEREST+,Brady,ASL_2011_06_14_Brady,42,1225,1272,ASL_2011_06_14_Brady-42,5222
ISLAND/INTEREST,ISLAND/INTEREST+,Lana,ASL_2006_10_10,15,1189,1243,ASL_2006_10_10-15,5223
ISLAND/INTEREST,ISLAND/INTEREST+,Liz,ASL_2008_02_01,35,3360,3421,ASL_2008_02_01-35,5224
ISLAND/INTEREST,ISLAND/INTEREST+,Naomi,ASL_2008_08_13,29,2610,2667,ASL_2008_08_13-29,5225
ISLAND/INTEREST,ISLAND/INTEREST_2,Dana,ASL_2007_05_24,18,1097,1185,ASL_2007_05_24-18,5226
ISOLATED,ISOLATED+,Brady,ASL_2011_06_14_Brady,40,1035,1075,ASL_2011_06_14_Brady-40,5227
ISOLATED,ISOLATED_2+,Liz,ASL_2008_02_01,31,1425,1490,ASL_2008_02_01-31,5228
ISOLATED,ISOLATED_2+,Tyler,ASL_2008_05_29b,6,1656,1705,ASL_2008_05_29b-6,5229
IX-1p,IX-1p,Liz,ASL_2008_02_01,27,2335,2371,ASL_2008_02_01-27,5230
IX-1p,IX-1p,Naomi,ASL_2008_08_13,23,2885,2922,ASL_2008_08_13-23,5231
IX-1p,IX-1p,Tyler,ASL_2008_05_29b,3,1905,1940,ASL_2008_05_29b-3,5232
IX-1p,IX-1p-pl-2+:i,Brady,ASL_2011_07_22_Brady,15,489,535,ASL_2011_07_22_Brady-15,5233
IX-1p,IX-1p-pl-2+:i,Liz,ASL_2008_03_28,26,3035,3072,ASL_2008_03_28-26,5234
IX-1p,IX-1p-pl-arc,Brady,ASL_2011_07_22_Brady,25,2649,2676,ASL_2011_07_22_Brady-25,5235
IX-1p,IX-1p-pl-arc,Liz,ASL_2008_03_28,37,1891,1927,ASL_2008_03_28-37,5236
IX-2p-pl-arc,IX-2p,Brady,ASL_2011_07_22_Brady,36,892,908,ASL_2011_07_22_Brady-36,5237
IX-2p-pl-arc,IX-2p,Liz,ASL_2008_03_28,48,630,657,ASL_2008_03_28-48,5238
IX-2p-pl-arc,IX-2p-pl-arc,Brady,ASL_2011_07_19_Brady,116,100,127,ASL_2011_07_19_Brady-116,5239
IX-2p-pl-arc,IX-2p-pl-arc,Brady,ASL_2011_07_22_Brady,36,1800,1829,ASL_2011_07_22_Brady-36,5240
IX-2p-pl-arc,IX-2p-pl-arc,Liz,ASL_2008_03_28,15,675,717,ASL_2008_03_28-15,5241
IX-2p-pl-arc,IX-2p-pl-arc,Liz,ASL_2008_03_28,48,355,405,ASL_2008_03_28-48,5242
IX-honorific:i,IX-honorific:i,Brady,ASL_2011_07_19_Brady,114,349,366,ASL_2011_07_19_Brady-114,5243
IX-honorific:i,IX-honorific:i,Liz,ASL_2008_03_28,9,2325,2345,ASL_2008_03_28-9,5244
IX:i,IX-pl-3:i/j/k++,Liz,ASL_2008_03_28,15,895,930,ASL_2008_03_28-15,5245
IX:i,IX-pl-arc,Brady,ASL_2011_07_19_Brady,114,1473,1488,ASL_2011_07_19_Brady-114,5246
IX:i,IX-pl-arc,Liz,ASL_2008_03_28,10,1425,1472,ASL_2008_03_28-10,5247
IX:i,IX:i,Brady,ASL_2011_06_14_Brady,32,3974,4001,ASL_2011_06_14_Brady-32,5248
IX:i,IX:i,Brady,ASL_2011_07_19_Brady,37,1691,1719,ASL_2011_07_19_Brady-37,5249
IX:i,IX:i,Brady,ASL_2011_07_19_Brady,114,119,139,ASL_2011_07_19_Brady-114,5250
IX:i,IX:i,Liz,ASL_2008_02_01,19,1362,1400,ASL_2008_02_01-19,5251
IX:i,IX:i,Liz,ASL_2008_02_15,43,1860,1894,ASL_2008_02_15-43,5252
IX:i,IX:i,Liz,ASL_2008_03_28,9,2100,2122,ASL_2008_03_28-9,5253
IX:i,IX:i,Naomi,ASL_2008_08_13,15,1652,1677,ASL_2008_08_13-15,5254
IX:i,IX:i,Tyler,ASL_2008_05_29a,47,3375,3395,ASL_2008_05_29a-47,5255
J,J,Brady,ASL_2011_06_14_Brady,42,5765,5785,ASL_2011_06_14_Brady-42,5256
J,J,Liz,ASL_2008_02_01,36,1405,1450,ASL_2008_02_01-36,5257
J,J,Tyler,ASL_2008_05_29b,10,2150,2181,ASL_2008_05_29b-10,5258
JACK-O-LANTERN,JACK-O-LANTERN++,Liz,ASL_2010_08_10_Liz_additional_lexicon_signs,20,425,485,ASL_2010_08_10_Liz_additional_lexicon_signs-20,5259
JACK-O-LANTERN,JACK-O-LANTERN_2++,Tyler,ASL_2008_05_29a,45,521,572,ASL_2008_05_29a-45,5260
JAW,JAW,Brady,ASL_2011_06_14_Brady,42,9682,9720,ASL_2011_06_14_Brady-42,5261
JAW,JAW,Liz,ASL_2008_02_01,36,2260,2312,ASL_2008_02_01-36,5262
JAW,JAW+,Naomi,ASL_2008_08_13,30,2890,2955,ASL_2008_08_13-30,5263
JAW,JAW+,Tyler,ASL_2008_05_29b,10,2910,2981,ASL_2008_05_29b-10,5264
JEALOUS,JEALOUS,Brady,ASL_2011_06_14_Brady,42,9921,9932,ASL_2011_06_14_Brady-42,5265
JEALOUS,JEALOUS,Liz,ASL_2008_02_01,36,2550,2582,ASL_2008_02_01-36,5266
JEALOUS,JEALOUS,Naomi,ASL_2008_08_13,30,3185,3197,ASL_2008_08_13-30,5267
JEALOUS,JEALOUS,Tyler,ASL_2008_05_29b,10,3250,3275,ASL_2008_05_29b-10,5268
JELLY,JELLY+,Liz,ASL_2008_02_01,37,956,1016,ASL_2008_02_01-37,5269
JELLY,JELLY+,Naomi,ASL_2008_08_13,31,335,386,ASL_2008_08_13-31,5270
JELLY,JELLY++,Tyler,ASL_2008_05_29b,11,386,435,ASL_2008_05_29b-11,5271
JELLYFISH,JELLYFISH,Liz,ASL_2008_02_01,37,555,650,ASL_2008_02_01-37,5272
JEWELRY,JEWELRY,Naomi,ASL_2008_08_13,31,1238,1262,ASL_2008_08_13-31,5273
JEWELRY,JEWELRY+,Liz,ASL_2008_02_01,37,1921,1964,ASL_2008_02_01-37,5274
JEWISH,JEWISH+,Brady,ASL_2011_06_14_Brady,42,3280,3307,ASL_2011_06_14_Brady-42,5275
JEWISH,JEWISH+,Brady,ASL_2011_06_14_Brady,43,1850,1871,ASL_2011_06_14_Brady-43,5276
JEWISH,JEWISH+,Lana,ASL_2006_10_10,15,2357,2387,ASL_2006_10_10-15,5277
JEWISH,JEWISH+,Liz,ASL_2008_02_01,36,255,282,ASL_2008_02_01-36,5278
JEWISH,JEWISH+,Liz,ASL_2010_08_10_Liz_additional_lexicon_signs,30,3106,3145,ASL_2010_08_10_Liz_additional_lexicon_signs-30,5279
JEWISH,JEWISH+,Naomi,ASL_2008_08_13,29,5007,5037,ASL_2008_08_13-29,5280
JEWISH,JEWISH++,Dana,ASL_2007_05_24,18,2338,2397,ASL_2007_05_24-18,5281
JEWISH,JEWISH++,Tyler,ASL_2008_05_29b,9,5510,5552,ASL_2008_05_29b-9,5282
JOIN,JOIN,Brady,ASL_2011_06_14_Brady,43,5284,5296,ASL_2011_06_14_Brady-43,5283
JOIN,JOIN,Dana,ASL_2007_05_24,18,1400,1420,ASL_2007_05_24-18,5284
JOIN,JOIN,Lana,ASL_2006_10_10,15,1455,1472,ASL_2006_10_10-15,5285
JOIN,JOIN,Liz,ASL_2008_02_15,31,1895,1931,ASL_2008_02_15-31,5286
JUDGE,JUDGE,Brady,ASL_2011_06_14_Brady,43,8741,8764,ASL_2011_06_14_Brady-43,5287
JUDGE,JUDGE,Tyler,ASL_2008_05_29b,11,3325,3351,ASL_2008_05_29b-11,5288
JUGGLE,JUGGLE+,Brady,ASL_2011_06_14_Brady,25,1846,1900,ASL_2011_06_14_Brady-25,5289
JUMP,JUMP,Brady,ASL_2011_06_14_Brady,43,9912,9940,ASL_2011_06_14_Brady-43,5290
JUMP,JUMP,Liz,ASL_2008_02_01,38,2430,2495,ASL_2008_02_01-38,5291
JUMP,JUMP,Naomi,ASL_2008_08_13,32,1167,1202,ASL_2008_08_13-32,5292
JUMP,JUMP,Tyler,ASL_2008_05_29b,12,955,990,ASL_2008_05_29b-12,5293
JUMP-FORWARD,JUMP-FORWARD,Brady,ASL_2011_06_14_Brady,43,11338,11363,ASL_2011_06_14_Brady-43,5294
JUMP-FORWARD,JUMP-FORWARD,Brady,ASL_2011_06_14_Brady,43,11593,11623,ASL_2011_06_14_Brady-43,5295
JUMP-FORWARD,JUMP-FORWARD,Liz,ASL_2008_02_01,38,2955,3005,ASL_2008_02_01-38,5296
JUMP-FORWARD,JUMP-FORWARD,Naomi,ASL_2008_08_13,32,857,895,ASL_2008_08_13-32,5297
JUMP-FORWARD,JUMP-FORWARD,Naomi,ASL_2008_08_13,32,1498,1528,ASL_2008_08_13-32,5298
JUMP-FORWARD,JUMP-FORWARD,Tyler,ASL_2008_05_29b,12,1225,1252,ASL_2008_05_29b-12,5299
JUMPROPE,JUMPROPE+,Brady,ASL_2011_06_14_Brady,44,264,309,ASL_2011_06_14_Brady-44,5300
JUMPROPE,JUMPROPE+,Liz,ASL_2008_02_01,38,3300,3362,ASL_2008_02_01-38,5301
JUMPROPE,JUMPROPE++,Naomi,ASL_2008_08_13,32,1810,1900,ASL_2008_08_13-32,5302
JUMPROPE,JUMPROPE++,Tyler,ASL_2008_05_29b,12,1401,1480,ASL_2008_05_29b-12,5303
JUNIOR,JUNIOR+,Brady,ASL_2011_06_14_Brady,44,522,609,ASL_2011_06_14_Brady-44,5304
JUNIOR,JUNIOR+,Liz,ASL_2008_02_01,38,3622,3687,ASL_2008_02_01-38,5305
JUNIOR,JUNIOR++,Naomi,ASL_2008_08_13,32,2185,2230,ASL_2008_08_13-32,5306
JUNIOR_2,JUNIOR_2++,Brady,ASL_2011_06_14_Brady,44,789,821,ASL_2011_06_14_Brady-44,5307
JUNIOR_2,JUNIOR_2+++,Tyler,ASL_2008_05_29b,12,1691,1745,ASL_2008_05_29b-12,5308
JUNIOR_3,(rd)JUNIOR_3++,Tyler,ASL_2008_05_29b,12,1985,2022,ASL_2008_05_29b-12,5309
JUNIOR_3,JUNIOR_3+,Liz,ASL_2008_02_01,38,4041,4110,ASL_2008_02_01-38,5310
JUNIOR_3,JUNIOR_3+,Naomi,ASL_2008_08_13,32,2492,2523,ASL_2008_08_13-32,5311
K,K,Brady,ASL_2011_06_14_Brady,44,1016,1040,ASL_2011_06_14_Brady-44,5312
K,K,Liz,ASL_2008_02_01,40,1235,1300,ASL_2008_02_01-40,5313
K,K,Naomi,ASL_2008_08_13,33,3735,3775,ASL_2008_08_13-33,5314
K,K,Tyler,ASL_2008_05_29b,13,3630,3660,ASL_2008_05_29b-13,5315
KANGAROO,KANGAROO+,Naomi,ASL_2008_08_13,32,2800,2845,ASL_2008_08_13-32,5316
KANGAROO,KANGAROO++,Brady,ASL_2011_06_14_Brady,44,1247,1291,ASL_2011_06_14_Brady-44,5317
KANGAROO,KANGAROO++,Liz,ASL_2008_02_01,38,5006,5066,ASL_2008_02_01-38,5318
KANGAROO,KANGAROO++,Tyler,ASL_2008_05_29b,12,2390,2435,ASL_2008_05_29b-12,5319
KARATE,KARATE,Brady,ASL_2011_06_14_Brady,44,1709,1734,ASL_2011_06_14_Brady-44,5320
KARATE,KARATE,Liz,ASL_2008_02_01,39,540,580,ASL_2008_02_01-39,5321
KARATE,KARATE,Naomi,ASL_2008_08_13,32,3505,3535,ASL_2008_08_13-32,5322
KARATE,KARATE,Tyler,ASL_2008_05_29b,12,2846,2880,ASL_2008_05_29b-12,5323
KEEP,KEEP,Brady,ASL_2011_06_14_Brady,44,3006,3020,ASL_2011_06_14_Brady-44,5324
KEEP,KEEP,Brady,ASL_2011_07_22_Brady,46,137,157,ASL_2011_07_22_Brady-46,5325
KEEP,KEEP,Dana,ASL_2007_05_24,18,1534,1577,ASL_2007_05_24-18,5326
KEEP,KEEP,Lana,ASL_2006_10_10,15,1585,1597,ASL_2006_10_10-15,5327
KEEP,KEEP,Liz,ASL_2008_02_01,39,810,855,ASL_2008_02_01-39,5328
KEEP,KEEP,Naomi,ASL_2008_08_13,33,297,316,ASL_2008_08_13-33,5329
KEEP,KEEP,Tyler,ASL_2008_05_29b,13,296,322,ASL_2008_05_29b-13,5330
KEEP-IN-MIND,KEEP-IN-MIND,Brady,ASL_2011_06_08_Brady,15,2019,2044,ASL_2011_06_08_Brady-15,5331
KEEP-IN-MIND,KEEP-IN-MIND+,Naomi,ASL_2008_08_04,18,1365,1417,ASL_2008_08_04-18,5332
KEEP-IN-MIND,KEEP-IN-MIND++,Liz,ASL_2008_01_11,28,550,580,ASL_2008_01_11-28,5333
KEEP-IN-MIND,KEEP-IN-MIND++,Tyler,ASL_2008_05_12a,18,1225,1265,ASL_2008_05_12a-18,5334
KETCHUP,KETCHUP+,Naomi,ASL_2008_08_13,33,1332,1368,ASL_2008_08_13-33,5335
KETCHUP,KETCHUP++,Liz,ASL_2008_02_01,39,2075,2130,ASL_2008_02_01-39,5336
KEY,KEY,Brady,ASL_2011_06_14_Brady,44,4688,4718,ASL_2011_06_14_Brady-44,5337
KEY,KEY+,Liz,ASL_2008_02_01,40,845,900,ASL_2008_02_01-40,5338
KEY,KEY+,Liz,ASL_2008_03_28,42,3851,3900,ASL_2008_03_28-42,5339
KEY,KEY+,Tyler,ASL_2008_05_29b,13,3385,3420,ASL_2008_05_29b-13,5340
KEY,KEY++,Brady,ASL_2011_07_22_Brady,30,2339,2376,ASL_2011_07_22_Brady-30,5341
KEY,KEY++,Naomi,ASL_2008_08_13,33,2492,2540,ASL_2008_08_13-33,5342
KICK,(K)KICK,Tyler,ASL_2008_05_29b,13,3855,3886,ASL_2008_05_29b-13,5343
KICK,KICK,Brady,ASL_2011_06_14_Brady,44,5230,5250,ASL_2011_06_14_Brady-44,5344
KICK,KICK,Liz,ASL_2008_02_01,40,1480,1516,ASL_2008_02_01-40,5345
KICK,KICK,Naomi,ASL_2008_08_13,33,4065,4082,ASL_2008_08_13-33,5346
KICK,KICK+,Brady,ASL_2011_07_19_Brady,89,2203,2235,ASL_2011_07_19_Brady-89,5347
KICK,KICK++,Liz,ASL_2008_02_29,37,1300,1340,ASL_2008_02_29-37,5348
KICK-OFF,KICK-OFF,Brady,ASL_2011_06_14_Brady,44,5455,5473,ASL_2011_06_14_Brady-44,5349
KICK-OFF,KICK-OFF,Liz,ASL_2010_08_10_Liz_additional_lexicon_signs,17,5826,5871,ASL_2010_08_10_Liz_additional_lexicon_signs-17,5350
KID,KID,Brady,ASL_2011_06_14_Brady,44,5663,5687,ASL_2011_06_14_Brady-44,5351
KID,KID,Liz,ASL_2008_02_01,41,260,295,ASL_2008_02_01-41,5352
KID,KID,Naomi,ASL_2008_08_13,33,4477,4493,ASL_2008_08_13-33,5353
KID,KID,Tyler,ASL_2008_05_29b,13,4011,4045,ASL_2008_05_29b-13,5354
KIDNEY,KIDNEY,Brady,ASL_2011_06_14_Brady,44,6176,6224,ASL_2011_06_14_Brady-44,5355
KIDNEY,KIDNEY+,Liz,ASL_2010_08_10_Liz_additional_lexicon_signs,20,2195,2260,ASL_2010_08_10_Liz_additional_lexicon_signs-20,5356
KILL,(K)KILL,Liz,ASL_2008_02_01,41,505,547,ASL_2008_02_01-41,5357
KILL,(K)KILL,Naomi,ASL_2008_08_13,34,292,318,ASL_2008_08_13-34,5358
KILL,(K)KILL,Tyler,ASL_2008_05_29b,14,225,251,ASL_2008_05_29b-14,5359
KILL,KILL,Brady,ASL_2011_06_14_Brady,44,6459,6474,ASL_2011_06_14_Brady-44,5360
KILL,KILL,Brady,ASL_2011_06_14_Brady,44,6723,6737,ASL_2011_06_14_Brady-44,5361
KILL,KILL,Liz,ASL_2010_08_10_Liz_additional_lexicon_signs,11,5061,5100,ASL_2010_08_10_Liz_additional_lexicon_signs-11,5362
KIND,KIND,Brady,ASL_2011_06_14_Brady,45,176,215,ASL_2011_06_14_Brady-45,5363
KIND,KIND,Liz,ASL_2008_02_01,41,1320,1382,ASL_2008_02_01-41,5364
KIND,KIND,Naomi,ASL_2008_08_13,34,1952,1983,ASL_2008_08_13-34,5365
KIND,KIND,Tyler,ASL_2008_05_29b,14,1180,1221,ASL_2008_05_29b-14,5366
KINDERGARTEN,(2h)KINDERGARTEN,Brady,ASL_2011_06_14_Brady,45,565,593,ASL_2011_06_14_Brady-45,5367
KINDERGARTEN,(2h)KINDERGARTEN,Liz,ASL_2010_08_10_Liz_additional_lexicon_signs,11,5216,5275,ASL_2010_08_10_Liz_additional_lexicon_signs-11,5368
KINDERGARTEN,(2h)KINDERGARTEN,Tyler,ASL_2008_05_29b,14,1395,1440,ASL_2008_05_29b-14,5369
KINDERGARTEN,KINDERGARTEN,Brady,ASL_2011_06_14_Brady,45,789,833,ASL_2011_06_14_Brady-45,5370
KINDERGARTEN,KINDERGARTEN,Liz,ASL_2008_02_01,41,1605,1675,ASL_2008_02_01-41,5371
KINDERGARTEN,KINDERGARTEN,Naomi,ASL_2008_08_13,34,2272,2300,ASL_2008_08_13-34,5372
KING,KING,Brady,ASL_2011_06_14_Brady,45,1586,1622,ASL_2011_06_14_Brady-45,5373
KING,KING,Liz,ASL_2008_02_01,41,1900,1956,ASL_2008_02_01-41,5374
KING,KING,Naomi,ASL_2008_08_13,34,2715,2747,ASL_2008_08_13-34,5375
KING,KING,Tyler,ASL_2008_05_29b,14,1650,1690,ASL_2008_05_29b-14,5376
KING+AREA_2,KING+AREA,Brady,ASL_2011_06_14_Brady,45,1143,1196,ASL_2011_06_14_Brady-45,5377
KING+AREA_2,KING+AREA,Naomi,ASL_2008_08_13,34,3920,4010,ASL_2008_08_13-34,5378
KING+AREA_2,KING+AREA_2,Liz,ASL_2008_02_01,41,2195,2270,ASL_2008_02_01-41,5379
KING+AREA_2,KING+AREA_2,Tyler,ASL_2008_05_29b,14,1881,1955,ASL_2008_05_29b-14,5380
KISS,KISS,Brady,ASL_2011_06_14_Brady,45,2035,2057,ASL_2011_06_14_Brady-45,5381
KISS,KISS,Liz,ASL_2008_02_01,41,2420,2460,ASL_2008_02_01-41,5382
KISS,KISS,Naomi,ASL_2008_08_13,34,4215,4248,ASL_2008_08_13-34,5383
KISS,KISS,Tyler,ASL_2008_05_29b,14,2121,2150,ASL_2008_05_29b-14,5384
KITE,(rd)KITE,Brady,ASL_2011_06_14_Brady,45,2771,2819,ASL_2011_06_14_Brady-45,5385
KITE,(rd)KITE,Liz,ASL_2008_02_01,41,3045,3120,ASL_2008_02_01-41,5386
KITE,KITE,Brady,ASL_2011_06_14_Brady,20,5960,5988,ASL_2011_06_14_Brady-20,5387
KITE,KITE,Naomi,ASL_2008_08_13,34,4763,4795,ASL_2008_08_13-34,5388
KITE,KITE,Tyler,ASL_2008_05_29a,25,2701,2766,ASL_2008_05_29a-25,5389
KITE,KITE,Tyler,ASL_2008_05_29b,14,2565,2597,ASL_2008_05_29b-14,5390
KNEEL,KNEEL,Brady,ASL_2011_06_14_Brady,45,4141,4194,ASL_2011_06_14_Brady-45,5391
KNEEL,KNEEL,Liz,ASL_2008_02_01,42,252,300,ASL_2008_02_01-42,5392
KNEEL,KNEEL,Naomi,ASL_2008_08_13,34,5056,5100,ASL_2008_08_13-34,5393
KNEEL,KNEEL,Tyler,ASL_2008_05_29b,14,2816,2855,ASL_2008_05_29b-14,5394
KNEELING,KNEELING,Brady,ASL_2011_06_14_Brady,45,2986,3022,ASL_2011_06_14_Brady-45,5395
KNEELING,KNEELING,Liz,ASL_2008_02_01,42,483,535,ASL_2008_02_01-42,5396
KNEELING,KNEELING,Naomi,ASL_2008_08_13,35,365,435,ASL_2008_08_13-35,5397
KNIFE,(U)KNIFE+,Brady,ASL_2011_06_14_Brady,45,4733,4764,ASL_2011_06_14_Brady-45,5398
KNIFE,(U)KNIFE+,Liz,ASL_2008_02_01,42,1051,1091,ASL_2008_02_01-42,5399
KNIFE,(U)KNIFE+,Naomi,ASL_2008_08_13,35,912,952,ASL_2008_08_13-35,5400
KNIFE,(U)KNIFE++,Tyler,ASL_2008_05_29b,15,556,605,ASL_2008_05_29b-15,5401
KNIFE,KNIFE+,Brady,ASL_2011_06_14_Brady,45,4516,4545,ASL_2011_06_14_Brady-45,5402
KNIFE,KNIFE+,Liz,ASL_2008_02_01,42,785,825,ASL_2008_02_01-42,5403
KNIFE,KNIFE+,Naomi,ASL_2008_08_13,35,660,696,ASL_2008_08_13-35,5404
KNIFE,KNIFE_2+,Dana,ASL_2007_05_24,18,2063,2127,ASL_2007_05_24-18,5405
KNOCK,KNOCK+,Brady,ASL_2011_06_14_Brady,45,5001,5023,ASL_2011_06_14_Brady-45,5406
KNOCK,KNOCK+,Liz,ASL_2008_02_01,42,1332,1372,ASL_2008_02_01-42,5407
KNOCK,KNOCK+,Naomi,ASL_2008_08_13,35,1190,1225,ASL_2008_08_13-35,5408
KNOCK,KNOCK_2++,Tyler,ASL_2008_05_29b,15,1000,1035,ASL_2008_05_29b-15,5409
KNOW,KNOW+,Lana,ASL_2006_01_20,22,1604,1643,ASL_2006_01_20-22,5410
KNOW,KNOW+,Liz,ASL_2008_02_01,42,1550,1580,ASL_2008_02_01-42,5411
KNOW,KNOW+,Liz,ASL_2010_08_10_Liz_additional_lexicon_signs,27,2105,2155,ASL_2010_08_10_Liz_additional_lexicon_signs-27,5412
KNOW,KNOW++,Brady,ASL_2011_06_14_Brady,16,268,302,ASL_2011_06_14_Brady-16,5413
KNOW,KNOW++,Brady,ASL_2011_06_14_Brady,45,5224,5248,ASL_2011_06_14_Brady-45,5414
KNOW,KNOW++,Naomi,ASL_2008_08_13,35,1428,1466,ASL_2008_08_13-35,5415
KNOW,KNOW++,Tyler,ASL_2008_05_29b,15,1175,1211,ASL_2008_05_29b-15,5416
KNOW+(1h)NEG,KNOW+(1h)NEG,Brady,ASL_2011_06_08_Brady,38,1511,1523,ASL_2011_06_08_Brady-38,5417
KNOW+(1h)NEG,KNOW+(1h)NEG,Brady,ASL_2011_06_14_Brady,45,5739,5753,ASL_2011_06_14_Brady-45,5418
KNOW+(1h)NEG,KNOW+(1h)NEG,Dana,ASL_2007_05_24,11,1086,1127,ASL_2007_05_24-11,5419
KNOW+(1h)NEG,KNOW+(1h)NEG,Lana,ASL_2006_10_10,7,1031,1066,ASL_2006_10_10-7,5420
KNOW+(1h)NEG,KNOW+(1h)NEG,Liz,ASL_2008_01_18,22,919,955,ASL_2008_01_18-22,5421
KNOW+(1h)NEG,KNOW+(1h)NEG,Naomi,ASL_2008_08_06,22,838,850,ASL_2008_08_06-22,5422
KNOW+(1h)NEG,KNOW+(1h)NEG,Tyler,ASL_2008_05_29a,2,1235,1255,ASL_2008_05_29a-2,5423
KNOW++THAT,KNOW++THAT,Tyler,ASL_2008_05_29b,15,1417,1445,ASL_2008_05_29b-15,5424
KNOW++THAT,KNOW+THAT,Dana,ASL_2007_05_24,18,2613,2645,ASL_2007_05_24-18,5425
KNOW-NOTHING,(O)KNOW-NOTHING,Lana,ASL_2006_10_10,16,367,415,ASL_2006_10_10-16,5426
KNOW-NOTHING,KNOW-NOTHING++,Dana,ASL_2007_05_24,19,303,355,ASL_2007_05_24-19,5427
KNOW-NOTHING,KNOW-NOTHING++,Liz,ASL_2010_08_10_Liz_additional_lexicon_signs,31,125,200,ASL_2010_08_10_Liz_additional_lexicon_signs-31,5428
KNOW-THAT,KNOW-THAT,Lana,ASL_2006_10_10,15,2641,2664,ASL_2006_10_10-15,5429
KNOW-THAT,KNOW-THAT,Liz,ASL_2008_02_01,42,1800,1835,ASL_2008_02_01-42,5430
KNOW-THAT,KNOW-THAT,Naomi,ASL_2008_08_13,35,1663,1688,ASL_2008_08_13-35,5431
L,L,Brady,ASL_2011_06_14_Brady,45,6282,6310,ASL_2011_06_14_Brady-45,5432
L,L,Liz,ASL_2008_02_01,42,3760,3805,ASL_2008_02_01-42,5433
L,L,Naomi,ASL_2008_08_13,35,3180,3225,ASL_2008_08_13-35,5434
L,L,Tyler,ASL_2008_05_29b,15,2640,2671,ASL_2008_05_29b-15,5435
LABEL,LABEL,Brady,ASL_2011_06_14_Brady,46,95,130,ASL_2011_06_14_Brady-46,5436
LABEL,LABEL,Liz,ASL_2010_08_10_Liz_additional_lexicon_signs,31,316,385,ASL_2010_08_10_Liz_additional_lexicon_signs-31,5437
LACROSSE,LACROSSE,Liz,ASL_2010_08_10_Liz_additional_lexicon_signs,31,675,755,ASL_2010_08_10_Liz_additional_lexicon_signs-31,5438
LACROSSE,LACROSSE_2++,Brady,ASL_2011_06_14_Brady,46,684,718,ASL_2011_06_14_Brady-46,5439
LADDER,LADDER+,Liz,ASL_2008_02_29,17,1385,1487,ASL_2008_02_29-17,5440
LADDER,LADDER+,Naomi,ASL_2008_08_13,35,3482,3535,ASL_2008_08_13-35,5441
LADDER,LADDER++,Brady,ASL_2011_06_14_Brady,46,975,1018,ASL_2011_06_14_Brady-46,5442
LADDER,LADDER++,Tyler,ASL_2008_05_29b,15,2845,2901,ASL_2008_05_29b-15,5443
LAID-UP,LAID-UP,Brady,ASL_2011_06_14_Brady,46,2466,2484,ASL_2011_06_14_Brady-46,5444
LAID-UP,LAID-UP,Liz,ASL_2008_02_01,43,1372,1441,ASL_2008_02_01-43,5445
LAID-UP,LAID-UP,Naomi,ASL_2008_08_13,36,918,953,ASL_2008_08_13-36,5446
LANGUAGE,LANGUAGE,Brady,ASL_2011_06_14_Brady,46,3488,3508,ASL_2011_06_14_Brady-46,5447
LANGUAGE,LANGUAGE,Liz,ASL_2010_08_10_Liz_additional_lexicon_signs,2,2988,3030,ASL_2010_08_10_Liz_additional_lexicon_signs-2,5448
LANGUAGE,LANGUAGE-pl,Brady,ASL_2011_06_14_Brady,46,3719,3759,ASL_2011_06_14_Brady-46,5449
LANGUAGE,LANGUAGE-pl,Liz,ASL_2010_08_10_Liz_additional_lexicon_signs,2,3140,3187,ASL_2010_08_10_Liz_additional_lexicon_signs-2,5450
LANTERN,(Y)LANTERN,Brady,ASL_2011_06_14_Brady,46,4011,4029,ASL_2011_06_14_Brady-46,5451
LANTERN,(Y)LANTERN,Liz,ASL_2008_02_01,43,2585,2662,ASL_2008_02_01-43,5452
LANTERN,LANTERN,Tyler,ASL_2008_05_29b,16,1621,1655,ASL_2008_05_29b-16,5453
LAP,LAP+,Brady,ASL_2011_06_14_Brady,46,4271,4311,ASL_2011_06_14_Brady-46,5454
LAP,LAP+,Liz,ASL_2008_02_01,43,2927,3014,ASL_2008_02_01-43,5455
LAP,LAP+,Naomi,ASL_2008_08_13,36,2867,2900,ASL_2008_08_13-36,5456
LAP,LAP+,Tyler,ASL_2008_05_29b,16,1960,2002,ASL_2008_05_29b-16,5457
LAPTOP,LAPTOP,Tyler,ASL_2008_05_29b,16,2220,2250,ASL_2008_05_29b-16,5458
LAPTOP,LAPTOP+,Brady,ASL_2011_06_14_Brady,46,4506,4540,ASL_2011_06_14_Brady-46,5459
LAPTOP,LAPTOP+,Liz,ASL_2008_02_01,43,3261,3320,ASL_2008_02_01-43,5460
LAPTOP,LAPTOP+,Naomi,ASL_2008_08_13,36,3153,3180,ASL_2008_08_13-36,5461
LAST,LAST,Brady,ASL_2011_06_14_Brady,46,4970,4983,ASL_2011_06_14_Brady-46,5462
LAST,LAST,Liz,ASL_2008_02_01,44,895,935,ASL_2008_02_01-44,5463
LAST,LAST,Naomi,ASL_2008_08_13,37,2208,2225,ASL_2008_08_13-37,5464
LAST,LAST,Tyler,ASL_2008_05_29b,17,797,815,ASL_2008_05_29b-17,5465
LAST-WEEK,LAST-WEEK,Brady,ASL_2011_06_14_Brady,46,5186,5208,ASL_2011_06_14_Brady-46,5466
LAST-WEEK,LAST-WEEK,Liz,ASL_2008_02_01,44,450,486,ASL_2008_02_01-44,5467
LAST-WEEK,LAST-WEEK,Naomi,ASL_2008_08_13,37,1092,1117,ASL_2008_08_13-37,5468
LAST-WEEK,LAST-WEEK,Tyler,ASL_2008_05_29b,17,230,256,ASL_2008_05_29b-17,5469
LATCH,LATCH,Brady,ASL_2011_06_14_Brady,50,4552,4579,ASL_2011_06_14_Brady-50,5470
LATCH,LATCH,Tyler,ASL_2008_06_10,3,4022,4051,ASL_2008_06_10-3,5471
LATE,LATE,Lana,ASL_2006_10_10,16,642,661,ASL_2006_10_10-16,5472
LATE,LATE,Tyler,ASL_2008_05_29b,17,1255,1275,ASL_2008_05_29b-17,5473
LATER,LATER,Brady,ASL_2011_06_14_Brady,47,1533,1543,ASL_2011_06_14_Brady-47,5474
LATER,LATER+++,Tyler,ASL_2008_05_29b,17,1480,1513,ASL_2008_05_29b-17,5475
LATER_2,LATER_2,Brady,ASL_2011_06_14_Brady,47,1295,1330,ASL_2011_06_14_Brady-47,5476
LATER_2,LATER_2,Liz,ASL_2008_02_01,44,1385,1410,ASL_2008_02_01-44,5477
LATER_2,LATER_2,Naomi,ASL_2008_08_13,37,3630,3652,ASL_2008_08_13-37,5478
LAUGH,(1h)LAUGH++,Tyler,ASL_2008_05_12a,46,1786,1820,ASL_2008_05_12a-46,5479
LAUGH,LAUGH+,Brady,ASL_2011_06_14_Brady,47,1777,1811,ASL_2011_06_14_Brady-47,5480
LAUGH,LAUGH+,Liz,ASL_2008_02_01,44,1595,1630,ASL_2008_02_01-44,5481
LAUGH,LAUGH++,Naomi,ASL_2008_08_13,37,3815,3857,ASL_2008_08_13-37,5482
LAUGH,LAUGH++,Tyler,ASL_2008_05_29b,17,1791,1826,ASL_2008_05_29b-17,5483
LAW,LAW,Brady,ASL_2011_06_14_Brady,47,2043,2064,ASL_2011_06_14_Brady-47,5484
LAW,LAW,Dana,ASL_2007_05_24,18,2205,2256,ASL_2007_05_24-18,5485
LAW,LAW,Lana,ASL_2006_10_10,15,2232,2271,ASL_2006_10_10-15,5486
LAW,LAW,Liz,ASL_2010_08_10_Liz_additional_lexicon_signs,2,3305,3345,ASL_2010_08_10_Liz_additional_lexicon_signs-2,5487
LAW,LAW-pl,Brady,ASL_2011_06_14_Brady,47,2317,2373,ASL_2011_06_14_Brady-47,5488
LAW,LAW-pl,Liz,ASL_2010_08_10_Liz_additional_lexicon_signs,2,3455,3511,ASL_2010_08_10_Liz_additional_lexicon_signs-2,5489
LAW+AGENT,LAW+AGENT,Brady,ASL_2011_06_14_Brady,47,2686,2722,ASL_2011_06_14_Brady-47,5490
LAW+AGENT,LAW+AGENT,Liz,ASL_2008_02_01,44,1905,1976,ASL_2008_02_01-44,5491
LAW+AGENT,LAW+AGENT,Naomi,ASL_2008_08_13,37,4067,4127,ASL_2008_08_13-37,5492
LAW+AGENT,LAW+AGENT,Tyler,ASL_2008_05_29b,17,2023,2077,ASL_2008_05_29b-17,5493
LAZY,LAZY,Naomi,ASL_2008_08_13,37,4640,4672,ASL_2008_08_13-37,5494
LAZY,LAZY+,Dana,ASL_2007_05_24,19,977,1030,ASL_2007_05_24-19,5495
LAZY,LAZY+,Lana,ASL_2006_10_10,16,1024,1070,ASL_2006_10_10-16,5496
LAZY,LAZY+,Liz,ASL_2008_02_01,44,2482,2535,ASL_2008_02_01-44,5497
LAZY,LAZY++,Brady,ASL_2011_06_14_Brady,47,3200,3237,ASL_2011_06_14_Brady-47,5498
LAZY,LAZY++,Tyler,ASL_2008_05_29b,17,2421,2485,ASL_2008_05_29b-17,5499
"LCL""path-turn-around""","(1h)LCL""path-turn-around""",Liz,ASL_2008_03_28,24,2548,2584,ASL_2008_03_28-24,5500
"LCL""path-turn-around""","LCL""path-turn-around""",Brady,ASL_2011_07_22_Brady,13,804,857,ASL_2011_07_22_Brady-13,5501
"LCL""path-turn-around""","LCL""path-turn-around""",Brady,ASL_2011_07_22_Brady,13,1178,1230,ASL_2011_07_22_Brady-13,5502
"LCL""path-turn-around""","LCL""path-turn-around""",Brady,ASL_2011_07_22_Brady,56,1025,1079,ASL_2011_07_22_Brady-56,5503
"LCL""path-turn-around""","LCL""path-turn-around""",Liz,ASL_2008_03_28,24,2246,2314,ASL_2008_03_28-24,5504
"LCL""path-turn-around""","LCL""path-turn-around""",Liz,ASL_2008_03_28,25,1120,1170,ASL_2008_03_28-25,5505
"LCL:B-L""receive from heaven""+BOOK","LCL:B-L""receive from heaven""+BOOK",Liz,ASL_2010_08_10_Liz_additional_lexicon_signs,9,312,397,ASL_2010_08_10_Liz_additional_lexicon_signs-9,5506
LEAD,(8)LEAD,Tyler,ASL_2008_05_29a,43,1525,1577,ASL_2008_05_29a-43,5507
LEAD,LEAD,Brady,ASL_2011_06_14_Brady,29,7234,7266,ASL_2011_06_14_Brady-29,5508
LEAD,LEAD,Liz,ASL_2008_02_01,13,1485,1537,ASL_2008_02_01-13,5509
LEAD,LEAD,Naomi,ASL_2008_08_13,11,1689,1720,ASL_2008_08_13-11,5510
LEAD+AGENT,LEAD+AGENT,Brady,ASL_2011_06_14_Brady,47,3469,3502,ASL_2011_06_14_Brady-47,5511
LEAD+AGENT,LEAD+AGENT,Liz,ASL_2010_08_10_Liz_additional_lexicon_signs,31,1059,1138,ASL_2010_08_10_Liz_additional_lexicon_signs-31,5512
LEAF,LEAF+,Liz,ASL_2008_02_01,45,346,407,ASL_2008_02_01-45,5513
LEAF,LEAF+,Naomi,ASL_2008_08_13,37,4940,4980,ASL_2008_08_13-37,5514
LEAF,LEAF++,Brady,ASL_2011_06_14_Brady,47,3731,3770,ASL_2011_06_14_Brady-47,5515
LEAF,LEAF++,Tyler,ASL_2008_05_29b,17,2691,2735,ASL_2008_05_29b-17,5516
LEAK,LEAK+++,Liz,ASL_2008_02_29,20,1080,1142,ASL_2008_02_29-20,5517
LEARN,LEARN,Brady,ASL_2011_06_14_Brady,47,3963,3987,ASL_2011_06_14_Brady-47,5518
LEARN,LEARN,Dana,ASL_2007_05_24,18,2746,2774,ASL_2007_05_24-18,5519
LEARN,LEARN,Lana,ASL_2006_10_10,15,2762,2794,ASL_2006_10_10-15,5520
LEARN,LEARN,Liz,ASL_2008_02_01,45,592,627,ASL_2008_02_01-45,5521
LEARN,LEARN,Naomi,ASL_2008_08_13_session2,1,370,392,ASL_2008_08_13_session2-1,5522
LEARN,LEARN,Tyler,ASL_2008_05_29b,18,297,325,ASL_2008_05_29b-18,5523
LEARN+AGENT,LEARN+AGENT,Liz,ASL_2008_02_29,50,1681,1728,ASL_2008_02_29-50,5524
LEARN+AGENT,LEARN+AGENT,Liz,ASL_2008_02_29,50,3515,3555,ASL_2008_02_29-50,5525
LEARN+AGENT,LEARN+AGENT,Liz,ASL_2008_02_29,50,3668,3710,ASL_2008_02_29-50,5526
LEATHER,LEATHER+,Liz,ASL_2008_02_01,45,1330,1385,ASL_2008_02_01-45,5527
LEATHER,LEATHER+,Naomi,ASL_2008_08_13_session2,1,1125,1160,ASL_2008_08_13_session2-1,5528
LEAVE,LEAVE,Brady,ASL_2011_06_14_Brady,47,4974,4996,ASL_2011_06_14_Brady-47,5529
LEAVE,LEAVE,Liz,ASL_2008_02_01,45,1657,1690,ASL_2008_02_01-45,5530
LEAVE,LEAVE,Naomi,ASL_2008_08_13_session2,1,1655,1680,ASL_2008_08_13_session2-1,5531
LEAVE,LEAVE,Tyler,ASL_2008_05_29b,18,1320,1350,ASL_2008_05_29b-18,5532
LEAVE-THERE,LEAVE-THERE,Brady,ASL_2011_06_14_Brady,47,6059,6080,ASL_2011_06_14_Brady-47,5533
LEAVE-THERE,LEAVE-THERE,Dana,ASL_2007_05_24,19,168,214,ASL_2007_05_24-19,5534
LEAVE-THERE,LEAVE-THERE,Lana,ASL_2006_10_10,16,236,253,ASL_2006_10_10-16,5535
LEAVE-THERE,LEAVE-THERE,Liz,ASL_2008_02_01,45,3315,3345,ASL_2008_02_01-45,5536
LEAVE-THERE,LEAVE-THERE,Naomi,ASL_2008_08_13_session2,1,4492,4512,ASL_2008_08_13_session2-1,5537
LEAVE-THERE,LEAVE-THERE,Tyler,ASL_2008_05_29b,18,3317,3337,ASL_2008_05_29b-18,5538
LECTURE,LECTURE+,Brady,ASL_2011_06_08_Brady,16,411,432,ASL_2011_06_08_Brady-16,5539
LECTURE,LECTURE+,Dana,ASL_2007_05_24,19,1250,1308,ASL_2007_05_24-19,5540
LECTURE,LECTURE+,Liz,ASL_2008_02_01,45,2787,2820,ASL_2008_02_01-45,5541
LECTURE,LECTURE+,Naomi,ASL_2008_08_13_session2,1,3992,4035,ASL_2008_08_13_session2-1,5542
LECTURE,LECTURE+,Tyler,ASL_2008_05_29b,18,2040,2095,ASL_2008_05_29b-18,5543
LECTURE,LECTURE++,Brady,ASL_2011_06_14_Brady,47,5824,5852,ASL_2011_06_14_Brady-47,5544
LEFT,LEFT,Brady,ASL_2011_06_14_Brady,48,228,241,ASL_2011_06_14_Brady-48,5545
LEFT,LEFT,Dana,ASL_2007_05_24,19,1687,1731,ASL_2007_05_24-19,5546
LEFT,LEFT,Lana,ASL_2006_10_10,16,1663,1686,ASL_2006_10_10-16,5547
LEFT,LEFT,Liz,ASL_2008_02_01,45,3560,3595,ASL_2008_02_01-45,5548
LEFT,LEFT,Naomi,ASL_2008_08_13_session2,1,4682,4700,ASL_2008_08_13_session2-1,5549
LEFT,LEFT,Tyler,ASL_2008_05_29b,18,3650,3672,ASL_2008_05_29b-18,5550
LEFT-ARM,LEFT-ARM,Liz,ASL_2008_02_01,45,3060,3095,ASL_2008_02_01-45,5551
LEFT-ARM,LEFT-ARM+,Brady,ASL_2011_06_14_Brady,48,474,516,ASL_2011_06_14_Brady-48,5552
LEFT-ARM,LEFT-ARM+,Brady,ASL_2011_07_19_Brady,60,2807,2838,ASL_2011_07_19_Brady-60,5553
LEFT-ARM,LEFT-ARM+,Naomi,ASL_2008_08_13_session2,1,4225,4252,ASL_2008_08_13_session2-1,5554
LEFT-ARM,RIGHT-ARM+,Liz,ASL_2008_02_29,15,2275,2316,ASL_2008_02_29-15,5555
LEG,LEG,Brady,ASL_2011_06_14_Brady,48,1588,1628,ASL_2011_06_14_Brady-48,5556
LEG,LEG,Liz,ASL_2008_02_01,46,302,345,ASL_2008_02_01-46,5557
LEG,LEG,Naomi,ASL_2008_08_13_session2,1,4986,5020,ASL_2008_08_13_session2-1,5558
LEG,LEG++,Tyler,ASL_2008_05_29b,18,3900,3945,ASL_2008_05_29b-18,5559
LEGAL-RIGHT,LEGAL-RIGHT,Brady,ASL_2011_07_19_Brady,60,1667,1688,ASL_2011_07_19_Brady-60,5560
LEGAL-RIGHT,LEGAL-RIGHT,Liz,ASL_2008_02_29,15,2521,2550,ASL_2008_02_29-15,5561
LEGISLATURE,LEGISLATURE,Brady,ASL_2011_06_14_Brady,48,1196,1217,ASL_2011_06_14_Brady-48,5562
LEGISLATURE,LEGISLATURE,Liz,ASL_2008_02_01,46,560,600,ASL_2008_02_01-46,5563
LEGISLATURE,LEGISLATURE,Naomi,ASL_2008_08_13_session2,2,310,340,ASL_2008_08_13_session2-2,5564
LEMON,LEMON+,Brady,ASL_2011_06_14_Brady,48,2046,2078,ASL_2011_06_14_Brady-48,5565
LEMON,LEMON+,Liz,ASL_2008_02_01,46,895,925,ASL_2008_02_01-46,5566
LEMON,LEMON+,Naomi,ASL_2008_08_13_session2,2,575,592,ASL_2008_08_13_session2-2,5567
LEMON,LEMON+,Tyler,ASL_2008_05_29b,19,1120,1162,ASL_2008_05_29b-19,5568
LEND,LEND,Brady,ASL_2011_06_14_Brady,48,2295,2325,ASL_2011_06_14_Brady-48,5569
LEND,LEND,Brady,ASL_2011_06_14_Brady,48,2596,2620,ASL_2011_06_14_Brady-48,5570
LEND,LEND,Liz,ASL_2008_02_01,46,1171,1207,ASL_2008_02_01-46,5571
LEND,LEND,Liz,ASL_2010_08_10_Liz_additional_lexicon_signs,5,2470,2528,ASL_2010_08_10_Liz_additional_lexicon_signs-5,5572
LEND,LEND,Naomi,ASL_2008_08_13_session2,2,910,940,ASL_2008_08_13_session2-2,5573
LEND,LEND,Tyler,ASL_2008_05_29b,19,1380,1405,ASL_2008_05_29b-19,5574
LESBIAN,LESBIAN+,Brady,ASL_2011_06_14_Brady,48,3068,3091,ASL_2011_06_14_Brady-48,5575
LESBIAN,LESBIAN+,Liz,ASL_2008_02_01,46,1630,1670,ASL_2008_02_01-46,5576
LESBIAN,LESBIAN+,Tyler,ASL_2008_05_29b,19,1580,1620,ASL_2008_05_29b-19,5577
LESBIAN,LESBIAN_2+,Naomi,ASL_2008_08_13_session2,2,1220,1255,ASL_2008_08_13_session2-2,5578
LESS,LESS,Brady,ASL_2011_06_14_Brady,48,3255,3281,ASL_2011_06_14_Brady-48,5579
LESS,LESS,Brady,ASL_2011_06_14_Brady,52,7059,7093,ASL_2011_06_14_Brady-52,5580
LESS,LESS,Dana,ASL_2007_05_24,11,278,321,ASL_2007_05_24-11,5581
LESS,LESS,Liz,ASL_2008_02_01,47,412,445,ASL_2008_02_01-47,5582
LESS,LESS,Liz,ASL_2008_02_01,55,777,820,ASL_2008_02_01-55,5583
LESS,LESS,Naomi,ASL_2008_08_13_session2,2,1675,1705,ASL_2008_08_13_session2-2,5584
LESS,LESS,Naomi,ASL_2008_08_13_session2,9,3666,3705,ASL_2008_08_13_session2-9,5585
LESS,LESS,Tyler,ASL_2008_05_29b,19,1815,1841,ASL_2008_05_29b-19,5586
LESS,LESS,Tyler,ASL_2008_06_10,6,4115,4141,ASL_2008_06_10-6,5587
LESS-THAN,LESS-THAN,Brady,ASL_2011_06_08_Brady,19,5325,5353,ASL_2011_06_08_Brady-19,5588
LESS-THAN,LESS-THAN,Liz,ASL_2008_01_11,40,495,520,ASL_2008_01_11-40,5589
LESS-THAN,LESS-THAN,Naomi,ASL_2008_08_04,26,3140,3165,ASL_2008_08_04-26,5590
LESS-THAN,LESS-THAN,Naomi,ASL_2008_08_04,26,3380,3400,ASL_2008_08_04-26,5591
LESS-THAN,LESS-THAN,Tyler,ASL_2008_05_12a,25,3850,3876,ASL_2008_05_12a-25,5592
LETTER/MAIL,LETTER/MAIL,Brady,ASL_2011_06_14_Brady,48,4143,4161,ASL_2011_06_14_Brady-48,5593
LETTER/MAIL,LETTER/MAIL,Brady,ASL_2011_07_19_Brady,95,1812,1829,ASL_2011_07_19_Brady-95,5594
LETTER/MAIL,LETTER/MAIL,Dana,ASL_2007_05_24,19,442,499,ASL_2007_05_24-19,5595
LETTER/MAIL,LETTER/MAIL,Lana,ASL_2006_10_10,16,505,521,ASL_2006_10_10-16,5596
LETTER/MAIL,LETTER/MAIL,Liz,ASL_2008_02_01,47,1680,1720,ASL_2008_02_01-47,5597
LETTER/MAIL,LETTER/MAIL,Naomi,ASL_2008_08_13_session2,2,2767,2790,ASL_2008_08_13_session2-2,5598
LETTER/MAIL,LETTER/MAIL,Tyler,ASL_2008_05_29b,19,2770,2805,ASL_2008_05_29b-19,5599
LETTER/MAIL,LETTER/MAIL_2,Brady,ASL_2011_07_19_Brady,95,2068,2090,ASL_2011_07_19_Brady-95,5600
LETTER/MAIL,LETTER/MAIL_2,Liz,ASL_2008_02_29,43,3116,3157,ASL_2008_02_29-43,5601
LIBRARY,LIBRARY+,Brady,ASL_2011_06_14_Brady,48,5855,5890,ASL_2011_06_14_Brady-48,5602
LIBRARY,LIBRARY+,Lana,ASL_2006_09_26,61,1856,1895,ASL_2006_09_26-61,5603
LIBRARY,LIBRARY+,Liz,ASL_2008_02_01,48,1460,1505,ASL_2008_02_01-48,5604
LIBRARY,LIBRARY+,Naomi,ASL_2008_08_13_session2,3,1581,1642,ASL_2008_08_13_session2-3,5605
LIBRARY,LIBRARY+,Tyler,ASL_2008_05_29b,20,1227,1285,ASL_2008_05_29b-20,5606
LIBRARY+AGENT,LIBRARY+AGENT,Brady,ASL_2011_06_14_Brady,48,5554,5591,ASL_2011_06_14_Brady-48,5607
LIBRARY+AGENT,LIBRARY+AGENT,Liz,ASL_2008_02_01,48,1200,1255,ASL_2008_02_01-48,5608
LIBRARY+AGENT,LIBRARY+AGENT,Naomi,ASL_2008_08_13_session2,3,1252,1305,ASL_2008_08_13_session2-3,5609
LIBRARY+AGENT,LIBRARY+AGENT,Tyler,ASL_2008_05_29b,20,946,988,ASL_2008_05_29b-20,5610
LICENSE,LICENSE,Tyler,ASL_2008_05_29b,20,1500,1517,ASL_2008_05_29b-20,5611
LICENSE,LICENSE+,Brady,ASL_2011_06_14_Brady,48,6062,6090,ASL_2011_06_14_Brady-48,5612
LICENSE,LICENSE+,Liz,ASL_2008_02_01,48,1745,1780,ASL_2008_02_01-48,5613
LICENSE,LICENSE+,Naomi,ASL_2008_08_13_session2,3,1900,1935,ASL_2008_08_13_session2-3,5614
LICK,LICK+,Brady,ASL_2011_06_14_Brady,48,6645,6672,ASL_2011_06_14_Brady-48,5615
LICK,LICK+,Tyler,ASL_2008_05_29b,20,1700,1730,ASL_2008_05_29b-20,5616
LICK,LICK++,Liz,ASL_2008_02_01,48,2095,2141,ASL_2008_02_01-48,5617
LICK,LICK++,Naomi,ASL_2008_08_13_session2,3,2337,2385,ASL_2008_08_13_session2-3,5618
LID,LID+,Liz,ASL_2008_02_01,48,2611,2651,ASL_2008_02_01-48,5619
LID,LID+,Naomi,ASL_2008_08_13_session2,3,2801,2843,ASL_2008_08_13_session2-3,5620
LID,SCREW-CAP,Tyler,ASL_2008_05_29b,20,2096,2132,ASL_2008_05_29b-20,5621
LIE,LIE,Brady,ASL_2011_06_14_Brady,48,5084,5095,ASL_2011_06_14_Brady-48,5622
LIE,LIE,Liz,ASL_2008_02_01,48,910,930,ASL_2008_02_01-48,5623
LIE,LIE,Liz,ASL_2008_02_01,49,505,531,ASL_2008_02_01-49,5624
LIE,LIE,Naomi,ASL_2008_08_13_session2,3,970,986,ASL_2008_08_13_session2-3,5625
LIE,LIE,Naomi,ASL_2008_08_13_session2,3,3750,3765,ASL_2008_08_13_session2-3,5626
LIE,LIE,Tyler,ASL_2008_05_29b,20,485,507,ASL_2008_05_29b-20,5627
LIE,LIE,Tyler,ASL_2008_05_29b,20,2667,2685,ASL_2008_05_29b-20,5628
LIE,LIE_2,Lana,ASL_2006_09_26,61,1971,1993,ASL_2006_09_26-61,5629
LIE-DOWN,LIE-DOWN,Liz,ASL_2008_02_01,48,2975,3025,ASL_2008_02_01-48,5630
LIE-DOWN,LIE-DOWN,Naomi,ASL_2008_08_13_session2,3,3105,3145,ASL_2008_08_13_session2-3,5631
LIE-DOWN,LIE-DOWN,Tyler,ASL_2008_05_29b,20,2435,2456,ASL_2008_05_29b-20,5632
LIFT,LIFT,Liz,ASL_2008_02_01,49,986,1027,ASL_2008_02_01-49,5633
LIFT,LIFT,Naomi,ASL_2008_08_13_session2,4,1410,1432,ASL_2008_08_13_session2-4,5634
LIFT,LIFT,Tyler,ASL_2008_06_10,1,352,385,ASL_2008_06_10-1,5635
LIGHT,LIGHT+,Liz,ASL_2008_02_01,49,1440,1480,ASL_2008_02_01-49,5636
LIGHT,LIGHT+,Naomi,ASL_2008_08_13_session2,4,1951,1986,ASL_2008_08_13_session2-4,5637
LIGHT,LIGHT+,Tyler,ASL_2008_06_10,1,835,890,ASL_2008_06_10-1,5638
LIGHT+HOUSE,LIGHT++HOUSE,Tyler,ASL_2008_06_10,1,1604,1665,ASL_2008_06_10-1,5639
LIGHT+HOUSE,LIGHT+HOUSE,Liz,ASL_2008_02_01,49,2299,2352,ASL_2008_02_01-49,5640
LIGHT+HOUSE,LIGHT+HOUSE,Naomi,ASL_2008_08_13_session2,4,2889,2931,ASL_2008_08_13_session2-4,5641
LIGHT+LIGHT-ON,LIGHT++LIGHT-ON,Tyler,ASL_2008_06_10,1,2130,2175,ASL_2008_06_10-1,5642
LIGHT+LIGHT-ON,LIGHT+LIGHT-ON,Liz,ASL_2008_02_01,49,3049,3101,ASL_2008_02_01-49,5643
LIGHT+LIGHT-ON,LIGHT+LIGHT-ON,Naomi,ASL_2008_08_13_session2,4,3650,3705,ASL_2008_08_13_session2-4,5644
LIGHT+LIGHT-OUT,LIGHT++LIGHT-OUT,Tyler,ASL_2008_06_10,1,2323,2372,ASL_2008_06_10-1,5645
LIGHT+LIGHT-OUT,LIGHT+LIGHT-OUT,Liz,ASL_2008_02_01,50,576,663,ASL_2008_02_01-50,5646
LIGHT+LIGHT-OUT,LIGHT+LIGHT-OUT,Naomi,ASL_2008_08_13_session2,4,3935,3967,ASL_2008_08_13_session2-4,5647
LIGHT-FLASH,LIGHT-FLASH,Liz,ASL_2008_02_01,49,1195,1240,ASL_2008_02_01-49,5648
LIGHT-FLASH,LIGHT-FLASH,Tyler,ASL_2008_06_10,1,620,661,ASL_2008_06_10-1,5649
LIGHT-FLASH,LIGHT-FLASH+,Naomi,ASL_2008_08_13_session2,4,1691,1750,ASL_2008_08_13_session2-4,5650
LIGHT-MATCH,(nd-B-L)LIGHT-MATCH,Brady,ASL_2011_06_14_Brady,54,5419,5435,ASL_2011_06_14_Brady-54,5651
LIGHT-MATCH,(nd-B-L)LIGHT-MATCH,Liz,ASL_2008_02_01,58,3135,3170,ASL_2008_02_01-58,5652
LIGHT-MATCH,LIGHT-MATCH,Tyler,ASL_2008_06_10,10,3266,3290,ASL_2008_06_10-10,5653
LIGHT-WEIGHT,LIGHT-WEIGHT+,Tyler,ASL_2008_06_10,2,523,562,ASL_2008_06_10-2,5654
LIGHTHOUSE,LIGHTHOUSE,Liz,ASL_2008_02_01,49,1990,2040,ASL_2008_02_01-49,5655
LIGHTHOUSE,LIGHTHOUSE+,Naomi,ASL_2008_08_13_session2,4,2610,2680,ASL_2008_08_13_session2-4,5656
LIGHTHOUSE,LIGHTHOUSE+,Tyler,ASL_2008_06_10,1,1287,1345,ASL_2008_06_10-1,5657
LIGHTNING,LIGHTNING,Liz,ASL_2008_02_01,49,2645,2690,ASL_2008_02_01-49,5658
LIGHTNING,LIGHTNING,Naomi,ASL_2008_08_13_session2,4,3210,3236,ASL_2008_08_13_session2-4,5659
LIGHTNING,LIGHTNING,Tyler,ASL_2008_06_10,1,1870,1905,ASL_2008_06_10-1,5660
LIKE,LIKE,Lana,ASL_2006_09_26,61,2083,2107,ASL_2006_09_26-61,5661
LIKE,LIKE,Lana,ASL_2006_10_10,17,2316,2331,ASL_2006_10_10-17,5662
LIKE,LIKE,Liz,ASL_2008_02_01,50,1140,1172,ASL_2008_02_01-50,5663
LIKE,LIKE,Naomi,ASL_2008_08_13_session2,5,595,622,ASL_2008_08_13_session2-5,5664
LIKE,LIKE,Tyler,ASL_2008_06_10,2,770,801,ASL_2008_06_10-2,5665
LIKE+(1h)NEG,LIKE+(1h)NEG,Brady,ASL_2011_06_08_Brady,36,1870,1885,ASL_2011_06_08_Brady-36,5666
LIKE+(1h)NEG,LIKE+(1h)NEG,Brady,ASL_2011_06_08_Brady,38,1704,1723,ASL_2011_06_08_Brady-38,5667
LIKE+(1h)NEG,LIKE+(1h)NEG,Dana,ASL_2007_05_24,11,1354,1414,ASL_2007_05_24-11,5668
LIKE+(1h)NEG,LIKE+(1h)NEG,Lana,ASL_2006_10_10,7,1300,1350,ASL_2006_10_10-7,5669
LIKE+(1h)NEG,LIKE+(1h)NEG,Liz,ASL_2008_01_18,22,1104,1142,ASL_2008_01_18-22,5670
LIKE+(1h)NEG,LIKE+(1h)NEG,Liz,ASL_2010_08_10_Liz_additional_lexicon_signs,27,993,1050,ASL_2010_08_10_Liz_additional_lexicon_signs-27,5671
LIKE+(1h)NEG,LIKE+(1h)NEG,Naomi,ASL_2008_08_06,22,1016,1037,ASL_2008_08_06-22,5672
LIKE+(1h)NEG,LIKE+(1h)NEG,Tyler,ASL_2008_05_29a,2,1478,1508,ASL_2008_05_29a-2,5673
LIMIT,LIMIT,Liz,ASL_2008_02_01,50,1510,1555,ASL_2008_02_01-50,5674
LIMIT,LIMIT,Naomi,ASL_2008_08_13_session2,5,905,925,ASL_2008_08_13_session2-5,5675
LIMIT,LIMIT,Tyler,ASL_2008_06_10,2,1207,1230,ASL_2008_06_10-2,5676
LINE,(1h)LINE,Liz,ASL_2008_03_28,27,1750,1797,ASL_2008_03_28-27,5677
LINE,LINE,Brady,ASL_2011_06_14_Brady,50,290,314,ASL_2011_06_14_Brady-50,5678
LINE,LINE,Brady,ASL_2011_07_22_Brady,16,519,530,ASL_2011_07_22_Brady-16,5679
LINE,LINE,Liz,ASL_2008_02_01,50,1760,1800,ASL_2008_02_01-50,5680
LINE,LINE,Naomi,ASL_2008_08_13_session2,5,1165,1186,ASL_2008_08_13_session2-5,5681
LINE,LINE,Tyler,ASL_2008_06_10,2,1467,1505,ASL_2008_06_10-2,5682
LINE,LINE,Tyler,ASL_2008_06_10,2,1768,1810,ASL_2008_06_10-2,5683
LINE-UP,LINE-UP,Brady,ASL_2011_06_14_Brady,50,543,565,ASL_2011_06_14_Brady-50,5684
LINE-UP,LINE-UP,Brady,ASL_2011_07_22_Brady,46,1973,2006,ASL_2011_07_22_Brady-46,5685
LINE-UP,LINE-UP,Liz,ASL_2008_02_01,50,2505,2541,ASL_2008_02_01-50,5686
LINE-UP,LINE-UP,Naomi,ASL_2008_08_13_session2,5,1835,1860,ASL_2008_08_13_session2-5,5687
LINE-UP,LINE-UP,Tyler,ASL_2008_06_10,2,2137,2180,ASL_2008_06_10-2,5688
LINED-PAPER,LINED-PAPER+,Naomi,ASL_2008_08_13_session2,5,1491,1546,ASL_2008_08_13_session2-5,5689
LINED-PAPER,LINED-PAPER++,Liz,ASL_2008_02_01,50,2197,2281,ASL_2008_02_01-50,5690
LINGUISTICS,LINGUISTICS,Brady,ASL_2011_06_14_Brady,50,827,850,ASL_2011_06_14_Brady-50,5691
LINGUISTICS,LINGUISTICS,Liz,ASL_2010_08_10_Liz_additional_lexicon_signs,20,2870,2915,ASL_2010_08_10_Liz_additional_lexicon_signs-20,5692
LION,LION,Brady,ASL_2011_06_14_Brady,50,1079,1112,ASL_2011_06_14_Brady-50,5693
LION,LION,Liz,ASL_2008_02_01,50,2760,2805,ASL_2008_02_01-50,5694
LION,LION,Naomi,ASL_2008_08_13_session2,5,2105,2130,ASL_2008_08_13_session2-5,5695
LION,LION,Tyler,ASL_2008_06_10,2,2385,2420,ASL_2008_06_10-2,5696
LIP/MOUTH,LIP/MOUTH+,Brady,ASL_2011_06_14_Brady,50,1569,1614,ASL_2011_06_14_Brady-50,5697
LIP/MOUTH,LIP/MOUTH+,Liz,ASL_2008_02_01,50,3195,3237,ASL_2008_02_01-50,5698
LIP/MOUTH,LIP/MOUTH+,Liz,ASL_2008_02_15,11,1440,1497,ASL_2008_02_15-11,5699
LIP/MOUTH,LIP/MOUTH+,Naomi,ASL_2008_08_13_session2,5,2732,2790,ASL_2008_08_13_session2-5,5700
LIP/MOUTH,LIP/MOUTH+,Tyler,ASL_2008_06_10,2,2850,2910,ASL_2008_06_10-2,5701
LIP/MOUTH,LIP/MOUTH+,Tyler,ASL_2008_06_10,20,1340,1383,ASL_2008_06_10-20,5702
LIPREAD,LIPREAD,Naomi,ASL_2008_08_13_session2,5,2430,2453,ASL_2008_08_13_session2-5,5703
LIPREAD,LIPREAD+,Brady,ASL_2011_06_14_Brady,50,1334,1367,ASL_2011_06_14_Brady-50,5704
LIPREAD,LIPREAD+,Liz,ASL_2008_02_01,50,3050,3096,ASL_2008_02_01-50,5705
LIPREAD,LIPREAD+,Tyler,ASL_2008_06_10,2,2612,2653,ASL_2008_06_10-2,5706
LIPSTICK,LIPSTICK+,Brady,ASL_2011_06_14_Brady,50,1803,1847,ASL_2011_06_14_Brady-50,5707
LIPSTICK,LIPSTICK+,Liz,ASL_2008_02_01,51,315,365,ASL_2008_02_01-51,5708
LIPSTICK,LIPSTICK+,Naomi,ASL_2008_08_13_session2,5,3015,3055,ASL_2008_08_13_session2-5,5709
LIPSTICK,LIPSTICK+,Tyler,ASL_2008_06_10,2,3110,3156,ASL_2008_06_10-2,5710
LIST,LIST,Liz,ASL_2008_02_01,47,1130,1170,ASL_2008_02_01-47,5711
LIST,LIST,Naomi,ASL_2008_08_13_session2,2,2260,2293,ASL_2008_08_13_session2-2,5712
LIST,LIST+,Brady,ASL_2011_06_14_Brady,48,3712,3754,ASL_2011_06_14_Brady-48,5713
LIST,LIST+,Brady,ASL_2011_06_14_Brady,50,2314,2366,ASL_2011_06_14_Brady-50,5714
LIST,LIST+,Liz,ASL_2008_02_01,51,882,940,ASL_2008_02_01-51,5715
LIST,LIST++,Naomi,ASL_2008_08_13_session2,6,622,665,ASL_2008_08_13_session2-6,5716
LIST,LIST++,Tyler,ASL_2008_05_29b,19,2345,2390,ASL_2008_05_29b-19,5717
LIST,LIST++,Tyler,ASL_2008_06_10,3,875,912,ASL_2008_06_10-3,5718
LIST+DO-DO,LIST+DO-DO,Brady,ASL_2011_06_08_Brady,9,11854,11900,ASL_2011_06_08_Brady-9,5719
LIST+DO-DO,LIST+DO-DO,Liz,ASL_2010_08_10_Liz_additional_lexicon_signs,6,609,692,ASL_2010_08_10_Liz_additional_lexicon_signs-6,5720
LIST-ORDER-IX,LIST-ORDER-IX+,Brady,ASL_2011_06_08_Brady,24,5992,6025,ASL_2011_06_08_Brady-24,5721
LIST-ORDER-IX,LIST-ORDER-IX+,Liz,ASL_2010_08_10_Liz_additional_lexicon_signs,18,1987,2066,ASL_2010_08_10_Liz_additional_lexicon_signs-18,5722
LIST-ORDER-MIDDLE,LIST-ORDER-MIDDLE,Liz,ASL_2010_08_10_Liz_additional_lexicon_signs,18,2190,2262,ASL_2010_08_10_Liz_additional_lexicon_signs-18,5723
LIST-ORDER-MIDDLE,LIST-ORDER-MIDDLE+,Brady,ASL_2011_06_08_Brady,24,6202,6224,ASL_2011_06_08_Brady-24,5724
LIST-ORDER-PINKY,LIST-ORDER-PINKY+,Brady,ASL_2011_06_08_Brady,24,6617,6639,ASL_2011_06_08_Brady-24,5725
LIST-ORDER-PINKY,LIST-ORDER-PINKY+,Liz,ASL_2010_08_10_Liz_additional_lexicon_signs,18,2561,2612,ASL_2010_08_10_Liz_additional_lexicon_signs-18,5726
LIST-ORDER-RING,LIST-ORDER-RING+,Brady,ASL_2011_06_08_Brady,24,6405,6434,ASL_2011_06_08_Brady-24,5727
LIST-ORDER-RING,LIST-ORDER-RING+,Liz,ASL_2010_08_10_Liz_additional_lexicon_signs,18,2383,2442,ASL_2010_08_10_Liz_additional_lexicon_signs-18,5728
LIST-ORDER-THUMB,LIST-ORDER-THUMB+,Liz,ASL_2010_08_10_Liz_additional_lexicon_signs,18,1777,1855,ASL_2010_08_10_Liz_additional_lexicon_signs-18,5729
LIST-ORDER-THUMB,LIST-ORDER-THUMB++,Brady,ASL_2011_06_08_Brady,24,5758,5791,ASL_2011_06_08_Brady-24,5730
LITTLE,LITTLE,Tyler,ASL_2008_06_10,3,1355,1385,ASL_2008_06_10-3,5731
LITTLE-BIT,LITTLE-BIT,Brady,ASL_2011_06_08_Brady,6,7322,7339,ASL_2011_06_08_Brady-6,5732
LITTLE-BIT,LITTLE-BIT,Liz,ASL_2008_01_11,4,3030,3056,ASL_2008_01_11-4,5733
LITTLE-BIT,LITTLE-BIT,Naomi,ASL_2008_08_04,3,2040,2066,ASL_2008_08_04-3,5734
LITTLE-BIT,LITTLE-BIT++,Tyler,ASL_2008_05_12a,3,1790,1850,ASL_2008_05_12a-3,5735
LIVE,(L)LIVE,Liz,ASL_2008_02_01,49,727,771,ASL_2008_02_01-49,5736
LIVE,(L)LIVE,Naomi,ASL_2008_08_13_session2,4,581,615,ASL_2008_08_13_session2-4,5737
LIVE,(L)LIVE,Tyler,ASL_2008_06_10,1,155,197,ASL_2008_06_10-1,5738
LIVE,(L)LIVE,Tyler,ASL_2008_06_10,3,1650,1677,ASL_2008_06_10-3,5739
LIVE,LIVE,Brady,ASL_2011_06_14_Brady,50,2994,3024,ASL_2011_06_14_Brady-50,5740
LIVE,LIVE,Brady,ASL_2011_07_19_Brady,59,1912,1939,ASL_2011_07_19_Brady-59,5741
LIVE,LIVE,Dana,ASL_2007_05_24,19,710,753,ASL_2007_05_24-19,5742
LIVE,LIVE,Lana,ASL_2006_10_10,17,741,763,ASL_2006_10_10-17,5743
LIVE,LIVE,Liz,ASL_2008_02_01,51,1716,1760,ASL_2008_02_01-51,5744
LIVE,LIVE,Liz,ASL_2008_02_29,14,1395,1427,ASL_2008_02_29-14,5745
LIVE,LIVE,Naomi,ASL_2008_08_13_session2,6,1846,1882,ASL_2008_08_13_session2-6,5746
LOBSTER,LOBSTER+,Brady,ASL_2011_06_14_Brady,50,4316,4347,ASL_2011_06_14_Brady-50,5747
LOBSTER,LOBSTER+,Liz,ASL_2008_02_01,51,3010,3055,ASL_2008_02_01-51,5748
LOBSTER,LOBSTER+,Naomi,ASL_2008_08_13_session2,6,3481,3510,ASL_2008_08_13_session2-6,5749
LOBSTER,LOBSTER+,Tyler,ASL_2008_06_10,3,3750,3782,ASL_2008_06_10-3,5750
LOCAL,LOCAL,Brady,ASL_2011_06_14_Brady,50,4971,5018,ASL_2011_06_14_Brady-50,5751
LOCAL,LOCAL,Dana,ASL_2007_05_24,19,2708,2771,ASL_2007_05_24-19,5752
LOCAL,LOCAL,Liz,ASL_2010_08_10_Liz_additional_lexicon_signs,8,2515,2571,ASL_2010_08_10_Liz_additional_lexicon_signs-8,5753
LOCK,LOCK,Brady,ASL_2011_06_14_Brady,50,5429,5459,ASL_2011_06_14_Brady-50,5754
LOCK,LOCK,Liz,ASL_2008_02_01,52,307,347,ASL_2008_02_01-52,5755
LOCK,LOCK,Naomi,ASL_2008_08_04,28,1522,1545,ASL_2008_08_04-28,5756
LOCK,LOCK_2,Naomi,ASL_2008_08_13_session2,6,3746,3768,ASL_2008_08_13_session2-6,5757
LOLLIPOP,LOLLIPOP+,Liz,ASL_2008_02_29,51,3115,3165,ASL_2008_02_29-51,5758
LOLLIPOP,LOLLIPOP++,Brady,ASL_2011_07_19_Brady,103,1847,1885,ASL_2011_07_19_Brady-103,5759
LOLLIPOP,LOLLIPOP++,Brady,ASL_2011_07_22_Brady,54,2377,2422,ASL_2011_07_22_Brady-54,5760
LONELY,LONELY+,Brady,ASL_2011_06_14_Brady,51,80,119,ASL_2011_06_14_Brady-51,5761
LONELY,LONELY+,Liz,ASL_2008_02_01,52,751,805,ASL_2008_02_01-52,5762
LONELY,LONELY+,Naomi,ASL_2008_08_13_session2,7,540,575,ASL_2008_08_13_session2-7,5763
LONELY,LONELY+,Tyler,ASL_2008_06_10,4,845,902,ASL_2008_06_10-4,5764
LONG,LONG,Brady,ASL_2011_06_14_Brady,51,405,434,ASL_2011_06_14_Brady-51,5765
LONG,LONG,Liz,ASL_2008_02_01,52,1405,1457,ASL_2008_02_01-52,5766
LONG,LONG,Naomi,ASL_2008_08_13_session2,7,1111,1135,ASL_2008_08_13_session2-7,5767
LONG,LONG,Tyler,ASL_2008_06_10,4,1305,1350,ASL_2008_06_10-4,5768
LONG-AGO,(2h)alt.LONG-AGO+,Brady,ASL_2011_06_14_Brady,34,3758,3811,ASL_2011_06_14_Brady-34,5769
LONG-AGO,(2h)alt.LONG-AGO+,Liz,ASL_2008_02_01,22,2715,2800,ASL_2008_02_01-22,5770
LONG-AGO,(2h)alt.LONG-AGO+,Naomi,ASL_2008_08_13,18,4617,4670,ASL_2008_08_13-18,5771
LONG-AGO,(2h)alt.LONG-AGO+,Tyler,ASL_2008_05_12a,11,1280,1332,ASL_2008_05_12a-11,5772
LONG-AGO,LONG-AGO,Tyler,ASL_2008_06_10,4,1052,1097,ASL_2008_06_10-4,5773
LONG-AGO,LONG-AGO+,Brady,ASL_2011_06_14_Brady,51,800,859,ASL_2011_06_14_Brady-51,5774
LONG-AGO,LONG-AGO+,Liz,ASL_2008_02_01,52,1007,1091,ASL_2008_02_01-52,5775
LONG-AGO,LONG-AGO+,Naomi,ASL_2008_08_13_session2,7,820,895,ASL_2008_08_13_session2-7,5776
LONG-SLEEVE,LONG-SLEEVE,Brady,ASL_2011_07_19_Brady,87,772,811,ASL_2011_07_19_Brady-87,5777
LONG-SLEEVE,LONG-SLEEVE,Brady,ASL_2011_07_22_Brady,53,675,725,ASL_2011_07_22_Brady-53,5778
LONG-SLEEVE,LONG-SLEEVE,Liz,ASL_2008_02_29,35,396,447,ASL_2008_02_29-35,5779
LOOK,(2h)LOOK-DOWN,Brady,ASL_2011_06_14_Brady,51,2383,2406,ASL_2011_06_14_Brady-51,5780
LOOK,(2h)LOOK-DOWN,Liz,ASL_2008_02_01,52,2930,2965,ASL_2008_02_01-52,5781
LOOK,(2h)LOOK-DOWN,Naomi,ASL_2008_08_13_session2,7,2760,2790,ASL_2008_08_13_session2-7,5782
LOOK,(2h)LOOK-DOWN,Tyler,ASL_2008_06_10,4,2532,2567,ASL_2008_06_10-4,5783
LOOK,(2h)LOOK-FORWARD,Brady,ASL_2011_06_14_Brady,51,2840,2887,ASL_2011_06_14_Brady-51,5784
LOOK,(2h)LOOK-FORWARD+,Liz,ASL_2008_02_01,53,575,626,ASL_2008_02_01-53,5785
LOOK,(2h)LOOK-FORWARD+,Naomi,ASL_2008_08_13,1,2457,2497,ASL_2008_08_13-1,5786
LOOK,(2h)LOOK-FORWARD+,Naomi,ASL_2008_08_13_session2,8,320,356,ASL_2008_08_13_session2-8,5787
LOOK,(2h)LOOK-FORWARD++,Tyler,ASL_2008_06_10,5,537,575,ASL_2008_06_10-5,5788
LOOK,(2h)LOOK-UP,Brady,ASL_2011_06_14_Brady,51,3616,3630,ASL_2011_06_14_Brady-51,5789
LOOK,(2h)LOOK-UP,Brady,ASL_2011_07_22_Brady,46,2330,2352,ASL_2011_07_22_Brady-46,5790
LOOK,(2h)LOOK-UP,Liz,ASL_2008_02_01,53,1570,1610,ASL_2008_02_01-53,5791
LOOK,(2h)LOOK-UP,Naomi,ASL_2008_08_13_session2,8,1345,1375,ASL_2008_08_13_session2-8,5792
LOOK,(2h)LOOK-UP,Tyler,ASL_2008_06_10,5,1892,1913,ASL_2008_06_10-5,5793
LOOK,(2h)LOOK-UP,Tyler,ASL_2008_06_10,5,2185,2212,ASL_2008_06_10-5,5794
LOOK,LOOK,Brady,ASL_2011_06_14_Brady,26,1990,2022,ASL_2011_06_14_Brady-26,5795
LOOK,LOOK,Brady,ASL_2011_07_22_Brady,43,2606,2630,ASL_2011_07_22_Brady-43,5796
LOOK,LOOK,Dana,ASL_2007_05_24,20,402,448,ASL_2007_05_24-20,5797
LOOK,LOOK,Lana,ASL_2006_10_10,18,405,415,ASL_2006_10_10-18,5798
LOOK,LOOK,Liz,ASL_2008_02_01,53,3890,3935,ASL_2008_02_01-53,5799
LOOK,LOOK,Naomi,ASL_2008_08_13,5,2018,2040,ASL_2008_08_13-5,5800
LOOK,LOOK,Naomi,ASL_2008_08_13,5,2555,2596,ASL_2008_08_13-5,5801
LOOK,LOOK,Tyler,ASL_2008_05_29a,37,2172,2207,ASL_2008_05_29a-37,5802
LOOK,LOOK,Tyler,ASL_2008_06_10,5,2377,2410,ASL_2008_06_10-5,5803
LOOK,LOOK+,Brady,ASL_2011_06_14_Brady,51,1245,1269,ASL_2011_06_14_Brady-51,5804
LOOK,LOOK+,Liz,ASL_2008_02_01,5,1432,1476,ASL_2008_02_01-5,5805
LOOK,LOOK+,Liz,ASL_2008_02_29,44,855,946,ASL_2008_02_29-44,5806
LOOK,LOOK+,Tyler,ASL_2008_05_29a,37,1410,1442,ASL_2008_05_29a-37,5807
LOOK,LOOK++,Brady,ASL_2011_07_19_Brady,96,1213,1259,ASL_2011_07_19_Brady-96,5808
LOOK,LOOK-1p,Brady,ASL_2011_06_14_Brady,51,1676,1704,ASL_2011_06_14_Brady-51,5809
LOOK,LOOK-1p,Brady,ASL_2011_06_14_Brady,51,4758,4775,ASL_2011_06_14_Brady-51,5810
LOOK,LOOK-1p,Brady,ASL_2011_07_22_Brady,46,2590,2612,ASL_2011_07_22_Brady-46,5811
LOOK,LOOK-1p,Liz,ASL_2008_02_01,52,2050,2091,ASL_2008_02_01-52,5812
LOOK,LOOK-1p,Naomi,ASL_2008_08_13_session2,7,1780,1800,ASL_2008_08_13_session2-7,5813
LOOK,LOOK-1p,Tyler,ASL_2008_06_10,4,1768,1793,ASL_2008_06_10-4,5814
LOOK,LOOK-AROUND,Brady,ASL_2011_07_22_Brady,20,2882,2932,ASL_2011_07_22_Brady-20,5815
LOOK,LOOK-AROUND,Brady,ASL_2011_07_22_Brady,57,749,816,ASL_2011_07_22_Brady-57,5816
LOOK,LOOK-AROUND,Liz,ASL_2008_03_28,32,496,575,ASL_2008_03_28-32,5817
LOOK,LOOK-AROUND,Tyler,ASL_2008_06_10,4,2273,2343,ASL_2008_06_10-4,5818
LOOK,LOOK-AROUND-SHOP++,Naomi,ASL_2008_08_13_session2,7,2410,2460,ASL_2008_08_13_session2-7,5819
LOOK,LOOK-AROUND-SHOP+++,Brady,ASL_2011_06_14_Brady,51,2135,2197,ASL_2011_06_14_Brady-51,5820
LOOK,LOOK-AROUND-SHOP+++,Liz,ASL_2008_02_01,52,2625,2710,ASL_2008_02_01-52,5821
LOOK,LOOK-BACK,Brady,ASL_2011_06_14_Brady,51,1907,1943,ASL_2011_06_14_Brady-51,5822
LOOK,LOOK-BACK,Brady,ASL_2011_06_14_Brady,51,4073,4109,ASL_2011_06_14_Brady-51,5823
LOOK,LOOK-BACK,Liz,ASL_2008_02_01,52,2335,2390,ASL_2008_02_01-52,5824
LOOK,LOOK-BACK,Liz,ASL_2010_08_10_Liz_additional_lexicon_signs,20,845,916,ASL_2010_08_10_Liz_additional_lexicon_signs-20,5825
LOOK,LOOK-BACK,Naomi,ASL_2008_08_13_session2,7,2075,2105,ASL_2008_08_13_session2-7,5826
LOOK,LOOK-BACK,Tyler,ASL_2008_06_10,4,1998,2037,ASL_2008_06_10-4,5827
LOOK,LOOK-recip,Brady,ASL_2011_07_19_Brady,96,1824,1854,ASL_2011_07_19_Brady-96,5828
LOOK,LOOK-recip,Liz,ASL_2008_02_29,44,1096,1156,ASL_2008_02_29-44,5829
LOOK,LOOK_2,Brady,ASL_2011_07_22_Brady,46,1729,1764,ASL_2011_07_22_Brady-46,5830
LOOK,LOOK_2,Naomi,ASL_2008_08_13_session2,7,1446,1467,ASL_2008_08_13_session2-7,5831
LOOK,LOOK_2,Naomi,ASL_2008_08_13_session2,8,2325,2350,ASL_2008_08_13_session2-8,5832
LOOK,LOOK_2+,Tyler,ASL_2008_06_10,4,1543,1580,ASL_2008_06_10-4,5833
LOOK,LOOK_3,Brady,ASL_2011_06_14_Brady,26,3693,3725,ASL_2011_06_14_Brady-26,5834
LOOK,LOOK_3,Brady,ASL_2011_06_14_Brady,51,1455,1485,ASL_2011_06_14_Brady-51,5835
LOOK,LOOK_3,Liz,ASL_2008_02_01,6,630,675,ASL_2008_02_01-6,5836
LOOK,LOOK_3,Liz,ASL_2008_02_01,52,1790,1845,ASL_2008_02_01-52,5837
LOOK,LOOK_3,Naomi,ASL_2008_08_13,5,1730,1753,ASL_2008_08_13-5,5838
LOOK-BY-EYE,LOOK-BY-EYE,Tyler,ASL_2008_05_29a,37,1135,1156,ASL_2008_05_29a-37,5839
LOOK-BY-EYE,LOOK-BY-EYE+,Brady,ASL_2011_06_14_Brady,26,1770,1800,ASL_2011_06_14_Brady-26,5840
LOOSE,LOOSE+,Liz,ASL_2008_02_01,53,4775,4840,ASL_2008_02_01-53,5841
LOOSE,LOOSE+,Naomi,ASL_2008_08_13_session2,8,3440,3500,ASL_2008_08_13_session2-8,5842
LORD,LORD,Brady,ASL_2011_06_14_Brady,52,1148,1170,ASL_2011_06_14_Brady-52,5843
LORD,LORD,Liz,ASL_2008_02_01,54,275,325,ASL_2008_02_01-54,5844
LORD,LORD,Naomi,ASL_2008_08_13_session2,8,3726,3760,ASL_2008_08_13_session2-8,5845
LORD,LORD,Tyler,ASL_2008_06_10,5,4588,4631,ASL_2008_06_10-5,5846
LORD-GOD,LORD-GOD,Brady,ASL_2011_07_22_Brady,46,3171,3193,ASL_2011_07_22_Brady-46,5847
LORD-GOD,LORD-GOD,Liz,ASL_2008_02_01,54,590,636,ASL_2008_02_01-54,5848
LORD-GOD,LORD-GOD,Naomi,ASL_2008_08_13_session2,9,461,505,ASL_2008_08_13_session2-9,5849
LOSE,LOSE,Liz,ASL_2008_02_01,54,1275,1315,ASL_2008_02_01-54,5850
LOSE,LOSE,Naomi,ASL_2008_08_13_session2,9,1450,1471,ASL_2008_08_13_session2-9,5851
LOSE,LOSE,Tyler,ASL_2008_06_10,6,1950,1975,ASL_2008_06_10-6,5852
LOSE,LOSE_2,Brady,ASL_2011_06_14_Brady,52,3500,3517,ASL_2011_06_14_Brady-52,5853
LOSE-COMPETITION,LOSE-COMPETITION,Brady,ASL_2011_06_14_Brady,52,3211,3237,ASL_2011_06_14_Brady-52,5854
LOSE-COMPETITION,LOSE-COMPETITION,Dana,ASL_2007_05_24,19,1117,1162,ASL_2007_05_24-19,5855
LOSE-COMPETITION,LOSE-COMPETITION,Lana,ASL_2006_10_10,16,1156,1169,ASL_2006_10_10-16,5856
LOSE-COMPETITION,LOSE-COMPETITION,Liz,ASL_2008_02_01,54,1035,1080,ASL_2008_02_01-54,5857
LOSE-COMPETITION,LOSE-COMPETITION,Naomi,ASL_2008_08_13_session2,9,1195,1222,ASL_2008_08_13_session2-9,5858
LOSE-WEIGHT,LOSE-WEIGHT,Brady,ASL_2011_06_08_Brady,34,2933,2972,ASL_2011_06_08_Brady-34,5859
LOSE-WEIGHT,LOSE-WEIGHT,Liz,ASL_2008_01_18,17,925,955,ASL_2008_01_18-17,5860
LOTION,LOTION++,Naomi,ASL_2008_08_13_session2,9,2111,2180,ASL_2008_08_13_session2-9,5861
LOUDSPEAKER,LOUDSPEAKER+,Brady,ASL_2011_06_14_Brady,52,6318,6350,ASL_2011_06_14_Brady-52,5862
LOUDSPEAKER,LOUDSPEAKER+,Liz,ASL_2008_02_01,54,2266,2355,ASL_2008_02_01-54,5863
LOUDSPEAKER,LOUDSPEAKER+,Naomi,ASL_2008_08_13_session2,9,2900,2952,ASL_2008_08_13_session2-9,5864
LOUDSPEAKER,LOUDSPEAKER_2+,Tyler,ASL_2008_06_10,6,3241,3273,ASL_2008_06_10-6,5865
LOUSY,LOUSY,Brady,ASL_2011_06_14_Brady,52,6854,6875,ASL_2011_06_14_Brady-52,5866
LOUSY,LOUSY,Dana,ASL_2007_05_24,20,653,692,ASL_2007_05_24-20,5867
LOUSY,LOUSY,Lana,ASL_2006_10_10,18,686,700,ASL_2006_10_10-18,5868
LOUSY,LOUSY,Liz,ASL_2008_02_01,54,5454,5505,ASL_2008_02_01-54,5869
LOUSY,LOUSY,Naomi,ASL_2008_08_13_session2,9,3385,3420,ASL_2008_08_13_session2-9,5870
LOUSY,LOUSY,Tyler,ASL_2008_06_10,6,3827,3852,ASL_2008_06_10-6,5871
LOW,(1h)(L)LOW,Tyler,ASL_2008_06_10,7,257,288,ASL_2008_06_10-7,5872
LOW,LOW,Brady,ASL_2011_06_14_Brady,52,7339,7367,ASL_2011_06_14_Brady-52,5873
LOW,LOW,Liz,ASL_2008_02_01,55,1040,1105,ASL_2008_02_01-55,5874
LOW,LOW,Naomi,ASL_2008_08_13_session2,10,270,296,ASL_2008_08_13_session2-10,5875
LOWERCASE/TINY,LOWERCASE/TINY,Brady,ASL_2011_06_14_Brady,52,7825,7861,ASL_2011_06_14_Brady-52,5876
LOWERCASE/TINY,LOWERCASE/TINY,Liz,ASL_2008_02_01,55,1272,1325,ASL_2008_02_01-55,5877
LOWERCASE/TINY,LOWERCASE/TINY,Naomi,ASL_2008_08_13_session2,10,810,835,ASL_2008_08_13_session2-10,5878
LUCKY,LUCKY,Brady,ASL_2011_06_14_Brady,52,8039,8056,ASL_2011_06_14_Brady-52,5879
LUCKY,LUCKY,Liz,ASL_2008_02_01,55,1510,1545,ASL_2008_02_01-55,5880
LUCKY,LUCKY,Naomi,ASL_2008_08_13_session2,10,1322,1337,ASL_2008_08_13_session2-10,5881
LUCKY,LUCKY,Tyler,ASL_2008_06_10,7,1020,1045,ASL_2008_06_10-7,5882
LUNCH,LUNCH+,Liz,ASL_2008_02_01,55,2025,2060,ASL_2008_02_01-55,5883
LUNCH,LUNCH+,Naomi,ASL_2008_08_13_session2,10,2645,2690,ASL_2008_08_13_session2-10,5884
LUNCH,LUNCH+,Tyler,ASL_2008_06_10,7,1547,1580,ASL_2008_06_10-7,5885
LUNCH,LUNCH++,Brady,ASL_2011_06_14_Brady,52,8481,8509,ASL_2011_06_14_Brady-52,5886
LUNGS,LUNGS+,Brady,ASL_2011_06_08_Brady,13,10466,10500,ASL_2011_06_08_Brady-13,5887
LUNGS,LUNGS+,Brady,ASL_2011_06_14_Brady,52,8692,8731,ASL_2011_06_14_Brady-52,5888
LUNGS,LUNGS+,Brady,ASL_2011_07_19_Brady,37,196,229,ASL_2011_07_19_Brady-37,5889
LUNGS,LUNGS+,Liz,ASL_2008_02_01,55,2560,2615,ASL_2008_02_01-55,5890
LUNGS,LUNGS+,Naomi,ASL_2008_08_13_session2,10,3191,3240,ASL_2008_08_13_session2-10,5891
LUNGS,LUNGS+,Tyler,ASL_2008_06_10,7,2058,2108,ASL_2008_06_10-7,5892
LUNGS,LUNGS++,Liz,ASL_2008_02_15,43,258,324,ASL_2008_02_15-43,5893
LUNGS,LUNGS++,Liz,ASL_2010_08_10_Liz_additional_lexicon_signs,6,2206,2285,ASL_2010_08_10_Liz_additional_lexicon_signs-6,5894
LUTHERAN,LUTHERAN+,Brady,ASL_2011_07_22_Brady,47,162,181,ASL_2011_07_22_Brady-47,5895
LUTHERAN++AGENT,LUTHERAN++AGENT,Liz,ASL_2008_02_01,55,2812,2893,ASL_2008_02_01-55,5896
LUTHERAN++AGENT,LUTHERAN++AGENT,Naomi,ASL_2008_08_13_session2,10,3570,3626,ASL_2008_08_13_session2-10,5897
M,M,Brady,ASL_2011_06_14_Brady,53,1607,1633,ASL_2011_06_14_Brady-53,5898
M,M,Liz,ASL_2008_02_01,55,3095,3136,ASL_2008_02_01-55,5899
M,M,Naomi,ASL_2008_08_13_session2,10,3932,3975,ASL_2008_08_13_session2-10,5900
M,M,Tyler,ASL_2008_06_10,7,4085,4133,ASL_2008_06_10-7,5901
MACHINE,MACHINE+,Brady,ASL_2011_06_14_Brady,12,2271,2294,ASL_2011_06_14_Brady-12,5902
MACHINE,MACHINE+,Lana,ASL_2006_10_10,18,2303,2322,ASL_2006_10_10-18,5903
MACHINE,MACHINE+,Liz,ASL_2008_02_01,56,1805,1860,ASL_2008_02_01-56,5904
MACHINE,MACHINE+,Liz,ASL_2008_02_15,10,4016,4072,ASL_2008_02_15-10,5905
MACHINE,MACHINE+,Liz,ASL_2010_08_10_Liz_additional_lexicon_signs,27,1375,1427,ASL_2010_08_10_Liz_additional_lexicon_signs-27,5906
MACHINE,MACHINE++,Brady,ASL_2011_06_14_Brady,15,5057,5111,ASL_2011_06_14_Brady-15,5907
MACHINE,MACHINE++,Brady,ASL_2011_06_14_Brady,53,3097,3137,ASL_2011_06_14_Brady-53,5908
MACHINE,MACHINE++,Dana,ASL_2007_05_24,20,2227,2303,ASL_2007_05_24-20,5909
MACHINE,MACHINE++,Naomi,ASL_2008_08_13_session2,11,2360,2411,ASL_2008_08_13_session2-11,5910
MACHINE,MACHINE++,Tyler,ASL_2008_05_29a,11,2838,2915,ASL_2008_05_29a-11,5911
MACHINE,MACHINE++,Tyler,ASL_2008_06_10,8,1137,1183,ASL_2008_06_10-8,5912
MACHINE,MACHINE++,Tyler,ASL_2008_06_10,19,4552,4598,ASL_2008_06_10-19,5913
MACHINE,MACHINE+++,Brady,ASL_2011_06_14_Brady,12,4118,4135,ASL_2011_06_14_Brady-12,5914
MAD,MAD,Brady,ASL_2011_06_14_Brady,53,3291,3312,ASL_2011_06_14_Brady-53,5915
MAD,MAD,Brady,ASL_2011_07_22_Brady,43,1567,1585,ASL_2011_07_22_Brady-43,5916
MAD,MAD,Dana,ASL_2007_05_24,20,1057,1096,ASL_2007_05_24-20,5917
MAD,MAD,Liz,ASL_2008_01_18,50,1565,1590,ASL_2008_01_18-50,5918
MAD,MAD,Liz,ASL_2008_02_01,56,2082,2105,ASL_2008_02_01-56,5919
MAD,MAD,Naomi,ASL_2008_08_06,50,1445,1465,ASL_2008_08_06-50,5920
MAD,MAD,Naomi,ASL_2008_08_13_session2,11,2681,2705,ASL_2008_08_13_session2-11,5921
MAD,MAD,Tyler,ASL_2008_06_10,8,1372,1392,ASL_2008_06_10-8,5922
MAD,MAD_2,Brady,ASL_2011_06_14_Brady,23,3771,3793,ASL_2011_06_14_Brady-23,5923
MAD,MAD_2,Tyler,ASL_2008_05_29a,31,1180,1205,ASL_2008_05_29a-31,5924
MAGAZINE,MAGAZINE+,Brady,ASL_2011_06_14_Brady,53,3482,3526,ASL_2011_06_14_Brady-53,5925
MAGAZINE,MAGAZINE+,Lana,ASL_2006_09_26,61,2184,2215,ASL_2006_09_26-61,5926
MAGAZINE,MAGAZINE+,Liz,ASL_2008_02_01,56,2380,2420,ASL_2008_02_01-56,5927
MAGAZINE,MAGAZINE+,Naomi,ASL_2008_08_13_session2,11,2951,2985,ASL_2008_08_13_session2-11,5928
MAGAZINE,MAGAZINE+,Tyler,ASL_2008_06_10,8,1595,1652,ASL_2008_06_10-8,5929
MAGIC,MAGIC,Brady,ASL_2011_06_14_Brady,53,3735,3748,ASL_2011_06_14_Brady-53,5930
MAGIC,MAGIC,Liz,ASL_2008_02_01,56,2675,2707,ASL_2008_02_01-56,5931
MAGIC,MAGIC,Naomi,ASL_2008_08_13_session2,11,3360,3396,ASL_2008_08_13_session2-11,5932
MAGIC,MAGIC,Tyler,ASL_2008_06_10,8,1788,1818,ASL_2008_06_10-8,5933
MAGNET,MAGNET,Liz,ASL_2008_02_01,56,3085,3126,ASL_2008_02_01-56,5934
MAGNET,MAGNET,Naomi,ASL_2008_08_13_session2,11,3680,3710,ASL_2008_08_13_session2-11,5935
MAGNET_2,MAGNET_2+,Brady,ASL_2011_06_14_Brady,53,4166,4200,ASL_2011_06_14_Brady-53,5936
MAGNET_3,MAGNET_3,Tyler,ASL_2008_06_10,8,2057,2095,ASL_2008_06_10-8,5937
MAJOR,MAJOR,Brady,ASL_2011_06_14_Brady,53,4491,4516,ASL_2011_06_14_Brady-53,5938
MAJOR,MAJOR,Liz,ASL_2008_02_01,56,3400,3435,ASL_2008_02_01-56,5939
MAJOR,MAJOR,Naomi,ASL_2008_08_13_session2,11,3975,4000,ASL_2008_08_13_session2-11,5940
MAJOR,MAJOR,Tyler,ASL_2008_06_10,8,2328,2352,ASL_2008_06_10-8,5941
MAKE,MAKE,Brady,ASL_2011_06_14_Brady,53,5150,5175,ASL_2011_06_14_Brady-53,5942
MAKE,MAKE,Dana,ASL_2007_05_24,19,1833,1896,ASL_2007_05_24-19,5943
MAKE,MAKE,Liz,ASL_2008_02_01,57,285,325,ASL_2008_02_01-57,5944
MAKE,MAKE,Naomi,ASL_2008_08_13_session2,11,4865,4895,ASL_2008_08_13_session2-11,5945
MAKE,MAKE,Tyler,ASL_2008_06_10,8,3217,3257,ASL_2008_06_10-8,5946
MAKE,MAKE+,Lana,ASL_2006_10_10,16,1794,1814,ASL_2006_10_10-16,5947
MAKE-BUBBLES,MAKE-BUBBLES+,Brady,ASL_2011_07_19_Brady,46,1230,1294,ASL_2011_07_19_Brady-46,5948
MALE-COUSIN,MALE-COUSIN,Lana,ASL_2006_10_10,6,626,654,ASL_2006_10_10-6,5949
MALE-COUSIN,MALE-COUSIN,Liz,ASL_2008_01_18,7,1535,1550,ASL_2008_01_18-7,5950
MALE-COUSIN,MALE-COUSIN,Naomi,ASL_2008_08_06,7,866,885,ASL_2008_08_06-7,5951
MALE-COUSIN,MALE-COUSIN,Tyler,ASL_2008_05_12b,7,542,590,ASL_2008_05_12b-7,5952
MAN,(5)MAN,Brady,ASL_2011_06_14_Brady,53,6262,6281,ASL_2011_06_14_Brady-53,5953
MAN,(5)MAN,Lana,ASL_2006_01_20,22,1737,1781,ASL_2006_01_20-22,5954
MAN,(5)MAN,Liz,ASL_2008_02_01,57,1660,1715,ASL_2008_02_01-57,5955
MAN,(5)MAN,Tyler,ASL_2008_06_10,9,1026,1065,ASL_2008_06_10-9,5956
MAN,(5)MAN,Tyler,ASL_2008_06_10,9,1861,1897,ASL_2008_06_10-9,5957
MAN,MAN,Brady,ASL_2011_06_14_Brady,25,446,471,ASL_2011_06_14_Brady-25,5958
MAN,MAN,Brady,ASL_2011_06_14_Brady,53,6407,6432,ASL_2011_06_14_Brady-53,5959
MAN,MAN,Liz,ASL_2008_02_01,3,976,1032,ASL_2008_02_01-3,5960
MAN,MAN,Liz,ASL_2010_08_10_Liz_additional_lexicon_signs,2,3615,3705,ASL_2010_08_10_Liz_additional_lexicon_signs-2,5961
MAN,MAN,Naomi,ASL_2008_08_13,3,1825,1860,ASL_2008_08_13-3,5962
MAN,MAN,Naomi,ASL_2008_08_13_session2,12,1735,1770,ASL_2008_08_13_session2-12,5963
MAN,MAN-pl,Brady,ASL_2011_06_14_Brady,54,712,751,ASL_2011_06_14_Brady-54,5964
MAN,MAN-pl,Liz,ASL_2010_08_10_Liz_additional_lexicon_signs,2,3810,3865,ASL_2010_08_10_Liz_additional_lexicon_signs-2,5965
MANAGE/CONTROL,MANAGE/CONTROL+,Brady,ASL_2011_06_08_Brady,34,1316,1343,ASL_2011_06_08_Brady-34,5966
MANAGE/CONTROL,MANAGE/CONTROL+,Brady,ASL_2011_06_14_Brady,54,1209,1235,ASL_2011_06_14_Brady-54,5967
MANAGE/CONTROL,MANAGE/CONTROL+,Liz,ASL_2008_02_01,57,1960,2005,ASL_2008_02_01-57,5968
MANAGE/CONTROL,MANAGE/CONTROL+,Naomi,ASL_2008_08_13_session2,12,2115,2166,ASL_2008_08_13_session2-12,5969
MANAGE/CONTROL,MANAGE/CONTROL++,Tyler,ASL_2008_06_10,9,2130,2167,ASL_2008_06_10-9,5970
MANAGE/CONTROL+AGENT,MANAGE/CONTROL+AGENT,Brady,ASL_2011_06_14_Brady,4,1488,1520,ASL_2011_06_14_Brady-4,5971
MANAGE/CONTROL+AGENT,MANAGE/CONTROL+AGENT,Brady,ASL_2011_06_14_Brady,5,446,486,ASL_2011_06_14_Brady-5,5972
MANAGE/CONTROL+AGENT,MANAGE/CONTROL+AGENT,Brady,ASL_2011_06_14_Brady,54,1429,1461,ASL_2011_06_14_Brady-54,5973
MANAGE/CONTROL+AGENT,MANAGE/CONTROL+AGENT,Liz,ASL_2008_01_18,17,253,322,ASL_2008_01_18-17,5974
MANAGE/CONTROL+AGENT,MANAGE/CONTROL+AGENT,Liz,ASL_2008_02_01,57,2260,2312,ASL_2008_02_01-57,5975
MANAGE/CONTROL+AGENT,MANAGE/CONTROL+AGENT,Naomi,ASL_2008_08_06,16,4493,4535,ASL_2008_08_06-16,5976
MANAGE/CONTROL+AGENT,MANAGE/CONTROL+AGENT,Naomi,ASL_2008_08_13_session2,12,2385,2437,ASL_2008_08_13_session2-12,5977
MANAGE/CONTROL+AGENT,MANAGE/CONTROL+AGENT,Tyler,ASL_2008_06_10,9,2391,2437,ASL_2008_06_10-9,5978
MANY,MANY,Brady,ASL_2011_06_14_Brady,54,2764,2785,ASL_2011_06_14_Brady-54,5979
MANY,MANY,Liz,ASL_2008_02_01,57,2866,2900,ASL_2008_02_01-57,5980
MANY,MANY,Tyler,ASL_2008_06_10,9,3628,3653,ASL_2008_06_10-9,5981
MAN_2,MAN_2,Brady,ASL_2011_06_14_Brady,53,5691,5722,ASL_2011_06_14_Brady-53,5982
MARCHING,MARCHING+,Brady,ASL_2011_06_14_Brady,54,3046,3073,ASL_2011_06_14_Brady-54,5983
MARCHING,MARCHING+,Liz,ASL_2008_02_01,57,3170,3222,ASL_2008_02_01-57,5984
MARCHING,MARCHING++,Naomi,ASL_2008_08_13_session2,12,4027,4080,ASL_2008_08_13_session2-12,5985
MARCHING,MARCHING++,Tyler,ASL_2008_06_10,9,3849,3892,ASL_2008_06_10-9,5986
MARIJUANA,MARIJUANA+,Brady,ASL_2011_06_14_Brady,54,3274,3308,ASL_2011_06_14_Brady-54,5987
MARIJUANA,MARIJUANA+,Tyler,ASL_2008_06_10,9,4032,4071,ASL_2008_06_10-9,5988
MARIJUANA,MARIJUANA++,Liz,ASL_2008_02_01,58,575,625,ASL_2008_02_01-58,5989
MARIJUANA,MARIJUANA++,Naomi,ASL_2008_08_13_session2,12,4295,4345,ASL_2008_08_13_session2-12,5990
MARIONETTE,MARIONETTE+,Brady,ASL_2011_07_19_Brady,47,2129,2166,ASL_2011_07_19_Brady-47,5991
MARIONETTE,MARIONETTE+,Brady,ASL_2011_07_22_Brady,50,1672,1724,ASL_2011_07_22_Brady-50,5992
MARIONETTE,MARIONETTE+,Liz,ASL_2008_02_15,52,2413,2483,ASL_2008_02_15-52,5993
MARRY,MARRY,Brady,ASL_2011_06_14_Brady,54,3492,3527,ASL_2011_06_14_Brady-54,5994
MARRY,MARRY,Brady,ASL_2011_06_14_Brady,54,3733,3754,ASL_2011_06_14_Brady-54,5995
MARRY,MARRY,Dana,ASL_2007_05_24,19,2112,2155,ASL_2007_05_24-19,5996
MARRY,MARRY,Lana,ASL_2006_10_10,16,2025,2042,ASL_2006_10_10-16,5997
MARRY,MARRY,Liz,ASL_2008_02_01,58,799,853,ASL_2008_02_01-58,5998
MARRY,MARRY,Liz,ASL_2008_02_01,58,1290,1330,ASL_2008_02_01-58,5999
MARRY,MARRY,Naomi,ASL_2008_08_13_session2,13,261,290,ASL_2008_08_13_session2-13,6000
MARRY,MARRY,Naomi,ASL_2008_08_13_session2,13,645,680,ASL_2008_08_13_session2-13,6001
MARRY,MARRY,Tyler,ASL_2008_06_10,10,445,483,ASL_2008_06_10-10,6002
MARRY,MARRY,Tyler,ASL_2008_06_10,10,895,930,ASL_2008_06_10-10,6003
MASK,MASK,Tyler,ASL_2008_06_10,10,2118,2151,ASL_2008_06_10-10,6004
MATCH,MATCH,Brady,ASL_2011_06_14_Brady,19,1674,1700,ASL_2011_06_14_Brady-19,6005
MATCH,MATCH,Brady,ASL_2011_06_14_Brady,54,5637,5652,ASL_2011_06_14_Brady-54,6006
MATCH,MATCH,Liz,ASL_2008_01_18,43,1055,1075,ASL_2008_01_18-43,6007
MATCH,MATCH,Liz,ASL_2008_02_01,58,2785,2830,ASL_2008_02_01-58,6008
MATCH,MATCH,Naomi,ASL_2008_08_06,43,972,995,ASL_2008_08_06-43,6009
MATCH,MATCH,Naomi,ASL_2008_08_13_session2,13,1735,1761,ASL_2008_08_13_session2-13,6010
MATCH,MATCH,Tyler,ASL_2008_06_10,10,2770,2805,ASL_2008_06_10-10,6011
MATERIAL,(M)MATERIAL,Brady,ASL_2011_06_14_Brady,54,6642,6669,ASL_2011_06_14_Brady-54,6012
MATERIAL,(M)MATERIAL,Liz,ASL_2008_02_01,58,3406,3450,ASL_2008_02_01-58,6013
MATERIAL,MATERIAL,Naomi,ASL_2008_08_13_session2,13,2335,2360,ASL_2008_08_13_session2-13,6014
MATERIAL,MATERIAL,Tyler,ASL_2008_06_10,10,4052,4095,ASL_2008_06_10-10,6015
MATH,MATH+,Brady,ASL_2011_06_14_Brady,54,7147,7175,ASL_2011_06_14_Brady-54,6016
MATH,MATH+,Liz,ASL_2008_02_15,1,215,265,ASL_2008_02_15-1,6017
MATH,MATH++,Dana,ASL_2007_05_24,19,2237,2300,ASL_2007_05_24-19,6018
MAXIMUM,MAXIMUM,Liz,ASL_2008_02_15,5,2655,2710,ASL_2008_02_15-5,6019
MAXIMUM,MAXIMUM++,Tyler,ASL_2008_06_10,15,1820,1860,ASL_2008_06_10-15,6020
MAYBE,MAYBE+,Brady,ASL_2011_06_14_Brady,55,1474,1504,ASL_2011_06_14_Brady-55,6021
MAYBE,MAYBE+,Lana,ASL_2006_01_20,22,2008,2063,ASL_2006_01_20-22,6022
MAYBE,MAYBE+,Liz,ASL_2008_02_15,1,850,907,ASL_2008_02_15-1,6023
MAYBE,MAYBE++,Tyler,ASL_2008_06_10,11,627,678,ASL_2008_06_10-11,6024
MEASLES,MEASLES,Brady,ASL_2011_06_14_Brady,55,4670,4705,ASL_2011_06_14_Brady-55,6025
MEASLES,MEASLES,Liz,ASL_2008_02_15,1,3350,3405,ASL_2008_02_15-1,6026
MEASLES,MEASLES,Tyler,ASL_2008_06_10,11,1473,1515,ASL_2008_06_10-11,6027
MEAT,MEAT+,Brady,ASL_2011_06_14_Brady,55,5225,5251,ASL_2011_06_14_Brady-55,6028
MEAT,MEAT+,Dana,ASL_2007_05_24,19,2850,2903,ASL_2007_05_24-19,6029
MEAT,MEAT+,Lana,ASL_2006_10_10,17,2689,2723,ASL_2006_10_10-17,6030
MEAT,MEAT+,Liz,ASL_2008_02_15,1,3895,3937,ASL_2008_02_15-1,6031
MEAT,MEAT+,Tyler,ASL_2008_06_10,11,1903,1942,ASL_2008_06_10-11,6032
MEDICAL-PATIENT,MEDICAL-PATIENT,Brady,ASL_2011_07_19_Brady,27,2433,2467,ASL_2011_07_19_Brady-27,6033
MEDICAL-PATIENT,MEDICAL-PATIENT,Liz,ASL_2008_02_15,32,2766,2810,ASL_2008_02_15-32,6034
MEDICINE,MEDICINE,Brady,ASL_2011_06_14_Brady,7,6691,6730,ASL_2011_06_14_Brady-7,6035
MEDICINE,MEDICINE,Brady,ASL_2011_06_14_Brady,55,6456,6496,ASL_2011_06_14_Brady-55,6036
MEDICINE,MEDICINE,Dana,ASL_2007_05_24,20,280,330,ASL_2007_05_24-20,6037
MEDICINE,MEDICINE,Lana,ASL_2006_10_10,18,273,310,ASL_2006_10_10-18,6038
MEDICINE,MEDICINE,Liz,ASL_2008_01_18,25,1396,1467,ASL_2008_01_18-25,6039
MEDICINE,MEDICINE,Liz,ASL_2008_02_15,1,4470,4515,ASL_2008_02_15-1,6040
MEDICINE,MEDICINE,Naomi,ASL_2008_08_06,25,1880,1920,ASL_2008_08_06-25,6041
MEDICINE,MEDICINE,Tyler,ASL_2008_05_29a,5,2300,2340,ASL_2008_05_29a-5,6042
MEDICINE,MEDICINE,Tyler,ASL_2008_06_10,11,2386,2440,ASL_2008_06_10-11,6043
MEDITATE,MEDITATE,Brady,ASL_2011_06_14_Brady,55,6905,6933,ASL_2011_06_14_Brady-55,6044
MEDITATE,MEDITATE,Liz,ASL_2008_02_15,2,581,617,ASL_2008_02_15-2,6045
MEDITATE,MEDITATE,Tyler,ASL_2008_06_10,12,325,357,ASL_2008_06_10-12,6046
MEET,1p-MEET:i,Tyler,ASL_2008_05_12a,13,1665,1705,ASL_2008_05_12a-13,6047
MEET,MEET,Brady,ASL_2011_06_14_Brady,55,7467,7484,ASL_2011_06_14_Brady-55,6048
MEET,MEET,Dana,ASL_2007_05_24,20,530,570,ASL_2007_05_24-20,6049
MEET,MEET,Lana,ASL_2006_10_10,18,544,555,ASL_2006_10_10-18,6050
MEET,MEET,Liz,ASL_2008_02_15,2,1295,1330,ASL_2008_02_15-2,6051
MEET,MEET,Tyler,ASL_2008_06_10,12,952,983,ASL_2008_06_10-12,6052
MEETING,MEETING+,Brady,ASL_2011_06_14_Brady,55,8286,8311,ASL_2011_06_14_Brady-55,6053
MEETING,MEETING+,Dana,ASL_2007_05_24,20,788,841,ASL_2007_05_24-20,6054
MEETING,MEETING+,Lana,ASL_2006_10_10,18,821,842,ASL_2006_10_10-18,6055
MEETING,MEETING+,Liz,ASL_2008_02_15,2,1035,1085,ASL_2008_02_15-2,6056
MEETING,MEETING+,Liz,ASL_2010_08_10_Liz_additional_lexicon_signs,26,1520,1585,ASL_2010_08_10_Liz_additional_lexicon_signs-26,6057
MEETING,MEETING+++,Tyler,ASL_2008_06_10,12,750,800,ASL_2008_06_10-12,6058
MELON/PUMPKIN,MELON/PUMPKIN+,Brady,ASL_2011_07_19_Brady,47,539,564,ASL_2011_07_19_Brady-47,6059
MELON/PUMPKIN,MELON/PUMPKIN+,Liz,ASL_2008_02_15,52,1155,1176,ASL_2008_02_15-52,6060
MELT/SOLVE,MELT/SOLVE,Brady,ASL_2011_06_08_Brady,31,12865,12896,ASL_2011_06_08_Brady-31,6061
MELT/SOLVE,MELT/SOLVE,Liz,ASL_2008_01_18,10,1115,1146,ASL_2008_01_18-10,6062
MELT/SOLVE,MELT/SOLVE,Naomi,ASL_2008_08_06,10,1072,1096,ASL_2008_08_06-10,6063
MEMBER,(M)MEMBER,Tyler,ASL_2008_06_10,12,1471,1506,ASL_2008_06_10-12,6064
MEMBER,MEMBER,Brady,ASL_2011_06_08_Brady,23,9433,9450,ASL_2011_06_08_Brady-23,6065
MEMBER,MEMBER,Brady,ASL_2011_06_14_Brady,55,7742,7765,ASL_2011_06_14_Brady-55,6066
MEMBER,MEMBER,Liz,ASL_2008_01_11,56,265,290,ASL_2008_01_11-56,6067
MEMBER,MEMBER,Liz,ASL_2008_02_15,2,1590,1640,ASL_2008_02_15-2,6068
MEMBER,MEMBER,Tyler,ASL_2008_05_12a,34,2330,2361,ASL_2008_05_12a-34,6069
MEMORIZE,MEMORIZE,Brady,ASL_2011_06_14_Brady,55,8950,8977,ASL_2011_06_14_Brady-55,6070
MEMORIZE,MEMORIZE,Liz,ASL_2008_02_15,2,1830,1881,ASL_2008_02_15-2,6071
MEMORIZE,MEMORIZE,Tyler,ASL_2008_06_10,12,1870,1902,ASL_2008_06_10-12,6072
MENSTRUATE,MENSTRUATE+,Brady,ASL_2011_06_14_Brady,55,9227,9249,ASL_2011_06_14_Brady-55,6073
MENSTRUATE,MENSTRUATE+,Liz,ASL_2008_02_15,2,2605,2650,ASL_2008_02_15-2,6074
MENTAL-SCAR,MENTAL-SCAR,Brady,ASL_2011_07_19_Brady,73,1031,1065,ASL_2011_07_19_Brady-73,6075
MENTAL-SCAR,MENTAL-SCAR,Liz,ASL_2008_02_29,23,832,881,ASL_2008_02_29-23,6076
MENTALLY-RETARDED,MENTALLY-RETARDED,Brady,ASL_2011_07_22_Brady,47,716,743,ASL_2011_07_22_Brady-47,6077
MENTALLY-RETARDED,MENTALLY-RETARDED,Liz,ASL_2008_02_01,56,315,361,ASL_2008_02_01-56,6078
MENTALLY-RETARDED,MENTALLY-RETARDED,Tyler,ASL_2008_06_10,7,4338,4371,ASL_2008_06_10-7,6079
MERGE/MAINSTREAM,MERGE/MAINSTREAM,Brady,ASL_2011_06_14_Brady,20,3734,3764,ASL_2011_06_14_Brady-20,6080
MERGE/MAINSTREAM,MERGE/MAINSTREAM,Brady,ASL_2011_06_14_Brady,53,4700,4736,ASL_2011_06_14_Brady-53,6081
MERGE/MAINSTREAM,MERGE/MAINSTREAM,Liz,ASL_2008_01_18,45,1346,1400,ASL_2008_01_18-45,6082
MERGE/MAINSTREAM,MERGE/MAINSTREAM,Liz,ASL_2008_02_01,56,3677,3725,ASL_2008_02_01-56,6083
MERGE/MAINSTREAM,MERGE/MAINSTREAM,Naomi,ASL_2008_08_06,45,1575,1605,ASL_2008_08_06-45,6084
MERGE/MAINSTREAM,MERGE/MAINSTREAM,Naomi,ASL_2008_08_13_session2,11,4226,4256,ASL_2008_08_13_session2-11,6085
MERGE/MAINSTREAM,MERGE/MAINSTREAM,Tyler,ASL_2008_06_10,8,2563,2602,ASL_2008_06_10-8,6086
MESSED-UP,MESSED-UP,Brady,ASL_2011_06_14_Brady,22,3130,3144,ASL_2011_06_14_Brady-22,6087
MESSED-UP,MESSED-UP,Brady,ASL_2011_06_14_Brady,56,2163,2184,ASL_2011_06_14_Brady-56,6088
MESSED-UP,MESSED-UP,Liz,ASL_2008_01_18,48,2157,2195,ASL_2008_01_18-48,6089
MESSED-UP,MESSED-UP,Liz,ASL_2008_02_15,3,1640,1672,ASL_2008_02_15-3,6090
MESSED-UP,MESSED-UP,Naomi,ASL_2008_08_06,48,3350,3380,ASL_2008_08_06-48,6091
MESSED-UP,MESSED-UP,Tyler,ASL_2008_05_29a,28,2410,2435,ASL_2008_05_29a-28,6092
MESSED-UP,MESSED-UP,Tyler,ASL_2008_06_10,13,2081,2105,ASL_2008_06_10-13,6093
METAL,METAL+,Brady,ASL_2011_06_14_Brady,56,2365,2389,ASL_2011_06_14_Brady-56,6094
METAL,METAL+,Dana,ASL_2007_05_24,20,1308,1348,ASL_2007_05_24-20,6095
METAL,METAL+,Lana,ASL_2006_10_10,18,1376,1403,ASL_2006_10_10-18,6096
METAL,METAL+,Liz,ASL_2008_02_15,3,1875,1905,ASL_2008_02_15-3,6097
METAL,METAL+,Tyler,ASL_2008_06_10,13,2288,2330,ASL_2008_06_10-13,6098
METHOD,METHOD,Brady,ASL_2011_06_14_Brady,56,3593,3604,ASL_2011_06_14_Brady-56,6099
METHOD,METHOD,Liz,ASL_2008_02_15,3,3195,3235,ASL_2008_02_15-3,6100
MICROPHONE,MICROPHONE,Brady,ASL_2011_06_14_Brady,56,5393,5427,ASL_2011_06_14_Brady-56,6101
MICROPHONE,MICROPHONE,Brady,ASL_2011_06_14_Brady,56,5711,5756,ASL_2011_06_14_Brady-56,6102
MICROPHONE,MICROPHONE,Liz,ASL_2008_02_15,4,2400,2425,ASL_2008_02_15-4,6103
MICROPHONE,MICROPHONE,Liz,ASL_2008_02_15,4,2606,2652,ASL_2008_02_15-4,6104
MICROPHONE,MICROPHONE,Tyler,ASL_2008_06_10,14,1847,1885,ASL_2008_06_10-14,6105
MICROWAVE,MICROWAVE+,Liz,ASL_2008_02_15,4,2915,2955,ASL_2008_02_15-4,6106
MICROWAVE,MICROWAVE+,Tyler,ASL_2008_06_10,14,2595,2630,ASL_2008_06_10-14,6107
MICROWAVE,MICROWAVE_2+,Brady,ASL_2011_06_14_Brady,57,246,278,ASL_2011_06_14_Brady-57,6108
MIDDLE,MIDDLE,Brady,ASL_2011_06_08_Brady,26,4193,4220,ASL_2011_06_08_Brady-26,6109
MIDDLE,MIDDLE,Liz,ASL_2008_01_11,67,1320,1360,ASL_2008_01_11-67,6110
MIDDLE,MIDDLE,Naomi,ASL_2008_08_04,43,1362,1396,ASL_2008_08_04-43,6111
MIDDLE,MIDDLE,Tyler,ASL_2008_06_10,12,518,563,ASL_2008_06_10-12,6112
MIDDLE+WEST,MIDDLE+WEST,Brady,ASL_2011_06_14_Brady,53,2881,2914,ASL_2011_06_14_Brady-53,6113
MIDDLE+WEST,MIDDLE+WEST,Tyler,ASL_2008_06_10,8,657,701,ASL_2008_06_10-8,6114
MIDNIGHT,MIDNIGHT+,Brady,ASL_2011_07_19_Brady,2,643,677,ASL_2011_07_19_Brady-2,6115
MIDNIGHT,MIDNIGHT+,Tyler,ASL_2008_06_10,14,3005,3030,ASL_2008_06_10-14,6116
MIDNIGHT,MIDNIGHT++,Brady,ASL_2011_06_14_Brady,57,853,898,ASL_2011_06_14_Brady-57,6117
MIDNIGHT,MIDNIGHT_2+,Liz,ASL_2008_02_15,4,3647,3686,ASL_2008_02_15-4,6118
MILITARY,MILITARY+,Brady,ASL_2011_07_19_Brady,90,2228,2262,ASL_2011_07_19_Brady-90,6119
MILITARY,MILITARY+,Liz,ASL_2008_02_29,38,755,812,ASL_2008_02_29-38,6120
MILK,MILK,Tyler,ASL_2008_06_10,14,4268,4312,ASL_2008_06_10-14,6121
MILK,MILK+,Brady,ASL_2011_07_19_Brady,2,1868,1900,ASL_2011_07_19_Brady-2,6122
MILK,MILK+,Dana,ASL_2007_05_24,20,1696,1758,ASL_2007_05_24-20,6123
MILK,MILK+,Lana,ASL_2006_10_10,18,1782,1802,ASL_2006_10_10-18,6124
MILK,MILK+,Liz,ASL_2008_02_15,5,302,336,ASL_2008_02_15-5,6125
MILK-COW,MILK-COW+,Brady,ASL_2011_07_19_Brady,2,2163,2213,ASL_2011_07_19_Brady-2,6126
MILK-COW,MILK-COW+,Liz,ASL_2008_02_15,5,525,600,ASL_2008_02_15-5,6127
MILK-COW,MILK-COW+,Tyler,ASL_2008_06_10,15,297,358,ASL_2008_06_10-15,6128
MILLION,MILLION,Dana,ASL_2007_05_24,21,2621,2656,ASL_2007_05_24-21,6129
MILLION,MILLION,Lana,ASL_2006_10_10,19,2687,2709,ASL_2006_10_10-19,6130
MILLION,MILLION,Liz,ASL_2008_02_15,5,1287,1330,ASL_2008_02_15-5,6131
MILLION,MILLION,Liz,ASL_2008_02_15,23,1365,1410,ASL_2008_02_15-23,6132
MILLION+AGENT,MILLION+AGENT,Brady,ASL_2011_07_19_Brady,2,2767,2823,ASL_2011_07_19_Brady-2,6133
MILLION+AGENT,MILLION+AGENT,Liz,ASL_2008_02_15,5,962,1040,ASL_2008_02_15-5,6134
MILLION_2+AGENT,MILLION_2+AGENT,Tyler,ASL_2008_06_10,15,498,558,ASL_2008_06_10-15,6135
MIND,MIND+,Brady,ASL_2011_06_08_Brady,23,264,283,ASL_2011_06_08_Brady-23,6136
MIND,MIND+,Liz,ASL_2008_01_11,53,1446,1480,ASL_2008_01_11-53,6137
MIND,MIND++,Naomi,ASL_2008_08_04,34,1615,1661,ASL_2008_08_04-34,6138
MIND,MIND++,Tyler,ASL_2008_05_12a,33,1326,1370,ASL_2008_05_12a-33,6139
MIND+BLOW-UP,MIND+BLOW-UP,Brady,ASL_2011_06_08_Brady,22,3105,3141,ASL_2011_06_08_Brady-22,6140
MIND+OFF-COURSE,MIND+OFF-COURSE,Liz,ASL_2008_01_18,44,1991,2047,ASL_2008_01_18-44,6141
MIND+OFF-COURSE,MIND+OFF-COURSE,Naomi,ASL_2008_08_06,44,2550,2580,ASL_2008_08_06-44,6142
MIND+OFF-COURSE,MIND+OFF-COURSE,Tyler,ASL_2008_05_29a,24,3315,3337,ASL_2008_05_29a-24,6143
MINOR,(1)MINOR,Brady,ASL_2011_07_19_Brady,2,3351,3380,ASL_2011_07_19_Brady-2,6144
MINOR,MINOR,Liz,ASL_2008_02_15,5,5992,6032,ASL_2008_02_15-5,6145
MINUTE,(nd-B-L)MINUTE,Brady,ASL_2011_07_19_Brady,3,1330,1343,ASL_2011_07_19_Brady-3,6146
MINUTE,(nd-B-L)MINUTE,Lana,ASL_2006_10_10,18,952,969,ASL_2006_10_10-18,6147
MINUTE,(nd-B-L)MINUTE,Liz,ASL_2008_02_15,6,510,547,ASL_2008_02_15-6,6148
MINUTE,MINUTE,Dana,ASL_2007_05_24,20,917,964,ASL_2007_05_24-20,6149
MINUTE,MINUTE,Tyler,ASL_2008_06_10,16,515,538,ASL_2008_06_10-16,6150
MIRROR,MIRROR,Liz,ASL_2008_02_15,6,750,790,ASL_2008_02_15-6,6151
MIRROR,MIRROR,Tyler,ASL_2008_06_10,16,830,857,ASL_2008_06_10-16,6152
MISCOMMUNICATE,MISCOMMUNICATE,Liz,ASL_2008_02_15,6,3990,4045,ASL_2008_02_15-6,6153
MISS/ASSUME,MISS/ASSUME,Brady,ASL_2011_06_14_Brady,29,6988,7006,ASL_2011_06_14_Brady-29,6154
MISS/ASSUME,MISS/ASSUME,Dana,ASL_2007_05_24,20,2683,2703,ASL_2007_05_24-20,6155
MISS/ASSUME,MISS/ASSUME,Lana,ASL_2006_10_10,18,2688,2704,ASL_2006_10_10-18,6156
MISS/ASSUME,MISS/ASSUME,Liz,ASL_2008_02_01,13,1192,1236,ASL_2008_02_01-13,6157
MISS/ASSUME,MISS/ASSUME,Naomi,ASL_2008_08_13,11,1335,1352,ASL_2008_08_13-11,6158
MISS/ASSUME,MISS/ASSUME,Tyler,ASL_2008_05_29a,43,1285,1311,ASL_2008_05_29a-43,6159
MISS/ASSUME,MISS/ASSUME,Tyler,ASL_2008_06_10,16,2607,2625,ASL_2008_06_10-16,6160
MISTAKE,MISTAKE,Brady,ASL_2011_07_19_Brady,4,810,826,ASL_2011_07_19_Brady-4,6161
MISTAKE,MISTAKE,Liz,ASL_2008_02_15,7,1740,1775,ASL_2008_02_15-7,6162
MISTAKE,MISTAKE,Tyler,ASL_2008_05_12a,4,1855,1870,ASL_2008_05_12a-4,6163
MISTAKE,MISTAKE,Tyler,ASL_2008_06_10,17,607,627,ASL_2008_06_10-17,6164
MISTAKE,MISTAKE_2+,Brady,ASL_2011_07_19_Brady,4,1002,1046,ASL_2011_07_19_Brady-4,6165
MISTAKE,MISTAKE_2+,Liz,ASL_2008_02_15,7,1980,2025,ASL_2008_02_15-7,6166
MISTAKE,MISTAKE_2+,Tyler,ASL_2008_06_10,17,997,1040,ASL_2008_06_10-17,6167
MISUNDERSTAND,(1h)MISUNDERSTAND,Brady,ASL_2011_07_19_Brady,4,1328,1348,ASL_2011_07_19_Brady-4,6168
MISUNDERSTAND,(1h)MISUNDERSTAND,Liz,ASL_2008_02_15,7,2245,2300,ASL_2008_02_15-7,6169
MISUNDERSTAND,(1h)MISUNDERSTAND,Tyler,ASL_2008_06_10,17,1280,1306,ASL_2008_06_10-17,6170
MISUNDERSTAND,MISUNDERSTAND,Brady,ASL_2011_07_19_Brady,3,2310,2321,ASL_2011_07_19_Brady-3,6171
MISUNDERSTAND,MISUNDERSTAND,Brady,ASL_2011_07_19_Brady,4,2925,2942,ASL_2011_07_19_Brady-4,6172
MISUNDERSTAND,MISUNDERSTAND,Liz,ASL_2008_02_15,6,4240,4270,ASL_2008_02_15-6,6173
MISUNDERSTAND,MISUNDERSTAND,Liz,ASL_2008_02_15,7,2545,2611,ASL_2008_02_15-7,6174
MISUNDERSTAND,MISUNDERSTAND,Tyler,ASL_2008_06_10,16,2155,2181,ASL_2008_06_10-16,6175
MISUNDERSTAND,MISUNDERSTAND,Tyler,ASL_2008_06_10,17,1563,1587,ASL_2008_06_10-17,6176
MIX-UP,MIX-UP,Brady,ASL_2011_07_19_Brady,4,1687,1732,ASL_2011_07_19_Brady-4,6177
MIX-UP,MIX-UP,Liz,ASL_2010_08_10_Liz_additional_lexicon_signs,25,386,455,ASL_2010_08_10_Liz_additional_lexicon_signs-25,6178
MIX-UP,MIX-UP+,Brady,ASL_2011_06_08_Brady,21,13736,13781,ASL_2011_06_08_Brady-21,6179
MIX-UP,MIX-UP+,Liz,ASL_2008_02_15,7,2925,2985,ASL_2008_02_15-7,6180
MIX-UP,MIX-UP+,Tyler,ASL_2008_06_10,17,1770,1815,ASL_2008_06_10-17,6181
MOLD,MOLD,Brady,ASL_2011_07_19_Brady,4,4396,4429,ASL_2011_07_19_Brady-4,6182
MOLD,MOLD,Liz,ASL_2008_02_15,7,3825,3870,ASL_2008_02_15-7,6183
MOLD,MOLD_2++,Brady,ASL_2011_07_19_Brady,4,5364,5419,ASL_2011_07_19_Brady-4,6184
MOLD,MOLD_2++,Tyler,ASL_2008_06_10,17,2982,3040,ASL_2008_06_10-17,6185
MONDAY,MONDAY+,Brady,ASL_2011_07_19_Brady,4,5695,5736,ASL_2011_07_19_Brady-4,6186
MONDAY,MONDAY+,Dana,ASL_2007_05_24,21,301,366,ASL_2007_05_24-21,6187
MONDAY,MONDAY+,Lana,ASL_2006_10_10,19,393,434,ASL_2006_10_10-19,6188
MONDAY,MONDAY+,Liz,ASL_2008_02_15,7,4082,4125,ASL_2008_02_15-7,6189
MONDAY,MONDAY+,Tyler,ASL_2008_06_10,17,3377,3432,ASL_2008_06_10-17,6190
MONEY,(M)MONEY+,Liz,ASL_2008_02_15,8,317,370,ASL_2008_02_15-8,6191
MONEY,MONEY+,Lana,ASL_2006_10_10,18,1240,1264,ASL_2006_10_10-18,6192
MONEY,MONEY++,Dana,ASL_2007_05_24,20,1170,1228,ASL_2007_05_24-20,6193
MONEY,MONEY+++,Tyler,ASL_2008_06_10,17,3600,3650,ASL_2008_06_10-17,6194
MONEY++TRADE,MONEY++TRADE+,Brady,ASL_2011_07_22_Brady,10,3320,3388,ASL_2011_07_22_Brady-10,6195
MONEY++TRADE,MONEY++TRADE+,Liz,ASL_2008_03_28,22,2532,2612,ASL_2008_03_28-22,6196
MONKEY,MONKEY+,Liz,ASL_2008_02_15,8,531,586,ASL_2008_02_15-8,6197
MONKEY,MONKEY++,Brady,ASL_2011_07_19_Brady,4,6051,6092,ASL_2011_07_19_Brady-4,6198
MONKEY,MONKEY++,Tyler,ASL_2008_06_10,18,280,320,ASL_2008_06_10-18,6199
MOOCH,MOOCH,Dana,ASL_2007_05_24,19,834,859,ASL_2007_05_24-19,6200
MOON,MOON,Brady,ASL_2011_07_19_Brady,5,1152,1180,ASL_2011_07_19_Brady-5,6201
MOON,MOON,Liz,ASL_2008_02_15,9,1745,1786,ASL_2008_02_15-9,6202
MOON,MOON,Tyler,ASL_2008_06_10,18,1215,1257,ASL_2008_06_10-18,6203
MOOSE,MOOSE,Brady,ASL_2011_06_08_Brady,32,12387,12407,ASL_2011_06_08_Brady-32,6204
MOOSE,MOOSE,Tyler,ASL_2008_05_12b,13,2230,2265,ASL_2008_05_12b-13,6205
MOP,(X-over-thumb)MOP,Liz,ASL_2008_02_15,9,2092,2190,ASL_2008_02_15-9,6206
MOP,(X-over-thumb)MOP,Naomi,ASL_2008_08_06,11,650,690,ASL_2008_08_06-11,6207
MOP,(X-over-thumb)MOP+,Brady,ASL_2011_06_08_Brady,32,1306,1341,ASL_2011_06_08_Brady-32,6208
MOP,(X-over-thumb)MOP+,Brady,ASL_2011_07_19_Brady,5,1448,1496,ASL_2011_07_19_Brady-5,6209
MOP,(X-over-thumb)MOP+,Tyler,ASL_2008_06_10,18,1470,1521,ASL_2008_06_10-18,6210
MOP,MOP,Liz,ASL_2008_01_18,11,570,610,ASL_2008_01_18-11,6211
MOP,MOP+,Tyler,ASL_2008_05_12b,11,390,450,ASL_2008_05_12b-11,6212
MORE,MORE+,Lana,ASL_2006_10_10,18,1648,1668,ASL_2006_10_10-18,6213
MORE,MORE+,Liz,ASL_2008_02_15,9,2326,2371,ASL_2008_02_15-9,6214
MORE,MORE++,Brady,ASL_2011_07_19_Brady,5,1724,1770,ASL_2011_07_19_Brady-5,6215
MORE,MORE++,Dana,ASL_2007_05_24,20,1562,1618,ASL_2007_05_24-20,6216
MORE,MORE++,Tyler,ASL_2008_06_10,18,1660,1705,ASL_2008_06_10-18,6217
MORE-THAN,MORE-THAN,Naomi,ASL_2008_08_04,4,2657,2675,ASL_2008_08_04-4,6218
MORNING,MORNING,Brady,ASL_2011_07_19_Brady,5,2016,2042,ASL_2011_07_19_Brady-5,6219
MORNING,MORNING,Dana,ASL_2007_05_24,20,1834,1875,ASL_2007_05_24-20,6220
MORNING,MORNING,Lana,ASL_2006_10_10,18,1904,1920,ASL_2006_10_10-18,6221
MORNING,MORNING,Liz,ASL_2008_02_15,9,2556,2595,ASL_2008_02_15-9,6222
MORNING,MORNING,Tyler,ASL_2008_06_10,18,1867,1907,ASL_2008_06_10-18,6223
MOSQUE,MOSQUE+,Liz,ASL_2008_02_15,7,776,800,ASL_2008_02_15-7,6224
MOSQUE,MOSQUE+,Liz,ASL_2008_02_15,12,2990,3037,ASL_2008_02_15-12,6225
MOSQUITO,MOSQUITO,Brady,ASL_2011_06_08_Brady,18,4881,4902,ASL_2011_06_08_Brady-18,6226
MOSQUITO,MOSQUITO,Brady,ASL_2011_07_19_Brady,6,527,553,ASL_2011_07_19_Brady-6,6227
MOSQUITO,MOSQUITO,Liz,ASL_2008_02_15,10,2582,2626,ASL_2008_02_15-10,6228
MOSQUITO,MOSQUITO,Naomi,ASL_2008_08_04,24,2700,2730,ASL_2008_08_04-24,6229
MOSQUITO,MOSQUITO,Tyler,ASL_2008_05_12a,23,3525,3546,ASL_2008_05_12a-23,6230
MOSQUITO,MOSQUITO,Tyler,ASL_2008_06_10,19,2537,2565,ASL_2008_06_10-19,6231
MOST,MOST,Brady,ASL_2011_07_19_Brady,6,1544,1560,ASL_2011_07_19_Brady-6,6232
MOST,MOST,Dana,ASL_2007_05_24,20,2114,2154,ASL_2007_05_24-20,6233
MOST,MOST,Lana,ASL_2006_10_10,18,2167,2186,ASL_2006_10_10-18,6234
MOST,MOST,Liz,ASL_2008_02_15,10,3242,3272,ASL_2008_02_15-10,6235
MOST,MOST,Tyler,ASL_2008_06_10,19,3462,3485,ASL_2008_06_10-19,6236
MOTHER,MOTHER+,Dana,ASL_2007_05_24,21,568,621,ASL_2007_05_24-21,6237
MOTHER,MOTHER+,Liz,ASL_2008_02_15,10,3491,3530,ASL_2008_02_15-10,6238
MOTHER,MOTHER++,Brady,ASL_2011_07_19_Brady,6,1112,1140,ASL_2011_07_19_Brady-6,6239
MOTHER,MOTHERwg,Lana,ASL_2006_10_10,19,660,680,ASL_2006_10_10-19,6240
MOTHER,MOTHERwg,Tyler,ASL_2008_06_10,19,3706,3740,ASL_2008_06_10-19,6241
MOTHER+FATHER,MOTHER+FATHER,Brady,ASL_2011_07_19_Brady,26,2091,2113,ASL_2011_07_19_Brady-26,6242
MOTHER+FATHER,MOTHER+FATHER,Dana,ASL_2007_05_24,22,2349,2399,ASL_2007_05_24-22,6243
MOTHER+FATHER,MOTHER+FATHER,Lana,ASL_2006_10_10,20,2366,2398,ASL_2006_10_10-20,6244
MOTHER+FATHER,MOTHER+FATHER,Liz,ASL_2008_02_15,31,900,946,ASL_2008_02_15-31,6245
MOTHER+LAW,MOTHER+LAW,Liz,ASL_2008_02_15,10,3762,3820,ASL_2008_02_15-10,6246
MOTHER+LAW,MOTHERwg+LAW,Tyler,ASL_2008_06_10,19,3915,3955,ASL_2008_06_10-19,6247
MOTIVATE,MOTIVATE++,Naomi,ASL_2008_08_06,26,4555,4596,ASL_2008_08_06-26,6248
MOTIVATE,MOTIVATE+++,Liz,ASL_2008_01_18,27,261,325,ASL_2008_01_18-27,6249
MOTIVATE++AGENT,MOTIVATE++AGENT,Brady,ASL_2011_06_14_Brady,56,3272,3318,ASL_2011_06_14_Brady-56,6250
MOTIVATE++AGENT,MOTIVATE++AGENT,Liz,ASL_2008_02_15,3,4110,4191,ASL_2008_02_15-3,6251
MOTOR,MOTOR,Tyler,ASL_2008_06_10,19,5010,5068,ASL_2008_06_10-19,6252
MOTORCYCLE,MOTORCYCLE+,Liz,ASL_2008_02_15,11,540,595,ASL_2008_02_15-11,6253
MOTORCYCLE,MOTORCYCLE_2+,Tyler,ASL_2008_06_10,20,268,300,ASL_2008_06_10-20,6254
MOUNTAIN,(nd-B)MOUNTAIN,Liz,ASL_2008_02_15,11,775,816,ASL_2008_02_15-11,6255
MOUNTAIN,MOUNTAIN,Tyler,ASL_2008_06_10,20,527,557,ASL_2008_06_10-20,6256
MOUSE/FICTION,MOUSE/FICTION+,Liz,ASL_2008_02_15,11,1245,1285,ASL_2008_02_15-11,6257
MOUSE/FICTION,MOUSE/FICTION+,Liz,ASL_2010_08_10_Liz_additional_lexicon_signs,23,1764,1803,ASL_2010_08_10_Liz_additional_lexicon_signs-23,6258
MOUSE/FICTION,MOUSE/FICTION+,Liz,ASL_2010_08_10_Liz_additional_lexicon_signs,28,1865,1895,ASL_2010_08_10_Liz_additional_lexicon_signs-28,6259
MOUSE/FICTION,MOUSE/FICTION+,Tyler,ASL_2008_06_10,20,1116,1157,ASL_2008_06_10-20,6260
MOVE,MOVE,Liz,ASL_2008_02_15,11,1950,2010,ASL_2008_02_15-11,6261
MOVE,MOVE,Tyler,ASL_2008_06_10,20,1800,1830,ASL_2008_06_10-20,6262
MOVE-AROUND,MOVE-AROUND,Liz,ASL_2008_02_15,11,2235,2305,ASL_2008_02_15-11,6263
MOVE-AROUND,MOVE-AROUND,Tyler,ASL_2008_06_10,20,2023,2085,ASL_2008_06_10-20,6264
MOVE-AWAY,MOVE-AWAY,Liz,ASL_2008_02_15,11,1691,1725,ASL_2008_02_15-11,6265
MOVE-AWAY,MOVE-AWAY,Tyler,ASL_2008_06_10,20,1575,1597,ASL_2008_06_10-20,6266
MOVIE,(nd-1)MOVIE+,Liz,ASL_2008_02_15,12,295,335,ASL_2008_02_15-12,6267
MOVIE,MOVIE+,Dana,ASL_2007_05_24,20,2501,2569,ASL_2007_05_24-20,6268
MOVIE,MOVIE+,Lana,ASL_2006_10_10,18,2554,2600,ASL_2006_10_10-18,6269
MOVIE,MOVIE+,Liz,ASL_2008_02_15,11,2530,2580,ASL_2008_02_15-11,6270
MOVIE,MOVIE_2++,Tyler,ASL_2008_06_10,20,2276,2327,ASL_2008_06_10-20,6271
MOVIE+SQUARE,MOVIE+SQUARE,Brady,ASL_2011_07_19_Brady,74,2800,2862,ASL_2011_07_19_Brady-74,6272
MOVIE+SQUARE,MOVIE+SQUARE,Liz,ASL_2008_02_29,24,3265,3355,ASL_2008_02_29-24,6273
MOW,MOW+,Liz,ASL_2008_02_15,12,555,612,ASL_2008_02_15-12,6274
MOW,MOW+,Tyler,ASL_2008_06_10,20,2633,2672,ASL_2008_06_10-20,6275
MOW,MOW++,Brady,ASL_2011_07_19_Brady,46,1521,1567,ASL_2011_07_19_Brady-46,6276
MUMPS,MUMPS,Liz,ASL_2008_02_15,12,1515,1560,ASL_2008_02_15-12,6277
MUSEUM,MUSEUM,Tyler,ASL_2008_06_10,21,1820,1853,ASL_2008_06_10-21,6278
MUSIC,MUSIC++,Liz,ASL_2008_02_15,12,2495,2562,ASL_2008_02_15-12,6279
MUSIC,MUSIC++,Liz,ASL_2008_02_29,32,1503,1574,ASL_2008_02_29-32,6280
MUSIC,MUSIC++,Tyler,ASL_2008_06_10,21,2017,2057,ASL_2008_06_10-21,6281
MUSIC++AGENT,MUSIC++AGENT,Liz,ASL_2008_02_29,32,2338,2398,ASL_2008_02_29-32,6282
MUSIC++GROUP/TOGETHER,MUSIC++GROUP/TOGETHER,Liz,ASL_2008_02_15,27,2776,2859,ASL_2008_02_15-27,6283
MUSIC-RECORD,MUSIC-RECORD+,Brady,ASL_2011_07_19_Brady,52,1412,1446,ASL_2011_07_19_Brady-52,6284
MUSIC-RECORD,MUSIC-RECORD+,Liz,ASL_2008_02_29,7,1610,1675,ASL_2008_02_29-7,6285
MUSLIM,MUSLIM,Liz,ASL_2008_02_15,22,315,360,ASL_2008_02_15-22,6286
MUST,MUST,Dana,ASL_2007_05_24,21,931,956,ASL_2007_05_24-21,6287
MUST,MUST,Lana,ASL_2006_10_10,19,1040,1049,ASL_2006_10_10-19,6288
MUST,MUST,Liz,ASL_2008_02_15,12,3385,3415,ASL_2008_02_15-12,6289
MUST,MUST,Tyler,ASL_2008_06_10,21,2750,2782,ASL_2008_06_10-21,6290
MUSTACHE,MUSTACHE,Tyler,ASL_2008_06_10,21,3017,3057,ASL_2008_06_10-21,6291
MUSTACHE,MUSTACHE_2,Liz,ASL_2008_02_15,12,3630,3670,ASL_2008_02_15-12,6292
MYSTERY,MYSTERY,Brady,ASL_2011_07_19_Brady,48,1194,1208,ASL_2011_07_19_Brady-48,6293
MYSTERY,MYSTERY,Liz,ASL_2008_02_29,3,3093,3110,ASL_2008_02_29-3,6294
MYSTERY,MYSTERY,Liz,ASL_2010_08_10_Liz_additional_lexicon_signs,20,90,135,ASL_2010_08_10_Liz_additional_lexicon_signs-20,6295
N,N,Liz,ASL_2008_02_15,14,1495,1555,ASL_2008_02_15-14,6296
N,N,Tyler,ASL_2008_06_10,22,1100,1162,ASL_2008_06_10-22,6297
NAB,(V)NAB,Liz,ASL_2010_08_10_Liz_additional_lexicon_signs,5,709,742,ASL_2010_08_10_Liz_additional_lexicon_signs-5,6298
NAB,NAB,Brady,ASL_2011_06_08_Brady,25,13124,13151,ASL_2011_06_08_Brady-25,6299
NAB,NAB,Liz,ASL_2008_01_11,65,255,280,ASL_2008_01_11-65,6300
NAB,NAB,Liz,ASL_2008_02_15,14,1850,1912,ASL_2008_02_15-14,6301
NAB,NAB,Naomi,ASL_2008_08_04,41,3015,3042,ASL_2008_08_04-41,6302
NAB,NAB,Tyler,ASL_2008_05_12a,40,2470,2510,ASL_2008_05_12a-40,6303
NAB,NAB,Tyler,ASL_2008_06_10,22,1332,1371,ASL_2008_06_10-22,6304
NAKED,NAKED,Tyler,ASL_2008_06_10,22,1602,1638,ASL_2008_06_10-22,6305
NAME,NAME,Liz,ASL_2008_02_15,2,2833,2890,ASL_2008_02_15-2,6306
NAME,NAME+,Brady,ASL_2011_06_14_Brady,55,9770,9796,ASL_2011_06_14_Brady-55,6307
NAME,NAME+,Lana,ASL_2006_09_26,61,2296,2323,ASL_2006_09_26-61,6308
NAME,NAME+,Liz,ASL_2008_02_15,14,2475,2517,ASL_2008_02_15-14,6309
NAME,NAME+++,Tyler,ASL_2008_06_10,22,1907,1952,ASL_2008_06_10-22,6310
NAME,NAME:i,Tyler,ASL_2008_06_10,12,2747,2771,ASL_2008_06_10-12,6311
NAPKIN,NAPKIN+,Liz,ASL_2008_02_15,14,3590,3665,ASL_2008_02_15-14,6312
NAPKIN,NAPKIN+,Tyler,ASL_2008_06_10,22,2486,2532,ASL_2008_06_10-22,6313
NARROW-STREET,NARROW-STREET,Liz,ASL_2008_02_15,15,1020,1081,ASL_2008_02_15-15,6314
NARROW-STREET,NARROW-STREET,Tyler,ASL_2008_06_10,23,632,677,ASL_2008_06_10-23,6315
NATIVE,NATIVE+,Liz,ASL_2008_02_15,15,1785,1855,ASL_2008_02_15-15,6316
NAVY,NAVY,Liz,ASL_2008_02_15,15,2996,3060,ASL_2008_02_15-15,6317
NAVY,NAVY,Tyler,ASL_2008_06_10,23,2914,2957,ASL_2008_06_10-23,6318
NEAR,NEAR,Naomi,ASL_2008_08_04,50,1380,1406,ASL_2008_08_04-50,6319
NEAR,NEAR+,Brady,ASL_2011_06_08_Brady,28,5397,5430,ASL_2011_06_08_Brady-28,6320
NEAR,NEAR+,Lana,ASL_2006_10_10,19,256,278,ASL_2006_10_10-19,6321
NEAR,NEAR+,Naomi,ASL_2008_08_04,50,1146,1180,ASL_2008_08_04-50,6322
NEAR,NEAR++,Dana,ASL_2007_05_24,21,176,233,ASL_2007_05_24-21,6323
NEAR,NEAR++,Tyler,ASL_2008_05_12a,48,1091,1125,ASL_2008_05_12a-48,6324
NEAR,NEAR++,Tyler,ASL_2008_05_12a,48,1327,1360,ASL_2008_05_12a-48,6325
NEAT,NEAT,Brady,ASL_2011_06_08_Brady,30,5202,5216,ASL_2011_06_08_Brady-30,6326
NEAT,NEAT,Liz,ASL_2008_02_15,16,390,426,ASL_2008_02_15-16,6327
NEAT,NEAT,Liz,ASL_2010_08_10_Liz_additional_lexicon_signs,26,2490,2546,ASL_2010_08_10_Liz_additional_lexicon_signs-26,6328
NEAT,NEAT,Tyler,ASL_2008_06_10,23,3542,3562,ASL_2008_06_10-23,6329
NECK,NECK+,Liz,ASL_2008_02_15,16,665,707,ASL_2008_02_15-16,6330
NECKLACE,(F)NECKLACE,Tyler,ASL_2008_05_29b,11,1462,1500,ASL_2008_05_29b-11,6331
NECKLACE,BEADED-NECKLACE,Brady,ASL_2011_07_19_Brady,28,2267,2317,ASL_2011_07_19_Brady-28,6332
NECKLACE,BEADED-NECKLACE,Liz,ASL_2008_02_15,33,2940,2992,ASL_2008_02_15-33,6333
NECKLACE,NECKLACE,Brady,ASL_2011_07_22_Brady,49,909,942,ASL_2011_07_22_Brady-49,6334
NECKLACE,NECKLACE,Liz,ASL_2008_02_15,16,1846,1906,ASL_2008_02_15-16,6335
NECKTIE,NECKTIE,Liz,ASL_2008_02_15,16,2220,2265,ASL_2008_02_15-16,6336
NECKTIE,NECKTIE_2,Liz,ASL_2008_03_28,18,865,930,ASL_2008_03_28-18,6337
NEGATIVE,NEGATIVE,Liz,ASL_2008_02_15,16,2745,2805,ASL_2008_02_15-16,6338
NEPHEW,NEPHEW+,Liz,ASL_2008_02_15,17,305,351,ASL_2008_02_15-17,6339
NERVE/VEIN,NERVE/VEIN,Liz,ASL_2008_02_15,17,1277,1307,ASL_2008_02_15-17,6340
NERVE/VEIN,NERVE/VEIN+,Liz,ASL_2008_03_28,31,580,627,ASL_2008_03_28-31,6341
NERVOUS,NERVOUS,Liz,ASL_2008_02_15,17,2475,2530,ASL_2008_02_15-17,6342
NERVOUS,NERVOUS+,Lana,ASL_2006_10_10,19,521,564,ASL_2006_10_10-19,6343
NERVOUS,NERVOUS++,Dana,ASL_2007_05_24,21,441,492,ASL_2007_05_24-21,6344
NERVY,NERVY,Liz,ASL_2008_02_15,17,640,685,ASL_2008_02_15-17,6345
NET,NET,Brady,ASL_2011_07_22_Brady,48,1626,1650,ASL_2011_07_22_Brady-48,6346
NET,NET,Liz,ASL_2008_02_15,17,2990,3065,ASL_2008_02_15-17,6347
NEUTRAL,NEUTRAL+,Liz,ASL_2008_02_15,17,3995,4037,ASL_2008_02_15-17,6348
NEVER,NEVER,Dana,ASL_2007_05_24,21,1579,1619,ASL_2007_05_24-21,6349
NEVER,NEVER,Lana,ASL_2006_10_10,19,1676,1702,ASL_2006_10_10-19,6350
NEVER,NEVER,Liz,ASL_2008_02_15,17,4270,4296,ASL_2008_02_15-17,6351
NEW,NEW,Dana,ASL_2007_05_24,21,687,725,ASL_2007_05_24-21,6352
NEW,NEW,Lana,ASL_2006_10_10,19,776,815,ASL_2006_10_10-19,6353
NEW,NEW,Liz,ASL_2008_02_15,18,270,312,ASL_2008_02_15-18,6354
NEW+TESTAMENT,NEW+TESTAMENT,Liz,ASL_2008_02_15,18,988,1066,ASL_2008_02_15-18,6355
NEXT,NEXT,Liz,ASL_2008_02_15,18,2480,2540,ASL_2008_02_15-18,6356
NEXT,NEXT,Tyler,ASL_2008_05_12a,26,2235,2260,ASL_2008_05_12a-26,6357
NEXT+AGENT,NEXT+AGENT,Liz,ASL_2008_02_15,16,3140,3236,ASL_2008_02_15-16,6358
NEXT-TO,(1h)NEXT-TO,Brady,ASL_2011_06_08_Brady,19,8077,8099,ASL_2011_06_08_Brady-19,6359
NEXT-TO,NEXT-TO,Liz,ASL_2008_01_11,40,1371,1396,ASL_2008_01_11-40,6360
NEXT-TO,NEXT-TO_2,Naomi,ASL_2008_08_04,27,925,943,ASL_2008_08_04-27,6361
NEXT-TO,NEXT-TO_3,Liz,ASL_2008_02_15,16,3740,3810,ASL_2008_02_15-16,6362
NEXT-WEEK_2,NEXT-WEEK_2,Liz,ASL_2008_02_15,18,2750,2800,ASL_2008_02_15-18,6363
NEXT-YEAR,NEXT-YEAR,Liz,ASL_2008_02_15,18,3020,3060,ASL_2008_02_15-18,6364
NIBBLE,NIBBLE++,Liz,ASL_2008_02_15,19,535,582,ASL_2008_02_15-19,6365
NICE/CLEAN,NICE/CLEAN,Dana,ASL_2007_05_24,21,1322,1352,ASL_2007_05_24-21,6366
NICE/CLEAN,NICE/CLEAN,Lana,ASL_2006_10_10,5,2117,2154,ASL_2006_10_10-5,6367
NICE/CLEAN,NICE/CLEAN,Lana,ASL_2006_10_10,19,1416,1438,ASL_2006_10_10-19,6368
NICE/CLEAN,NICE/CLEAN,Liz,ASL_2008_01_11,78,920,945,ASL_2008_01_11-78,6369
NICE/CLEAN,NICE/CLEAN,Naomi,ASL_2008_08_04,49,2765,2795,ASL_2008_08_04-49,6370
NICE/CLEAN,NICE/CLEAN,Tyler,ASL_2008_05_12a,47,1625,1657,ASL_2008_05_12a-47,6371
NICE/CLEAN,NICE/CLEAN,Tyler,ASL_2008_05_29a,24,660,700,ASL_2008_05_29a-24,6372
NICE/CLEAN,NICE/CLEAN+,Brady,ASL_2011_06_08_Brady,28,2355,2390,ASL_2011_06_08_Brady-28,6373
NICE/CLEAN,NICE/CLEAN+,Liz,ASL_2008_01_11,78,1110,1150,ASL_2008_01_11-78,6374
NICE/CLEAN,NICE/CLEAN+,Naomi,ASL_2008_08_04,49,3005,3045,ASL_2008_08_04-49,6375
NICE/CLEAN,NICE/CLEAN++,Tyler,ASL_2008_05_12a,47,1815,1860,ASL_2008_05_12a-47,6376
NIECE,NIECE+,Liz,ASL_2008_02_15,19,1862,1901,ASL_2008_02_15-19,6377
NIGHT,NIGHT,Liz,ASL_2008_02_15,19,2381,2420,ASL_2008_02_15-19,6378
NIGHT,NIGHT+,Lana,ASL_2006_09_26,61,2418,2449,ASL_2006_09_26-61,6379
NIGHT,NIGHT+,Liz,ASL_2008_02_15,19,2595,2641,ASL_2008_02_15-19,6380
NINE,NINE,Brady,ASL_2011_06_08_Brady,6,5724,5730,ASL_2011_06_08_Brady-6,6381
NINE,NINE,Liz,ASL_2008_01_11,2,3250,3275,ASL_2008_01_11-2,6382
NINE,NINE,Naomi,ASL_2008_08_04,2,660,683,ASL_2008_08_04-2,6383
NINE,NINE,Tyler,ASL_2008_05_12a,2,497,570,ASL_2008_05_12a-2,6384
NINE+HOUR,NINE+HOUR,Liz,ASL_2010_08_10_Liz_additional_lexicon_signs,16,5400,5459,ASL_2010_08_10_Liz_additional_lexicon_signs-16,6385
NINE-MONTHS,NINE-MONTHS,Liz,ASL_2010_08_10_Liz_additional_lexicon_signs,16,8165,8210,ASL_2010_08_10_Liz_additional_lexicon_signs-16,6386
NINE-WEEKS,NINE-WEEKS,Liz,ASL_2010_08_10_Liz_additional_lexicon_signs,16,6780,6830,ASL_2010_08_10_Liz_additional_lexicon_signs-16,6387
NINETEEN,NINETEEN+,Liz,ASL_2008_01_11,2,2935,2980,ASL_2008_01_11-2,6388
NINETEEN,NINETEEN+,Naomi,ASL_2008_08_04,2,420,441,ASL_2008_08_04-2,6389
NINETEEN,NINETEEN+,Naomi,ASL_2008_08_04,2,1787,1812,ASL_2008_08_04-2,6390
NINETEEN,NINETEEN++,Brady,ASL_2011_06_08_Brady,4,13008,13041,ASL_2011_06_08_Brady-4,6391
NINETEEN,NINETEEN++,Brady,ASL_2011_06_08_Brady,4,14002,14027,ASL_2011_06_08_Brady-4,6392
NINETEEN,NINETEEN++,Tyler,ASL_2008_05_12a,2,280,357,ASL_2008_05_12a-2,6393
NINETEEN,NINETEEN+++,Brady,ASL_2011_06_08_Brady,4,13843,13875,ASL_2011_06_08_Brady-4,6394
NINETEEN,NINETEEN+++++++,Tyler,ASL_2008_05_12a,2,1575,1661,ASL_2008_05_12a-2,6395
NINETEEN,NINETEEN_2,Liz,ASL_2008_01_11,3,2345,2380,ASL_2008_01_11-3,6396
NINETY-EIGHT,NINETY-EIGHT,Liz,ASL_2010_08_10_Liz_additional_lexicon_signs,19,2840,2895,ASL_2010_08_10_Liz_additional_lexicon_signs-19,6397
NINETY-NINE,NINETY-NINE,Liz,ASL_2010_08_10_Liz_additional_lexicon_signs,19,1447,1465,ASL_2010_08_10_Liz_additional_lexicon_signs-19,6398
NINETY-SEVEN,NINETY-SEVEN,Liz,ASL_2010_08_10_Liz_additional_lexicon_signs,19,2696,2745,ASL_2010_08_10_Liz_additional_lexicon_signs-19,6399
NINTH,NINTH,Brady,ASL_2011_06_08_Brady,6,6350,6362,ASL_2011_06_08_Brady-6,6400
NINTH,NINTH,Brady,ASL_2011_06_08_Brady,6,6664,6675,ASL_2011_06_08_Brady-6,6401
NINTH,NINTH,Liz,ASL_2010_08_10_Liz_additional_lexicon_signs,15,1373,1400,ASL_2010_08_10_Liz_additional_lexicon_signs-15,6402
NINTH,NINTH,Liz,ASL_2010_08_10_Liz_additional_lexicon_signs,18,1531,1560,ASL_2010_08_10_Liz_additional_lexicon_signs-18,6403
NIPPLES,NIPPLES,Liz,ASL_2008_02_15,19,3485,3532,ASL_2008_02_15-19,6404
NO-PROBLEM,NO-PROBLEM+,Liz,ASL_2008_02_15,6,282,320,ASL_2008_02_15-6,6405
NO-PROBLEM,NO-PROBLEM++,Brady,ASL_2011_07_22_Brady,47,1774,1828,ASL_2011_07_22_Brady-47,6406
NO-PROBLEM,NO-PROBLEM++,Dana,ASL_2007_05_24,21,1701,1763,ASL_2007_05_24-21,6407
NOISE,NOISE+,Liz,ASL_2008_02_15,20,296,335,ASL_2008_02_15-20,6408
NOISE+RUMBLE,NOISE+RUMBLE,Brady,ASL_2011_06_14_Brady,52,5459,5480,ASL_2011_06_14_Brady-52,6409
NOISE+RUMBLE,NOISE+RUMBLE,Brady,ASL_2011_06_14_Brady,52,5783,5803,ASL_2011_06_14_Brady-52,6410
NOISE+RUMBLE,NOISE+RUMBLE,Lana,ASL_2006_10_10,16,1402,1452,ASL_2006_10_10-16,6411
NOISE+RUMBLE,NOISE+RUMBLE,Tyler,ASL_2008_06_10,6,2759,2784,ASL_2008_06_10-6,6412
NONE,NONE,Liz,ASL_2008_02_15,20,787,816,ASL_2008_02_15-20,6413
NOON,NOON+,Liz,ASL_2008_02_15,20,1232,1295,ASL_2008_02_15-20,6414
NORTH,NORTH,Dana,ASL_2007_05_24,21,2230,2258,ASL_2007_05_24-21,6415
NORTH,NORTH,Lana,ASL_2006_10_10,19,2285,2307,ASL_2006_10_10-19,6416
NORTH,NORTH,Liz,ASL_2008_02_15,20,1470,1510,ASL_2008_02_15-20,6417
NOSE,NOSE,Liz,ASL_2008_02_15,20,2680,2720,ASL_2008_02_15-20,6418
NOSE+OPPOSITE,NOSE+OPPOSITE,Liz,ASL_2010_08_10_Liz_additional_lexicon_signs,6,774,843,ASL_2010_08_10_Liz_additional_lexicon_signs-6,6419
NOT,NOT,Dana,ASL_2007_05_24,21,2512,2539,ASL_2007_05_24-21,6420
NOT,NOT,Lana,ASL_2006_10_10,19,2574,2586,ASL_2006_10_10-19,6421
NOT,NOT,Liz,ASL_2008_02_15,20,2937,2975,ASL_2008_02_15-20,6422
NOT,NOT,Tyler,ASL_2008_05_29a,2,355,375,ASL_2008_05_29a-2,6423
NOT+SATISFIED,NOT+SATISFIED,Brady,ASL_2011_06_14_Brady,5,2364,2386,ASL_2011_06_14_Brady-5,6424
NOT-CARE,NOT-CARE,Brady,ASL_2011_06_08_Brady,38,1140,1160,ASL_2011_06_08_Brady-38,6425
NOT-CARE,NOT-CARE,Liz,ASL_2008_01_18,22,677,700,ASL_2008_01_18-22,6426
NOT-CARE,NOT-CARE,Tyler,ASL_2008_05_29a,2,770,782,ASL_2008_05_29a-2,6427
NOT-CARE,NOT-CARE_2,Naomi,ASL_2008_08_06,22,610,630,ASL_2008_08_06-22,6428
NOT-MIND,NOT-MIND,Brady,ASL_2011_06_08_Brady,38,1908,1923,ASL_2011_06_08_Brady-38,6429
NOT-MIND,NOT-MIND,Dana,ASL_2007_05_24,11,1814,1853,ASL_2007_05_24-11,6430
NOT-MIND,NOT-MIND,Lana,ASL_2006_10_10,7,1696,1713,ASL_2006_10_10-7,6431
NOT-MIND,NOT-MIND,Liz,ASL_2008_01_18,22,1275,1300,ASL_2008_01_18-22,6432
NOT-MIND,NOT-MIND,Naomi,ASL_2008_08_06,22,1205,1220,ASL_2008_08_06-22,6433
NOT-MIND,NOT-MIND+,Brady,ASL_2011_06_14_Brady,6,355,368,ASL_2011_06_14_Brady-6,6434
NOT-MIND,NOT-MIND+,Tyler,ASL_2008_05_29a,1,1830,1871,ASL_2008_05_29a-1,6435
NOT-MIND,NOT-MIND+,Tyler,ASL_2008_05_29a,2,1745,1780,ASL_2008_05_29a-2,6436
NOT-MY-PROBLEM,NOT-MY-PROBLEM,Liz,ASL_2010_08_10_Liz_additional_lexicon_signs,21,832,892,ASL_2010_08_10_Liz_additional_lexicon_signs-21,6437
NOT-YET,NOT-YET+,Liz,ASL_2008_02_15,21,1362,1411,ASL_2008_02_15-21,6438
NOT-YET,NOT-YET++,Brady,ASL_2011_06_14_Brady,47,940,979,ASL_2011_06_14_Brady-47,6439
NOT-YET,NOT-YET++,Dana,ASL_2007_05_24,19,570,632,ASL_2007_05_24-19,6440
NOT-YET,NOT-YET++,Dana,ASL_2007_05_24,22,300,349,ASL_2007_05_24-22,6441
NOT-YET,NOT-YET++,Lana,ASL_2006_10_10,20,376,408,ASL_2006_10_10-20,6442
NOT-YET,NOT-YET++,Liz,ASL_2008_02_01,44,1100,1135,ASL_2008_02_01-44,6443
NOT-YET,NOT-YET+++,Naomi,ASL_2008_08_13,37,3280,3343,ASL_2008_08_13-37,6444
NOTHING,NOTHING,Liz,ASL_2008_02_15,21,1911,1946,ASL_2008_02_15-21,6445
NOTHING-AT-ALL,NOTHING-AT-ALL,Brady,ASL_2011_06_08_Brady,22,14039,14050,ASL_2011_06_08_Brady-22,6446
NOTHING-AT-ALL,NOTHING-AT-ALL,Liz,ASL_2010_08_10_Liz_additional_lexicon_signs,13,1492,1509,ASL_2010_08_10_Liz_additional_lexicon_signs-13,6447
NOTICE,NOTICE,Liz,ASL_2008_02_15,21,2275,2321,ASL_2008_02_15-21,6448
NOW,(bent-B-L)NOW+,Brady,ASL_2011_07_19_Brady,17,228,260,ASL_2011_07_19_Brady-17,6449
NOW,(bent-B-L)NOW+,Liz,ASL_2008_02_15,21,2775,2832,ASL_2008_02_15-21,6450
NOW,NOW,Lana,ASL_2006_01_20,22,2148,2186,ASL_2006_01_20-22,6451
NOW,NOW,Liz,ASL_2010_08_10_Liz_additional_lexicon_signs,27,90,145,ASL_2010_08_10_Liz_additional_lexicon_signs-27,6452
NOW,NOW+,Brady,ASL_2011_06_08_Brady,31,13710,13742,ASL_2011_06_08_Brady-31,6453
NOW,NOW+,Brady,ASL_2011_07_22_Brady,7,1329,1364,ASL_2011_07_22_Brady-7,6454
NOW,NOW+,Liz,ASL_2008_02_15,21,2530,2580,ASL_2008_02_15-21,6455
NOW,NOW+,Liz,ASL_2008_03_28,19,955,995,ASL_2008_03_28-19,6456
NOW+(D)DAY,NOW+(D)DAY,Brady,ASL_2011_07_22_Brady,7,1574,1604,ASL_2011_07_22_Brady-7,6457
NOW+(D)DAY,NOW+(D)DAY,Liz,ASL_2008_03_28,19,1168,1214,ASL_2008_03_28-19,6458
NUMBER,NUMBER,Brady,ASL_2011_07_19_Brady,17,627,651,ASL_2011_07_19_Brady-17,6459
NUMBER,NUMBER,Liz,ASL_2008_02_15,21,3040,3100,ASL_2008_02_15-21,6460
NUN,NUN,Brady,ASL_2011_07_19_Brady,17,1048,1079,ASL_2011_07_19_Brady-17,6461
NUN,NUN,Brady,ASL_2011_07_22_Brady,48,2725,2753,ASL_2011_07_22_Brady-48,6462
NURSE,NURSE,Dana,ASL_2007_05_24,21,1969,2019,ASL_2007_05_24-21,6463
NURSE,NURSE+,Lana,ASL_2006_10_10,19,2053,2075,ASL_2006_10_10-19,6464
NURSE,NURSE++,Brady,ASL_2011_07_19_Brady,17,1599,1627,ASL_2011_07_19_Brady-17,6465
NURSE,NURSE++,Liz,ASL_2008_02_15,22,560,612,ASL_2008_02_15-22,6466
NUT,NUT+,Brady,ASL_2011_07_19_Brady,17,1348,1372,ASL_2011_07_19_Brady-17,6467
NUT,NUT+,Liz,ASL_2008_02_15,22,735,772,ASL_2008_02_15-22,6468
O,O,Brady,ASL_2011_07_19_Brady,17,2146,2180,ASL_2011_07_19_Brady-17,6469
O,O,Liz,ASL_2008_02_15,22,926,1002,ASL_2008_02_15-22,6470
OBESE,OBESE+,Brady,ASL_2011_06_14_Brady,16,5139,5185,ASL_2011_06_14_Brady-16,6471
OBESE,OBESE+,Naomi,ASL_2008_08_06,39,406,440,ASL_2008_08_06-39,6472
OBESE,OBESE++,Brady,ASL_2011_07_22_Brady,42,1674,1728,ASL_2011_07_22_Brady-42,6473
OBESE,OBESE++,Liz,ASL_2008_01_18,39,635,692,ASL_2008_01_18-39,6474
OBSCURE,OBSCURE,Brady,ASL_2011_06_08_Brady,31,1500,1523,ASL_2011_06_08_Brady-31,6475
OBSCURE,OBSCURE,Brady,ASL_2011_06_08_Brady,31,2035,2053,ASL_2011_06_08_Brady-31,6476
OBSCURE,OBSCURE,Liz,ASL_2008_01_18,7,2485,2517,ASL_2008_01_18-7,6477
OBSCURE,OBSCURE,Naomi,ASL_2008_08_06,7,2180,2201,ASL_2008_08_06-7,6478
OBSCURE,OBSCURE,Tyler,ASL_2008_05_12b,7,2435,2453,ASL_2008_05_12b-7,6479
OCEAN,OCEAN,Brady,ASL_2011_07_19_Brady,17,3266,3320,ASL_2011_07_19_Brady-17,6480
OCEAN,OCEAN,Liz,ASL_2008_02_15,22,1716,1786,ASL_2008_02_15-22,6481
OCTOPUS,OCTOPUS+,Brady,ASL_2011_06_14_Brady,42,10585,10622,ASL_2011_06_14_Brady-42,6482
OCTOPUS,OCTOPUS+,Brady,ASL_2011_07_19_Brady,18,190,252,ASL_2011_07_19_Brady-18,6483
OCTOPUS,OCTOPUS+,Liz,ASL_2008_02_15,22,2032,2135,ASL_2008_02_15-22,6484
OCTOPUS,OCTOPUS++,Tyler,ASL_2008_05_29b,10,4015,4080,ASL_2008_05_29b-10,6485
OF-COURSE,OF-COURSE,Brady,ASL_2011_07_19_Brady,18,760,790,ASL_2011_07_19_Brady-18,6486
OF-COURSE,OF-COURSE,Dana,ASL_2007_05_24,20,2801,2845,ASL_2007_05_24-20,6487
OF-COURSE,OF-COURSE,Dana,ASL_2007_05_24,21,1446,1484,ASL_2007_05_24-21,6488
OF-COURSE,OF-COURSE,Lana,ASL_2006_10_10,18,2805,2829,ASL_2006_10_10-18,6489
OF-COURSE,OF-COURSE,Lana,ASL_2006_10_10,19,1540,1568,ASL_2006_10_10-19,6490
OF-COURSE,OF-COURSE,Liz,ASL_2008_02_15,15,2620,2670,ASL_2008_02_15-15,6491
OF-COURSE,OF-COURSE,Liz,ASL_2008_02_15,23,275,312,ASL_2008_02_15-23,6492
OF-COURSE,OF-COURSE,Tyler,ASL_2008_06_10,23,1185,1217,ASL_2008_06_10-23,6493
OF-COURSE,OF-COURSE,Tyler,ASL_2008_06_10,23,2587,2631,ASL_2008_06_10-23,6494
OFF,OFF,Brady,ASL_2011_07_19_Brady,18,1200,1218,ASL_2011_07_19_Brady-18,6495
OFF,OFF,Liz,ASL_2008_02_15,23,512,542,ASL_2008_02_15-23,6496
OFFICE,OFFICE,Brady,ASL_2011_07_19_Brady,18,2156,2168,ASL_2011_07_19_Brady-18,6497
OFFICE,OFFICE,Liz,ASL_2008_02_15,23,1152,1185,ASL_2008_02_15-23,6498
OFTEN,OFTEN,Brady,ASL_2011_07_19_Brady,18,2364,2384,ASL_2011_07_19_Brady-18,6499
OFTEN,OFTEN++,Dana,ASL_2007_05_24,15,1457,1527,ASL_2007_05_24-15,6500
OFTEN,OFTEN+++,Brady,ASL_2011_06_08_Brady,21,4357,4388,ASL_2011_06_08_Brady-21,6501
OH-I-SEE,OH-I-SEE+,Brady,ASL_2011_07_19_Brady,18,2886,2916,ASL_2011_07_19_Brady-18,6502
OH-I-SEE,OH-I-SEE++,Dana,ASL_2007_05_24,22,557,636,ASL_2007_05_24-22,6503
OH-I-SEE,OH-I-SEE++,Lana,ASL_2006_10_10,20,714,763,ASL_2006_10_10-20,6504
OH-I-SEE,OH-I-SEE++,Liz,ASL_2008_02_15,23,1870,1915,ASL_2008_02_15-23,6505
OIL,OIL+,Brady,ASL_2011_06_14_Brady,28,10756,10785,ASL_2011_06_14_Brady-28,6506
OIL,OIL+,Liz,ASL_2008_02_01,11,2140,2182,ASL_2008_02_01-11,6507
OIL,OIL+,Naomi,ASL_2008_08_13,9,3060,3093,ASL_2008_08_13-9,6508
OIL,OIL+,Tyler,ASL_2008_05_29a,41,2950,2995,ASL_2008_05_29a-41,6509
OLD,(S)OLD,Brady,ASL_2011_07_19_Brady,19,322,350,ASL_2011_07_19_Brady-19,6510
OLD,(S)OLD,Liz,ASL_2008_02_15,23,2115,2150,ASL_2008_02_15-23,6511
OLD,OLD,Brady,ASL_2011_06_08_Brady,9,8308,8326,ASL_2011_06_08_Brady-9,6512
OLD,OLD,Naomi,ASL_2008_08_04,7,1460,1487,ASL_2008_08_04-7,6513
OLD,OLD+,Liz,ASL_2008_01_11,9,1463,1505,ASL_2008_01_11-9,6514
OLD,OLD++,Tyler,ASL_2008_05_12a,8,1325,1377,ASL_2008_05_12a-8,6515
OLD,OLD_2,Dana,ASL_2007_05_24,22,994,1044,ASL_2007_05_24-22,6516
OLD,OLD_2,Lana,ASL_2006_10_10,20,1095,1125,ASL_2006_10_10-20,6517
OLD+LESS-THAN,(S)OLD+LESS-THAN,Liz,ASL_2008_02_15,5,6445,6519,ASL_2008_02_15-5,6518
OLD+LESS-THAN,OLD++LESS-THAN,Brady,ASL_2011_07_19_Brady,3,688,741,ASL_2011_07_19_Brady-3,6519
OLD+LESS-THAN,OLD+LESS-THAN,Tyler,ASL_2008_06_10,15,6383,6419,ASL_2008_06_10-15,6520
ON,ON,Brady,ASL_2011_07_19_Brady,19,1576,1596,ASL_2011_07_19_Brady-19,6521
ON,ON,Liz,ASL_2008_02_15,24,1385,1415,ASL_2008_02_15-24,6522
ONCE,ONCE,Brady,ASL_2011_07_19_Brady,19,1806,1824,ASL_2011_07_19_Brady-19,6523
ONCE,ONCE,Liz,ASL_2008_02_15,24,1596,1630,ASL_2008_02_15-24,6524
ONCE-IN-A-WHILE,ONCE-IN-A-WHILE+,Liz,ASL_2008_02_15,24,1850,1940,ASL_2008_02_15-24,6525
ONCE-IN-A-WHILE,ONCE-IN-A-WHILE_2+,Brady,ASL_2011_07_19_Brady,19,2080,2160,ASL_2011_07_19_Brady-19,6526
ONE,ONE,Brady,ASL_2011_06_08_Brady,4,4203,4214,ASL_2011_06_08_Brady-4,6527
ONE,ONE,Dana,ASL_2007_05_24,22,1269,1277,ASL_2007_05_24-22,6528
ONE,ONE,Lana,ASL_2006_10_10,20,1338,1366,ASL_2006_10_10-20,6529
ONE,ONE,Liz,ASL_2008_01_11,4,2145,2185,ASL_2008_01_11-4,6530
ONE,ONE,Tyler,ASL_2008_05_12a,3,1325,1380,ASL_2008_05_12a-3,6531
ONE,ONE_2,Naomi,ASL_2008_08_04,3,1626,1650,ASL_2008_08_04-3,6532
ONE+HUNDRED,ONE+HUNDRED,Brady,ASL_2011_06_14_Brady,37,9025,9046,ASL_2011_06_14_Brady-37,6533
ONE+HUNDRED,ONE+HUNDRED,Liz,ASL_2008_01_11,2,1510,1530,ASL_2008_01_11-2,6534
ONE+HUNDRED,ONE+HUNDRED,Naomi,ASL_2008_08_04,1,1376,1388,ASL_2008_08_04-1,6535
ONE+HUNDRED,ONE+HUNDRED,Tyler,ASL_2008_05_12a,1,1591,1630,ASL_2008_05_12a-1,6536
ONE+HUNDRED,ONE+HUNDRED,Tyler,ASL_2008_05_29b,2,1066,1092,ASL_2008_05_29b-2,6537
ONE+MILLION,ONE+MILLION,Brady,ASL_2011_07_19_Brady,20,510,552,ASL_2011_07_19_Brady-20,6538
ONE+MILLION,ONE+MILLION,Brady,ASL_2011_07_22_Brady,48,3360,3397,ASL_2011_07_22_Brady-48,6539
ONE+MILLION,ONE+MILLION,Brady,ASL_2011_07_22_Brady,48,3755,3796,ASL_2011_07_22_Brady-48,6540
ONE+MILLION,ONE+MILLION,Liz,ASL_2008_02_15,24,3260,3304,ASL_2008_02_15-24,6541
ONE+MORE,ONE+MORE++,Brady,ASL_2011_07_19_Brady,20,1098,1140,ASL_2011_07_19_Brady-20,6542
ONE+THOUSAND,ONE+THOUSAND,Brady,ASL_2011_07_19_Brady,20,3488,3510,ASL_2011_07_19_Brady-20,6543
ONE+THOUSAND,ONE+THOUSAND,Liz,ASL_2008_02_15,25,1340,1391,ASL_2008_02_15-25,6544
ONE-FOURTH,ONE-FOURTH,Brady,ASL_2011_07_19_Brady,19,2412,2432,ASL_2011_07_19_Brady-19,6545
ONE-FOURTH,ONE-FOURTH,Brady,ASL_2011_07_19_Brady,19,2960,2984,ASL_2011_07_19_Brady-19,6546
ONE-FOURTH,ONE-FOURTH,Liz,ASL_2008_02_15,24,2405,2450,ASL_2008_02_15-24,6547
ONE-FOURTH,ONE-FOURTH_2,Liz,ASL_2008_02_15,24,2185,2222,ASL_2008_02_15-24,6548
ONE-MONTH,ONE-MONTH,Brady,ASL_2011_07_19_Brady,5,597,605,ASL_2011_07_19_Brady-5,6549
ONE-MONTH,ONE-MONTH,Dana,ASL_2007_05_24,20,1438,1486,ASL_2007_05_24-20,6550
ONE-MONTH,ONE-MONTH,Lana,ASL_2006_10_10,18,1509,1524,ASL_2006_10_10-18,6551
ONE-MONTH,ONE-MONTH,Liz,ASL_2008_02_15,8,1210,1241,ASL_2008_02_15-8,6552
ONE-MONTH,ONE-MONTH,Tyler,ASL_2008_06_10,18,802,827,ASL_2008_06_10-18,6553
ONE-MORE,ONE-MORE++,Brady,ASL_2011_07_19_Brady,20,1336,1390,ASL_2011_07_19_Brady-20,6554
ONE-MORE,ONE-MORE++,Brady,ASL_2011_07_19_Brady,20,1714,1746,ASL_2011_07_19_Brady-20,6555
ONE-MORE,ONE-MORE++,Brady,ASL_2011_07_19_Brady,20,2224,2262,ASL_2011_07_19_Brady-20,6556
ONE-MORE,ONE-MORE++,Liz,ASL_2008_02_15,25,725,755,ASL_2008_02_15-25,6557
ONE-NIGHT-STAND,ONE-NIGHT-STAND,Brady,ASL_2011_07_19_Brady,20,2550,2562,ASL_2011_07_19_Brady-20,6558
ONE-NIGHT-STAND,ONE-NIGHT-STAND,Liz,ASL_2010_08_10_Liz_additional_lexicon_signs,29,2455,2500,ASL_2010_08_10_Liz_additional_lexicon_signs-29,6559
ONE-NIGHT-STAND,ONE-NIGHT-STAND+,Tyler,ASL_2008_05_29b,7,3160,3190,ASL_2008_05_29b-7,6560
ONE-THIRD,ONE-THIRD,Brady,ASL_2011_07_19_Brady,20,2828,2842,ASL_2011_07_19_Brady-20,6561
ONE-THIRD,ONE-THIRD,Brady,ASL_2011_07_19_Brady,20,3072,3092,ASL_2011_07_19_Brady-20,6562
ONE-THIRD,ONE-THIRD,Liz,ASL_2008_02_15,25,1125,1170,ASL_2008_02_15-25,6563
ONE-THIRD,ONE-THIRD_2,Liz,ASL_2008_02_15,25,951,985,ASL_2008_02_15-25,6564
ONE-WEEK,ONE-WEEK,Brady,ASL_2011_07_22_Brady,26,2261,2291,ASL_2011_07_22_Brady-26,6565
ONE-WEEK,ONE-WEEK,Liz,ASL_2008_03_28,38,1037,1071,ASL_2008_03_28-38,6566
ONION,ONION,Brady,ASL_2011_07_19_Brady,20,4142,4170,ASL_2011_07_19_Brady-20,6567
ONION,ONION+,Liz,ASL_2008_02_15,25,1585,1617,ASL_2008_02_15-25,6568
OPEN,OPEN,Brady,ASL_2011_07_19_Brady,20,4368,4382,ASL_2011_07_19_Brady-20,6569
OPEN,OPEN,Liz,ASL_2008_02_15,25,2745,2782,ASL_2008_02_15-25,6570
OPEN-DOOR,OPEN-DOOR,Brady,ASL_2011_07_19_Brady,21,412,431,ASL_2011_07_19_Brady-21,6571
OPEN-DOOR,OPEN-DOOR,Liz,ASL_2008_02_15,25,3155,3200,ASL_2008_02_15-25,6572
OPEN-WINDOW,OPEN-WINDOW,Brady,ASL_2011_07_19_Brady,21,1114,1130,ASL_2011_07_19_Brady-21,6573
OPEN-WINDOW,OPEN-WINDOW,Liz,ASL_2008_02_15,26,560,605,ASL_2008_02_15-26,6574
OPINION,OPINION+,Brady,ASL_2011_07_19_Brady,21,2149,2176,ASL_2011_07_19_Brady-21,6575
OPINION,OPINION+,Liz,ASL_2008_02_15,26,2822,2865,ASL_2008_02_15-26,6576
OPPORTUNITY,OPPORTUNITY,Brady,ASL_2011_07_19_Brady,21,2856,2876,ASL_2011_07_19_Brady-21,6577
OPPORTUNITY,OPPORTUNITY,Liz,ASL_2010_08_10_Liz_additional_lexicon_signs,2,3977,4030,ASL_2010_08_10_Liz_additional_lexicon_signs-2,6578
OPPORTUNITY,OPPORTUNITY-pl,Brady,ASL_2011_07_19_Brady,21,2412,2443,ASL_2011_07_19_Brady-21,6579
OPPORTUNITY,OPPORTUNITY-pl,Liz,ASL_2010_08_10_Liz_additional_lexicon_signs,2,4130,4165,ASL_2010_08_10_Liz_additional_lexicon_signs-2,6580
OPPOSITE,OPPOSITE,Brady,ASL_2011_07_19_Brady,22,429,456,ASL_2011_07_19_Brady-22,6581
OPPOSITE,OPPOSITE,Dana,ASL_2007_05_24,22,164,207,ASL_2007_05_24-22,6582
OPPOSITE,OPPOSITE,Lana,ASL_2006_10_10,20,236,263,ASL_2006_10_10-20,6583
OPPOSITE,OPPOSITE,Liz,ASL_2008_02_15,26,3312,3360,ASL_2008_02_15-26,6584
OPPOSITE+AGENT,OPPOSITE+AGENT,Brady,ASL_2011_06_14_Brady,12,525,552,ASL_2011_06_14_Brady-12,6585
OPPOSITE+AGENT,OPPOSITE+AGENT,Liz,ASL_2008_01_18,31,1395,1450,ASL_2008_01_18-31,6586
OPPOSITE+AGENT,OPPOSITE+AGENT,Naomi,ASL_2008_08_06,31,1955,1990,ASL_2008_08_06-31,6587
OPTION,(1h)OPTION,Tyler,ASL_2008_05_12a,46,302,375,ASL_2008_05_12a-46,6588
OPTION,OPTION,Liz,ASL_2008_01_11,75,1250,1301,ASL_2008_01_11-75,6589
OPTION,OPTION,Liz,ASL_2008_01_11,75,1511,1570,ASL_2008_01_11-75,6590
OPTION,OPTION,Naomi,ASL_2008_08_04,47,3330,3375,ASL_2008_08_04-47,6591
OPTION,OPTION,Naomi,ASL_2008_08_04,48,276,325,ASL_2008_08_04-48,6592
OPTION,OPTION_2,Brady,ASL_2011_06_08_Brady,27,10600,10650,ASL_2011_06_08_Brady-27,6593
OPTION,OPTION_2,Brady,ASL_2011_07_22_Brady,40,572,620,ASL_2011_07_22_Brady-40,6594
ORANGE,ORANGE+,Brady,ASL_2011_07_19_Brady,22,1567,1602,ASL_2011_07_19_Brady-22,6595
ORANGE,ORANGE+,Dana,ASL_2007_05_24,22,1671,1718,ASL_2007_05_24-22,6596
ORANGE,ORANGE+,Lana,ASL_2006_10_10,20,1718,1738,ASL_2006_10_10-20,6597
ORANGE,ORANGE+,Liz,ASL_2008_02_15,27,707,750,ASL_2008_02_15-27,6598
ORBIT,(1h)ORBIT,Tyler,ASL_2008_05_12a,14,1900,1940,ASL_2008_05_12a-14,6599
ORBIT,(O)ORBIT+,Brady,ASL_2011_06_08_Brady,13,1766,1830,ASL_2011_06_08_Brady-13,6600
ORBIT,ORBIT+,Liz,ASL_2008_01_11,21,1240,1310,ASL_2008_01_11-21,6601
ORDER,ORDER,Brady,ASL_2011_07_19_Brady,22,2212,2244,ASL_2011_07_19_Brady-22,6602
ORDER,ORDER,Liz,ASL_2008_02_15,27,3085,3125,ASL_2008_02_15-27,6603
ORGAN-MUSIC,ORGAN-MUSIC+,Liz,ASL_2008_02_15,27,3365,3450,ASL_2008_02_15-27,6604
ORGANIZATION,ORGANIZATION,Brady,ASL_2011_07_19_Brady,22,2832,2851,ASL_2011_07_19_Brady-22,6605
ORGANIZATION,ORGANIZATION,Liz,ASL_2008_02_15,27,3580,3625,ASL_2008_02_15-27,6606
ORTHODOX,ORTHODOX,Brady,ASL_2011_07_19_Brady,23,1583,1608,ASL_2011_07_19_Brady-23,6607
ORTHODOX,ORTHODOX,Liz,ASL_2008_02_15,27,4090,4125,ASL_2008_02_15-27,6608
OTHER,OTHER,Brady,ASL_2011_06_08_Brady,12,1457,1473,ASL_2011_06_08_Brady-12,6609
OTHER,OTHER,Liz,ASL_2008_01_11,15,640,666,ASL_2008_01_11-15,6610
OTHER,OTHER,Naomi,ASL_2008_08_04,10,2827,2850,ASL_2008_08_04-10,6611
OTHER,OTHER,Tyler,ASL_2008_05_12a,11,2415,2432,ASL_2008_05_12a-11,6612
OUT,OUT,Brady,ASL_2011_07_19_Brady,23,2650,2664,ASL_2011_07_19_Brady-23,6613
OUT,OUT,Liz,ASL_2008_02_15,28,685,710,ASL_2008_02_15-28,6614
OUT,OUT+,Liz,ASL_2008_02_15,28,885,926,ASL_2008_02_15-28,6615
OVER/AFTER,OVER/AFTER,Brady,ASL_2011_06_08_Brady,9,6594,6614,ASL_2011_06_08_Brady-9,6616
OVER/AFTER,OVER/AFTER,Liz,ASL_2008_01_11,6,1320,1360,ASL_2008_01_11-6,6617
OVER/AFTER,OVER/AFTER,Liz,ASL_2008_01_11,9,546,580,ASL_2008_01_11-9,6618
OVER/AFTER,OVER/AFTER,Liz,ASL_2008_02_15,28,2195,2245,ASL_2008_02_15-28,6619
OVER/AFTER,OVER/AFTER,Naomi,ASL_2008_08_04,5,410,425,ASL_2008_08_04-5,6620
OVER/AFTER,OVER/AFTER,Naomi,ASL_2008_08_04,7,395,418,ASL_2008_08_04-7,6621
OVER/AFTER,OVER/AFTER,Tyler,ASL_2008_05_12a,6,3730,3760,ASL_2008_05_12a-6,6622
OVER/AFTER,OVER/AFTER,Tyler,ASL_2008_05_12a,8,360,387,ASL_2008_05_12a-8,6623
OVERFLOW,OVERFLOW,Brady,ASL_2011_07_19_Brady,23,4134,4182,ASL_2011_07_19_Brady-23,6624
OVERFLOW,OVERFLOW,Liz,ASL_2008_02_15,28,1742,1807,ASL_2008_02_15-28,6625
OVERHEAD-PROJECTOR,OVERHEAD-PROJECTOR,Liz,ASL_2008_02_15,28,2755,2814,ASL_2008_02_15-28,6626
OVERHEAD-PROJECTOR,OVERHEAD-PROJECTOR_2,Brady,ASL_2011_07_19_Brady,24,160,188,ASL_2011_07_19_Brady-24,6627
OVERLOOK,OVERLOOK,Brady,ASL_2011_06_14_Brady,23,3547,3577,ASL_2011_06_14_Brady-23,6628
OVERWHELMED,OVERWHELMED,Brady,ASL_2011_07_22_Brady,18,5102,5135,ASL_2011_07_22_Brady-18,6629
OVERWHELMED,OVERWHELMED,Brady,ASL_2011_07_22_Brady,19,171,203,ASL_2011_07_22_Brady-19,6630
OVERWHELMED,OVERWHELMED,Liz,ASL_2008_03_28,30,1871,1910,ASL_2008_03_28-30,6631
OWL,OWL,Brady,ASL_2011_07_19_Brady,24,521,538,ASL_2011_07_19_Brady-24,6632
OWL,OWL+,Liz,ASL_2008_02_15,28,3271,3325,ASL_2008_02_15-28,6633
P,P,Brady,ASL_2011_07_19_Brady,24,818,844,ASL_2011_07_19_Brady-24,6634
P,P,Liz,ASL_2008_02_15,37,1030,1093,ASL_2008_02_15-37,6635
PACK,PACK+,Liz,ASL_2008_02_15,29,303,369,ASL_2008_02_15-29,6636
PACK,PACK+++,Brady,ASL_2011_07_19_Brady,24,1344,1384,ASL_2011_07_19_Brady-24,6637
PADDLE/CANOE,PADDLE/CANOE,Brady,ASL_2011_06_08_Brady,25,10368,10426,ASL_2011_06_08_Brady-25,6638
PADDLE/CANOE,PADDLE/CANOE,Brady,ASL_2011_06_08_Brady,25,10834,10912,ASL_2011_06_08_Brady-25,6639
PADDLE/CANOE,PADDLE/CANOE,Liz,ASL_2008_01_11,64,255,325,ASL_2008_01_11-64,6640
PADDLE/CANOE,PADDLE/CANOE,Liz,ASL_2008_01_11,64,545,644,ASL_2008_01_11-64,6641
PADDLE/CANOE,PADDLE/CANOE,Naomi,ASL_2008_08_04,40,4135,4192,ASL_2008_08_04-40,6642
PADDLE/CANOE,PADDLE/CANOE,Naomi,ASL_2008_08_04,41,392,474,ASL_2008_08_04-41,6643
PADDLE/CANOE,PADDLE/CANOE,Tyler,ASL_2008_05_12a,39,2745,2790,ASL_2008_05_12a-39,6644
PADDLE/CANOE,PADDLE/CANOE,Tyler,ASL_2008_05_12a,40,560,617,ASL_2008_05_12a-40,6645
PAGER,PAGER+,Brady,ASL_2011_07_19_Brady,24,1872,1922,ASL_2011_07_19_Brady-24,6646
PAGER,PAGER+,Liz,ASL_2008_02_15,29,677,708,ASL_2008_02_15-29,6647
PAINT,PAINT+,Brady,ASL_2011_07_19_Brady,24,2530,2566,ASL_2011_07_19_Brady-24,6648
PAINT,PAINT+,Brady,ASL_2011_07_22_Brady,23,459,519,ASL_2011_07_22_Brady-23,6649
PAINT,PAINT+,Dana,ASL_2007_05_24,22,853,939,ASL_2007_05_24-22,6650
PAINT,PAINT+,Lana,ASL_2006_10_10,20,963,1022,ASL_2006_10_10-20,6651
PAINT,PAINT+,Liz,ASL_2008_02_15,29,1187,1250,ASL_2008_02_15-29,6652
PAINT,PAINT+,Liz,ASL_2008_03_28,34,2907,2952,ASL_2008_03_28-34,6653
PAINT,PAINT_2+,Brady,ASL_2011_07_19_Brady,24,2910,2960,ASL_2011_07_19_Brady-24,6654
PAINT,PAINT_2+,Liz,ASL_2008_02_15,29,1465,1532,ASL_2008_02_15-29,6655
PAINT+AGENT,PAINT+AGENT,Brady,ASL_2011_07_19_Brady,25,192,227,ASL_2011_07_19_Brady-25,6656
PAINT+AGENT,PAINT+AGENT,Liz,ASL_2008_02_15,29,1709,1780,ASL_2008_02_15-29,6657
PANCAKE,PANCAKE,Brady,ASL_2011_07_19_Brady,25,1324,1354,ASL_2011_07_19_Brady-25,6658
PANCAKE,PANCAKE,Liz,ASL_2008_02_15,30,2221,2266,ASL_2008_02_15-30,6659
PANTS,PANTS+,Liz,ASL_2008_02_15,30,2449,2492,ASL_2008_02_15-30,6660
PANTS,PANTS++,Brady,ASL_2011_07_19_Brady,25,1584,1636,ASL_2011_07_19_Brady-25,6661
PAPER,PAPER+,Brady,ASL_2011_07_19_Brady,25,1820,1846,ASL_2011_07_19_Brady-25,6662
PAPER,PAPER+,Dana,ASL_2007_05_24,22,1125,1170,ASL_2007_05_24-22,6663
PAPER,PAPER+,Lana,ASL_2006_10_10,20,1210,1248,ASL_2006_10_10-20,6664
PAPER,PAPER+,Liz,ASL_2008_02_15,30,2661,2698,ASL_2008_02_15-30,6665
PAPER++CLIP,PAPER++CLIP,Brady,ASL_2011_07_19_Brady,25,2070,2113,ASL_2011_07_19_Brady-25,6666
PAPER++CLIP,PAPER++CLIP,Liz,ASL_2008_02_15,30,3050,3133,ASL_2008_02_15-30,6667
PAPER++SQUARE,PAPER++SQUARE,Brady,ASL_2011_06_14_Brady,22,1357,1419,ASL_2011_06_14_Brady-22,6668
PAPER++SQUARE,PAPER++SQUARE,Liz,ASL_2008_01_18,48,1120,1227,ASL_2008_01_18-48,6669
PAPER++SQUARE,PAPER++SQUARE,Tyler,ASL_2008_05_29a,28,897,960,ASL_2008_05_29a-28,6670
PAPER-CHECK/CARD,PAPER-CHECK/CARD,Brady,ASL_2011_06_08_Brady,27,383,411,ASL_2011_06_08_Brady-27,6671
PAPER-CHECK/CARD,PAPER-CHECK/CARD,Liz,ASL_2008_01_11,72,720,751,ASL_2008_01_11-72,6672
PAPER-CHECK/CARD,PAPER-CHECK/CARD,Liz,ASL_2008_02_29,31,1767,1819,ASL_2008_02_29-31,6673
PAPER-CHECK/CARD,PAPER-CHECK/CARD,Naomi,ASL_2008_08_04,45,3840,3866,ASL_2008_08_04-45,6674
PAPER-CHECK/CARD,PAPER-CHECK/CARD,Tyler,ASL_2008_05_12a,44,2940,2965,ASL_2008_05_12a-44,6675
PARACHUTE,PARACHUTE,Liz,ASL_2010_08_10_Liz_additional_lexicon_signs,21,1798,1883,ASL_2010_08_10_Liz_additional_lexicon_signs-21,6676
PARAGRAPH,PARAGRAPH+,Liz,ASL_2008_02_15,30,4433,4475,ASL_2008_02_15-30,6677
PARAGRAPH,PARAGRAPH-pl,Tyler,ASL_2008_05_12a,43,2215,2247,ASL_2008_05_12a-43,6678
PARALLEL,PARALLEL,Brady,ASL_2011_07_19_Brady,25,2719,2741,ASL_2011_07_19_Brady-25,6679
PARALLEL,PARALLEL,Liz,ASL_2008_02_15,31,280,327,ASL_2008_02_15-31,6680
PARALLEL,PARALLEL,Naomi,ASL_2008_08_06,26,1695,1720,ASL_2008_08_06-26,6681
PARENTHESES,PARENTHESES,Liz,ASL_2010_08_10_Liz_additional_lexicon_signs,21,1649,1684,ASL_2010_08_10_Liz_additional_lexicon_signs-21,6682
PARENTHESES,PARENTHESES_2,Brady,ASL_2011_07_19_Brady,26,1690,1695,ASL_2011_07_19_Brady-26,6683
PARK,PARK,Brady,ASL_2011_07_19_Brady,26,2607,2627,ASL_2011_07_19_Brady-26,6684
PARK,PARK,Liz,ASL_2008_02_15,31,1385,1432,ASL_2008_02_15-31,6685
PARK,PARK++,Brady,ASL_2011_07_22_Brady,49,169,213,ASL_2011_07_22_Brady-49,6686
PARK++DROP-COINS,PARK++DROP-COINS,Tyler,ASL_2008_06_10,13,2878,2928,ASL_2008_06_10-13,6687
PARK++DROP-COINS,PARK++DROP-COINS++,Brady,ASL_2011_06_14_Brady,56,2621,2673,ASL_2011_06_14_Brady-56,6688
PARLIAMENT,PARLIAMENT,Brady,ASL_2011_07_19_Brady,26,3324,3348,ASL_2011_07_19_Brady-26,6689
PARLIAMENT,PARLIAMENT,Brady,ASL_2011_07_22_Brady,49,395,419,ASL_2011_07_22_Brady-49,6690
PARLIAMENT,PARLIAMENT,Liz,ASL_2008_02_15,31,1645,1701,ASL_2008_02_15-31,6691
PARTY,(P)PARTY+,Liz,ASL_2008_02_15,32,747,805,ASL_2008_02_15-32,6692
PARTY,PARTY+,Lana,ASL_2006_10_10,20,1446,1492,ASL_2006_10_10-20,6693
PASS,PASS,Brady,ASL_2011_07_19_Brady,27,436,456,ASL_2011_07_19_Brady-27,6694
PASS,PASS,Lana,ASL_2006_10_10,20,1591,1606,ASL_2006_10_10-20,6695
PASS,PASS,Liz,ASL_2008_02_15,32,991,1020,ASL_2008_02_15-32,6696
PASS,PASS,Naomi,ASL_2008_08_04,7,3898,3922,ASL_2008_08_04-7,6697
PASS,PASS,Naomi,ASL_2008_08_04,27,2070,2092,ASL_2008_08_04-27,6698
PASS-DOWN,PASS-DOWN+,Brady,ASL_2011_06_14_Brady,40,3427,3466,ASL_2011_06_14_Brady-40,6699
PASS-DOWN,PASS-DOWN+,Liz,ASL_2010_08_10_Liz_additional_lexicon_signs,20,1390,1440,ASL_2010_08_10_Liz_additional_lexicon_signs-20,6700
PASS-OUT,PASS-OUT,Brady,ASL_2011_06_14_Brady,15,6150,6165,ASL_2011_06_14_Brady-15,6701
PASS-OUT,PASS-OUT,Tyler,ASL_2008_05_12a,28,1565,1590,ASL_2008_05_12a-28,6702
PASS-OUT,PASS-OUT,Tyler,ASL_2008_05_29a,17,2480,2502,ASL_2008_05_29a-17,6703
PAST,PAST+,Brady,ASL_2011_06_08_Brady,15,485,510,ASL_2011_06_08_Brady-15,6704
PAST,PAST+,Liz,ASL_2008_01_11,28,1320,1350,ASL_2008_01_11-28,6705
PAST,PAST+,Naomi,ASL_2008_08_04,18,3418,3447,ASL_2008_08_04-18,6706
PAST,PAST+,Tyler,ASL_2008_05_12a,24,466,485,ASL_2008_05_12a-24,6707
PAST,PAST++,Tyler,ASL_2008_05_12a,18,4165,4211,ASL_2008_05_12a-18,6708
PAST,PAST++,Tyler,ASL_2008_05_12a,24,710,742,ASL_2008_05_12a-24,6709
PAST,PAST_2,Brady,ASL_2011_06_08_Brady,18,5538,5556,ASL_2011_06_08_Brady-18,6710
PAST,PAST_2,Brady,ASL_2011_07_19_Brady,27,721,741,ASL_2011_07_19_Brady-27,6711
PAST,PAST_2,Lana,ASL_2006_01_20,22,2428,2449,ASL_2006_01_20-22,6712
PAST,PAST_2,Liz,ASL_2008_01_11,37,1075,1096,ASL_2008_01_11-37,6713
PAST,PAST_2,Liz,ASL_2008_02_15,32,1185,1230,ASL_2008_02_15-32,6714
PAST,PAST_2,Naomi,ASL_2008_08_04,25,435,452,ASL_2008_08_04-25,6715
PAST+NIGHT,PAST+NIGHT,Brady,ASL_2011_06_14_Brady,46,5556,5582,ASL_2011_06_14_Brady-46,6716
PAST+NIGHT,PAST+NIGHT,Liz,ASL_2008_02_01,44,235,280,ASL_2008_02_01-44,6717
PAST+NIGHT,PAST+NIGHT,Naomi,ASL_2008_08_13,36,3671,3697,ASL_2008_08_13-36,6718
PAST+NIGHT,PAST+NIGHT,Tyler,ASL_2008_05_29b,16,2625,2650,ASL_2008_05_29b-16,6719
PAST+YEAR,PAST+YEAR,Brady,ASL_2011_06_14_Brady,47,772,812,ASL_2011_06_14_Brady-47,6720
PAST+YEAR,PAST+YEAR,Tyler,ASL_2008_05_29b,17,471,515,ASL_2008_05_29b-17,6721
PAT-ON-BACK,PAT-ON-BACK++,Brady,ASL_2011_07_19_Brady,27,977,1013,ASL_2011_07_19_Brady-27,6722
PAT-ON-BACK,PAT-ON-BACK++,Liz,ASL_2008_02_15,32,1430,1482,ASL_2008_02_15-32,6723
PATIENT,PATIENT,Brady,ASL_2011_07_19_Brady,27,2160,2186,ASL_2011_07_19_Brady-27,6724
PATIENT,PATIENT,Lana,ASL_2006_10_10,4,487,505,ASL_2006_10_10-4,6725
PATIENT,PATIENT,Liz,ASL_2008_02_15,32,2480,2512,ASL_2008_02_15-32,6726
PATIENT,PATIENT+,Dana,ASL_2007_05_24,8,347,406,ASL_2007_05_24-8,6727
PATIENT,PATIENT+,Liz,ASL_2008_02_01,29,805,856,ASL_2008_02_01-29,6728
PATIENT,PATIENT++,Brady,ASL_2011_07_22_Brady,45,1765,1804,ASL_2011_07_22_Brady-45,6729
PATRONIZE/FREQUENT,PATRONIZE/FREQUENT++,Lana,ASL_2006_10_10,11,1563,1602,ASL_2006_10_10-11,6730
PAY,(P)PAY,Liz,ASL_2008_02_15,33,335,362,ASL_2008_02_15-33,6731
PAY,PAY,Brady,ASL_2011_07_19_Brady,28,133,154,ASL_2011_07_19_Brady-28,6732
PAY,PAY,Lana,ASL_2006_10_10,20,1854,1863,ASL_2006_10_10-20,6733
PAY++FINISH,(P)PAY++FINISH,Liz,ASL_2010_08_10_Liz_additional_lexicon_signs,15,1828,1881,ASL_2010_08_10_Liz_additional_lexicon_signs-15,6734
PAY++FINISH,PAY++FINISH,Brady,ASL_2011_07_19_Brady,27,2996,3039,ASL_2011_07_19_Brady-27,6735
PAY-ATTENTION,PAY-ATTENTION+,Brady,ASL_2011_06_08_Brady,13,19455,19475,ASL_2011_06_08_Brady-13,6736
PAY-ATTENTION,PAY-ATTENTION+,Liz,ASL_2008_01_11,24,1451,1481,ASL_2008_01_11-24,6737
PAY-ATTENTION,PAY-ATTENTION+,Naomi,ASL_2008_08_04,16,3545,3568,ASL_2008_08_04-16,6738
PAY-ATTENTION,PAY-ATTENTION+,Tyler,ASL_2008_05_12a,16,2870,2895,ASL_2008_05_12a-16,6739
PAY-IN-FULL,PAY-IN-FULL,Brady,ASL_2011_07_19_Brady,27,2720,2742,ASL_2011_07_19_Brady-27,6740
PAY-IN-FULL,PAY-IN-FULL,Liz,ASL_2010_08_10_Liz_additional_lexicon_signs,15,2055,2095,ASL_2010_08_10_Liz_additional_lexicon_signs-15,6741
"PCL:5""coming in""","PCL:5""coming in""",Tyler,ASL_2008_05_29a,52,2820,2860,ASL_2008_05_29a-52,6742
"PCL:5-C-L""crowd""","PCL:5-C-L""crowd""",Liz,ASL_2008_02_01,24,1702,1750,ASL_2008_02_01-24,6743
"PCL:5-C-L""crowd""","PCL:5-C-L""crowd""",Naomi,ASL_2008_08_13,20,6465,6491,ASL_2008_08_13-20,6744
PEA-BRAIN,PEA-BRAIN,Brady,ASL_2011_06_08_Brady,21,17268,17281,ASL_2011_06_08_Brady-21,6745
PEA-BRAIN,PEA-BRAIN,Liz,ASL_2008_01_11,47,436,470,ASL_2008_01_11-47,6746
PEA-BRAIN,PEA-BRAIN,Naomi,ASL_2008_08_04,30,1645,1661,ASL_2008_08_04-30,6747
PEA-BRAIN,PEA-BRAIN,Tyler,ASL_2008_05_12a,29,1217,1237,ASL_2008_05_12a-29,6748
PEACH,PEACH+,Brady,ASL_2011_07_19_Brady,28,1511,1546,ASL_2011_07_19_Brady-28,6749
PEACH,PEACH+,Dana,ASL_2007_05_24,22,2652,2696,ASL_2007_05_24-22,6750
PEACH,PEACH+,Lana,ASL_2006_10_10,20,2627,2660,ASL_2006_10_10-20,6751
PEACH,PEACH+,Liz,ASL_2008_02_15,33,1715,1747,ASL_2008_02_15-33,6752
PEAK-MOUNTAIN,PEAK-MOUNTAIN,Brady,ASL_2011_07_19_Brady,97,2024,2058,ASL_2011_07_19_Brady-97,6753
PEAK-MOUNTAIN,PEAK-MOUNTAIN,Brady,ASL_2011_07_22_Brady,49,620,646,ASL_2011_07_22_Brady-49,6754
PEAK-MOUNTAIN,PEAK-MOUNTAIN,Liz,ASL_2008_02_29,45,575,660,ASL_2008_02_29-45,6755
PEAR,PEAR+,Brady,ASL_2011_07_19_Brady,28,1934,1973,ASL_2011_07_19_Brady-28,6756
PEAR,PEAR+,Liz,ASL_2008_02_15,33,2605,2646,ASL_2008_02_15-33,6757
PEAS,PEAS,Brady,ASL_2011_07_19_Brady,28,2535,2566,ASL_2011_07_19_Brady-28,6758
PEAS,PEAS,Brady,ASL_2011_07_19_Brady,78,2207,2234,ASL_2011_07_19_Brady-78,6759
PEAS,PEAS,Liz,ASL_2008_02_15,33,3220,3282,ASL_2008_02_15-33,6760
PEAS,PEAS,Tyler,ASL_2008_05_12a,22,3120,3161,ASL_2008_05_12a-22,6761
PEEK-AROUND,PEEK-AROUND,Brady,ASL_2011_07_19_Brady,28,765,794,ASL_2011_07_19_Brady-28,6762
PEEK-AROUND,PEEK-AROUND,Liz,ASL_2008_02_15,33,3615,3712,ASL_2008_02_15-33,6763
PENCIL,PENCIL,Lana,ASL_2006_10_10,20,2103,2135,ASL_2006_10_10-20,6764
PENCIL,PENCIL+,Liz,ASL_2008_02_15,34,1727,1765,ASL_2008_02_15-34,6765
PENGUIN,PENGUIN+,Liz,ASL_2008_02_15,34,2051,2127,ASL_2008_02_15-34,6766
PEOPLE,PEOPLE+,Dana,ASL_2007_05_24,22,2198,2276,ASL_2007_05_24-22,6767
PEOPLE,PEOPLE+,Lana,ASL_2006_10_10,20,2231,2285,ASL_2006_10_10-20,6768
PEOPLE,PEOPLE+,Liz,ASL_2008_02_15,35,316,380,ASL_2008_02_15-35,6769
PEOPLE+AUDIENCE,PEOPLE+AUDIENCE,Brady,ASL_2011_06_14_Brady,2,3158,3209,ASL_2011_06_14_Brady-2,6770
PEOPLE+AUDIENCE,PEOPLE+AUDIENCE,Liz,ASL_2008_01_11,25,720,787,ASL_2008_01_11-25,6771
PEOPLE+AUDIENCE,PEOPLE+AUDIENCE,Naomi,ASL_2008_08_04,16,4166,4208,ASL_2008_08_04-16,6772
PERCEIVE,PERCEIVE+,Brady,ASL_2011_07_19_Brady,30,152,175,ASL_2011_07_19_Brady-30,6773
PERCEIVE,PERCEIVE+,Liz,ASL_2010_08_10_Liz_additional_lexicon_signs,22,300,355,ASL_2010_08_10_Liz_additional_lexicon_signs-22,6774
PERCENT,PERCENT,Brady,ASL_2011_07_19_Brady,30,470,494,ASL_2011_07_19_Brady-30,6775
PERCENT,PERCENT,Dana,ASL_2007_05_24,23,544,592,ASL_2007_05_24-23,6776
PERCENT,PERCENT,Lana,ASL_2006_10_10,21,632,659,ASL_2006_10_10-21,6777
PERCENT,PERCENT,Liz,ASL_2008_02_15,35,1911,1955,ASL_2008_02_15-35,6778
PERFECT,(P)PERFECT,Liz,ASL_2008_02_15,35,2460,2512,ASL_2008_02_15-35,6779
PERFECT,PERFECT,Brady,ASL_2011_07_19_Brady,30,735,767,ASL_2011_07_19_Brady-30,6780
PERFECT,PERFECT,Liz,ASL_2008_02_15,35,2710,2755,ASL_2008_02_15-35,6781
PERFUME,PERFUME+,Brady,ASL_2011_07_19_Brady,30,1838,1857,ASL_2011_07_19_Brady-30,6782
PERFUME,PERFUME+,Liz,ASL_2008_02_15,35,3510,3555,ASL_2008_02_15-35,6783
PERFUME,PERFUME_2,Brady,ASL_2011_07_19_Brady,30,1526,1552,ASL_2011_07_19_Brady-30,6784
PERFUME,PERFUME_3,Liz,ASL_2008_02_15,35,3207,3261,ASL_2008_02_15-35,6785
PERIOD,PERIOD,Brady,ASL_2011_07_19_Brady,30,2105,2121,ASL_2011_07_19_Brady-30,6786
PERIOD,PERIOD,Liz,ASL_2008_02_15,35,4581,4625,ASL_2008_02_15-35,6787
PERIOD-ON-PAGE,PERIOD-ON-PAGE,Brady,ASL_2011_07_19_Brady,30,2546,2573,ASL_2011_07_19_Brady-30,6788
PERIOD-ON-PAGE,PERIOD-ON-PAGE,Liz,ASL_2008_02_15,36,515,556,ASL_2008_02_15-36,6789
PERMIT,PERMIT,Brady,ASL_2011_07_19_Brady,30,2981,2992,ASL_2011_07_19_Brady-30,6790
PERMIT,PERMIT,Brady,ASL_2011_07_19_Brady,43,1407,1416,ASL_2011_07_19_Brady-43,6791
PERMIT,PERMIT,Dana,ASL_2007_05_24,22,2791,2806,ASL_2007_05_24-22,6792
PERMIT,PERMIT,Lana,ASL_2006_10_10,20,2752,2759,ASL_2006_10_10-20,6793
PERMIT,PERMIT,Liz,ASL_2008_02_15,36,752,785,ASL_2008_02_15-36,6794
PERMIT,PERMIT+,Liz,ASL_2008_02_15,49,855,897,ASL_2008_02_15-49,6795
PERSON,PERSON,Liz,ASL_2008_02_15,36,980,1004,ASL_2008_02_15-36,6796
PERSONALITY,PERSONALITY,Brady,ASL_2011_07_19_Brady,31,511,531,ASL_2011_07_19_Brady-31,6797
PERSONALITY,PERSONALITY,Liz,ASL_2008_02_15,36,1245,1320,ASL_2008_02_15-36,6798
PERSPECTIVE,PERSPECTIVE,Brady,ASL_2011_07_19_Brady,31,990,1013,ASL_2011_07_19_Brady-31,6799
PERSPECTIVE,PERSPECTIVE,Brady,ASL_2011_07_22_Brady,49,1152,1193,ASL_2011_07_22_Brady-49,6800
PERSPECTIVE,PERSPECTIVE_2,Liz,ASL_2008_02_15,36,1550,1600,ASL_2008_02_15-36,6801
PERSPECTIVE,PERSPECTIVE_2,Liz,ASL_2008_02_15,36,1822,1874,ASL_2008_02_15-36,6802
PET/SPOILED,PET/SPOILED+,Brady,ASL_2011_07_19_Brady,31,1533,1558,ASL_2011_07_19_Brady-31,6803
PET/SPOILED,PET/SPOILED+,Liz,ASL_2008_02_15,36,3602,3660,ASL_2008_02_15-36,6804
PHONE,PHONE+,Liz,ASL_2008_03_28,6,4450,4475,ASL_2008_03_28-6,6805
PHONE,PHONE++,Brady,ASL_2011_07_19_Brady,111,698,730,ASL_2011_07_19_Brady-111,6806
PHONE,PHONE++,Tyler,ASL_2008_05_12a,38,2100,2155,ASL_2008_05_12a-38,6807
PHONE+PUSH-BUTTONS,PHONE+PUSH-BUTTONS,Brady,ASL_2011_06_14_Brady,4,1230,1282,ASL_2011_06_14_Brady-4,6808
PHONE+PUSH-BUTTONS,PHONE+PUSH-BUTTONS,Brady,ASL_2011_06_14_Brady,5,187,238,ASL_2011_06_14_Brady-5,6809
PHONE+PUSH-BUTTONS,PHONE+PUSH-BUTTONS,Liz,ASL_2008_01_18,16,2975,3077,ASL_2008_01_18-16,6810
PHONE+PUSH-BUTTONS,PHONE+PUSH-BUTTONS,Naomi,ASL_2008_08_06,16,3992,4041,ASL_2008_08_06-16,6811
PHYSICAL,PHYSICAL,Brady,ASL_2011_07_19_Brady,31,3181,3198,ASL_2011_07_19_Brady-31,6812
PHYSICAL,PHYSICAL,Liz,ASL_2008_02_15,37,3320,3360,ASL_2008_02_15-37,6813
PHYSICS,PHYSICS+,Brady,ASL_2011_07_19_Brady,31,2064,2089,ASL_2011_07_19_Brady-31,6814
PHYSICS,PHYSICS+,Liz,ASL_2008_02_15,37,3590,3652,ASL_2008_02_15-37,6815
PIANO,PIANO,Brady,ASL_2011_07_22_Brady,15,934,986,ASL_2011_07_22_Brady-15,6816
PIANO,PIANO+,Brady,ASL_2011_07_19_Brady,22,2496,2567,ASL_2011_07_19_Brady-22,6817
PIANO,PIANO+,Brady,ASL_2011_07_19_Brady,31,3704,3767,ASL_2011_07_19_Brady-31,6818
PIANO,PIANO+,Liz,ASL_2008_02_15,38,256,350,ASL_2008_02_15-38,6819
PICK/CHOOSE,PICK/CHOOSE,Liz,ASL_2008_01_11,76,670,695,ASL_2008_01_11-76,6820
PICK/CHOOSE,PICK/CHOOSE,Tyler,ASL_2008_05_12a,45,3310,3340,ASL_2008_05_12a-45,6821
PICK/CHOOSE,PICK/CHOOSE,Tyler,ASL_2008_05_12a,46,990,1015,ASL_2008_05_12a-46,6822
PICKLE,PICKLE+,Liz,ASL_2008_02_15,38,920,985,ASL_2008_02_15-38,6823
PICNIC,PICNIC,Liz,ASL_2010_08_10_Liz_additional_lexicon_signs,7,2402,2437,ASL_2010_08_10_Liz_additional_lexicon_signs-7,6824
PICTURE,PICTURE,Brady,ASL_2011_07_19_Brady,32,2700,2721,ASL_2011_07_19_Brady-32,6825
PICTURE,PICTURE,Liz,ASL_2008_02_15,38,2385,2430,ASL_2008_02_15-38,6826
PIE,PIE,Brady,ASL_2011_07_19_Brady,32,3010,3050,ASL_2011_07_19_Brady-32,6827
PIE,PIE,Liz,ASL_2008_02_15,38,2920,2986,ASL_2008_02_15-38,6828
PIG,PIG,Brady,ASL_2011_07_19_Brady,32,3246,3278,ASL_2011_07_19_Brady-32,6829
PIG,PIG++,Liz,ASL_2008_02_15,38,3220,3252,ASL_2008_02_15-38,6830
PILGRIM,PILGRIM,Brady,ASL_2011_07_19_Brady,32,4075,4100,ASL_2011_07_19_Brady-32,6831
PILGRIM,PILGRIM,Liz,ASL_2010_08_10_Liz_additional_lexicon_signs,22,450,540,ASL_2010_08_10_Liz_additional_lexicon_signs-22,6832
PILLOW,PILLOW+,Brady,ASL_2011_07_19_Brady,33,427,458,ASL_2011_07_19_Brady-33,6833
PILLOW,PILLOW+,Liz,ASL_2008_02_15,38,3975,4025,ASL_2008_02_15-38,6834
PIMPLES,PIMPLES,Liz,ASL_2008_02_15,39,746,811,ASL_2008_02_15-39,6835
PIN,PIN,Liz,ASL_2008_02_15,39,1510,1550,ASL_2008_02_15-39,6836
PIN,PIN_2,Brady,ASL_2011_07_19_Brady,33,1576,1593,ASL_2011_07_19_Brady-33,6837
PINEAPPLE,PINEAPPLE+,Brady,ASL_2011_07_19_Brady,33,1851,1881,ASL_2011_07_19_Brady-33,6838
PINEAPPLE,PINEAPPLE+,Liz,ASL_2008_02_15,39,3406,3465,ASL_2008_02_15-39,6839
PING-PONG/TENNIS,PING-PONG/TENNIS,Brady,ASL_2011_06_08_Brady,15,6250,6290,ASL_2011_06_08_Brady-15,6840
PING-PONG/TENNIS,PING-PONG/TENNIS,Brady,ASL_2011_07_19_Brady,33,3031,3073,ASL_2011_07_19_Brady-33,6841
PING-PONG/TENNIS,PING-PONG/TENNIS,Brady,ASL_2011_07_19_Brady,33,3726,3803,ASL_2011_07_19_Brady-33,6842
PING-PONG/TENNIS,PING-PONG/TENNIS,Brady,ASL_2011_07_19_Brady,112,634,694,ASL_2011_07_19_Brady-112,6843
PING-PONG/TENNIS,PING-PONG/TENNIS,Liz,ASL_2008_01_11,30,325,380,ASL_2008_01_11-30,6844
PING-PONG/TENNIS,PING-PONG/TENNIS,Liz,ASL_2008_03_28,7,3225,3287,ASL_2008_03_28-7,6845
PING-PONG/TENNIS,PING-PONG/TENNIS,Naomi,ASL_2008_08_04,19,2160,2192,ASL_2008_08_04-19,6846
PING-PONG/TENNIS,PING-PONG_2,Liz,ASL_2008_02_15,39,5115,5155,ASL_2008_02_15-39,6847
PINK,PINK,Brady,ASL_2011_07_19_Brady,33,4172,4200,ASL_2011_07_19_Brady-33,6848
PINK,PINK,Liz,ASL_2008_02_15,39,5570,5595,ASL_2008_02_15-39,6849
PINK,PINK+,Brady,ASL_2011_07_19_Brady,32,1728,1753,ASL_2011_07_19_Brady-32,6850
PINK,PINK+,Liz,ASL_2008_02_15,38,1753,1790,ASL_2008_02_15-38,6851
PIPE,PIPE+,Brady,ASL_2011_07_22_Brady,11,3019,3065,ASL_2011_07_22_Brady-11,6852
PIPE,PIPE+,Liz,ASL_2008_02_15,40,705,767,ASL_2008_02_15-40,6853
PIRATE,PIRATE+,Brady,ASL_2011_07_19_Brady,27,1206,1229,ASL_2011_07_19_Brady-27,6854
PIRATE,PIRATE+,Liz,ASL_2008_02_15,32,1705,1746,ASL_2008_02_15-32,6855
PISS-OFF,PISS-OFF,Brady,ASL_2011_07_19_Brady,33,4435,4455,ASL_2011_07_19_Brady-33,6856
PISS-OFF,PISS-OFF,Brady,ASL_2011_07_19_Brady,34,713,734,ASL_2011_07_19_Brady-34,6857
PISS-OFF,PISS-OFF_2,Liz,ASL_2010_08_10_Liz_additional_lexicon_signs,22,634,691,ASL_2010_08_10_Liz_additional_lexicon_signs-22,6858
PITCH-A-BALL,PITCH-A-BALL+,Brady,ASL_2011_07_19_Brady,34,980,1031,ASL_2011_07_19_Brady-34,6859
PITCH-A-BALL,PITCH-A-BALL++,Brady,ASL_2011_07_22_Brady,49,1680,1720,ASL_2011_07_22_Brady-49,6860
PITCHER,PITCHER,Brady,ASL_2011_07_19_Brady,34,1764,1788,ASL_2011_07_19_Brady-34,6861
PITCHER,PITCHER,Brady,ASL_2011_07_19_Brady,39,1994,2031,ASL_2011_07_19_Brady-39,6862
PITCHER,PITCHER+,Liz,ASL_2008_02_15,40,2478,2585,ASL_2008_02_15-40,6863
PITCHER,PITCHER+,Liz,ASL_2008_02_15,45,2575,2630,ASL_2008_02_15-45,6864
PITCHER_2,PITCHER_2+,Liz,ASL_2008_02_15,40,2775,2875,ASL_2008_02_15-40,6865
PITY,PITY+,Brady,ASL_2011_07_19_Brady,35,203,244,ASL_2011_07_19_Brady-35,6866
PITY,PITY+,Liz,ASL_2008_02_15,40,3275,3365,ASL_2008_02_15-40,6867
PIZZA,PIZZA,Liz,ASL_2008_02_15,41,985,1038,ASL_2008_02_15-41,6868
PIZZA,PIZZA+,Brady,ASL_2011_07_19_Brady,35,1549,1584,ASL_2011_07_19_Brady-35,6869
PIZZA_2,PIZZA_2+,Liz,ASL_2008_02_15,41,710,762,ASL_2008_02_15-41,6870
PIZZA_3,PIZZA_3,Liz,ASL_2010_08_10_Liz_additional_lexicon_signs,7,2617,2685,ASL_2010_08_10_Liz_additional_lexicon_signs-7,6871
PIZZA_3,PIZZA_4,Brady,ASL_2011_07_19_Brady,34,3131,3154,ASL_2011_07_19_Brady-34,6872
PLACE,(A)PLACE,Liz,ASL_2008_01_11,20,1915,1970,ASL_2008_01_11-20,6873
PLACE,(A)PLACE,Naomi,ASL_2008_08_04,14,385,417,ASL_2008_08_04-14,6874
PLACE,(A)PLACE,Tyler,ASL_2008_05_12a,14,297,332,ASL_2008_05_12a-14,6875
PLACE,PLACE,Brady,ASL_2011_06_08_Brady,12,11474,11499,ASL_2011_06_08_Brady-12,6876
PLACE,PLACE,Brady,ASL_2011_07_19_Brady,35,2112,2139,ASL_2011_07_19_Brady-35,6877
PLACE,PLACE,Dana,ASL_2007_05_24,23,160,211,ASL_2007_05_24-23,6878
PLACE,PLACE,Lana,ASL_2006_10_10,21,239,265,ASL_2006_10_10-21,6879
PLACE,PLACE,Liz,ASL_2008_02_15,41,1271,1342,ASL_2008_02_15-41,6880
PLAN,PLAN,Brady,ASL_2011_07_19_Brady,35,2614,2643,ASL_2011_07_19_Brady-35,6881
PLAN,PLAN,Dana,ASL_2007_05_24,23,406,458,ASL_2007_05_24-23,6882
PLAN,PLAN,Lana,ASL_2006_10_10,21,495,519,ASL_2006_10_10-21,6883
PLAN,PLAN,Liz,ASL_2008_02_15,41,1925,1970,ASL_2008_02_15-41,6884
PLAN,PLAN/PREPARE,Liz,ASL_2008_02_15,47,522,565,ASL_2008_02_15-47,6885
PLANT-SEEDS,PLANT-SEEDS,Brady,ASL_2011_07_19_Brady,35,3126,3138,ASL_2011_07_19_Brady-35,6886
PLANT-SEEDS,PLANT-SEEDS,Liz,ASL_2008_02_15,41,2152,2168,ASL_2008_02_15-41,6887
PLASTIC,(rd)PLASTIC+,Brady,ASL_2011_07_22_Brady,43,288,328,ASL_2011_07_22_Brady-43,6888
PLASTIC,(rd)PLASTIC+,Tyler,ASL_2008_05_29a,24,1130,1175,ASL_2008_05_29a-24,6889
PLASTIC,PLASTIC,Naomi,ASL_2008_08_06,44,1015,1051,ASL_2008_08_06-44,6890
PLASTIC,PLASTIC+,Liz,ASL_2008_01_18,44,1310,1370,ASL_2008_01_18-44,6891
PLAY,PLAY+,Brady,ASL_2011_07_19_Brady,35,2850,2879,ASL_2011_07_19_Brady-35,6892
PLAY,PLAY+,Liz,ASL_2008_02_15,41,2374,2425,ASL_2008_02_15-41,6893
PLAY,PLAY++,Brady,ASL_2011_07_19_Brady,27,165,205,ASL_2011_07_19_Brady-27,6894
PLAY,PLAY++,Dana,ASL_2007_05_24,23,816,872,ASL_2007_05_24-23,6895
PLAY,PLAY++,Lana,ASL_2006_10_10,21,884,932,ASL_2006_10_10-21,6896
PLAY,PLAY++,Liz,ASL_2010_08_10_Liz_additional_lexicon_signs,7,2192,2252,ASL_2010_08_10_Liz_additional_lexicon_signs-7,6897
PLAY+AGENT,PLAY+AGENT,Brady,ASL_2011_07_19_Brady,36,130,150,ASL_2011_07_19_Brady-36,6898
PLAY+AGENT,PLAY+AGENT,Liz,ASL_2008_02_15,41,2775,2815,ASL_2008_02_15-41,6899
PLAY+GROUND,PLAY+GROUND,Brady,ASL_2011_07_19_Brady,36,671,690,ASL_2011_07_19_Brady-36,6900
PLAY+GROUND,PLAY+GROUND,Liz,ASL_2008_02_15,42,602,662,ASL_2008_02_15-42,6901
PLAY-AROUND,PLAY-AROUND+,Brady,ASL_2011_07_19_Brady,36,436,489,ASL_2011_07_19_Brady-36,6902
PLAY-AROUND,PLAY-AROUND+,Liz,ASL_2008_02_15,42,339,408,ASL_2008_02_15-42,6903
PLEASE/(1h)ENJOY,ENJOY,Tyler,ASL_2008_05_29a,12,1131,1205,ASL_2008_05_29a-12,6904
PLEASE/(1h)ENJOY,PLEASE/(1h)ENJOY,Lana,ASL_2006_10_10,21,1624,1661,ASL_2006_10_10-21,6905
PLEASE/(1h)ENJOY,PLEASE/(1h)ENJOY+,Brady,ASL_2011_06_14_Brady,12,5350,5404,ASL_2011_06_14_Brady-12,6906
PLEASE/(1h)ENJOY,PLEASE/(1h)ENJOY+,Brady,ASL_2011_07_19_Brady,36,2035,2079,ASL_2011_07_19_Brady-36,6907
PLEASE/(1h)ENJOY,PLEASE/(1h)ENJOY+,Dana,ASL_2007_05_24,23,1743,1816,ASL_2007_05_24-23,6908
PLEASE/(1h)ENJOY,PLEASE/(1h)ENJOY+,Liz,ASL_2008_01_18,32,1080,1172,ASL_2008_01_18-32,6909
PLEASE/(1h)ENJOY,PLEASE/(1h)ENJOY+,Liz,ASL_2008_02_15,42,1461,1524,ASL_2008_02_15-42,6910
PLEASE/(1h)ENJOY,PLEASE/(1h)ENJOY+,Naomi,ASL_2008_08_06,32,595,650,ASL_2008_08_06-32,6911
PLENTY,PLENTY,Brady,ASL_2011_07_19_Brady,36,2321,2362,ASL_2011_07_19_Brady-36,6912
PLENTY,PLENTY,Dana,ASL_2007_05_24,23,1064,1115,ASL_2007_05_24-23,6913
PLENTY,PLENTY,Lana,ASL_2006_10_10,21,1152,1173,ASL_2006_10_10-21,6914
PLENTY,PLENTY,Liz,ASL_2008_02_15,42,1671,1701,ASL_2008_02_15-42,6915
PLUG,PLUG+,Brady,ASL_2011_07_19_Brady,36,2591,2616,ASL_2011_07_19_Brady-36,6916
PLUG,PLUG+,Brady,ASL_2011_07_22_Brady,49,2177,2209,ASL_2011_07_22_Brady-49,6917
PLUG,PLUG+,Liz,ASL_2008_02_15,42,2675,2733,ASL_2008_02_15-42,6918
PLUS,PLUS,Lana,ASL_2006_10_10,21,1381,1394,ASL_2006_10_10-21,6919
PLUS,PLUS,Tyler,ASL_2008_05_12b,9,439,478,ASL_2008_05_12b-9,6920
PLUS,PLUS+,Brady,ASL_2011_07_19_Brady,38,4298,4320,ASL_2011_07_19_Brady-38,6921
PLUS,PLUS+,Brady,ASL_2011_07_19_Brady,38,4444,4462,ASL_2011_07_19_Brady-38,6922
PLUS,PLUS+,Dana,ASL_2007_05_24,23,1346,1371,ASL_2007_05_24-23,6923
PLUS,PLUS+,Liz,ASL_2008_02_15,44,3142,3172,ASL_2008_02_15-44,6924
PNEUMONIA,PNEUMONIA+,Liz,ASL_2008_02_15,42,3202,3268,ASL_2008_02_15-42,6925
POCKET,POCKET+,Brady,ASL_2011_07_19_Brady,37,451,493,ASL_2011_07_19_Brady-37,6926
POCKET,POCKET+,Liz,ASL_2008_02_15,43,440,495,ASL_2008_02_15-43,6927
POEM,POEM,Brady,ASL_2011_07_19_Brady,37,682,711,ASL_2011_07_19_Brady-37,6928
POEM,POEM,Brady,ASL_2011_07_22_Brady,50,148,183,ASL_2011_07_22_Brady-50,6929
POEM,POEM,Liz,ASL_2008_02_15,43,642,688,ASL_2008_02_15-43,6930
POETRY,POETRY+,Liz,ASL_2008_02_15,43,811,867,ASL_2008_02_15-43,6931
POINT-TO,POINT-TO,Brady,ASL_2011_07_19_Brady,37,1406,1427,ASL_2011_07_19_Brady-37,6932
POINT-TO,POINT-TO,Liz,ASL_2008_02_15,43,1425,1450,ASL_2008_02_15-43,6933
POKE,POKE,Brady,ASL_2011_07_19_Brady,37,1964,1986,ASL_2011_07_19_Brady-37,6934
POKE,POKE,Liz,ASL_2008_02_15,43,2236,2260,ASL_2008_02_15-43,6935
POLICY,POLICY,Brady,ASL_2011_07_19_Brady,37,3017,3038,ASL_2011_07_19_Brady-37,6936
POLICY,POLICY,Liz,ASL_2008_02_15,44,422,465,ASL_2008_02_15-44,6937
POLITE,POLITE,Brady,ASL_2011_07_19_Brady,38,375,404,ASL_2011_07_19_Brady-38,6938
POLITE,POLITE++,Liz,ASL_2008_02_15,44,615,661,ASL_2008_02_15-44,6939
POLITICS,POLITICS,Brady,ASL_2011_07_19_Brady,38,759,782,ASL_2011_07_19_Brady-38,6940
POLITICS,POLITICS,Liz,ASL_2008_02_15,44,850,905,ASL_2008_02_15-44,6941
PONDER,(1h)PONDER+,Brady,ASL_2011_07_19_Brady,115,662,734,ASL_2011_07_19_Brady-115,6942
PONDER,(1h)PONDER+,Brady,ASL_2011_07_22_Brady,47,2259,2320,ASL_2011_07_22_Brady-47,6943
PONDER,(1h)PONDER+,Liz,ASL_2008_02_15,12,785,836,ASL_2008_02_15-12,6944
PONDER,(1h)PONDER+,Tyler,ASL_2008_06_10,21,313,353,ASL_2008_06_10-21,6945
PONDER,PONDER+,Brady,ASL_2011_06_14_Brady,55,6680,6724,ASL_2011_06_14_Brady-55,6946
PONDER,PONDER+,Brady,ASL_2011_07_22_Brady,47,1255,1327,ASL_2011_07_22_Brady-47,6947
PONDER,PONDER+,Liz,ASL_2008_02_15,2,295,371,ASL_2008_02_15-2,6948
PONDER,PONDER_2+,Tyler,ASL_2008_06_10,11,2662,2720,ASL_2008_06_10-11,6949
POOR,POOR+,Brady,ASL_2011_07_19_Brady,38,1352,1380,ASL_2011_07_19_Brady-38,6950
POOR,POOR+,Liz,ASL_2008_02_15,44,1460,1520,ASL_2008_02_15-44,6951
POP-CORK,POP-CORK,Brady,ASL_2011_07_19_Brady,38,1594,1614,ASL_2011_07_19_Brady-38,6952
POP-CORK,POP-CORK,Brady,ASL_2011_07_22_Brady,39,3670,3686,ASL_2011_07_22_Brady-39,6953
POP-CORK,POP-CORK,Liz,ASL_2008_01_11,69,645,666,ASL_2008_01_11-69,6954
POP-CORK,POP-CORK,Liz,ASL_2008_02_15,44,2217,2255,ASL_2008_02_15-44,6955
POP-CORK,POP-CORK,Naomi,ASL_2008_08_04,44,545,560,ASL_2008_08_04-44,6956
POP-UP,POP-UP,Brady,ASL_2011_06_08_Brady,12,5880,5898,ASL_2011_06_08_Brady-12,6957
POP-UP,POP-UP,Liz,ASL_2008_01_11,16,635,665,ASL_2008_01_11-16,6958
POP-UP,POP-UP,Naomi,ASL_2008_08_04,12,975,1000,ASL_2008_08_04-12,6959
POP-UP,POP-UP,Tyler,ASL_2008_05_12a,12,1715,1745,ASL_2008_05_12a-12,6960
POPCORN,POPCORN+,Brady,ASL_2011_07_19_Brady,38,1825,1882,ASL_2011_07_19_Brady-38,6961
POPCORN,POPCORN+,Liz,ASL_2008_02_15,44,2484,2537,ASL_2008_02_15-44,6962
POPE,POPE,Brady,ASL_2011_07_19_Brady,38,2230,2269,ASL_2011_07_19_Brady-38,6963
POPE,POPE,Liz,ASL_2010_08_10_Liz_additional_lexicon_signs,22,800,861,ASL_2010_08_10_Liz_additional_lexicon_signs-22,6964
POSS+:i,POSS+++:i/j/k/l,Brady,ASL_2011_07_19_Brady,113,4517,4576,ASL_2011_07_19_Brady-113,6965
POSS+:i,POSS+:i,Brady,ASL_2011_06_14_Brady,33,4902,4925,ASL_2011_06_14_Brady-33,6966
POSS+:i,POSS+:i,Liz,ASL_2008_02_01,21,2170,2206,ASL_2008_02_01-21,6967
POSS+:i,POSS+:i,Liz,ASL_2008_02_01,22,215,257,ASL_2008_02_01-22,6968
POSS+:i,POSS+:i,Naomi,ASL_2008_08_13,17,2925,2950,ASL_2008_08_13-17,6969
POSS+:i,POSS+:i,Tyler,ASL_2008_05_29a,49,2645,2666,ASL_2008_05_29a-49,6970
POSS+:i,POSS+:i/j,Liz,ASL_2008_03_28,9,1135,1166,ASL_2008_03_28-9,6971
POSS+:i,POSS-pl-arc,Brady,ASL_2011_07_19_Brady,113,4302,4328,ASL_2011_07_19_Brady-113,6972
POSS+:i,POSS-pl-arc,Liz,ASL_2008_03_28,9,915,945,ASL_2008_03_28-9,6973
POSS+:i,POSS-pl-arc,Liz,ASL_2008_03_28,48,1315,1370,ASL_2008_03_28-48,6974
POSS+:i,POSS:i,Brady,ASL_2011_06_14_Brady,34,759,775,ASL_2011_06_14_Brady-34,6975
POSS+:i,POSS:i,Naomi,ASL_2008_08_13,17,2225,2245,ASL_2008_08_13-17,6976
POSS+:i,POSS:i,Tyler,ASL_2008_05_29a,49,1516,1535,ASL_2008_05_29a-49,6977
POSS-1p,POSS-1p,Liz,ASL_2008_02_15,14,217,260,ASL_2008_02_15-14,6978
POSS-1p,POSS-1p+,Brady,ASL_2011_06_08_Brady,27,4924,4956,ASL_2011_06_08_Brady-27,6979
POSS-1p,POSS-1p+,Brady,ASL_2011_07_19_Brady,2,3054,3078,ASL_2011_07_19_Brady-2,6980
POSS-1p,POSS-1p+,Liz,ASL_2008_02_15,5,2386,2445,ASL_2008_02_15-5,6981
POSS-1p,POSS-1p+,Tyler,ASL_2008_06_10,21,3260,3288,ASL_2008_06_10-21,6982
POSS-1p,POSS-1p-pl,Brady,ASL_2011_07_19_Brady,23,1922,1940,ASL_2011_07_19_Brady-23,6983
POSS-1p,POSS-1p-pl,Dana,ASL_2007_05_24,22,1930,1951,ASL_2007_05_24-22,6984
POSS-1p,POSS-1p-pl,Lana,ASL_2006_10_10,20,1980,1996,ASL_2006_10_10-20,6985
POSS-1p,POSS-1p-pl,Liz,ASL_2008_02_15,28,326,370,ASL_2008_02_15-28,6986
POSS-2p,POSS-2p,Brady,ASL_2011_07_22_Brady,36,2481,2516,ASL_2011_07_22_Brady-36,6987
POSS-2p,POSS-2p,Liz,ASL_2008_03_28,48,1095,1120,ASL_2008_03_28-48,6988
POSS-2p,POSS-2p-arc,Brady,ASL_2011_07_22_Brady,36,2736,2775,ASL_2011_07_22_Brady-36,6989
POSTER,POSTER,Brady,ASL_2011_07_19_Brady,39,713,747,ASL_2011_07_19_Brady-39,6990
POSTER,POSTER,Liz,ASL_2010_08_10_Liz_additional_lexicon_signs,2,4390,4445,ASL_2010_08_10_Liz_additional_lexicon_signs-2,6991
POSTER,POSTER++,Brady,ASL_2011_07_19_Brady,39,973,1033,ASL_2011_07_19_Brady-39,6992
POSTER,POSTER-pl,Liz,ASL_2010_08_10_Liz_additional_lexicon_signs,2,4571,4642,ASL_2010_08_10_Liz_additional_lexicon_signs-2,6993
POSTPONE,POSTPONE,Brady,ASL_2011_07_19_Brady,39,1526,1548,ASL_2011_07_19_Brady-39,6994
POSTPONE,POSTPONE,Dana,ASL_2007_05_24,23,1607,1664,ASL_2007_05_24-23,6995
POSTPONE,POSTPONE,Lana,ASL_2006_10_10,21,1501,1531,ASL_2006_10_10-21,6996
POSTPONE,POSTPONE,Liz,ASL_2008_02_15,45,2055,2095,ASL_2008_02_15-45,6997
POSTPONE,POSTPONE++,Brady,ASL_2011_07_19_Brady,44,166,216,ASL_2011_07_19_Brady-44,6998
POSTPONE,POSTPONE++,Liz,ASL_2008_02_15,49,1921,1980,ASL_2008_02_15-49,6999
POTATO,POTATO+,Brady,ASL_2011_07_19_Brady,39,1737,1770,ASL_2011_07_19_Brady-39,7000
POTATO,POTATO+,Dana,ASL_2007_05_24,23,1879,1934,ASL_2007_05_24-23,7001
POTATO,POTATO+,Lana,ASL_2006_10_10,21,1748,1772,ASL_2006_10_10-21,7002
POTATO,POTATO+,Liz,ASL_2008_02_15,45,2320,2350,ASL_2008_02_15-45,7003
POUND/WEIGH,POUND/WEIGH+,Liz,ASL_2008_03_28,38,1806,1866,ASL_2008_03_28-38,7004
POUND/WEIGH,POUND/WEIGH++,Brady,ASL_2011_07_22_Brady,26,2984,3034,ASL_2011_07_22_Brady-26,7005
POUR,POUR,Brady,ASL_2011_07_19_Brady,39,2091,2106,ASL_2011_07_19_Brady-39,7006
POWER,POWER,Brady,ASL_2011_07_19_Brady,40,439,458,ASL_2011_07_19_Brady-40,7007
POWER,POWER,Liz,ASL_2008_02_15,45,3895,3941,ASL_2008_02_15-45,7008
POWERFUL,POWERFUL,Brady,ASL_2011_07_19_Brady,40,805,822,ASL_2011_07_19_Brady-40,7009
POWERFUL,POWERFUL,Liz,ASL_2008_02_15,46,286,330,ASL_2008_02_15-46,7010
PRACTICE,PRACTICE+,Brady,ASL_2011_07_19_Brady,40,1006,1035,ASL_2011_07_19_Brady-40,7011
PRACTICE,PRACTICE+,Lana,ASL_2006_10_10,21,1985,2033,ASL_2006_10_10-21,7012
PRACTICE,PRACTICE++,Dana,ASL_2007_05_24,23,2145,2214,ASL_2007_05_24-23,7013
PRACTICE,PRACTICE++,Liz,ASL_2008_02_15,46,470,520,ASL_2008_02_15-46,7014
PRAY,(B-L)PRAY+,Brady,ASL_2011_07_19_Brady,40,1446,1478,ASL_2011_07_19_Brady-40,7015
PRAY,(B-L)PRAY+,Liz,ASL_2008_02_15,46,801,852,ASL_2008_02_15-46,7016
PRAY,PRAY+,Brady,ASL_2011_07_22_Brady,33,1832,1860,ASL_2011_07_22_Brady-33,7017
PRAY,PRAY+,Liz,ASL_2008_03_28,45,1152,1197,ASL_2008_03_28-45,7018
PREACH,PREACH+,Brady,ASL_2011_07_19_Brady,40,1650,1681,ASL_2011_07_19_Brady-40,7019
PREACH,PREACH+,Liz,ASL_2008_02_15,46,1005,1050,ASL_2008_02_15-46,7020
PREACH++AGENT,PREACH++AGENT,Brady,ASL_2011_07_19_Brady,40,1869,1908,ASL_2011_07_19_Brady-40,7021
PREACH++AGENT,PREACH++AGENT,Liz,ASL_2008_02_15,46,1185,1241,ASL_2008_02_15-46,7022
PREDICT,PREDICT,Brady,ASL_2011_07_19_Brady,40,2076,2113,ASL_2011_07_19_Brady-40,7023
PREDICT,PREDICT,Liz,ASL_2008_02_15,46,1407,1440,ASL_2008_02_15-46,7024
PREDICT+AGENT,PREDICT+AGENT,Brady,ASL_2011_07_19_Brady,45,406,439,ASL_2011_07_19_Brady-45,7025
PREDICT+AGENT,PREDICT+AGENT,Liz,ASL_2008_02_15,50,1342,1392,ASL_2008_02_15-50,7026
PREGNANT,(1h)PREGNANT,Brady,ASL_2011_07_19_Brady,41,143,158,ASL_2011_07_19_Brady-41,7027
PREGNANT,(1h)PREGNANT,Liz,ASL_2008_02_15,46,2876,2905,ASL_2008_02_15-46,7028
PREGNANT,PREGNANT,Brady,ASL_2011_07_19_Brady,41,391,421,ASL_2011_07_19_Brady-41,7029
PREGNANT,PREGNANT,Liz,ASL_2008_02_15,47,275,315,ASL_2008_02_15-47,7030
PRESBYTERIAN,PRESBYTERIAN+,Liz,ASL_2008_02_15,47,756,800,ASL_2008_02_15-47,7031
PRESIDENT,PRESIDENT,Brady,ASL_2011_07_19_Brady,41,3010,3041,ASL_2011_07_19_Brady-41,7032
PRESIDENT,PRESIDENT,Dana,ASL_2007_05_24,23,2280,2317,ASL_2007_05_24-23,7033
PRESIDENT,PRESIDENT,Lana,ASL_2006_10_10,21,2120,2138,ASL_2006_10_10-21,7034
PRESIDENT,PRESIDENT,Liz,ASL_2008_02_15,47,1940,1971,ASL_2008_02_15-47,7035
PRESS-BUTTONS,PRESS-BUTTONS,Liz,ASL_2008_03_28,19,130,177,ASL_2008_03_28-19,7036
PRESSURE,PRESSURE,Liz,ASL_2008_02_29,53,3210,3245,ASL_2008_02_29-53,7037
PRESSURE,PRESSURE+,Brady,ASL_2011_07_19_Brady,41,3226,3260,ASL_2011_07_19_Brady-41,7038
PRESSURE,PRESSURE+,Dana,ASL_2007_05_24,23,2530,2593,ASL_2007_05_24-23,7039
PRESSURE,PRESSURE+,Lana,ASL_2006_10_10,21,2354,2382,ASL_2006_10_10-21,7040
PRESSURE,PRESSURE+,Liz,ASL_2008_02_15,47,2155,2196,ASL_2008_02_15-47,7041
PRESSURE,PRESSURE++,Brady,ASL_2011_07_19_Brady,105,2734,2768,ASL_2011_07_19_Brady-105,7042
PREVENT,PREVENT,Brady,ASL_2011_07_19_Brady,42,540,556,ASL_2011_07_19_Brady-42,7043
PREVENT,PREVENT,Brady,ASL_2011_07_22_Brady,50,799,823,ASL_2011_07_22_Brady-50,7044
PREVENT,PREVENT,Liz,ASL_2008_02_15,48,265,307,ASL_2008_02_15-48,7045
PRICE,PRICE,Brady,ASL_2011_06_08_Brady,26,17160,17175,ASL_2011_06_08_Brady-26,7046
PRICE,PRICE,Dana,ASL_2007_05_24,10,1370,1408,ASL_2007_05_24-10,7047
PRICE,PRICE,Lana,ASL_2006_10_10,6,1166,1179,ASL_2006_10_10-6,7048
PRICE,PRICE,Liz,ASL_2008_01_11,70,1981,2005,ASL_2008_01_11-70,7049
PRICE,PRICE,Naomi,ASL_2008_08_04,45,302,330,ASL_2008_08_04-45,7050
PRICE,PRICE,Tyler,ASL_2008_05_12a,44,231,256,ASL_2008_05_12a-44,7051
PRIEST,PRIEST,Tyler,ASL_2008_05_12a,49,2365,2400,ASL_2008_05_12a-49,7052
PRIEST,PRIEST+,Brady,ASL_2011_07_19_Brady,42,802,833,ASL_2011_07_19_Brady-42,7053
PRIEST,PRIEST+,Liz,ASL_2008_02_15,48,426,472,ASL_2008_02_15-48,7054
PRINCE,PRINCE,Brady,ASL_2011_07_19_Brady,42,1305,1329,ASL_2011_07_19_Brady-42,7055
PRINCE,PRINCE,Liz,ASL_2008_02_15,48,2005,2045,ASL_2008_02_15-48,7056
PRINCESS,PRINCESS,Brady,ASL_2011_07_19_Brady,42,1504,1533,ASL_2011_07_19_Brady-42,7057
PRINCESS,PRINCESS,Liz,ASL_2008_02_15,48,2250,2310,ASL_2008_02_15-48,7058
PRINCIPAL,PRINCIPAL,Brady,ASL_2011_07_19_Brady,42,1728,1750,ASL_2011_07_19_Brady-42,7059
PRINCIPAL,PRINCIPAL,Dana,ASL_2007_05_24,23,2798,2851,ASL_2007_05_24-23,7060
PRINCIPAL,PRINCIPAL,Lana,ASL_2006_10_10,21,2595,2617,ASL_2006_10_10-21,7061
PRINCIPAL,PRINCIPAL,Liz,ASL_2008_02_15,48,2485,2520,ASL_2008_02_15-48,7062
PRINT,PRINT,Brady,ASL_2011_07_19_Brady,42,1950,1965,ASL_2011_07_19_Brady-42,7063
PRINT,PRINT,Liz,ASL_2008_02_15,48,2687,2722,ASL_2008_02_15-48,7064
PRINT,PRINT+,Lana,ASL_2006_10_10,19,1162,1185,ASL_2006_10_10-19,7065
PRINT,PRINT+,Liz,ASL_2008_02_15,18,2210,2270,ASL_2008_02_15-18,7066
PRINT,PRINT++,Dana,ASL_2007_05_24,21,1057,1114,ASL_2007_05_24-21,7067
PRINT+AGENT,PRINT+AGENT,Brady,ASL_2011_07_19_Brady,42,2501,2532,ASL_2011_07_19_Brady-42,7068
PRINT+AGENT,PRINT+AGENT,Liz,ASL_2008_02_15,48,2866,2915,ASL_2008_02_15-48,7069
PRIORITY,PRIORITY,Brady,ASL_2011_07_19_Brady,42,2214,2236,ASL_2011_07_19_Brady-42,7070
PRIORITY,PRIORITY,Liz,ASL_2008_02_15,48,3245,3300,ASL_2008_02_15-48,7071
PRISON,PRISON,Brady,ASL_2011_07_19_Brady,43,105,120,ASL_2011_07_19_Brady-43,7072
PRISON,PRISON,Liz,ASL_2008_02_15,48,3506,3535,ASL_2008_02_15-48,7073
PRISON,PRISON+,Brady,ASL_2011_07_19_Brady,43,372,400,ASL_2011_07_19_Brady-43,7074
PRISON,PRISON+,Brady,ASL_2011_07_22_Brady,48,2110,2145,ASL_2011_07_22_Brady-48,7075
PRISON,PRISON+,Liz,ASL_2008_02_15,49,350,385,ASL_2008_02_15-49,7076
PRISON++AGENT,PRISON++AGENT,Brady,ASL_2011_07_19_Brady,43,626,669,ASL_2011_07_19_Brady-43,7077
PRISON++AGENT,PRISON++AGENT,Liz,ASL_2008_02_15,49,610,672,ASL_2008_02_15-49,7078
PRIZE-DRAWING,PRIZE-DRAWING,Brady,ASL_2011_07_19_Brady,43,1745,1771,ASL_2011_07_19_Brady-43,7079
PRIZE-DRAWING,PRIZE-DRAWING,Liz,ASL_2010_08_10_Liz_additional_lexicon_signs,15,4942,5021,ASL_2010_08_10_Liz_additional_lexicon_signs-15,7080
PROBLEM,PROBLEM+,Brady,ASL_2011_07_19_Brady,43,2229,2264,ASL_2011_07_19_Brady-43,7081
PROBLEM,PROBLEM+,Dana,ASL_2007_05_24,25,160,220,ASL_2007_05_24-25,7082
PROBLEM,PROBLEM+,Lana,ASL_2006_10_10,22,206,238,ASL_2006_10_10-22,7083
PROBLEM,PROBLEM+,Liz,ASL_2008_02_01,18,3052,3110,ASL_2008_02_01-18,7084
PROBLEM,PROBLEM+,Liz,ASL_2008_02_15,49,1205,1250,ASL_2008_02_15-49,7085
PROBLEM,PROBLEM_2,Brady,ASL_2011_07_19_Brady,43,2019,2045,ASL_2011_07_19_Brady-43,7086
PROBLEM,PROBLEM_2,Liz,ASL_2008_02_15,49,1050,1080,ASL_2008_02_15-49,7087
PROCEED,(1h)PROCEED,Tyler,ASL_2008_05_29a,38,1340,1367,ASL_2008_05_29a-38,7088
PROCEED,PROCEED,Brady,ASL_2011_06_14_Brady,25,2300,2324,ASL_2011_06_14_Brady-25,7089
PROCEED,PROCEED,Brady,ASL_2011_06_14_Brady,26,9144,9166,ASL_2011_06_14_Brady-26,7090
PROCEED,PROCEED,Dana,ASL_2007_05_24,16,173,210,ASL_2007_05_24-16,7091
PROCEED,PROCEED,Lana,ASL_2006_10_10,12,296,310,ASL_2006_10_10-12,7092
PROCEED,PROCEED,Liz,ASL_2008_02_01,3,2230,2275,ASL_2008_02_01-3,7093
PROCEED,PROCEED,Liz,ASL_2008_02_01,7,1670,1725,ASL_2008_02_01-7,7094
PROCEED,PROCEED,Naomi,ASL_2008_08_13,3,3280,3312,ASL_2008_08_13-3,7095
PROCEED,PROCEED,Naomi,ASL_2008_08_13,6,2336,2360,ASL_2008_08_13-6,7096
PROGRAM,PROGRAM,Brady,ASL_2011_07_19_Brady,44,2710,2739,ASL_2011_07_19_Brady-44,7097
PROGRAM,PROGRAM,Liz,ASL_2008_02_15,49,2135,2179,ASL_2008_02_15-49,7098
PROGRESS,PROGRESS+,Brady,ASL_2011_07_19_Brady,43,2697,2740,ASL_2011_07_19_Brady-43,7099
PROGRESS,PROGRESS+,Brady,ASL_2011_07_19_Brady,44,3034,3085,ASL_2011_07_19_Brady-44,7100
PROGRESS,PROGRESS+,Liz,ASL_2008_02_15,49,1645,1691,ASL_2008_02_15-49,7101
PROGRESS,PROGRESS+,Liz,ASL_2008_02_15,49,2415,2466,ASL_2008_02_15-49,7102
PROJECT,PROJECT,Brady,ASL_2011_07_19_Brady,44,3313,3346,ASL_2011_07_19_Brady-44,7103
PROJECT,PROJECT,Liz,ASL_2008_02_15,50,240,285,ASL_2008_02_15-50,7104
PROMISCUOUS,PROMISCUOUS,Brady,ASL_2011_07_19_Brady,44,3828,3844,ASL_2011_07_19_Brady-44,7105
PROMISCUOUS,PROMISCUOUS,Liz,ASL_2010_08_10_Liz_additional_lexicon_signs,22,1308,1370,ASL_2010_08_10_Liz_additional_lexicon_signs-22,7106
PROMISE,PROMISE,Brady,ASL_2011_07_19_Brady,44,4337,4352,ASL_2011_07_19_Brady-44,7107
PROMISE,PROMISE,Dana,ASL_2007_05_24,25,405,452,ASL_2007_05_24-25,7108
PROMISE,PROMISE,Lana,ASL_2006_10_10,22,472,490,ASL_2006_10_10-22,7109
PROMISE,PROMISE,Liz,ASL_2008_02_15,50,805,846,ASL_2008_02_15-50,7110
PROPORTION,PROPORTION,Brady,ASL_2011_07_19_Brady,45,678,701,ASL_2011_07_19_Brady-45,7111
PROPORTION,PROPORTION,Liz,ASL_2008_02_15,50,1875,1930,ASL_2008_02_15-50,7112
PROTEST,PROTEST,Brady,ASL_2011_06_08_Brady,36,2461,2480,ASL_2011_06_08_Brady-36,7113
PROTEST,PROTEST,Brady,ASL_2011_07_19_Brady,100,3147,3167,ASL_2011_07_19_Brady-100,7114
PROTEST,PROTEST,Liz,ASL_2008_01_18,20,382,412,ASL_2008_01_18-20,7115
PROTEST,PROTEST,Liz,ASL_2008_02_29,49,1877,1930,ASL_2008_02_29-49,7116
PROTEST,PROTEST,Naomi,ASL_2008_08_06,19,2955,2975,ASL_2008_08_06-19,7117
PROTEST,PROTEST,Tyler,ASL_2008_05_12b,18,2632,2665,ASL_2008_05_12b-18,7118
PROTESTANT,PROTESTANT+,Brady,ASL_2011_07_19_Brady,45,1158,1181,ASL_2011_07_19_Brady-45,7119
PROTESTANT,PROTESTANT+,Liz,ASL_2008_02_15,50,2565,2630,ASL_2008_02_15-50,7120
PROTESTANT,PROTESTANT+,Tyler,ASL_2008_05_29b,15,302,331,ASL_2008_05_29b-15,7121
PROTESTANT,PROTESTANT++,Brady,ASL_2011_07_19_Brady,41,1648,1689,ASL_2011_07_19_Brady-41,7122
PROUD,PROUD,Brady,ASL_2011_07_19_Brady,45,1408,1437,ASL_2011_07_19_Brady-45,7123
PROUD,PROUD,Dana,ASL_2007_05_24,23,2665,2713,ASL_2007_05_24-23,7124
PROUD,PROUD,Lana,ASL_2006_10_10,21,2476,2506,ASL_2006_10_10-21,7125
PROUD,PROUD,Liz,ASL_2008_02_15,50,2770,2820,ASL_2008_02_15-50,7126
PROVE,PROVE,Brady,ASL_2011_07_19_Brady,45,126,148,ASL_2011_07_19_Brady-45,7127
PROVE,PROVE,Brady,ASL_2011_07_19_Brady,45,1653,1672,ASL_2011_07_19_Brady-45,7128
PROVE,PROVE,Liz,ASL_2008_02_15,50,993,1010,ASL_2008_02_15-50,7129
PROVE,PROVE,Liz,ASL_2008_02_15,51,270,300,ASL_2008_02_15-51,7130
PSYCHIATRY,PSYCHIATRY+,Brady,ASL_2011_07_19_Brady,45,2185,2207,ASL_2011_07_19_Brady-45,7131
PSYCHIATRY,PSYCHIATRY+,Liz,ASL_2008_02_15,51,695,732,ASL_2008_02_15-51,7132
PSYCHIATRY++AGENT,PSYCHIATRY++AGENT,Brady,ASL_2011_07_19_Brady,45,1909,1946,ASL_2011_07_19_Brady-45,7133
PSYCHIATRY++AGENT,PSYCHIATRY++AGENT,Liz,ASL_2008_02_15,51,478,524,ASL_2008_02_15-51,7134
PSYCHOLOGY,PSYCHOLOGY+,Brady,ASL_2011_07_19_Brady,46,87,109,ASL_2011_07_19_Brady-46,7135
PSYCHOLOGY,PSYCHOLOGY+,Liz,ASL_2008_02_15,51,1092,1132,ASL_2008_02_15-51,7136
PSYCHOLOGY,PSYCHOLOGY++,Tyler,ASL_2008_05_12b,19,717,781,ASL_2008_05_12b-19,7137
PSYCHOLOGY++AGENT,PSYCHOLOGY++AGENT,Brady,ASL_2011_07_19_Brady,45,2481,2521,ASL_2011_07_19_Brady-45,7138
PSYCHOLOGY++AGENT,PSYCHOLOGY++AGENT,Liz,ASL_2008_02_15,51,881,940,ASL_2008_02_15-51,7139
PUFF-SMOKE,PUFF-SMOKE,Liz,ASL_2008_02_15,51,2793,2837,ASL_2008_02_15-51,7140
PULL,(2h)alt.PULL,Brady,ASL_2011_06_14_Brady,6,6776,6834,ASL_2011_06_14_Brady-6,7141
PULL,PULL,Brady,ASL_2011_07_19_Brady,46,2377,2399,ASL_2011_07_19_Brady-46,7142
PULL,PULL,Brady,ASL_2011_07_22_Brady,42,196,224,ASL_2011_07_22_Brady-42,7143
PULL,PULL,Liz,ASL_2008_01_18,23,1202,1245,ASL_2008_01_18-23,7144
PULL,PULL,Liz,ASL_2008_02_15,51,3010,3057,ASL_2008_02_15-51,7145
PULL,PULL,Naomi,ASL_2008_08_06,23,1045,1080,ASL_2008_08_06-23,7146
PULL,PULL+,Tyler,ASL_2008_05_29a,3,1392,1441,ASL_2008_05_29a-3,7147
PULSATE,PULSATE++,Liz,ASL_2008_03_28,31,2425,2517,ASL_2008_03_28-31,7148
PUMPS,PUMPS,Brady,ASL_2011_07_19_Brady,47,688,730,ASL_2011_07_19_Brady-47,7149
PUMPS,PUMPS,Liz,ASL_2008_02_15,52,1415,1481,ASL_2008_02_15-52,7150
PUNCH,PUNCH,Brady,ASL_2011_06_14_Brady,19,1437,1464,ASL_2011_06_14_Brady-19,7151
PUNCH,PUNCH,Liz,ASL_2008_01_18,43,712,731,ASL_2008_01_18-43,7152
PUNISH,PUNISH,Brady,ASL_2011_07_19_Brady,47,1839,1855,ASL_2011_07_19_Brady-47,7153
PUNISH,PUNISH,Liz,ASL_2008_02_15,52,1897,1935,ASL_2008_02_15-52,7154
PUPPET,PUPPET+,Liz,ASL_2010_08_10_Liz_additional_lexicon_signs,7,2801,2860,ASL_2010_08_10_Liz_additional_lexicon_signs-7,7155
PUPPET,PUPPET++,Brady,ASL_2011_07_19_Brady,47,2392,2432,ASL_2011_07_19_Brady-47,7156
PURPLE,PURPLE+,Liz,ASL_2008_02_15,52,2650,2687,ASL_2008_02_15-52,7157
PURPLE,PURPLE++,Brady,ASL_2011_07_19_Brady,47,2621,2661,ASL_2011_07_19_Brady-47,7158
PURSE,PURSE+,Liz,ASL_2008_02_15,52,3127,3185,ASL_2008_02_15-52,7159
PUSH,PUSH,Brady,ASL_2011_07_19_Brady,47,5234,5252,ASL_2011_07_19_Brady-47,7160
PUSH,PUSH,Dana,ASL_2007_05_24,25,651,678,ASL_2007_05_24-25,7161
PUSH,PUSH,Lana,ASL_2006_10_10,22,722,739,ASL_2006_10_10-22,7162
PUSH,PUSH,Liz,ASL_2008_02_29,3,127,155,ASL_2008_02_29-3,7163
PUT,PUT,Brady,ASL_2011_07_19_Brady,47,4927,4938,ASL_2011_07_19_Brady-47,7164
PUT,PUT,Liz,ASL_2008_02_29,3,400,425,ASL_2008_02_29-3,7165
PUT-ON-GLOVES,PUT-ON-GLOVES,Brady,ASL_2011_06_14_Brady,26,7420,7460,ASL_2011_06_14_Brady-26,7166
PUT-ON-GLOVES,PUT-ON-GLOVES,Tyler,ASL_2008_05_29a,38,255,290,ASL_2008_05_29a-38,7167
PUT-ON-HEARING-AID,PUT-ON-HEARING-AID,Brady,ASL_2011_07_19_Brady,48,396,412,ASL_2011_07_19_Brady-48,7168
PUT-ON-HEARING-AID,PUT-ON-HEARING-AID,Liz,ASL_2008_02_29,3,1590,1635,ASL_2008_02_29-3,7169
PUT-ON-RING,PUT-ON-RING,Brady,ASL_2011_07_19_Brady,48,665,700,ASL_2011_07_19_Brady-48,7170
PUT-ON-RING,PUT-ON-RING,Liz,ASL_2008_02_29,3,2160,2192,ASL_2008_02_29-3,7171
PUZZLE/PUSH-BUTTONS,PUZZLE/PUSH-BUTTONS++,Brady,ASL_2011_06_14_Brady,6,4420,4467,ASL_2011_06_14_Brady-6,7172
PUZZLE/PUSH-BUTTONS,PUZZLE/PUSH-BUTTONS++,Brady,ASL_2011_07_19_Brady,48,950,1000,ASL_2011_07_19_Brady-48,7173
PUZZLE/PUSH-BUTTONS,PUZZLE/PUSH-BUTTONS++,Liz,ASL_2008_02_29,3,2710,2812,ASL_2008_02_29-3,7174
Q,Q,Brady,ASL_2011_07_19_Brady,48,1452,1500,ASL_2011_07_19_Brady-48,7175
Q,Q,Liz,ASL_2008_02_29,3,3345,3400,ASL_2008_02_29-3,7176
Q-TIP,Q-TIP+,Brady,ASL_2011_06_14_Brady,32,5069,5105,ASL_2011_06_14_Brady-32,7177
Q-TIP,Q-TIP+,Liz,ASL_2008_02_01,20,305,362,ASL_2008_02_01-20,7178
QMwg,QMwg,Brady,ASL_2011_06_14_Brady,37,6474,6506,ASL_2011_06_14_Brady-37,7179
QMwg,QMwg,Liz,ASL_2008_02_01,26,526,555,ASL_2008_02_01-26,7180
QMwg,QMwg,Naomi,ASL_2008_08_13,22,217,250,ASL_2008_08_13-22,7181
QMwg,QMwg,Tyler,ASL_2008_05_29b,2,361,382,ASL_2008_05_29b-2,7182
QUADRUPLE,QUADRUPLE,Brady,ASL_2011_07_19_Brady,48,1673,1695,ASL_2011_07_19_Brady-48,7183
QUADRUPLE,QUADRUPLE,Liz,ASL_2010_08_10_Liz_additional_lexicon_signs,16,447,480,ASL_2010_08_10_Liz_additional_lexicon_signs-16,7184
QUEEN,QUEEN,Brady,ASL_2011_07_19_Brady,48,2429,2462,ASL_2011_07_19_Brady-48,7185
QUEEN,QUEEN,Liz,ASL_2008_02_29,4,1055,1105,ASL_2008_02_29-4,7186
QUESTION,QUESTION,Brady,ASL_2011_07_19_Brady,49,176,211,ASL_2011_07_19_Brady-49,7187
QUESTION,QUESTION,Liz,ASL_2008_02_29,4,1295,1335,ASL_2008_02_29-4,7188
QUIET,QUIET,Brady,ASL_2011_07_19_Brady,49,468,492,ASL_2011_07_19_Brady-49,7189
QUIET,QUIET,Dana,ASL_2007_05_24,25,781,824,ASL_2007_05_24-25,7190
QUIET,QUIET,Liz,ASL_2008_02_29,4,1545,1596,ASL_2008_02_29-4,7191
QUIET,QUIET_2,Lana,ASL_2006_10_10,22,860,902,ASL_2006_10_10-22,7192
QUINTUPLE,QUINTUPLE,Brady,ASL_2011_07_19_Brady,49,695,720,ASL_2011_07_19_Brady-49,7193
QUINTUPLE,QUINTUPLE,Liz,ASL_2010_08_10_Liz_additional_lexicon_signs,16,595,630,ASL_2010_08_10_Liz_additional_lexicon_signs-16,7194
QUIT,QUIT,Brady,ASL_2011_07_19_Brady,49,916,925,ASL_2011_07_19_Brady-49,7195
QUIT,QUIT,Dana,ASL_2007_05_24,25,1027,1054,ASL_2007_05_24-25,7196
QUIT,QUIT,Lana,ASL_2006_10_10,22,1104,1120,ASL_2006_10_10-22,7197
QUIT,QUIT,Liz,ASL_2008_02_29,4,1806,1836,ASL_2008_02_29-4,7198
QUOTE/TOPIC,QUOTE/TOPIC,Brady,ASL_2011_07_19_Brady,49,1159,1170,ASL_2011_07_19_Brady-49,7199
QUOTE/TOPIC,QUOTE/TOPIC,Liz,ASL_2008_02_29,4,2033,2062,ASL_2008_02_29-4,7200
R,R,Brady,ASL_2011_07_19_Brady,49,1400,1452,ASL_2011_07_19_Brady-49,7201
R,R,Liz,ASL_2008_02_29,4,2255,2320,ASL_2008_02_29-4,7202
RABBI,(crvd-L)RABBI+,Liz,ASL_2008_02_29,4,2792,2855,ASL_2008_02_29-4,7203
RABBI,RABBI,Dana,ASL_2007_05_24,25,1279,1313,ASL_2007_05_24-25,7204
RABBI,RABBI+,Lana,ASL_2006_10_10,22,1350,1376,ASL_2006_10_10-22,7205
RABBIT,RABBIT+,Brady,ASL_2011_07_19_Brady,49,2780,2806,ASL_2011_07_19_Brady-49,7206
RABBIT,RABBIT+,Liz,ASL_2008_02_29,5,600,645,ASL_2008_02_29-5,7207
RABBI_2,(R)RABBI_2,Liz,ASL_2008_02_29,5,284,335,ASL_2008_02_29-5,7208
RABBI_2,RABBI_2,Brady,ASL_2011_07_19_Brady,49,1943,1976,ASL_2011_07_19_Brady-49,7209
RABBI_2,RABBI_2,Brady,ASL_2011_07_19_Brady,49,2428,2460,ASL_2011_07_19_Brady-49,7210
RACCOON,RACCOON+,Brady,ASL_2011_07_19_Brady,49,3003,3050,ASL_2011_07_19_Brady-49,7211
RACCOON,RACCOON+,Brady,ASL_2011_07_19_Brady,50,132,170,ASL_2011_07_19_Brady-50,7212
RACCOON,RACCOON+,Liz,ASL_2008_02_29,5,860,910,ASL_2008_02_29-5,7213
RADIO,RADIO,Brady,ASL_2011_07_19_Brady,50,742,785,ASL_2011_07_19_Brady-50,7214
RADIO,RADIO,Liz,ASL_2008_01_18,8,2296,2340,ASL_2008_01_18-8,7215
RADIO,RADIO,Liz,ASL_2008_02_29,5,1655,1700,ASL_2008_02_29-5,7216
RADIO,RADIO,Naomi,ASL_2008_08_06,8,3705,3721,ASL_2008_08_06-8,7217
RAIN,DRIZZLE,Brady,ASL_2011_07_19_Brady,94,2298,2352,ASL_2011_07_19_Brady-94,7218
RAIN,DRIZZLE,Liz,ASL_2008_02_29,42,1105,1151,ASL_2008_02_29-42,7219
RAIN,RAIN+,Lana,ASL_2006_01_20,22,2566,2613,ASL_2006_01_20-22,7220
RAIN,RAIN++,Brady,ASL_2011_07_19_Brady,50,1150,1189,ASL_2011_07_19_Brady-50,7221
RAIN,RAIN++,Liz,ASL_2008_02_29,5,1995,2040,ASL_2008_02_29-5,7222
RAINBOW,(2h)RAINBOW,Brady,ASL_2011_07_19_Brady,50,1356,1386,ASL_2011_07_19_Brady-50,7223
RAINBOW,RAINBOW,Liz,ASL_2008_02_29,5,2240,2305,ASL_2008_02_29-5,7224
RAKE,RAKE+,Liz,ASL_2008_02_29,5,3040,3086,ASL_2008_02_29-5,7225
RAKE,RAKE++,Brady,ASL_2011_07_19_Brady,50,2049,2090,ASL_2011_07_19_Brady-50,7226
RAKE,RAKE++,Tyler,ASL_2008_05_29a,34,1576,1642,ASL_2008_05_29a-34,7227
RAM,(R)RAM,Brady,ASL_2011_07_19_Brady,50,2694,2732,ASL_2011_07_19_Brady-50,7228
RAM,(R)RAM,Liz,ASL_2008_02_29,6,300,380,ASL_2008_02_29-6,7229
RAM,RAM,Brady,ASL_2011_07_19_Brady,51,112,148,ASL_2011_07_19_Brady-51,7230
RAM,RAM,Liz,ASL_2008_02_29,6,780,826,ASL_2008_02_29-6,7231
RAT,RAT+,Brady,ASL_2011_06_08_Brady,25,14252,14284,ASL_2011_06_08_Brady-25,7232
RAT,RAT+,Brady,ASL_2011_07_19_Brady,51,931,956,ASL_2011_07_19_Brady-51,7233
RAT,RAT+,Liz,ASL_2008_02_29,6,2670,2700,ASL_2008_02_29-6,7234
RATTLE,RATTLE,Liz,ASL_2008_02_29,6,3082,3145,ASL_2008_02_29-6,7235
READ,READ,Brady,ASL_2011_07_19_Brady,51,2673,2692,ASL_2011_07_19_Brady-51,7236
READ,READ,Liz,ASL_2008_02_29,6,5390,5423,ASL_2008_02_29-6,7237
READ,READ+,Brady,ASL_2011_07_19_Brady,51,2926,2958,ASL_2011_07_19_Brady-51,7238
READ,READ+,Liz,ASL_2008_02_29,6,5605,5650,ASL_2008_02_29-6,7239
READY,READY,Dana,ASL_2007_05_24,25,1642,1663,ASL_2007_05_24-25,7240
READY,READY,Lana,ASL_2006_10_10,22,1710,1724,ASL_2006_10_10-22,7241
READY,READY_2++,Brady,ASL_2011_07_19_Brady,51,3163,3202,ASL_2011_07_19_Brady-51,7242
READY,READY_2++,Liz,ASL_2008_02_29,6,5930,5955,ASL_2008_02_29-6,7243
REALLY,REALLY,Brady,ASL_2011_07_22_Brady,12,1249,1264,ASL_2011_07_22_Brady-12,7244
REALLY,REALLY,Dana,ASL_2007_05_24,25,294,311,ASL_2007_05_24-25,7245
REALLY,REALLY,Dana,ASL_2007_05_24,26,2522,2536,ASL_2007_05_24-26,7246
REALLY,REALLY,Lana,ASL_2006_10_10,22,342,350,ASL_2006_10_10-22,7247
REALLY,REALLY,Lana,ASL_2006_10_10,24,2435,2441,ASL_2006_10_10-24,7248
REALLY,REALLY,Liz,ASL_2008_03_28,23,4174,4201,ASL_2008_03_28-23,7249
REALLY+NICE/CLEAN,REALLY+NICE/CLEAN,Brady,ASL_2011_06_14_Brady,37,6708,6739,ASL_2011_06_14_Brady-37,7250
REALLY+NICE/CLEAN,REALLY+NICE/CLEAN,Liz,ASL_2008_02_15,41,1526,1577,ASL_2008_02_15-41,7251
REALLY+POSS:i,REALLY+POSS:i+,Liz,ASL_2008_01_11,40,297,346,ASL_2008_01_11-40,7252
REASON,REASON+,Brady,ASL_2011_07_19_Brady,51,3397,3442,ASL_2011_07_19_Brady-51,7253
REASON,REASON+,Liz,ASL_2008_02_29,7,252,300,ASL_2008_02_29-7,7254
RECENT-PAST,RECENT-PAST,Brady,ASL_2011_07_19_Brady,52,375,408,ASL_2011_07_19_Brady-52,7255
RECENT-PAST,RECENT-PAST,Dana,ASL_2007_05_24,25,533,576,ASL_2007_05_24-25,7256
RECENT-PAST,RECENT-PAST,Lana,ASL_2006_10_10,22,595,638,ASL_2006_10_10-22,7257
RECENT-PAST,RECENT-PAST,Liz,ASL_2008_02_29,7,645,680,ASL_2008_02_29-7,7258
RECLINE/ROCKING-CHAIR,RECLINE/ROCKING-CHAIR,Liz,ASL_2008_02_29,7,877,919,ASL_2008_02_29-7,7259
RECLINE/ROCKING-CHAIR,RECLINE/ROCKING-CHAIR+,Brady,ASL_2011_07_19_Brady,52,675,730,ASL_2011_07_19_Brady-52,7260
RECLINE/ROCKING-CHAIR,RECLINE/ROCKING-CHAIR+,Liz,ASL_2008_02_29,17,1995,2036,ASL_2008_02_29-17,7261
RECLINE/ROCKING-CHAIR,RECLINE/ROCKING-CHAIR++,Brady,ASL_2011_07_19_Brady,61,2706,2740,ASL_2011_07_19_Brady-61,7262
RECORD,RECORD,Brady,ASL_2011_07_19_Brady,52,1192,1221,ASL_2011_07_19_Brady-52,7263
RECORD,RECORD,Liz,ASL_2008_02_29,7,1350,1390,ASL_2008_02_29-7,7264
RECORD/BREAK-RECORD,RECORD/BREAK-RECORD,Brady,ASL_2011_06_08_Brady,23,8625,8654,ASL_2011_06_08_Brady-23,7265
RECORD/BREAK-RECORD,RECORD/BREAK-RECORD,Liz,ASL_2008_01_11,55,275,305,ASL_2008_01_11-55,7266
RECORD/BREAK-RECORD,RECORD/BREAK-RECORD,Naomi,ASL_2008_08_04,35,948,973,ASL_2008_08_04-35,7267
RECORD/BREAK-RECORD,RECORD/BREAK-RECORD,Tyler,ASL_2008_05_12a,34,650,677,ASL_2008_05_12a-34,7268
RECYCLE,RECYCLE,Liz,ASL_2008_02_29,14,1155,1195,ASL_2008_02_29-14,7269
RED,RED+,Brady,ASL_2011_07_19_Brady,52,1914,1941,ASL_2011_07_19_Brady-52,7270
RED,RED+,Liz,ASL_2008_02_29,7,2050,2075,ASL_2008_02_29-7,7271
RED+BLACK+CHECKERS,RED+BLACK+CHECKERS,Tyler,ASL_2008_05_12a,44,3575,3687,ASL_2008_05_12a-44,7272
RED+BLOOD,RED+BLOOD,Liz,ASL_2008_01_11,47,1018,1079,ASL_2008_01_11-47,7273
RED+BLOOD,RED+BLOOD,Naomi,ASL_2008_08_04,30,2496,2520,ASL_2008_08_04-30,7274
RED+BLUSH,RED++BLUSH,Brady,ASL_2011_06_14_Brady,3,1820,1880,ASL_2011_06_14_Brady-3,7275
RED+BLUSH,RED+BLUSH,Liz,ASL_2008_01_11,48,1370,1445,ASL_2008_01_11-48,7276
"RED+DCL""face""","RED+DCL""face""",Naomi,ASL_2008_08_04,31,1982,2016,ASL_2008_08_04-31,7277
RED+SLICE,RED+SLICE,Brady,ASL_2011_07_19_Brady,87,1904,1926,ASL_2011_07_19_Brady-87,7278
RED+SLICE,RED+SLICE,Brady,ASL_2011_07_22_Brady,8,512,535,ASL_2011_07_22_Brady-8,7279
RED+fs-BERRY,RED+fs-BERRY,Brady,ASL_2011_07_19_Brady,52,2174,2217,ASL_2011_07_19_Brady-52,7280
RED+fs-BERRY,RED+fs-BERRY,Liz,ASL_2008_02_29,7,2435,2495,ASL_2008_02_29-7,7281
REDUCE,REDUCE,Brady,ASL_2011_06_08_Brady,35,4557,4582,ASL_2011_06_08_Brady-35,7282
REDUCE,REDUCE,Liz,ASL_2010_08_10_Liz_additional_lexicon_signs,27,840,885,ASL_2010_08_10_Liz_additional_lexicon_signs-27,7283
REFER,(R)REFER,Brady,ASL_2011_07_19_Brady,53,407,426,ASL_2011_07_19_Brady-53,7284
REFER,(R)REFER,Liz,ASL_2008_02_29,8,903,943,ASL_2008_02_29-8,7285
REFER,REFER,Brady,ASL_2011_07_19_Brady,53,646,662,ASL_2011_07_19_Brady-53,7286
REFER,REFER,Liz,ASL_2008_02_29,8,1135,1170,ASL_2008_02_29-8,7287
REFLECT,REFLECT,Brady,ASL_2011_07_19_Brady,53,1163,1183,ASL_2011_07_19_Brady-53,7288
REFLECT,REFLECT,Liz,ASL_2008_02_29,8,1872,1923,ASL_2008_02_29-8,7289
REFUSE,REFUSE,Brady,ASL_2011_07_19_Brady,53,1609,1633,ASL_2011_07_19_Brady-53,7290
REFUSE,REFUSE,Liz,ASL_2008_02_29,8,2470,2526,ASL_2008_02_29-8,7291
REFUSE,REFUSE,Tyler,ASL_2008_05_12b,14,2317,2355,ASL_2008_05_12b-14,7292
REGISTER,REGISTER+,Liz,ASL_2008_02_29,8,2807,2845,ASL_2008_02_29-8,7293
REGULAR,REGULAR+,Brady,ASL_2011_06_08_Brady,12,9999,10033,ASL_2011_06_08_Brady-12,7294
REGULAR,REGULAR+,Brady,ASL_2011_07_19_Brady,53,2355,2383,ASL_2011_07_19_Brady-53,7295
REGULAR,REGULAR++,Dana,ASL_2007_05_24,22,426,491,ASL_2007_05_24-22,7296
REGULAR,REGULAR++,Lana,ASL_2006_10_10,20,562,619,ASL_2006_10_10-20,7297
REGULAR,REGULAR++,Liz,ASL_2008_02_29,8,3331,3400,ASL_2008_02_29-8,7298
REGULAR,REGULAR++,Naomi,ASL_2008_08_04,13,2201,2246,ASL_2008_08_04-13,7299
REGULAR,REGULAR++,Tyler,ASL_2008_05_12a,13,1920,1962,ASL_2008_05_12a-13,7300
REINS,REINS,Brady,ASL_2011_07_19_Brady,54,1492,1528,ASL_2011_07_19_Brady-54,7301
REINS,REINS,Liz,ASL_2008_02_29,9,1076,1157,ASL_2008_02_29-9,7302
REJECT,REJECT,Brady,ASL_2011_07_19_Brady,54,1753,1775,ASL_2011_07_19_Brady-54,7303
REJECT,REJECT,Liz,ASL_2008_02_29,9,1347,1385,ASL_2008_02_29-9,7304
RELATIONSHIP,1p-RELATIONSHIP,Liz,ASL_2008_02_29,9,1570,1617,ASL_2008_02_29-9,7305
RELATIONSHIP,RELATIONSHIP,Brady,ASL_2011_07_19_Brady,54,2026,2060,ASL_2011_07_19_Brady-54,7306
RELATIONSHIP-OFF,RELATIONSHIP-OFF,Brady,ASL_2011_07_19_Brady,54,2258,2274,ASL_2011_07_19_Brady-54,7307
RELATIONSHIP-OFF,RELATIONSHIP-OFF,Liz,ASL_2008_02_29,9,2211,2260,ASL_2008_02_29-9,7308
RELATIVE,(R)RELATIVE,Brady,ASL_2011_07_19_Brady,54,2488,2516,ASL_2011_07_19_Brady-54,7309
RELATIVE,(R)RELATIVE,Liz,ASL_2008_02_29,9,2521,2565,ASL_2008_02_29-9,7310
RELATIVE,RELATIVE,Brady,ASL_2011_07_19_Brady,54,2709,2753,ASL_2011_07_19_Brady-54,7311
RELATIVE,RELATIVE,Liz,ASL_2008_02_29,9,2775,2835,ASL_2008_02_29-9,7312
RELAY-OPERATOR,RELAY-OPERATOR+,Brady,ASL_2011_07_19_Brady,21,1893,1920,ASL_2011_07_19_Brady-21,7313
RELAY-OPERATOR,RELAY-OPERATOR+,Liz,ASL_2008_02_15,26,2550,2610,ASL_2008_02_15-26,7314
RELIGION,RELIGION,Liz,ASL_2008_02_29,10,1842,1887,ASL_2008_02_29-10,7315
REMEMBER,REMEMBER,Dana,ASL_2007_05_24,25,1877,1903,ASL_2007_05_24-25,7316
REMEMBER,REMEMBER,Lana,ASL_2006_10_10,22,1949,1976,ASL_2006_10_10-22,7317
REMEMBER,REMEMBER,Liz,ASL_2008_02_29,10,2270,2320,ASL_2008_02_29-10,7318
REMIND,REMIND++,Liz,ASL_2008_02_29,10,2985,3031,ASL_2008_02_29-10,7319
REMIND-2p,REMIND-2p+,Liz,ASL_2008_02_29,10,2476,2523,ASL_2008_02_29-10,7320
REMOVE,REMOVE,Liz,ASL_2008_02_29,10,3280,3316,ASL_2008_02_29-10,7321
RENOVATION++AGENT,RENOVATION++AGENT,Brady,ASL_2011_06_14_Brady,3,5393,5438,ASL_2011_06_14_Brady-3,7322
RENOVATION++AGENT,RENOVATION++AGENT,Naomi,ASL_2008_08_04,41,4900,4957,ASL_2008_08_04-41,7323
REPAIR,REPAIR+,Brady,ASL_2011_06_14_Brady,19,3200,3218,ASL_2011_06_14_Brady-19,7324
REPAIR,REPAIR+,Brady,ASL_2011_07_22_Brady,42,2266,2304,ASL_2011_07_22_Brady-42,7325
REPAIR,REPAIR+,Liz,ASL_2008_01_18,43,1631,1676,ASL_2008_01_18-43,7326
REPAIR,REPAIR+,Tyler,ASL_2008_05_29a,23,1562,1596,ASL_2008_05_29a-23,7327
REPAIR,REPAIR_2+,Naomi,ASL_2008_08_06,43,1701,1746,ASL_2008_08_06-43,7328
REPLACE,EXCHANGE,Brady,ASL_2011_06_14_Brady,14,3610,3635,ASL_2011_06_14_Brady-14,7329
REPLACE,EXCHANGE,Liz,ASL_2008_01_18,35,1815,1855,ASL_2008_01_18-35,7330
REPLACE,EXCHANGE,Naomi,ASL_2008_08_06,35,1645,1680,ASL_2008_08_06-35,7331
REPLACE,EXCHANGE,Tyler,ASL_2008_05_29a,15,2510,2550,ASL_2008_05_29a-15,7332
REPLACE,REPLACE,Brady,ASL_2011_06_14_Brady,40,4929,4945,ASL_2011_06_14_Brady-40,7333
REPLACE,REPLACE,Brady,ASL_2011_07_22_Brady,9,2052,2080,ASL_2011_07_22_Brady-9,7334
REPLACE,REPLACE,Brady,ASL_2011_07_22_Brady,56,620,643,ASL_2011_07_22_Brady-56,7335
REPLACE,REPLACE,Liz,ASL_2008_03_28,21,2207,2250,ASL_2008_03_28-21,7336
REPLACE,TRADE,Brady,ASL_2011_07_22_Brady,9,2316,2346,ASL_2011_07_22_Brady-9,7337
REPLACE,TRADE,Liz,ASL_2008_03_28,21,2983,3020,ASL_2008_03_28-21,7338
REPORT,REPORT,Liz,ASL_2008_02_29,11,834,876,ASL_2008_02_29-11,7339
REPORT+AGENT,REPORT+AGENT,Liz,ASL_2008_02_29,11,1329,1378,ASL_2008_02_29-11,7340
REPUBLICAN,REPUBLICAN,Brady,ASL_2011_07_19_Brady,56,3683,3717,ASL_2011_07_19_Brady-56,7341
REPUBLICAN,REPUBLICAN,Liz,ASL_2008_02_29,12,175,225,ASL_2008_02_29-12,7342
REQUEST,REQUEST,Brady,ASL_2011_06_08_Brady,13,6902,6922,ASL_2011_06_08_Brady-13,7343
REQUEST,REQUEST,Liz,ASL_2008_01_11,23,480,520,ASL_2008_01_11-23,7344
REQUEST,REQUEST,Naomi,ASL_2008_08_04,15,2197,2217,ASL_2008_08_04-15,7345
REQUEST,REQUEST,Tyler,ASL_2008_05_12a,15,2436,2447,ASL_2008_05_12a-15,7346
REQUIRE,REQUIRE,Liz,ASL_2008_01_18,14,742,765,ASL_2008_01_18-14,7347
REQUIRE,REQUIRE,Naomi,ASL_2008_08_06,14,432,455,ASL_2008_08_06-14,7348
REQUIRE,REQUIRE,Tyler,ASL_2008_05_12b,14,530,555,ASL_2008_05_12b-14,7349
RESEARCH,(R)RESEARCH++,Liz,ASL_2008_02_29,12,410,460,ASL_2008_02_29-12,7350
RESEARCH,RESEARCH+,Brady,ASL_2011_07_22_Brady,45,2701,2748,ASL_2011_07_22_Brady-45,7351
RESEARCH,RESEARCH++,Brady,ASL_2011_06_14_Brady,41,3363,3413,ASL_2011_06_14_Brady-41,7352
RESEARCH,RESEARCH++,Brady,ASL_2011_07_19_Brady,57,343,386,ASL_2011_07_19_Brady-57,7353
RESEARCH,RESEARCH++,Brady,ASL_2011_07_19_Brady,57,679,712,ASL_2011_07_19_Brady-57,7354
RESEARCH,RESEARCH++,Liz,ASL_2008_02_01,34,2560,2617,ASL_2008_02_01-34,7355
RESEARCH,RESEARCH++,Liz,ASL_2008_02_29,12,627,678,ASL_2008_02_29-12,7356
RESEARCH,RESEARCH++,Naomi,ASL_2008_08_13,28,2470,2530,ASL_2008_08_13-28,7357
RESEARCH,RESEARCH++,Tyler,ASL_2008_05_29b,8,1909,1965,ASL_2008_05_29b-8,7358
RESPECT,(1h)RESPECT,Brady,ASL_2011_07_19_Brady,57,1626,1657,ASL_2011_07_19_Brady-57,7359
RESPECT,(1h)RESPECT,Liz,ASL_2008_02_29,12,1815,1847,ASL_2008_02_29-12,7360
RESPECT,RESPECT,Brady,ASL_2011_07_19_Brady,57,1822,1849,ASL_2011_07_19_Brady-57,7361
RESPECT,RESPECT,Liz,ASL_2010_08_10_Liz_additional_lexicon_signs,7,3210,3260,ASL_2010_08_10_Liz_additional_lexicon_signs-7,7362
RESPONSIBILITY,(1h)RESPONSIBILITY+,Tyler,ASL_2008_05_29a,19,2730,2765,ASL_2008_05_29a-19,7363
RESPONSIBILITY,(R)RESPONSIBILITY+,Liz,ASL_2008_02_29,12,2035,2075,ASL_2008_02_29-12,7364
RESPONSIBILITY,RESPONSIBILITY+,Brady,ASL_2011_07_19_Brady,57,2063,2082,ASL_2011_07_19_Brady-57,7365
RESPONSIBILITY,RESPONSIBILITY+,Brady,ASL_2011_07_19_Brady,57,2311,2334,ASL_2011_07_19_Brady-57,7366
RESPONSIBILITY,RESPONSIBILITY+,Liz,ASL_2008_02_29,12,2215,2275,ASL_2008_02_29-12,7367
REST,REST,Brady,ASL_2011_07_19_Brady,57,2840,2871,ASL_2011_07_19_Brady-57,7368
REST,REST,Liz,ASL_2008_02_29,12,2435,2495,ASL_2008_02_29-12,7369
RESTAURANT,RESTAURANT,Brady,ASL_2011_07_19_Brady,58,140,169,ASL_2011_07_19_Brady-58,7370
RESTAURANT,RESTAURANT,Dana,ASL_2007_05_24,25,902,943,ASL_2007_05_24-25,7371
RESTAURANT,RESTAURANT,Lana,ASL_2006_10_10,22,983,1016,ASL_2006_10_10-22,7372
RESTAURANT,RESTAURANT,Liz,ASL_2008_02_29,13,40,70,ASL_2008_02_29-13,7373
RESTLESS,(nd-U)RESTLESS++,Liz,ASL_2008_02_29,13,1145,1210,ASL_2008_02_29-13,7374
RESTLESS,RESTLESS,Brady,ASL_2011_07_19_Brady,58,397,443,ASL_2011_07_19_Brady-58,7375
RESTLESS,RESTLESS,Brady,ASL_2011_07_19_Brady,58,690,728,ASL_2011_07_19_Brady-58,7376
RESTLESS,RESTLESS,Liz,ASL_2008_02_29,13,815,876,ASL_2008_02_29-13,7377
RESULT,RESULT,Brady,ASL_2011_07_19_Brady,58,1671,1690,ASL_2011_07_19_Brady-58,7378
RESULT,RESULT,Liz,ASL_2008_02_29,13,1580,1625,ASL_2008_02_29-13,7379
RETIRE,(R)RETIRE,Lana,ASL_2006_10_10,22,2573,2584,ASL_2006_10_10-22,7380
RETIRE,(R)RETIRE,Liz,ASL_2008_02_29,13,2531,2575,ASL_2008_02_29-13,7381
RETIRE,RETIRE,Brady,ASL_2011_07_19_Brady,58,2770,2794,ASL_2011_07_19_Brady-58,7382
RETIRE,RETIRE,Brady,ASL_2011_07_19_Brady,58,3005,3025,ASL_2011_07_19_Brady-58,7383
RETIRE,RETIRE,Liz,ASL_2008_02_29,14,135,182,ASL_2008_02_29-14,7384
REVENGE,REVENGE,Brady,ASL_2011_07_19_Brady,59,416,439,ASL_2011_07_19_Brady-59,7385
REVENGE,REVENGE,Liz,ASL_2008_02_29,14,582,612,ASL_2008_02_29-14,7386
REVIEW,(L)REVIEW,Brady,ASL_2011_07_19_Brady,59,645,665,ASL_2011_07_19_Brady-59,7387
REVIEW,REVIEW,Liz,ASL_2008_02_29,14,920,955,ASL_2008_02_29-14,7388
RIB,RIB,Brady,ASL_2011_07_19_Brady,59,2220,2282,ASL_2011_07_19_Brady-59,7389
RIB,RIB,Liz,ASL_2008_02_29,14,1797,1860,ASL_2008_02_29-14,7390
RIBS,RIBS,Brady,ASL_2011_07_19_Brady,59,2606,2635,ASL_2011_07_19_Brady-59,7391
RIBS,RIBS,Brady,ASL_2011_07_19_Brady,59,3856,3889,ASL_2011_07_19_Brady-59,7392
RIBS,RIBS,Liz,ASL_2008_02_29,14,2502,2560,ASL_2008_02_29-14,7393
RICH,RICH,Brady,ASL_2011_07_19_Brady,59,4000,4020,ASL_2011_07_19_Brady-59,7394
RICH,RICH,Liz,ASL_2008_02_29,14,2775,2800,ASL_2008_02_29-14,7395
RIDE,RIDE,Liz,ASL_2008_02_29,15,650,690,ASL_2008_02_29-15,7396
RIDE,RIDE_2,Brady,ASL_2011_07_19_Brady,60,183,210,ASL_2011_07_19_Brady-60,7397
RIDE-ON,RIDE-ON,Brady,ASL_2011_07_19_Brady,60,721,755,ASL_2011_07_19_Brady-60,7398
RIDE-ON,RIDE-ON,Liz,ASL_2008_02_29,15,1075,1115,ASL_2008_02_29-15,7399
RIDE-ON,RIDE-ON+,Brady,ASL_2011_07_22_Brady,51,1171,1229,ASL_2011_07_22_Brady-51,7400
RIDE-ON,RIDE-ON++,Brady,ASL_2011_07_19_Brady,60,507,545,ASL_2011_07_19_Brady-60,7401
RIDE-ON,RIDE-ON++,Liz,ASL_2008_02_29,15,841,910,ASL_2008_02_29-15,7402
RIFLE,RIFLE,Brady,ASL_2011_07_19_Brady,60,1447,1468,ASL_2011_07_19_Brady-60,7403
RIFLE,RIFLE,Liz,ASL_2008_02_29,15,1832,1880,ASL_2008_02_29-15,7404
RIGHT,RIGHT,Brady,ASL_2011_07_19_Brady,60,2442,2459,ASL_2011_07_19_Brady-60,7405
RIGHT,RIGHT,Dana,ASL_2007_05_24,25,1521,1556,ASL_2007_05_24-25,7406
RIGHT,RIGHT,Liz,ASL_2008_02_29,16,580,607,ASL_2008_02_29-16,7407
RIGHT,RIGHT_2,Lana,ASL_2006_10_10,22,1598,1612,ASL_2006_10_10-22,7408
RING,RING+,Brady,ASL_2011_07_19_Brady,61,186,216,ASL_2011_07_19_Brady-61,7409
RING,RING+,Liz,ASL_2008_02_29,16,870,907,ASL_2008_02_29-16,7410
RIP,RIP,Brady,ASL_2011_07_19_Brady,61,454,483,ASL_2011_07_19_Brady-61,7411
RIP,RIP,Liz,ASL_2008_02_29,17,250,281,ASL_2008_02_29-17,7412
RIVER,RIVER,Dana,ASL_2007_05_24,10,1667,1720,ASL_2007_05_24-10,7413
ROAD,ROAD,Brady,ASL_2011_06_08_Brady,10,10170,10190,ASL_2011_06_08_Brady-10,7414
ROAD,ROAD,Brady,ASL_2011_07_19_Brady,61,1490,1508,ASL_2011_07_19_Brady-61,7415
ROAD,ROAD,Liz,ASL_2010_08_10_Liz_additional_lexicon_signs,3,1635,1680,ASL_2010_08_10_Liz_additional_lexicon_signs-3,7416
ROAD,ROAD-pl,Brady,ASL_2011_07_19_Brady,61,1206,1263,ASL_2011_07_19_Brady-61,7417
ROAD,ROAD-pl,Liz,ASL_2010_08_10_Liz_additional_lexicon_signs,3,1791,1855,ASL_2010_08_10_Liz_additional_lexicon_signs-3,7418
ROCK,ROCK,Brady,ASL_2011_06_14_Brady,41,6185,6208,ASL_2011_06_14_Brady-41,7419
ROCK,ROCK,Tyler,ASL_2008_05_29b,9,2760,2785,ASL_2008_05_29b-9,7420
ROCK,ROCK+,Brady,ASL_2011_07_19_Brady,61,1905,1933,ASL_2011_07_19_Brady-61,7421
ROCK,ROCK+,Liz,ASL_2008_02_29,17,1060,1102,ASL_2008_02_29-17,7422
ROCKET,ROCKET,Brady,ASL_2011_07_19_Brady,61,2440,2461,ASL_2011_07_19_Brady-61,7423
ROCKET,ROCKET,Liz,ASL_2008_02_29,17,1680,1730,ASL_2008_02_29-17,7424
ROLLER-BLADE,ROLLER-BLADE,Liz,ASL_2008_02_29,18,654,710,ASL_2008_02_29-18,7425
ROLLER-SKATE,ROLLER-SKATE+,Liz,ASL_2008_02_29,18,416,477,ASL_2008_02_29-18,7426
ROLLING,ROLLING+,Brady,ASL_2011_07_22_Brady,51,1387,1435,ASL_2011_07_22_Brady-51,7427
ROLLING,ROLLING+,Liz,ASL_2008_02_29,18,180,240,ASL_2008_02_29-18,7428
ROOMMATE,ROOMMATE+,Liz,ASL_2008_02_29,18,3521,3580,ASL_2008_02_29-18,7429
ROOSTER,ROOSTER+,Liz,ASL_2008_02_29,18,3879,3925,ASL_2008_02_29-18,7430
ROPE,ROPE,Liz,ASL_2008_02_29,18,4621,4662,ASL_2008_02_29-18,7431
ROUGH,ROUGH,Brady,ASL_2011_07_19_Brady,69,947,967,ASL_2011_07_19_Brady-69,7432
ROUGH,ROUGH,Liz,ASL_2008_02_29,19,770,788,ASL_2008_02_29-19,7433
ROWING,ROWING+,Brady,ASL_2011_07_19_Brady,69,1189,1227,ASL_2011_07_19_Brady-69,7434
ROWING,ROWING+,Liz,ASL_2010_08_10_Liz_additional_lexicon_signs,9,832,915,ASL_2010_08_10_Liz_additional_lexicon_signs-9,7435
ROYAL,ROYAL,Brady,ASL_2011_07_19_Brady,69,1440,1466,ASL_2011_07_19_Brady-69,7436
ROYAL,ROYAL,Liz,ASL_2008_02_29,19,1460,1525,ASL_2008_02_29-19,7437
RUB,RUB+,Brady,ASL_2011_07_19_Brady,69,1692,1732,ASL_2011_07_19_Brady-69,7438
RUB,RUB+,Liz,ASL_2008_02_29,19,2030,2090,ASL_2008_02_29-19,7439
RUBBER,RUBBER+,Brady,ASL_2011_07_19_Brady,69,1950,1974,ASL_2011_07_19_Brady-69,7440
RUBBER,RUBBER+,Liz,ASL_2008_02_29,19,2517,2555,ASL_2008_02_29-19,7441
RUDE,RUDE,Brady,ASL_2011_07_19_Brady,69,2187,2203,ASL_2011_07_19_Brady-69,7442
RUDE,RUDE,Brady,ASL_2011_07_19_Brady,76,2263,2278,ASL_2011_07_19_Brady-76,7443
RUDE,RUDE,Liz,ASL_2008_02_29,26,852,876,ASL_2008_02_29-26,7444
RUDE,RUDE,Liz,ASL_2010_08_10_Liz_additional_lexicon_signs,9,2830,2880,ASL_2010_08_10_Liz_additional_lexicon_signs-9,7445
RUIN,RUIN,Brady,ASL_2011_07_19_Brady,69,2428,2442,ASL_2011_07_19_Brady-69,7446
RUIN,RUIN,Liz,ASL_2008_02_29,19,3137,3165,ASL_2008_02_29-19,7447
RULE,RULE,Brady,ASL_2011_07_19_Brady,53,1824,1851,ASL_2011_07_19_Brady-53,7448
RULE,RULE,Brady,ASL_2011_07_19_Brady,70,222,250,ASL_2011_07_19_Brady-70,7449
RULE,RULE,Lana,ASL_2006_10_10,24,701,720,ASL_2006_10_10-24,7450
RULE,RULE,Liz,ASL_2010_08_10_Liz_additional_lexicon_signs,3,2360,2406,ASL_2010_08_10_Liz_additional_lexicon_signs-3,7451
RULE,RULE-pl,Brady,ASL_2011_07_19_Brady,70,528,580,ASL_2011_07_19_Brady-70,7452
RULE,RULE-pl,Liz,ASL_2010_08_10_Liz_additional_lexicon_signs,3,2505,2570,ASL_2010_08_10_Liz_additional_lexicon_signs-3,7453
RUN,(parallel)RUN,Brady,ASL_2011_07_19_Brady,70,965,1005,ASL_2011_07_19_Brady-70,7454
RUN,(parallel)RUN,Brady,ASL_2011_07_22_Brady,45,3579,3635,ASL_2011_07_22_Brady-45,7455
RUN,(parallel)RUN,Liz,ASL_2008_02_01,37,2780,2845,ASL_2008_02_01-37,7456
RUN,(parallel)RUN,Liz,ASL_2008_02_29,20,575,620,ASL_2008_02_29-20,7457
RUN,RUN,Brady,ASL_2011_06_14_Brady,43,4461,4493,ASL_2011_06_14_Brady-43,7458
RUN,RUN,Lana,ASL_2006_10_10,24,831,871,ASL_2006_10_10-24,7459
RUN,RUN,Liz,ASL_2008_02_29,20,335,366,ASL_2008_02_29-20,7460
RUN,RUN++,Brady,ASL_2011_07_19_Brady,70,758,791,ASL_2011_07_19_Brady-70,7461
RUN,RUN++,Dana,ASL_2007_05_24,26,784,837,ASL_2007_05_24-26,7462
RUN,RUN++,Tyler,ASL_2008_05_29b,11,2201,2256,ASL_2008_05_29b-11,7463
RUN-MACHINE,RUN-MACHINE++,Brady,ASL_2011_07_19_Brady,70,1182,1226,ASL_2011_07_19_Brady-70,7464
RUN-MACHINE,RUN-MACHINE+++,Liz,ASL_2008_02_29,20,822,880,ASL_2008_02_29-20,7465
RUN-OUT,RUN-OUT,Brady,ASL_2011_06_08_Brady,10,8299,8319,ASL_2011_06_08_Brady-10,7466
RUN-OUT,RUN-OUT,Lana,ASL_2006_10_10,24,1080,1093,ASL_2006_10_10-24,7467
RUN-OUT,RUN-OUT,Liz,ASL_2008_01_11,11,950,980,ASL_2008_01_11-11,7468
RUN-OUT,RUN-OUT,Naomi,ASL_2008_08_04,8,2210,2241,ASL_2008_08_04-8,7469
RUN-OUT,RUN-OUT,Tyler,ASL_2008_05_12a,9,1612,1640,ASL_2008_05_12a-9,7470
RUNNY-NOSE,RUNNY-NOSE++,Brady,ASL_2011_07_19_Brady,70,2580,2638,ASL_2011_07_19_Brady-70,7471
RUNNY-NOSE,RUNNY-NOSE++,Liz,ASL_2008_02_29,20,1317,1371,ASL_2008_02_29-20,7472
S,S,Brady,ASL_2011_07_19_Brady,71,516,542,ASL_2011_07_19_Brady-71,7473
S,S,Liz,ASL_2008_02_29,20,2020,2082,ASL_2008_02_29-20,7474
SAD,SAD,Dana,ASL_2007_05_24,26,1309,1345,ASL_2007_05_24-26,7475
SAD,SAD,Lana,ASL_2006_10_10,24,1333,1348,ASL_2006_10_10-24,7476
SAD,SAD,Liz,ASL_2008_02_15,11,1016,1067,ASL_2008_02_15-11,7477
SAD,SAD,Tyler,ASL_2008_06_10,20,800,832,ASL_2008_06_10-20,7478
SAFE,SAFE,Brady,ASL_2011_07_19_Brady,71,712,727,ASL_2011_07_19_Brady-71,7479
SAFE,SAFE_2,Liz,ASL_2008_02_29,20,2235,2267,ASL_2008_02_29-20,7480
SAFE+AGENT,SAFE+AGENT,Brady,ASL_2011_07_19_Brady,72,2701,2732,ASL_2011_07_19_Brady-72,7481
SAFE_2+AGENT,SAFE_2+AGENT,Liz,ASL_2008_02_29,22,2620,2680,ASL_2008_02_29-22,7482
SAILBOAT,SAILBOAT,Brady,ASL_2011_07_19_Brady,71,1265,1295,ASL_2011_07_19_Brady-71,7483
SAILBOAT,SAILBOAT,Liz,ASL_2008_02_29,20,2550,2585,ASL_2008_02_29-20,7484
SALAD,SALAD+,Brady,ASL_2011_07_19_Brady,71,960,992,ASL_2011_07_19_Brady-71,7485
SALAD,SALAD+,Dana,ASL_2007_05_24,26,1451,1524,ASL_2007_05_24-26,7486
SALAD,SALAD+,Lana,ASL_2006_10_10,24,1460,1517,ASL_2006_10_10-24,7487
SALAD,SALAD+,Liz,ASL_2008_02_29,21,240,294,ASL_2008_02_29-21,7488
SALT,SALT,Brady,ASL_2011_07_19_Brady,71,1637,1676,ASL_2011_07_19_Brady-71,7489
SALT,SALT,Liz,ASL_2008_02_29,21,470,515,ASL_2008_02_29-21,7490
SAME,(2h)SAME+,Brady,ASL_2011_07_19_Brady,83,906,947,ASL_2011_07_19_Brady-83,7491
SAME,(2h)SAME+,Liz,ASL_2008_02_29,32,494,566,ASL_2008_02_29-32,7492
SAME,(2h)SAME_2,Brady,ASL_2011_07_19_Brady,96,755,804,ASL_2011_07_19_Brady-96,7493
SAME,(2h)SAME_2,Brady,ASL_2011_07_22_Brady,54,706,766,ASL_2011_07_22_Brady-54,7494
SAME,(2h)SAME_2,Liz,ASL_2008_02_29,43,4176,4240,ASL_2008_02_29-43,7495
SAME,SAME+,Brady,ASL_2011_07_19_Brady,71,1913,1969,ASL_2011_07_19_Brady-71,7496
SAME,SAME+,Brady,ASL_2011_07_19_Brady,116,1040,1086,ASL_2011_07_19_Brady-116,7497
SAME,SAME+,Brady,ASL_2011_07_22_Brady,55,2243,2284,ASL_2011_07_22_Brady-55,7498
SAME,SAME+,Dana,ASL_2007_05_24,19,2413,2461,ASL_2007_05_24-19,7499
SAME,SAME+,Lana,ASL_2006_10_10,22,1825,1870,ASL_2006_10_10-22,7500
SAME,SAME+,Liz,ASL_2008_02_29,21,925,985,ASL_2008_02_29-21,7501
SAME,SAME+,Liz,ASL_2008_03_28,15,1095,1131,ASL_2008_03_28-15,7502
SAME,SAME++,Dana,ASL_2007_05_24,25,1750,1807,ASL_2007_05_24-25,7503
SAME,SAME-3p-pl-arc,Brady,ASL_2011_07_19_Brady,116,490,518,ASL_2011_07_19_Brady-116,7504
SAME,SAME-3p-pl-arc,Liz,ASL_2008_03_28,15,1340,1365,ASL_2008_03_28-15,7505
SAME,i:SAME-1p+,Brady,ASL_2011_06_14_Brady,55,4404,4446,ASL_2011_06_14_Brady-55,7506
SAME,i:SAME-1p+,Brady,ASL_2011_07_22_Brady,47,1027,1091,ASL_2011_07_22_Brady-47,7507
SAME,i:SAME-1p++,Liz,ASL_2008_02_15,1,3067,3135,ASL_2008_02_15-1,7508
SAME-OLD,SAME-OLD+,Brady,ASL_2011_06_08_Brady,29,16574,16647,ASL_2011_06_08_Brady-29,7509
SAME-OLD,SAME-OLD+,Brady,ASL_2011_07_19_Brady,110,2903,2992,ASL_2011_07_19_Brady-110,7510
SAME-OLD,SAME-OLD+,Brady,ASL_2011_07_22_Brady,55,453,512,ASL_2011_07_22_Brady-55,7511
SAME-OLD,SAME-OLD+,Liz,ASL_2008_01_18,3,2560,2675,ASL_2008_01_18-3,7512
SAME-OLD,SAME-OLD+,Liz,ASL_2008_03_28,6,2415,2497,ASL_2008_03_28-6,7513
SAME-OLD,SAME-OLD+,Naomi,ASL_2008_08_06,3,1990,2060,ASL_2008_08_06-3,7514
SAME-OLD,SAME-OLD+,Tyler,ASL_2008_05_12b,3,2077,2145,ASL_2008_05_12b-3,7515
SAME-TIME,SAME-TIME,Brady,ASL_2011_07_19_Brady,71,2161,2176,ASL_2011_07_19_Brady-71,7516
SAME-TIME,SAME-TIME,Liz,ASL_2008_02_29,21,700,741,ASL_2008_02_29-21,7517
SANDWICH,SANDWICH,Brady,ASL_2011_07_19_Brady,32,2341,2366,ASL_2011_07_19_Brady-32,7518
SANDWICH,SANDWICH,Dana,ASL_2007_05_24,26,1727,1765,ASL_2007_05_24-26,7519
SANDWICH,SANDWICH,Liz,ASL_2008_02_15,38,2121,2171,ASL_2008_02_15-38,7520
SANDWICH,SANDWICH_2,Lana,ASL_2006_10_10,24,1714,1744,ASL_2006_10_10-24,7521
SARCASM,SARCASM,Brady,ASL_2011_06_14_Brady,42,942,966,ASL_2011_06_14_Brady-42,7522
SARCASM,SARCASM,Brady,ASL_2011_07_19_Brady,72,1277,1307,ASL_2011_07_19_Brady-72,7523
SARCASM,SARCASM,Brady,ASL_2011_07_22_Brady,11,1067,1102,ASL_2011_07_22_Brady-11,7524
SARCASM,SARCASM,Liz,ASL_2008_03_28,22,2796,2842,ASL_2008_03_28-22,7525
SARCASM,SARCASM,Liz,ASL_2010_08_10_Liz_additional_lexicon_signs,20,2000,2075,ASL_2010_08_10_Liz_additional_lexicon_signs-20,7526
SATISFIED,SATISFIED,Brady,ASL_2011_07_19_Brady,72,1500,1517,ASL_2011_07_19_Brady-72,7527
SATISFIED,SATISFIED,Brady,ASL_2011_07_22_Brady,41,2970,3042,ASL_2011_07_22_Brady-41,7528
SATISFIED,SATISFIED,Dana,ASL_2007_05_24,26,1983,2001,ASL_2007_05_24-26,7529
SATISFIED,SATISFIED,Lana,ASL_2006_10_10,24,1942,1949,ASL_2006_10_10-24,7530
SATISFIED,SATISFIED,Liz,ASL_2008_02_29,22,440,490,ASL_2008_02_29-22,7531
SATURDAY,SATURDAY+,Brady,ASL_2011_07_19_Brady,72,1805,1846,ASL_2011_07_19_Brady-72,7532
SATURDAY,SATURDAY+,Dana,ASL_2007_05_24,25,2113,2177,ASL_2007_05_24-25,7533
SATURDAY,SATURDAY+,Lana,ASL_2006_10_10,22,2202,2250,ASL_2006_10_10-22,7534
SATURDAY,SATURDAY+,Liz,ASL_2008_02_29,22,761,825,ASL_2008_02_29-22,7535
SAUCE,SAUCE+,Brady,ASL_2011_07_19_Brady,72,2046,2069,ASL_2011_07_19_Brady-72,7536
SAUCE,SAUCE+,Liz,ASL_2008_02_29,22,1095,1155,ASL_2008_02_29-22,7537
SAUSAGE/HOT-DOG,SAUSAGE/HOT-DOG,Brady,ASL_2011_06_08_Brady,15,7995,8025,ASL_2011_06_08_Brady-15,7538
SAUSAGE/HOT-DOG,SAUSAGE/HOT-DOG,Liz,ASL_2008_01_11,31,339,385,ASL_2008_01_11-31,7539
SAUSAGE/HOT-DOG,SAUSAGE/HOT-DOG,Liz,ASL_2008_02_01,25,407,445,ASL_2008_02_01-25,7540
SAUSAGE/HOT-DOG,SAUSAGE/HOT-DOG,Naomi,ASL_2008_08_04,20,762,796,ASL_2008_08_04-20,7541
SAUSAGE/HOT-DOG,SAUSAGE/HOT-DOG,Naomi,ASL_2008_08_13,21,240,265,ASL_2008_08_13-21,7542
SAUSAGE/HOT-DOG,SAUSAGE/HOT-DOG,Tyler,ASL_2008_05_12a,20,1162,1190,ASL_2008_05_12a-20,7543
SAUSAGE/HOT-DOG,SAUSAGE/HOT-DOG,Tyler,ASL_2008_05_29b,1,270,290,ASL_2008_05_29b-1,7544
SAVE,SAVE+,Lana,ASL_2006_10_10,24,2067,2092,ASL_2006_10_10-24,7545
SAVE,SAVE++,Brady,ASL_2011_07_19_Brady,72,2259,2300,ASL_2011_07_19_Brady-72,7546
SAVE,SAVE_2,Liz,ASL_2008_02_29,22,2125,2180,ASL_2008_02_29-22,7547
SAVE-MONEY,SAVE-MONEY++,Brady,ASL_2011_07_19_Brady,72,2432,2479,ASL_2011_07_19_Brady-72,7548
SAVE-MONEY,SAVE-MONEY++,Dana,ASL_2007_05_24,26,2096,2168,ASL_2007_05_24-26,7549
SAVE-MONEY,SAVE-MONEY++,Liz,ASL_2008_02_29,22,2355,2435,ASL_2008_02_29-22,7550
SAW,SAW+,Brady,ASL_2011_07_22_Brady,32,1861,1906,ASL_2011_07_22_Brady-32,7551
SAW,SAW+,Liz,ASL_2008_02_29,22,2950,3020,ASL_2008_02_29-22,7552
SAW,SAW+,Liz,ASL_2008_03_28,44,1660,1725,ASL_2008_03_28-44,7553
SAY,SAY+,Brady,ASL_2011_07_19_Brady,73,503,538,ASL_2011_07_19_Brady-73,7554
SAY,SAY+,Liz,ASL_2008_02_29,22,3245,3290,ASL_2008_02_29-22,7555
SAY,SAY++,Dana,ASL_2007_05_24,25,2371,2414,ASL_2007_05_24-25,7556
SCARF,SCARF,Brady,ASL_2011_06_14_Brady,30,1384,1421,ASL_2011_06_14_Brady-30,7557
SCARF,SCARF_2,Liz,ASL_2008_02_29,23,1652,1740,ASL_2008_02_29-23,7558
SCHEDULE,SCHEDULE,Brady,ASL_2011_06_14_Brady,28,9385,9425,ASL_2011_06_14_Brady-28,7559
SCHEDULE,SCHEDULE,Brady,ASL_2011_07_19_Brady,73,2107,2139,ASL_2011_07_19_Brady-73,7560
SCHEDULE,SCHEDULE,Liz,ASL_2008_02_29,23,1950,2000,ASL_2008_02_29-23,7561
SCHEDULE,SCHEDULE,Liz,ASL_2010_08_10_Liz_additional_lexicon_signs,29,690,745,ASL_2010_08_10_Liz_additional_lexicon_signs-29,7562
SCHOOL,SCHOOL+,Brady,ASL_2011_07_19_Brady,73,2366,2395,ASL_2011_07_19_Brady-73,7563
SCHOOL,SCHOOL+,Lana,ASL_2006_10_10,24,2555,2580,ASL_2006_10_10-24,7564
SCHOOL,SCHOOL+,Liz,ASL_2008_02_29,23,2190,2235,ASL_2008_02_29-23,7565
SCIENCE,SCIENCE,Brady,ASL_2011_07_19_Brady,73,2585,2610,ASL_2011_07_19_Brady-73,7566
SCIENCE,SCIENCE+,Dana,ASL_2007_05_24,27,164,231,ASL_2007_05_24-27,7567
SCIENCE,SCIENCE+,Lana,ASL_2006_10_10,25,206,253,ASL_2006_10_10-25,7568
SCIENCE,SCIENCE+,Liz,ASL_2008_02_29,23,2435,2490,ASL_2008_02_29-23,7569
SCIENCE+AGENT,SCIENCE+AGENT,Brady,ASL_2011_07_19_Brady,73,2851,2892,ASL_2011_07_19_Brady-73,7570
SCIENCE+AGENT,SCIENCE+AGENT,Liz,ASL_2008_02_29,23,2673,2726,ASL_2008_02_29-23,7571
"SCL:3""vehicle""++DCL:1""speedometer""","SCL:3""vehicle""++DCL:1""speedometer""",Brady,ASL_2011_06_14_Brady,56,2951,3024,ASL_2011_06_14_Brady-56,7572
"SCL:F""small circle""","(2h)SCL:F""small circle""",Tyler,ASL_2008_05_29a,51,1275,1310,ASL_2008_05_29a-51,7573
"SCL:F""small circle""","SCL:F""small circle""",Liz,ASL_2008_02_01,23,1052,1090,ASL_2008_02_01-23,7574
"SCL:F""small circle""","SCL:F""small circle""",Naomi,ASL_2008_08_13,19,1560,1633,ASL_2008_08_13-19,7575
"SCL:V""person falling forward""","SCL:V""person falling forward""",Liz,ASL_2008_02_29,51,685,735,ASL_2008_02_29-51,7576
"SCL:V""person falling in place""","SCL:V""person falling in place""",Liz,ASL_2008_02_29,35,1370,1430,ASL_2008_02_29-35,7577
"SCL:V""person rolling around""","SCL:V""person rolling around""",Liz,ASL_2008_02_29,17,2725,2797,ASL_2008_02_29-17,7578
"SCL:V""person walking up ladder""","SCL:V""person walking up ladder""",Brady,ASL_2011_06_14_Brady,46,1555,1591,ASL_2011_06_14_Brady-46,7579
"SCL:V""person walking up ladder""","SCL:V""person walking up ladder""",Liz,ASL_2008_02_01,43,840,896,ASL_2008_02_01-43,7580
"SCL:V""person walking up ladder""","SCL:V""person walking up ladder""",Naomi,ASL_2008_08_13,36,340,390,ASL_2008_08_13-36,7581
"SCL:V""person walking""","SCL:V""person walking""",Liz,ASL_2008_03_28,34,1890,1945,ASL_2008_03_28-34,7582
SCOLD,SCOLD+,Liz,ASL_2008_02_29,23,3483,3532,ASL_2008_02_29-23,7583
SCOLD,SCOLD++,Brady,ASL_2011_07_19_Brady,74,519,555,ASL_2011_07_19_Brady-74,7584
SCOLD,SCOLD++,Brady,ASL_2011_07_22_Brady,51,2621,2665,ASL_2011_07_22_Brady-51,7585
SCOOTER,SCOOTER++,Brady,ASL_2011_07_19_Brady,74,1176,1220,ASL_2011_07_19_Brady-74,7586
SCOUT,SCOUT+,Brady,ASL_2011_07_19_Brady,74,1736,1768,ASL_2011_07_19_Brady-74,7587
SCRAPE,SCRAPE,Brady,ASL_2011_07_19_Brady,74,1985,2013,ASL_2011_07_19_Brady-74,7588
SCRAPE,SCRAPE+,Liz,ASL_2008_02_29,24,2297,2347,ASL_2008_02_29-24,7589
SCREAM,SCREAM,Brady,ASL_2011_07_19_Brady,74,2219,2245,ASL_2011_07_19_Brady-74,7590
SCREAM,SCREAM,Liz,ASL_2008_02_29,24,2605,2641,ASL_2008_02_29-24,7591
SCREEN/FILTER,SCREEN/FILTER+,Liz,ASL_2008_02_29,24,2905,2965,ASL_2008_02_29-24,7592
SCREEN/FILTER++WINDOW,SCREEN/FILTER++WINDOW+,Brady,ASL_2011_06_14_Brady,56,1363,1409,ASL_2011_06_14_Brady-56,7593
SCREEN/FILTER++WINDOW,SCREEN/FILTER++WINDOW+,Tyler,ASL_2008_06_10,13,1160,1245,ASL_2008_06_10-13,7594
SCREWDRIVER,(R)SCREWDRIVER+,Brady,ASL_2011_07_19_Brady,74,3087,3119,ASL_2011_07_19_Brady-74,7595
SCREWDRIVER,SCREWDRIVER++,Liz,ASL_2008_02_29,24,3595,3660,ASL_2008_02_29-24,7596
SCUBA,SCUBA+,Brady,ASL_2011_07_19_Brady,75,948,976,ASL_2011_07_19_Brady-75,7597
SCUBA,SCUBA+,Liz,ASL_2008_02_29,24,4341,4385,ASL_2008_02_29-24,7598
SEARCH-FOR,SEARCH-FOR+,Brady,ASL_2011_06_14_Brady,51,2626,2683,ASL_2011_06_14_Brady-51,7599
SEARCH-FOR,SEARCH-FOR++,Liz,ASL_2008_02_01,53,275,355,ASL_2008_02_01-53,7600
SEARCH-FOR,SEARCH-FOR++,Naomi,ASL_2008_08_13_session2,7,3072,3142,ASL_2008_08_13_session2-7,7601
SEARCH-FOR,SEARCH-FOR++,Tyler,ASL_2008_06_10,4,2765,2832,ASL_2008_06_10-4,7602
SEAT-BELT,SEAT-BELT,Brady,ASL_2011_06_08_Brady,19,6113,6139,ASL_2011_06_08_Brady-19,7603
SECOND,SECOND,Brady,ASL_2011_06_08_Brady,5,2305,2318,ASL_2011_06_08_Brady-5,7604
SECOND,SECOND,Brady,ASL_2011_06_08_Brady,5,2505,2532,ASL_2011_06_08_Brady-5,7605
SECOND,SECOND,Brady,ASL_2011_06_08_Brady,5,5479,5486,ASL_2011_06_08_Brady-5,7606
SECOND,SECOND,Liz,ASL_2010_08_10_Liz_additional_lexicon_signs,15,380,420,ASL_2010_08_10_Liz_additional_lexicon_signs-15,7607
SECOND,SECOND,Liz,ASL_2010_08_10_Liz_additional_lexicon_signs,18,470,510,ASL_2010_08_10_Liz_additional_lexicon_signs-18,7608
SECOND,SECOND_2,Brady,ASL_2011_06_08_Brady,5,2811,2891,ASL_2011_06_08_Brady-5,7609
SECOND,SECOND_2,Brady,ASL_2011_06_08_Brady,5,8921,8954,ASL_2011_06_08_Brady-5,7610
SECOND,SECOND_3,Brady,ASL_2011_06_08_Brady,5,5818,5835,ASL_2011_06_08_Brady-5,7611
SECOND-IN-LIST_2,SECOND-IN-LIST_2,Brady,ASL_2011_07_19_Brady,75,1861,1874,ASL_2011_07_19_Brady-75,7612
SECOND-OF-TIME,SECOND-OF-TIME,Brady,ASL_2011_07_19_Brady,75,2124,2160,ASL_2011_07_19_Brady-75,7613
SECOND-OF-TIME,SECOND-OF-TIME,Liz,ASL_2008_02_29,25,901,980,ASL_2008_02_29-25,7614
SECOND-PLACE,SECOND-PLACE,Liz,ASL_2010_08_10_Liz_additional_lexicon_signs,13,266,315,ASL_2010_08_10_Liz_additional_lexicon_signs-13,7615
SECRET,SECRET+,Brady,ASL_2011_07_19_Brady,75,2400,2418,ASL_2011_07_19_Brady-75,7616
SECRET,SECRET+,Lana,ASL_2006_10_10,24,317,340,ASL_2006_10_10-24,7617
SECRET,SECRET++,Brady,ASL_2011_07_19_Brady,43,946,970,ASL_2011_07_19_Brady-43,7618
SECRET,SECRET++,Dana,ASL_2007_05_24,26,272,326,ASL_2007_05_24-26,7619
SECRET,SECRET++,Liz,ASL_2008_02_29,25,1637,1675,ASL_2008_02_29-25,7620
SECRET,SECRET++,Liz,ASL_2010_08_10_Liz_additional_lexicon_signs,22,1150,1202,ASL_2010_08_10_Liz_additional_lexicon_signs-22,7621
SECRET,SECRET_2,Brady,ASL_2011_07_22_Brady,45,1930,1973,ASL_2011_07_22_Brady-45,7622
SECRET+HIDE,SECRET+HIDE,Brady,ASL_2011_06_14_Brady,34,246,269,ASL_2011_06_14_Brady-34,7623
SECRET+HIDE,SECRET+HIDE,Lana,ASL_2006_10_10,12,2866,2912,ASL_2006_10_10-12,7624
SECRET+HIDE,SECRET+HIDE,Liz,ASL_2008_02_01,22,560,611,ASL_2008_02_01-22,7625
SECRET+HIDE,SECRET+HIDE,Naomi,ASL_2008_08_13,18,295,329,ASL_2008_08_13-18,7626
SECRET+HIDE,SECRET+HIDE,Tyler,ASL_2008_05_29a,50,246,280,ASL_2008_05_29a-50,7627
SECRETARY,SECRETARY,Brady,ASL_2011_07_19_Brady,75,2617,2644,ASL_2011_07_19_Brady-75,7628
SECRETARY,SECRETARY,Liz,ASL_2008_02_29,25,1876,1915,ASL_2008_02_29-25,7629
SEE,SEE,Brady,ASL_2011_07_19_Brady,75,2844,2856,ASL_2011_07_19_Brady-75,7630
SEE,SEE,Dana,ASL_2007_05_24,26,539,557,ASL_2007_05_24-26,7631
SEE,SEE,Lana,ASL_2006_10_10,24,582,600,ASL_2006_10_10-24,7632
SEE,SEE,Liz,ASL_2008_02_29,25,2115,2136,ASL_2008_02_29-25,7633
SEE-SAW,SEE-SAW+,Brady,ASL_2011_07_19_Brady,75,3319,3364,ASL_2011_07_19_Brady-75,7634
SEE-SAW,SEE-SAW+,Liz,ASL_2008_02_29,25,2791,2855,ASL_2008_02_29-25,7635
SEE-SEE,SEE-SEE,Dana,ASL_2007_05_24,19,1977,2022,ASL_2007_05_24-19,7636
SEE-SEE,SEE-SEE++,Brady,ASL_2011_07_19_Brady,18,2620,2642,ASL_2011_07_19_Brady-18,7637
SEE-SEE,SEE-SEE++,Lana,ASL_2006_10_10,16,1907,1942,ASL_2006_10_10-16,7638
SEE-SEE,SEE-SEE++,Liz,ASL_2008_02_15,23,1632,1680,ASL_2008_02_15-23,7639
SEEM,SEEM,Liz,ASL_2008_02_29,25,2340,2375,ASL_2008_02_29-25,7640
SEEM,SEEM+,Dana,ASL_2007_05_24,26,914,959,ASL_2007_05_24-26,7641
SEEM,SEEM+,Lana,ASL_2006_10_10,24,955,984,ASL_2006_10_10-24,7642
SEEM,SEEM++,Brady,ASL_2011_07_19_Brady,75,3077,3114,ASL_2011_07_19_Brady-75,7643
SELF+:i,SELF+++:i/j/k/l,Liz,ASL_2008_03_28,48,1817,1870,ASL_2008_03_28-48,7644
SELF+:i,SELF++:i,Tyler,ASL_2008_05_29a,50,1775,1800,ASL_2008_05_29a-50,7645
SELF+:i,SELF++:i/j/k,Brady,ASL_2011_07_19_Brady,113,4713,4755,ASL_2011_07_19_Brady-113,7646
SELF+:i,SELF+:i,Brady,ASL_2011_06_14_Brady,34,3341,3369,ASL_2011_06_14_Brady-34,7647
SELF+:i,SELF+:i,Liz,ASL_2008_02_01,22,2260,2301,ASL_2008_02_01-22,7648
SELF+:i,SELF+:i,Liz,ASL_2008_02_29,25,3020,3037,ASL_2008_02_29-25,7649
SELF+:i,SELF+:i,Naomi,ASL_2008_08_13,18,4030,4055,ASL_2008_08_13-18,7650
SELF+:i,SELF+:i/j,Liz,ASL_2008_03_28,9,1355,1390,ASL_2008_03_28-9,7651
SELF-1p,(A)SELF-1p+,Liz,ASL_2008_02_15,14,966,1015,ASL_2008_02_15-14,7652
SELF-1p,(A)SELF-1p-pl,Liz,ASL_2008_02_15,28,530,577,ASL_2008_02_15-28,7653
SELF-1p,SELF-1p+,Liz,ASL_2008_02_15,14,1165,1210,ASL_2008_02_15-14,7654
SELF-1p,SELF-1p++,Tyler,ASL_2008_06_10,22,688,741,ASL_2008_06_10-22,7655
SELF-1p,SELF-1p-pl,Brady,ASL_2011_07_19_Brady,23,2340,2370,ASL_2011_07_19_Brady-23,7656
SELF-2p,SELF-2p,Brady,ASL_2011_07_19_Brady,76,341,355,ASL_2011_07_19_Brady-76,7657
SELF-2p,SELF-2p,Brady,ASL_2011_07_22_Brady,36,2984,2998,ASL_2011_07_22_Brady-36,7658
SELF-2p,SELF-2p,Liz,ASL_2008_03_28,48,1571,1600,ASL_2008_03_28-48,7659
SELF-2p,SELF_2-2p++++,Brady,ASL_2011_07_22_Brady,36,3209,3269,ASL_2011_07_22_Brady-36,7660
SELL,SELL,Brady,ASL_2011_07_19_Brady,76,660,680,ASL_2011_07_19_Brady-76,7661
SELL,SELL,Liz,ASL_2008_02_29,26,197,221,ASL_2008_02_29-26,7662
SELL,SELL+,Brady,ASL_2011_07_19_Brady,99,2302,2339,ASL_2011_07_19_Brady-99,7663
SELL,SELL+,Liz,ASL_2008_02_29,48,1332,1365,ASL_2008_02_29-48,7664
SELL,SELL++,Brady,ASL_2011_07_19_Brady,76,171,200,ASL_2011_07_19_Brady-76,7665
SEMESTER,SEMESTER,Brady,ASL_2011_07_19_Brady,76,892,914,ASL_2011_07_19_Brady-76,7666
SEMESTER,SEMESTER,Liz,ASL_2010_08_10_Liz_additional_lexicon_signs,13,1250,1306,ASL_2010_08_10_Liz_additional_lexicon_signs-13,7667
SENATE,SENATE,Brady,ASL_2011_07_19_Brady,76,1334,1362,ASL_2011_07_19_Brady-76,7668
SENATE,SENATE,Liz,ASL_2008_02_29,26,422,455,ASL_2008_02_29-26,7669
SEND,SEND,Brady,ASL_2011_07_19_Brady,76,1785,1801,ASL_2011_07_19_Brady-76,7670
SEND,SEND,Dana,ASL_2007_05_24,26,1187,1207,ASL_2007_05_24-26,7671
SEND,SEND,Liz,ASL_2008_02_29,26,1330,1355,ASL_2008_02_29-26,7672
SEND/MAIL,SEND/MAIL,Brady,ASL_2011_07_19_Brady,76,1564,1586,ASL_2011_07_19_Brady-76,7673
SEND/MAIL,SEND/MAIL,Lana,ASL_2006_10_10,24,1205,1225,ASL_2006_10_10-24,7674
SEND/MAIL,SEND/MAIL,Liz,ASL_2008_02_29,26,1115,1150,ASL_2008_02_29-26,7675
SENIOR,SENIOR+,Brady,ASL_2011_07_19_Brady,76,2513,2540,ASL_2011_07_19_Brady-76,7676
SENIOR,SENIOR+,Liz,ASL_2008_02_29,26,1546,1585,ASL_2008_02_29-26,7677
SENIOR-CITIZEN,SENIOR-CITIZEN,Brady,ASL_2011_07_19_Brady,76,2798,2824,ASL_2011_07_19_Brady-76,7678
SENIOR-CITIZEN,SENIOR-CITIZEN,Liz,ASL_2008_02_29,26,1795,1830,ASL_2008_02_29-26,7679
SENSITIVE,SENSITIVE,Brady,ASL_2011_07_19_Brady,77,158,175,ASL_2011_07_19_Brady-77,7680
SENSITIVE,SENSITIVE,Liz,ASL_2008_02_29,26,2040,2071,ASL_2008_02_29-26,7681
SENTENCE,SENTENCE,Liz,ASL_2010_08_10_Liz_additional_lexicon_signs,1,5435,5505,ASL_2010_08_10_Liz_additional_lexicon_signs-1,7682
SENTENCE,SENTENCE,Liz,ASL_2010_08_10_Liz_additional_lexicon_signs,3,2670,2725,ASL_2010_08_10_Liz_additional_lexicon_signs-3,7683
SENTENCE,SENTENCE+,Lana,ASL_2006_10_10,4,2159,2190,ASL_2006_10_10-4,7684
SENTENCE,SENTENCE+,Liz,ASL_2008_02_15,3,901,975,ASL_2008_02_15-3,7685
SENTENCE,SENTENCE+,Liz,ASL_2010_08_10_Liz_additional_lexicon_signs,1,5609,5670,ASL_2010_08_10_Liz_additional_lexicon_signs-1,7686
SENTENCE,SENTENCE-pl,Liz,ASL_2010_08_10_Liz_additional_lexicon_signs,3,2825,2886,ASL_2010_08_10_Liz_additional_lexicon_signs-3,7687
SEPARATE,SEPARATE,Liz,ASL_2008_02_29,26,2261,2295,ASL_2008_02_29-26,7688
SEPARATE,SEPARATE_2,Brady,ASL_2011_07_19_Brady,77,952,964,ASL_2011_07_19_Brady-77,7689
SEPARATE,SEPARATE_2,Lana,ASL_2006_10_10,25,762,776,ASL_2006_10_10-25,7690
SERIOUS,SERIOUS,Brady,ASL_2011_07_19_Brady,92,155,179,ASL_2011_07_19_Brady-92,7691
SERIOUS,SERIOUS,Liz,ASL_2008_02_29,39,2255,2295,ASL_2008_02_29-39,7692
SERVICE,(Horns)SERVICE,Brady,ASL_2011_07_22_Brady,57,1291,1339,ASL_2011_07_22_Brady-57,7693
SERVICE,SERVICE,Brady,ASL_2011_07_19_Brady,77,1741,1776,ASL_2011_07_19_Brady-77,7694
SERVICE,SERVICE,Brady,ASL_2011_07_22_Brady,22,1922,1951,ASL_2011_07_22_Brady-22,7695
SERVICE,SERVICE,Liz,ASL_2008_02_29,27,530,585,ASL_2008_02_29-27,7696
SERVICE+AGENT,SERVICE+AGENT,Brady,ASL_2011_07_19_Brady,77,1202,1239,ASL_2011_07_19_Brady-77,7697
SERVICE+AGENT,SERVICE+AGENT,Liz,ASL_2008_02_29,27,236,286,ASL_2008_02_29-27,7698
SERVICE+AGENT,SERVICE+AGENT,Liz,ASL_2008_03_28,34,1471,1522,ASL_2008_03_28-34,7699
SET-UP,SET-UP,Brady,ASL_2011_06_14_Brady,13,26,51,ASL_2011_06_14_Brady-13,7700
SET-UP,SET-UP,Brady,ASL_2011_07_19_Brady,77,3032,3060,ASL_2011_07_19_Brady-77,7701
SET-UP,SET-UP,Liz,ASL_2008_01_18,33,865,901,ASL_2008_01_18-33,7702
SET-UP,SET-UP,Liz,ASL_2008_02_29,27,960,1005,ASL_2008_02_29-27,7703
SET-UP,SET-UP,Naomi,ASL_2008_08_06,33,655,676,ASL_2008_08_06-33,7704
SET-UP,SET-UP,Tyler,ASL_2008_05_29a,13,1855,1880,ASL_2008_05_29a-13,7705
SEVEN,SEVEN,Brady,ASL_2011_06_08_Brady,6,2654,2664,ASL_2011_06_08_Brady-6,7706
SEVEN,SEVEN,Liz,ASL_2008_01_11,3,1511,1555,ASL_2008_01_11-3,7707
SEVEN,SEVEN,Naomi,ASL_2008_08_04,2,1070,1113,ASL_2008_08_04-2,7708
SEVEN,SEVEN,Tyler,ASL_2008_05_12a,2,865,935,ASL_2008_05_12a-2,7709
SEVEN+HOUR,SEVEN+HOUR,Liz,ASL_2010_08_10_Liz_additional_lexicon_signs,16,5022,5080,ASL_2010_08_10_Liz_additional_lexicon_signs-16,7710
SEVEN-HOURS,SEVEN-HOURS,Brady,ASL_2011_07_19_Brady,78,239,271,ASL_2011_07_19_Brady-78,7711
SEVEN-MONTHS,SEVEN-MONTHS,Brady,ASL_2011_07_19_Brady,77,3284,3307,ASL_2011_07_19_Brady-77,7712
SEVEN-MONTHS,SEVEN-MONTHS,Liz,ASL_2010_08_10_Liz_additional_lexicon_signs,16,7840,7900,ASL_2010_08_10_Liz_additional_lexicon_signs-16,7713
SEVEN-WEEKS,SEVEN-WEEKS,Brady,ASL_2011_07_19_Brady,77,3504,3523,ASL_2011_07_19_Brady-77,7714
SEVEN-WEEKS,SEVEN-WEEKS,Liz,ASL_2010_08_10_Liz_additional_lexicon_signs,16,6450,6500,ASL_2010_08_10_Liz_additional_lexicon_signs-16,7715
SEVENTEEN,SEVENTEEN,Naomi,ASL_2008_08_04,2,3255,3272,ASL_2008_08_04-2,7716
SEVENTEEN,SEVENTEEN+,Liz,ASL_2008_01_11,4,685,730,ASL_2008_01_11-4,7717
SEVENTEEN,SEVENTEEN+,Naomi,ASL_2008_08_04,3,512,535,ASL_2008_08_04-3,7718
SEVENTEEN,SEVENTEEN++,Brady,ASL_2011_06_08_Brady,4,12431,12458,ASL_2011_06_08_Brady-4,7719
SEVENTEEN,SEVENTEEN++,Tyler,ASL_2008_05_12a,2,2280,2337,ASL_2008_05_12a-2,7720
SEVENTEEN,SEVENTEEN++,Tyler,ASL_2008_05_12a,3,292,357,ASL_2008_05_12a-3,7721
SEVENTEEN,SEVENTEEN_2,Liz,ASL_2008_01_11,4,925,955,ASL_2008_01_11-4,7722
SEVENTH,SEVENTH,Liz,ASL_2010_08_10_Liz_additional_lexicon_signs,15,1070,1102,ASL_2010_08_10_Liz_additional_lexicon_signs-15,7723
SEVENTH,SEVENTH,Liz,ASL_2010_08_10_Liz_additional_lexicon_signs,18,1250,1285,ASL_2010_08_10_Liz_additional_lexicon_signs-18,7724
SEVENTY-EIGHT,SEVENTY-EIGHT,Brady,ASL_2011_07_19_Brady,78,554,570,ASL_2011_07_19_Brady-78,7725
SEVENTY-EIGHT,SEVENTY-EIGHT,Liz,ASL_2010_08_10_Liz_additional_lexicon_signs,19,2230,2297,ASL_2010_08_10_Liz_additional_lexicon_signs-19,7726
SEVENTY-NINE,SEVENTY-NINE,Brady,ASL_2011_07_19_Brady,78,804,823,ASL_2011_07_19_Brady-78,7727
SEVENTY-NINE,SEVENTY-NINE,Liz,ASL_2010_08_10_Liz_additional_lexicon_signs,19,2385,2441,ASL_2010_08_10_Liz_additional_lexicon_signs-19,7728
SEVENTY-SEVEN,SEVENTY-SEVEN,Liz,ASL_2010_08_10_Liz_additional_lexicon_signs,19,1190,1232,ASL_2010_08_10_Liz_additional_lexicon_signs-19,7729
SEVENTY-SEVEN,SEVENTY-SEVEN_2,Brady,ASL_2011_07_19_Brady,78,1022,1044,ASL_2011_07_19_Brady-78,7730
SEVENTY-SIX,SEVENTY-SIX,Brady,ASL_2011_07_19_Brady,78,1272,1290,ASL_2011_07_19_Brady-78,7731
SEVENTY-SIX,SEVENTY-SIX_2,Liz,ASL_2010_08_10_Liz_additional_lexicon_signs,19,2047,2117,ASL_2010_08_10_Liz_additional_lexicon_signs-19,7732
SEW,SEW+,Brady,ASL_2011_07_19_Brady,78,1737,1764,ASL_2011_07_19_Brady-78,7733
SEW,SEW++,Liz,ASL_2008_02_29,27,1430,1495,ASL_2008_02_29-27,7734
SEX/GENDER,SEX/GENDER,Brady,ASL_2011_07_19_Brady,78,2510,2528,ASL_2011_07_19_Brady-78,7735
SEX/GENDER,SEX/GENDER,Liz,ASL_2008_02_29,27,2535,2585,ASL_2008_02_29-27,7736
SHAKE-BY-HANDS,SHAKE-BY-HANDS+,Brady,ASL_2011_07_19_Brady,79,2170,2214,ASL_2011_07_19_Brady-79,7737
SHAKE-BY-HANDS,SHAKE-BY-HANDS+,Brady,ASL_2011_07_19_Brady,79,2935,2970,ASL_2011_07_19_Brady-79,7738
SHAKE-BY-HANDS,SHAKE-BY-HANDS+,Liz,ASL_2008_02_29,28,1240,1325,ASL_2008_02_29-28,7739
SHAME,(2h)SHAME,Liz,ASL_2008_01_11,22,1345,1380,ASL_2008_01_11-22,7740
SHAME,SHAME,Brady,ASL_2011_06_08_Brady,13,6020,6037,ASL_2011_06_08_Brady-13,7741
SHAME,SHAME,Brady,ASL_2011_07_19_Brady,79,918,941,ASL_2011_07_19_Brady-79,7742
SHAME,SHAME,Brady,ASL_2011_07_19_Brady,79,5421,5438,ASL_2011_07_19_Brady-79,7743
SHAME,SHAME,Brady,ASL_2011_07_22_Brady,37,2448,2479,ASL_2011_07_22_Brady-37,7744
SHAME,SHAME,Liz,ASL_2008_02_29,28,1510,1545,ASL_2008_02_29-28,7745
SHAME,SHAME,Naomi,ASL_2008_08_04,15,790,815,ASL_2008_08_04-15,7746
SHAME,SHAME,Tyler,ASL_2008_05_12a,15,1065,1077,ASL_2008_05_12a-15,7747
SHAMPOO,SHAMPOO,Brady,ASL_2011_07_19_Brady,79,5767,5811,ASL_2011_07_19_Brady-79,7748
SHAMPOO,SHAMPOO,Liz,ASL_2008_02_29,28,1745,1806,ASL_2008_02_29-28,7749
SHAPE/STATUE,SHAPE/STATUE,Brady,ASL_2011_06_14_Brady,17,7947,7981,ASL_2011_06_14_Brady-17,7750
SHAPE/STATUE,SHAPE/STATUE,Brady,ASL_2011_07_19_Brady,4,4103,4132,ASL_2011_07_19_Brady-4,7751
SHAPE/STATUE,SHAPE/STATUE,Brady,ASL_2011_07_19_Brady,96,3001,3040,ASL_2011_07_19_Brady-96,7752
SHAPE/STATUE,SHAPE/STATUE,Liz,ASL_2008_01_18,41,285,345,ASL_2008_01_18-41,7753
SHAPE/STATUE,SHAPE/STATUE,Liz,ASL_2010_08_10_Liz_additional_lexicon_signs,3,3780,3845,ASL_2010_08_10_Liz_additional_lexicon_signs-3,7754
SHAPE/STATUE,SHAPE/STATUE,Naomi,ASL_2008_08_06,40,3382,3412,ASL_2008_08_06-40,7755
SHAPE/STATUE,SHAPE/STATUE-pl,Brady,ASL_2011_07_19_Brady,96,3272,3358,ASL_2011_07_19_Brady-96,7756
SHAPE/STATUE,SHAPE/STATUE-pl,Liz,ASL_2010_08_10_Liz_additional_lexicon_signs,3,3955,4035,ASL_2010_08_10_Liz_additional_lexicon_signs-3,7757
SHARP,SHARP,Brady,ASL_2011_07_19_Brady,79,7376,7393,ASL_2011_07_19_Brady-79,7758
SHARP,SHARP,Liz,ASL_2008_02_29,28,2990,3020,ASL_2008_02_29-28,7759
SHAVE,(Y)SHAVE,Brady,ASL_2011_07_19_Brady,80,131,167,ASL_2011_07_19_Brady-80,7760
SHAVE,(Y)SHAVE+,Brady,ASL_2011_07_19_Brady,74,165,202,ASL_2011_07_19_Brady-74,7761
SHAVE,(Y)SHAVE+,Liz,ASL_2008_02_29,28,4275,4331,ASL_2008_02_29-28,7762
SHAVE,SHAVE+,Brady,ASL_2011_07_19_Brady,80,463,497,ASL_2011_07_19_Brady-80,7763
SHAVE,SHAVE+,Liz,ASL_2008_02_29,28,4620,4680,ASL_2008_02_29-28,7764
SHEARS/SHAVE,SHEARS/SHAVE+,Liz,ASL_2008_02_29,23,3187,3240,ASL_2008_02_29-23,7765
SHEEP,SHEEP+,Brady,ASL_2011_06_14_Brady,46,3002,3030,ASL_2011_06_14_Brady-46,7766
SHEEP,SHEEP+,Liz,ASL_2008_02_29,29,16,63,ASL_2008_02_29-29,7767
SHEEP,SHEEP+,Liz,ASL_2010_08_10_Liz_additional_lexicon_signs,31,866,945,ASL_2010_08_10_Liz_additional_lexicon_signs-31,7768
SHEEP,SHEEP++,Brady,ASL_2011_07_19_Brady,80,662,700,ASL_2011_07_19_Brady-80,7769
SHEET-CAKE,SHEET-CAKE,Brady,ASL_2011_06_08_Brady,24,12978,12995,ASL_2011_06_08_Brady-24,7770
SHEET-CAKE,SHEET-CAKE,Liz,ASL_2008_01_11,61,1615,1645,ASL_2008_01_11-61,7771
SHEET-CAKE,SHEET-CAKE,Naomi,ASL_2008_08_04,39,2273,2300,ASL_2008_08_04-39,7772
SHELF/FLOOR,SHELF/FLOOR,Brady,ASL_2011_06_14_Brady,20,2935,2957,ASL_2011_06_14_Brady-20,7773
SHELF/FLOOR,SHELF/FLOOR,Brady,ASL_2011_06_14_Brady,48,4404,4419,ASL_2011_06_14_Brady-48,7774
SHELF/FLOOR,SHELF/FLOOR,Brady,ASL_2011_07_19_Brady,80,930,946,ASL_2011_07_19_Brady-80,7775
SHELF/FLOOR,SHELF/FLOOR,Brady,ASL_2011_07_19_Brady,95,846,861,ASL_2011_07_19_Brady-95,7776
SHELF/FLOOR,SHELF/FLOOR,Liz,ASL_2008_01_18,45,860,882,ASL_2008_01_18-45,7777
SHELF/FLOOR,SHELF/FLOOR,Liz,ASL_2008_02_01,48,295,330,ASL_2008_02_01-48,7778
SHELF/FLOOR,SHELF/FLOOR,Liz,ASL_2008_02_29,29,702,745,ASL_2008_02_29-29,7779
SHELF/FLOOR,SHELF/FLOOR,Liz,ASL_2008_02_29,43,535,566,ASL_2008_02_29-43,7780
SHELF/FLOOR,SHELF/FLOOR,Naomi,ASL_2008_08_06,45,765,795,ASL_2008_08_06-45,7781
SHELF/FLOOR,SHELF/FLOOR,Naomi,ASL_2008_08_13_session2,2,3035,3055,ASL_2008_08_13_session2-2,7782
SHELF/FLOOR,SHELF/FLOOR,Tyler,ASL_2008_05_29a,25,505,532,ASL_2008_05_29a-25,7783
SHELF/FLOOR,SHELF/FLOOR,Tyler,ASL_2008_05_29b,19,3465,3500,ASL_2008_05_29b-19,7784
SHH+CONFIDENTIAL,SHH+CONFIDENTIAL,Liz,ASL_2010_08_10_Liz_additional_lexicon_signs,26,1731,1786,ASL_2010_08_10_Liz_additional_lexicon_signs-26,7785
SHINE,SHINE,Brady,ASL_2011_07_19_Brady,80,1144,1166,ASL_2011_07_19_Brady-80,7786
SHINE,SHINE,Liz,ASL_2008_02_29,29,1093,1134,ASL_2008_02_29-29,7787
SHIP,SHIP,Brady,ASL_2011_07_19_Brady,80,2090,2134,ASL_2011_07_19_Brady-80,7788
SHIP,SHIP,Liz,ASL_2008_02_29,29,1368,1434,ASL_2008_02_29-29,7789
SHOE,SHOE+,Brady,ASL_2011_07_19_Brady,80,4700,4725,ASL_2011_07_19_Brady-80,7790
SHOE,SHOE+,Lana,ASL_2006_09_26,61,2529,2558,ASL_2006_09_26-61,7791
SHOE,SHOE+,Liz,ASL_2008_02_29,29,2746,2773,ASL_2008_02_29-29,7792
SHOE+HALF-LIMB,SHOE++HALF-LIMB+,Brady,ASL_2011_06_14_Brady,3,2112,2151,ASL_2011_06_14_Brady-3,7793
SHOE+HALF-LIMB,SHOE+HALF-LIMB,Naomi,ASL_2008_08_04,32,2402,2445,ASL_2008_08_04-32,7794
SHOE-HEEL,SHOE-HEEL,Brady,ASL_2011_06_14_Brady,34,1879,1903,ASL_2011_06_14_Brady-34,7795
SHOE-HEEL,SHOE-HEEL,Liz,ASL_2008_02_01,22,1186,1252,ASL_2008_02_01-22,7796
SHOOT,SHOOT,Liz,ASL_2008_02_29,29,2997,3045,ASL_2008_02_29-29,7797
SHOOT,SHOOT_2,Brady,ASL_2011_07_19_Brady,81,162,188,ASL_2011_07_19_Brady-81,7798
SHOOT,SHOOT_2,Tyler,ASL_2008_05_29a,43,2461,2490,ASL_2008_05_29a-43,7799
SHOOT-ARROW,SHOOT-ARROW,Naomi,ASL_2008_08_04,13,3895,3940,ASL_2008_08_04-13,7800
SHOOT-ARROW,SHOOT-ARROW_2,Liz,ASL_2008_01_11,20,1590,1635,ASL_2008_01_11-20,7801
SHORE,SHORE+,Tyler,ASL_2008_05_12a,22,2795,2867,ASL_2008_05_12a-22,7802
SHORT,SHORT,Brady,ASL_2011_07_19_Brady,26,5767,5837,ASL_2011_07_19_Brady-26,7803
SHORT,SHORT,Brady,ASL_2011_07_19_Brady,81,1103,1127,ASL_2011_07_19_Brady-81,7804
SHORT,SHORT,Liz,ASL_2008_02_15,32,436,477,ASL_2008_02_15-32,7805
SHORT,SHORT,Liz,ASL_2008_02_29,30,842,874,ASL_2008_02_29-30,7806
SHORT-HEIGHT,SHORT-HEIGHT,Liz,ASL_2008_02_29,30,637,670,ASL_2008_02_29-30,7807
SHORT-HEIGHT,SHORT-HEIGHT+,Brady,ASL_2011_07_19_Brady,81,392,422,ASL_2011_07_19_Brady-81,7808
SHORT-SLEEVE,SHORT-SLEEVE,Liz,ASL_2008_02_29,35,641,690,ASL_2008_02_29-35,7809
SHORTS,SHORTS+,Liz,ASL_2008_02_29,30,1081,1147,ASL_2008_02_29-30,7810
SHORTS,SHORTS_2+,Brady,ASL_2011_07_19_Brady,81,1229,1260,ASL_2011_07_19_Brady-81,7811
SHOULD,SHOULD+,Liz,ASL_2008_02_15,16,2485,2525,ASL_2008_02_15-16,7812
SHOULD,SHOULD+,Liz,ASL_2008_02_29,30,1600,1627,ASL_2008_02_29-30,7813
SHOULD,SHOULD++,Brady,ASL_2011_07_19_Brady,81,1878,1917,ASL_2011_07_19_Brady-81,7814
SHOULD,SHOULD++,Lana,ASL_2006_10_10,19,1283,1325,ASL_2006_10_10-19,7815
SHOULD,SHOULD+++,Dana,ASL_2007_05_24,21,1197,1251,ASL_2007_05_24-21,7816
SHOVEL/DIG,SHOVEL/DIG,Liz,ASL_2008_02_29,30,1870,1928,ASL_2008_02_29-30,7817
SHOVEL/DIG,SHOVEL/DIG+,Brady,ASL_2011_07_19_Brady,81,2201,2233,ASL_2011_07_19_Brady-81,7818
SHOVEL/DIG,SHOVEL/DIG+,Liz,ASL_2008_01_18,17,1345,1422,ASL_2008_01_18-17,7819
SHOVEL/DIG,SHOVEL/DIG+,Naomi,ASL_2008_08_06,17,2001,2080,ASL_2008_08_06-17,7820
SHOVEL/DIG,SHOVEL/DIG+,Tyler,ASL_2008_05_12b,16,1710,1770,ASL_2008_05_12b-16,7821
SHOVEL/DIG,SHOVEL/DIG++,Brady,ASL_2011_06_08_Brady,34,3487,3526,ASL_2011_06_08_Brady-34,7822
SHOW,(M)SHOW,Liz,ASL_2008_02_15,7,3455,3505,ASL_2008_02_15-7,7823
SHOW,(R)SHOW,Liz,ASL_2008_02_29,11,2050,2095,ASL_2008_02_29-11,7824
SHOW,SHOW,Brady,ASL_2011_07_19_Brady,56,1429,1447,ASL_2011_07_19_Brady-56,7825
SHOW,SHOW+,Liz,ASL_2008_01_18,14,1395,1430,ASL_2008_01_18-14,7826
SHOW,SHOW+,Naomi,ASL_2008_08_06,14,1115,1140,ASL_2008_08_06-14,7827
SHOW,SHOW++,Brady,ASL_2011_06_08_Brady,32,15127,15156,ASL_2011_06_08_Brady-32,7828
SHOW,SHOW++,Tyler,ASL_2008_05_12b,14,1135,1171,ASL_2008_05_12b-14,7829
SHOW,SHOW+++,Tyler,ASL_2008_06_10,17,2382,2420,ASL_2008_06_10-17,7830
SHOW,SHOW-1p,Brady,ASL_2011_06_08_Brady,32,14634,14657,ASL_2011_06_08_Brady-32,7831
SHOW,SHOW-2p,Brady,ASL_2011_07_19_Brady,81,2460,2480,ASL_2011_07_19_Brady-81,7832
SHOW,SHOW-2p,Brady,ASL_2011_07_22_Brady,51,500,520,ASL_2011_07_22_Brady-51,7833
SHOW,SHOW-2p,Liz,ASL_2008_02_29,11,1820,1859,ASL_2008_02_29-11,7834
SHOW,SHOW-2p,Liz,ASL_2008_02_29,30,2112,2152,ASL_2008_02_29-30,7835
SHOW+AGENT,(R)SHOW+AGENT,Liz,ASL_2008_02_29,11,2330,2386,ASL_2008_02_29-11,7836
SHOW+AGENT,SHOW+AGENT,Brady,ASL_2011_07_19_Brady,56,2698,2726,ASL_2011_07_19_Brady-56,7837
SHOW+AGENT,SHOW+AGENT,Liz,ASL_2008_02_29,11,2600,2653,ASL_2008_02_29-11,7838
SHOWER,SHOWER+,Brady,ASL_2011_07_19_Brady,81,2763,2792,ASL_2011_07_19_Brady-81,7839
SHOWER,SHOWER+,Liz,ASL_2008_02_29,30,2337,2370,ASL_2008_02_29-30,7840
SHUT,SHUT,Brady,ASL_2011_06_08_Brady,28,5813,5836,ASL_2011_06_08_Brady-28,7841
SHUT,SHUT,Liz,ASL_2008_01_11,81,1045,1076,ASL_2008_01_11-81,7842
SHUT,SHUT,Naomi,ASL_2008_08_04,50,1666,1690,ASL_2008_08_04-50,7843
SHUT,SHUT,Tyler,ASL_2008_05_12a,48,1535,1570,ASL_2008_05_12a-48,7844
SHUT-UP,SHUT-UP,Brady,ASL_2011_07_19_Brady,82,138,158,ASL_2011_07_19_Brady-82,7845
SHUT-UP,SHUT-UP,Liz,ASL_2008_02_29,30,2568,2608,ASL_2008_02_29-30,7846
SHY,SHY,Brady,ASL_2011_07_19_Brady,82,900,926,ASL_2011_07_19_Brady-82,7847
SHY,SHY,Dana,ASL_2007_05_24,26,1600,1641,ASL_2007_05_24-26,7848
SHY,SHY,Liz,ASL_2008_02_29,31,631,664,ASL_2008_02_29-31,7849
SHY,SHY_2,Lana,ASL_2006_10_10,24,1598,1616,ASL_2006_10_10-24,7850
SICK,SICK,Brady,ASL_2011_07_19_Brady,82,1190,1209,ASL_2011_07_19_Brady-82,7851
SICK,SICK,Dana,ASL_2007_05_24,27,821,839,ASL_2007_05_24-27,7852
SICK,SICK,Liz,ASL_2008_02_29,31,887,929,ASL_2008_02_29-31,7853
SICK/SILLY,SICK/SILLY,Liz,ASL_2008_02_15,21,265,292,ASL_2008_02_15-21,7854
SICK/SILLY,SICK/SILLY,Liz,ASL_2008_02_15,21,450,486,ASL_2008_02_15-21,7855
SIDE,SIDE,Brady,ASL_2011_07_19_Brady,82,1641,1661,ASL_2011_07_19_Brady-82,7856
SIDE,SIDE,Liz,ASL_2008_02_29,31,1527,1573,ASL_2008_02_29-31,7857
SIGN,SIGN+,Lana,ASL_2006_10_10,25,1146,1186,ASL_2006_10_10-25,7858
SIGN+LANGUAGE,SIGN+LANGUAGE,Brady,ASL_2011_07_19_Brady,82,2358,2386,ASL_2011_07_19_Brady-82,7859
SIGNATURE,SIGNATURE,Brady,ASL_2011_06_08_Brady,30,2868,2885,ASL_2011_06_08_Brady-30,7860
SIGNATURE,SIGNATURE,Brady,ASL_2011_07_19_Brady,53,2105,2127,ASL_2011_07_19_Brady-53,7861
SIGNATURE,SIGNATURE,Brady,ASL_2011_07_19_Brady,82,2672,2691,ASL_2011_07_19_Brady-82,7862
SIGNATURE,SIGNATURE,Liz,ASL_2008_02_29,8,3020,3077,ASL_2008_02_29-8,7863
SIGNATURE,SIGNATURE_2,Liz,ASL_2008_02_29,31,2757,2799,ASL_2008_02_29-31,7864
SIGNATURE,SIGNATURE_2,Liz,ASL_2010_08_10_Liz_additional_lexicon_signs,26,1915,1976,ASL_2010_08_10_Liz_additional_lexicon_signs-26,7865
SILLY,SILLY,Brady,ASL_2011_06_14_Brady,21,1907,1933,ASL_2011_06_14_Brady-21,7866
SILLY,SILLY,Brady,ASL_2011_06_14_Brady,21,2523,2537,ASL_2011_06_14_Brady-21,7867
SILLY,SILLY,Brady,ASL_2011_07_19_Brady,60,949,969,ASL_2011_07_19_Brady-60,7868
SILLY,SILLY,Brady,ASL_2011_07_19_Brady,82,2926,2964,ASL_2011_07_19_Brady-82,7869
SILLY,SILLY,Brady,ASL_2011_07_19_Brady,83,136,157,ASL_2011_07_19_Brady-83,7870
SILLY,SILLY,Liz,ASL_2008_01_18,46,1590,1615,ASL_2008_01_18-46,7871
SILLY,SILLY,Liz,ASL_2008_01_18,46,2400,2425,ASL_2008_01_18-46,7872
SILLY,SILLY,Liz,ASL_2008_02_29,15,1315,1341,ASL_2008_02_29-15,7873
SILLY,SILLY,Liz,ASL_2010_08_10_Liz_additional_lexicon_signs,30,1740,1800,ASL_2010_08_10_Liz_additional_lexicon_signs-30,7874
SILLY,SILLY,Naomi,ASL_2008_08_06,46,1665,1680,ASL_2008_08_06-46,7875
SILLY,SILLY+,Dana,ASL_2007_05_24,26,1849,1896,ASL_2007_05_24-26,7876
SILLY,SILLY+,Lana,ASL_2006_10_10,24,1833,1856,ASL_2006_10_10-24,7877
SILLY,SILLY+,Liz,ASL_2008_02_29,31,2987,3028,ASL_2008_02_29-31,7878
SILLY,SILLY+,Naomi,ASL_2008_08_06,46,2330,2355,ASL_2008_08_06-46,7879
SILVER,SILVER,Brady,ASL_2011_07_19_Brady,83,626,650,ASL_2011_07_19_Brady-83,7880
SILVER,SILVER,Liz,ASL_2008_02_29,31,3229,3265,ASL_2008_02_29-31,7881
SIMMER,SIMMER,Brady,ASL_2011_06_08_Brady,22,7813,7875,ASL_2011_06_08_Brady-22,7882
SIMMER,SIMMER,Liz,ASL_2008_01_11,49,885,951,ASL_2008_01_11-49,7883
SIMMER,SIMMER,Naomi,ASL_2008_08_04,31,3415,3482,ASL_2008_08_04-31,7884
SIMMER,SIMMER,Tyler,ASL_2008_05_12a,30,2637,2700,ASL_2008_05_12a-30,7885
SIMPLE,SIMPLE,Brady,ASL_2011_07_19_Brady,83,1155,1171,ASL_2011_07_19_Brady-83,7886
SIMPLE,SIMPLE,Liz,ASL_2008_02_29,32,749,776,ASL_2008_02_29-32,7887
SISTER,SISTER,Dana,ASL_2007_05_24,27,1447,1478,ASL_2007_05_24-27,7888
SIT,SIT,Lana,ASL_2006_09_26,61,2650,2683,ASL_2006_09_26-61,7889
SIT,SIT,Liz,ASL_2008_02_29,33,755,789,ASL_2008_02_29-33,7890
SIT,SIT+,Naomi,ASL_2008_08_04,43,4821,4855,ASL_2008_08_04-43,7891
SIT,SIT+,Tyler,ASL_2008_05_12a,42,2720,2755,ASL_2008_05_12a-42,7892
SIT,SIT++,Brady,ASL_2011_06_08_Brady,26,6775,6811,ASL_2011_06_08_Brady-26,7893
SIT,SIT++,Liz,ASL_2008_01_11,68,1535,1580,ASL_2008_01_11-68,7894
"SIT++DCL:crvd-B""couch shaped object""","SIT++DCL:crvd-B""couch shaped object""",Liz,ASL_2008_01_18,6,1420,1501,ASL_2008_01_18-6,7895
"SIT++DCL:crvd-B""couch shaped object""","SIT++DCL:crvd-B""couch shaped object""",Naomi,ASL_2008_08_06,6,645,699,ASL_2008_08_06-6,7896
"SIT++DCL:crvd-B""couch shaped object""","SIT+DCL:crvd-U""couch shaped object""",Brady,ASL_2011_06_14_Brady,3,9782,9815,ASL_2011_06_14_Brady-3,7897
SITUATION,SITUATION,Brady,ASL_2011_07_19_Brady,84,2490,2508,ASL_2011_07_19_Brady-84,7898
SITUATION,SITUATION,Liz,ASL_2008_02_29,33,939,987,ASL_2008_02_29-33,7899
SIX,SIX,Brady,ASL_2011_06_08_Brady,6,1317,1329,ASL_2011_06_08_Brady-6,7900
SIX,SIX,Liz,ASL_2008_01_11,3,1820,1865,ASL_2008_01_11-3,7901
SIX,SIX,Naomi,ASL_2008_08_04,2,1275,1296,ASL_2008_08_04-2,7902
SIX,SIX,Tyler,ASL_2008_05_12a,2,1065,1135,ASL_2008_05_12a-2,7903
SIX+HOUR,SIX+HOUR,Liz,ASL_2010_08_10_Liz_additional_lexicon_signs,16,4809,4880,ASL_2010_08_10_Liz_additional_lexicon_signs-16,7904
SIX-DOLLARS,SIX-DOLLARS,Brady,ASL_2011_06_08_Brady,6,2182,2212,ASL_2011_06_08_Brady-6,7905
SIX-HOURS,SIX-HOURS,Brady,ASL_2011_07_19_Brady,85,542,573,ASL_2011_07_19_Brady-85,7906
SIX-MONTHS,SIX-MONTHS,Liz,ASL_2010_08_10_Liz_additional_lexicon_signs,16,7646,7706,ASL_2010_08_10_Liz_additional_lexicon_signs-16,7907
SIX-WEEKS,SIX-WEEKS,Brady,ASL_2011_07_19_Brady,85,140,157,ASL_2011_07_19_Brady-85,7908
SIX-WEEKS,SIX-WEEKS,Liz,ASL_2010_08_10_Liz_additional_lexicon_signs,16,6285,6340,ASL_2010_08_10_Liz_additional_lexicon_signs-16,7909
SIXTEEN,SIXTEEN+,Tyler,ASL_2008_05_12a,3,525,585,ASL_2008_05_12a-3,7910
SIXTEEN,SIXTEEN++,Brady,ASL_2011_06_08_Brady,4,12020,12052,ASL_2011_06_08_Brady-4,7911
SIXTEEN,SIXTEEN++,Naomi,ASL_2008_08_04,3,750,767,ASL_2008_08_04-3,7912
SIXTEEN,SIXTEEN++++,Tyler,ASL_2008_05_12a,3,730,785,ASL_2008_05_12a-3,7913
SIXTEEN,SIXTEEN_2+,Liz,ASL_2008_01_11,4,1175,1211,ASL_2008_01_11-4,7914
SIXTEEN,SIXTEEN_3,Liz,ASL_2008_01_11,4,1440,1475,ASL_2008_01_11-4,7915
SIXTH,SIXTH,Brady,ASL_2011_06_08_Brady,6,1599,1611,ASL_2011_06_08_Brady-6,7916
SIXTH,SIXTH,Brady,ASL_2011_06_08_Brady,6,1951,1961,ASL_2011_06_08_Brady-6,7917
SIXTH,SIXTH,Liz,ASL_2010_08_10_Liz_additional_lexicon_signs,15,930,965,ASL_2010_08_10_Liz_additional_lexicon_signs-15,7918
SIXTH,SIXTH,Liz,ASL_2010_08_10_Liz_additional_lexicon_signs,18,1118,1155,ASL_2010_08_10_Liz_additional_lexicon_signs-18,7919
SIXTY-EIGHT,SIXTY-EIGHT,Brady,ASL_2011_07_19_Brady,85,783,804,ASL_2011_07_19_Brady-85,7920
SIXTY-EIGHT,SIXTY-EIGHT,Liz,ASL_2010_08_10_Liz_additional_lexicon_signs,19,1745,1805,ASL_2010_08_10_Liz_additional_lexicon_signs-19,7921
SIXTY-NINE,SIXTY-NINE,Brady,ASL_2011_07_19_Brady,85,1056,1076,ASL_2011_07_19_Brady-85,7922
SIXTY-NINE,SIXTY-NINE,Liz,ASL_2010_08_10_Liz_additional_lexicon_signs,19,1887,1935,ASL_2010_08_10_Liz_additional_lexicon_signs-19,7923
SIXTY-SEVEN,SIXTY-SEVEN,Brady,ASL_2011_07_19_Brady,85,1356,1373,ASL_2011_07_19_Brady-85,7924
SIXTY-SEVEN,SIXTY-SEVEN,Liz,ASL_2010_08_10_Liz_additional_lexicon_signs,19,1585,1635,ASL_2010_08_10_Liz_additional_lexicon_signs-19,7925
SIXTY-SIX,SIXTY-SIX,Brady,ASL_2011_07_19_Brady,85,1576,1598,ASL_2011_07_19_Brady-85,7926
SIXTY-SIX,SIXTY-SIX_2,Liz,ASL_2010_08_10_Liz_additional_lexicon_signs,19,1055,1100,ASL_2010_08_10_Liz_additional_lexicon_signs-19,7927
SIZE,SIZE+,Brady,ASL_2011_06_14_Brady,33,2377,2416,ASL_2011_06_14_Brady-33,7928
SIZE,SIZE+,Lana,ASL_2006_10_10,17,2448,2479,ASL_2006_10_10-17,7929
SIZE,SIZE++,Brady,ASL_2011_06_14_Brady,55,4940,4972,ASL_2011_06_14_Brady-55,7930
SIZE,SIZE++,Dana,ASL_2007_05_24,19,2558,2614,ASL_2007_05_24-19,7931
SIZE,SIZE++,Liz,ASL_2008_02_15,1,3617,3675,ASL_2008_02_15-1,7932
SIZE,SIZE++,Tyler,ASL_2008_06_10,11,1683,1731,ASL_2008_06_10-11,7933
SKI,SKI+,Brady,ASL_2011_07_19_Brady,85,2677,2703,ASL_2011_07_19_Brady-85,7934
SKI,SKI++,Liz,ASL_2008_02_29,33,2013,2080,ASL_2008_02_29-33,7935
SKILL,SKILL,Brady,ASL_2011_07_19_Brady,86,333,347,ASL_2011_07_19_Brady-86,7936
SKILL,SKILL,Dana,ASL_2007_05_24,27,1706,1744,ASL_2007_05_24-27,7937
SKILL,SKILL,Lana,ASL_2006_10_10,25,1794,1808,ASL_2006_10_10-25,7938
SKILL,SKILL,Liz,ASL_2008_02_29,33,2275,2295,ASL_2008_02_29-33,7939
SKIN,(G)SKIN,Tyler,ASL_2008_05_12a,44,4267,4307,ASL_2008_05_12a-44,7940
SKIN,SKIN,Brady,ASL_2011_06_08_Brady,27,3100,3125,ASL_2011_06_08_Brady-27,7941
SKIN,SKIN,Brady,ASL_2011_07_19_Brady,86,694,730,ASL_2011_07_19_Brady-86,7942
SKIN,SKIN,Liz,ASL_2008_01_11,73,200,245,ASL_2008_01_11-73,7943
SKIN,SKIN,Liz,ASL_2008_02_29,33,2647,2705,ASL_2008_02_29-33,7944
SKIN,SKIN,Naomi,ASL_2008_08_04,46,2565,2585,ASL_2008_08_04-46,7945
SKIRT,SKIRT,Brady,ASL_2011_07_19_Brady,86,1726,1738,ASL_2011_07_19_Brady-86,7946
SKIRT,SKIRT,Liz,ASL_2008_02_29,34,730,785,ASL_2008_02_29-34,7947
SKUNK,(8)SKUNK,Liz,ASL_2008_02_29,34,1990,2031,ASL_2008_02_29-34,7948
SKUNK,SKUNK,Brady,ASL_2011_07_19_Brady,86,1955,1986,ASL_2011_07_19_Brady-86,7949
SKY,SKY,Liz,ASL_2008_02_29,34,2517,2556,ASL_2008_02_29-34,7950
SKYSCRAPER,SKYSCRAPER,Liz,ASL_2008_02_29,34,3060,3132,ASL_2008_02_29-34,7951
SLAVE,SLAVE+,Brady,ASL_2011_07_19_Brady,86,2825,2890,ASL_2011_07_19_Brady-86,7952
SLAVE,SLAVE+,Liz,ASL_2008_02_29,34,3385,3452,ASL_2008_02_29-34,7953
SLEEP,SLEEP,Brady,ASL_2011_07_19_Brady,86,4258,4275,ASL_2011_07_19_Brady-86,7954
SLEEP,SLEEP,Liz,ASL_2008_02_29,34,3811,3850,ASL_2008_02_29-34,7955
SLEEP,SLEEP,Liz,ASL_2010_08_10_Liz_additional_lexicon_signs,12,2730,2763,ASL_2010_08_10_Liz_additional_lexicon_signs-12,7956
SLEEP,SLEEP+,Brady,ASL_2011_07_19_Brady,87,149,206,ASL_2011_07_19_Brady-87,7957
SLEEP,SLEEP++,Brady,ASL_2011_06_14_Brady,6,6323,6370,ASL_2011_06_14_Brady-6,7958
SLEEP,SLEEP++,Liz,ASL_2008_02_29,34,4045,4110,ASL_2008_02_29-34,7959
SLEEP+DRESS/CLOTHES,SLEEP+DRESS/CLOTHES,Liz,ASL_2008_02_15,29,1950,2007,ASL_2008_02_15-29,7960
SLICE,SLICE,Liz,ASL_2008_02_29,35,930,970,ASL_2008_02_29-35,7961
SLIDING-DOORS,SLIDING-DOORS,Brady,ASL_2011_07_19_Brady,87,3186,3231,ASL_2011_07_19_Brady-87,7962
SLIDING-DOORS,SLIDING-DOORS,Liz,ASL_2008_02_29,35,1820,1890,ASL_2008_02_29-35,7963
SLIM,SLIM,Brady,ASL_2011_07_19_Brady,114,2089,2107,ASL_2011_07_19_Brady-114,7964
SLIM,SLIM_2,Liz,ASL_2008_03_28,10,5690,5735,ASL_2008_03_28-10,7965
SLIPPER,SLIPPER,Brady,ASL_2011_07_19_Brady,87,4238,4288,ASL_2011_07_19_Brady-87,7966
SLIPPER,SLIPPERS,Liz,ASL_2008_02_29,35,2166,2247,ASL_2008_02_29-35,7967
SLIPPERY,SLIPPERY,Brady,ASL_2011_07_19_Brady,87,4582,4598,ASL_2011_07_19_Brady-87,7968
SLIPPERY,SLIPPERY,Liz,ASL_2008_02_29,35,2480,2525,ASL_2008_02_29-35,7969
SLOW,SLOW,Brady,ASL_2011_07_19_Brady,87,4829,4858,ASL_2011_07_19_Brady-87,7970
SLOW,SLOW,Dana,ASL_2007_05_24,27,1942,1996,ASL_2007_05_24-27,7971
SLOW,SLOW,Lana,ASL_2006_10_10,25,2018,2056,ASL_2006_10_10-25,7972
SLOW,SLOW,Liz,ASL_2008_02_29,35,2726,2782,ASL_2008_02_29-35,7973
SMALL,SMALL+,Brady,ASL_2011_06_14_Brady,50,2800,2832,ASL_2011_06_14_Brady-50,7974
SMALL,SMALL+,Liz,ASL_2008_02_01,51,1475,1520,ASL_2008_02_01-51,7975
SMALL,SMALL+,Naomi,ASL_2008_08_13_session2,6,1357,1395,ASL_2008_08_13_session2-6,7976
SMELL,SMELL+,Brady,ASL_2011_07_19_Brady,88,804,821,ASL_2011_07_19_Brady-88,7977
SMELL,SMELL+,Liz,ASL_2008_02_29,35,3780,3815,ASL_2008_02_29-35,7978
SMELLY,SMELLY++,Brady,ASL_2011_07_19_Brady,98,2640,2684,ASL_2011_07_19_Brady-98,7979
SMELLY,SMELLY++,Liz,ASL_2008_02_29,47,378,440,ASL_2008_02_29-47,7980
SMILE,SMILE,Liz,ASL_2008_02_29,36,320,355,ASL_2008_02_29-36,7981
SMILE,SMILE_2,Brady,ASL_2011_07_19_Brady,88,542,550,ASL_2011_07_19_Brady-88,7982
SMILE,SMILE_3,Brady,ASL_2011_06_08_Brady,34,4336,4362,ASL_2011_06_08_Brady-34,7983
SMOKE,SMOKE,Brady,ASL_2011_07_19_Brady,88,1459,1491,ASL_2011_07_19_Brady-88,7984
SMOKE,SMOKE+,Brady,ASL_2011_07_22_Brady,53,1956,2001,ASL_2011_07_22_Brady-53,7985
SMOKE,SMOKE+,Liz,ASL_2008_02_29,36,1095,1150,ASL_2008_02_29-36,7986
SMOKE,SMOKE_2+,Dana,ASL_2007_05_24,26,2253,2299,ASL_2007_05_24-26,7987
SMOKE,SMOKE_2+,Lana,ASL_2006_10_10,24,2193,2217,ASL_2006_10_10-24,7988
SMOOTH,SMOOTH,Brady,ASL_2011_07_19_Brady,88,1689,1706,ASL_2011_07_19_Brady-88,7989
SMOOTH,SMOOTH,Brady,ASL_2011_07_19_Brady,88,2186,2205,ASL_2011_07_19_Brady-88,7990
SMOOTH,SMOOTH,Dana,ASL_2007_05_24,27,2072,2127,ASL_2007_05_24-27,7991
SMOOTH,SMOOTH,Liz,ASL_2008_02_29,36,1310,1351,ASL_2008_02_29-36,7992
SMOOTH,SMOOTH,Liz,ASL_2008_02_29,36,1801,1835,ASL_2008_02_29-36,7993
SMOOTH,SMOOTH,Liz,ASL_2008_02_29,40,2405,2430,ASL_2008_02_29-40,7994
SMOOTH-SURFACE,SMOOTH-SURFACE,Brady,ASL_2011_07_19_Brady,88,1964,1975,ASL_2011_07_19_Brady-88,7995
SMOOTH-SURFACE,SMOOTH-SURFACE,Liz,ASL_2008_02_29,36,1535,1560,ASL_2008_02_29-36,7996
SNAKE,SNAKE,Brady,ASL_2011_07_19_Brady,88,2740,2760,ASL_2011_07_19_Brady-88,7997
SNAKE,SNAKE,Liz,ASL_2008_02_29,36,2032,2067,ASL_2008_02_29-36,7998
SNAKE+WAG,SNAKE+WAG++,Liz,ASL_2008_02_29,6,3415,3476,ASL_2008_02_29-6,7999
SNEEZE,SNEEZE,Brady,ASL_2011_06_08_Brady,22,1820,1847,ASL_2011_06_08_Brady-22,8000
SNEEZE,SNEEZE,Brady,ASL_2011_06_08_Brady,22,2123,2145,ASL_2011_06_08_Brady-22,8001
SNEEZE,SNEEZE,Brady,ASL_2011_07_19_Brady,88,2432,2463,ASL_2011_07_19_Brady-88,8002
SNEEZE,SNEEZE,Liz,ASL_2008_02_29,36,2255,2292,ASL_2008_02_29-36,8003
SNOB,(1)SNOB,Brady,ASL_2011_07_19_Brady,89,117,149,ASL_2011_07_19_Brady-89,8004
SNOB,SNOB++,Liz,ASL_2010_08_10_Liz_additional_lexicon_signs,22,978,1030,ASL_2010_08_10_Liz_additional_lexicon_signs-22,8005
SNORKEL,SNORKEL+,Brady,ASL_2011_07_19_Brady,89,409,438,ASL_2011_07_19_Brady-89,8006
SNORKEL,SNORKEL+,Liz,ASL_2008_02_29,36,2601,2640,ASL_2008_02_29-36,8007
SNOW,SNOW,Brady,ASL_2011_07_19_Brady,89,662,703,ASL_2011_07_19_Brady-89,8008
SNOW,SNOW,Liz,ASL_2008_02_29,36,2885,2936,ASL_2008_02_29-36,8009
SNOW+MOTORCYCLE,SNOW+MOTORCYCLE,Brady,ASL_2011_07_19_Brady,89,1678,1710,ASL_2011_07_19_Brady-89,8010
SNOWBOARD,SNOWBOARD++,Brady,ASL_2011_07_19_Brady,89,924,964,ASL_2011_07_19_Brady-89,8011
SNOWBOARD,SNOWBOARD++,Liz,ASL_2010_08_10_Liz_additional_lexicon_signs,7,3575,3615,ASL_2010_08_10_Liz_additional_lexicon_signs-7,8012
SNOWMOBILE,SNOWMOBILE,Liz,ASL_2008_02_29,37,810,865,ASL_2008_02_29-37,8013
SO-SO,SO-SO,Brady,ASL_2011_06_14_Brady,15,6346,6382,ASL_2011_06_14_Brady-15,8014
SO-SO,SO-SO,Liz,ASL_2008_01_18,37,2175,2200,ASL_2008_01_18-37,8015
SO-SO,SO-SO,Naomi,ASL_2008_08_06,37,2295,2325,ASL_2008_08_06-37,8016
SO-SO,SO-SO,Tyler,ASL_2008_05_29a,17,2805,2840,ASL_2008_05_29a-17,8017
SOAP,SOAP++,Brady,ASL_2011_07_19_Brady,89,2000,2039,ASL_2011_07_19_Brady-89,8018
SOAP,SOAP++,Liz,ASL_2008_02_29,37,1073,1120,ASL_2008_02_29-37,8019
SOCIAL-WORK,SOCIAL-WORK,Brady,ASL_2011_07_19_Brady,90,136,166,ASL_2011_07_19_Brady-90,8020
SOCIAL-WORK,SOCIAL-WORK,Liz,ASL_2008_02_29,37,1742,1785,ASL_2008_02_29-37,8021
SOCIAL/INTERACT,SOCIAL/INTERACT+,Brady,ASL_2011_06_08_Brady,13,8245,8282,ASL_2011_06_08_Brady-13,8022
SOCIAL/INTERACT,SOCIAL/INTERACT+,Liz,ASL_2008_01_11,23,1075,1125,ASL_2008_01_11-23,8023
SOCIAL/INTERACT,SOCIAL/INTERACT+,Naomi,ASL_2008_08_04,15,2845,2905,ASL_2008_08_04-15,8024
SOCIETY,SOCIETY,Brady,ASL_2011_07_19_Brady,89,2691,2712,ASL_2011_07_19_Brady-89,8025
SOCIETY,SOCIETY,Liz,ASL_2008_02_29,37,1970,2015,ASL_2008_02_29-37,8026
SOCKS,SOCKS,Brady,ASL_2011_07_19_Brady,90,1009,1043,ASL_2011_07_19_Brady-90,8027
SOCKS,SOCKS+,Liz,ASL_2008_02_29,37,2197,2236,ASL_2008_02_29-37,8028
SODA,SODA,Brady,ASL_2011_07_19_Brady,90,656,686,ASL_2011_07_19_Brady-90,8029
SODA,SODA,Liz,ASL_2008_02_29,37,2425,2456,ASL_2008_02_29-37,8030
SOFT,SOFT+,Brady,ASL_2011_07_19_Brady,90,1911,1944,ASL_2011_07_19_Brady-90,8031
SOFT,SOFT+,Liz,ASL_2008_02_29,38,431,500,ASL_2008_02_29-38,8032
SOME,SOME,Brady,ASL_2011_07_19_Brady,90,2465,2486,ASL_2011_07_19_Brady-90,8033
SOME,SOME,Liz,ASL_2008_02_29,38,1002,1032,ASL_2008_02_29-38,8034
SOMETHING/ONE,SOMETHING/ONE,Liz,ASL_2008_02_29,38,1230,1272,ASL_2008_02_29-38,8035
SOMETIMES,SOMETIMES+,Brady,ASL_2011_07_19_Brady,90,2737,2804,ASL_2011_07_19_Brady-90,8036
SOMETIMES,SOMETIMES++,Liz,ASL_2008_02_29,38,1430,1490,ASL_2008_02_29-38,8037
SON,SON,Brady,ASL_2011_07_19_Brady,91,420,446,ASL_2011_07_19_Brady-91,8038
SOON,SOON,Liz,ASL_2008_02_29,38,2318,2354,ASL_2008_02_29-38,8039
SOON,SOON,Tyler,ASL_2008_05_12b,11,2869,2884,ASL_2008_05_12b-11,8040
SOON,SOON+++,Brady,ASL_2011_07_19_Brady,91,634,672,ASL_2011_07_19_Brady-91,8041
SOPHISTICATED,SOPHISTICATED++,Liz,ASL_2008_02_29,38,2940,3010,ASL_2008_02_29-38,8042
SOPHOMORE,SOPHOMORE++,Brady,ASL_2011_07_19_Brady,91,1445,1490,ASL_2011_07_19_Brady-91,8043
SOPHOMORE,SOPHOMORE++,Liz,ASL_2008_02_29,39,825,880,ASL_2008_02_29-39,8044
SOPHOMORE_2,(rd)SOPHOMORE_2++,Brady,ASL_2011_07_19_Brady,91,1687,1734,ASL_2011_07_19_Brady-91,8045
SOPHOMORE_2,SOPHOMORE_2,Liz,ASL_2008_02_29,39,1160,1195,ASL_2008_02_29-39,8046
SORRY,SORRY+,Brady,ASL_2011_07_19_Brady,91,2194,2257,ASL_2011_07_19_Brady-91,8047
SORRY,SORRY+,Lana,ASL_2006_09_26,61,2759,2807,ASL_2006_09_26-61,8048
SORRY,SORRY+,Liz,ASL_2008_02_29,39,1461,1545,ASL_2008_02_29-39,8049
SOUP,SOUP++,Liz,ASL_2008_02_29,39,1925,1985,ASL_2008_02_29-39,8050
SOUP,SOUP++,Naomi,ASL_2008_08_04,43,2561,2622,ASL_2008_08_04-43,8051
SOUP,SOUP+poi,Brady,ASL_2011_07_19_Brady,91,2679,2718,ASL_2011_07_19_Brady-91,8052
SOUTH,SOUTH,Brady,ASL_2011_07_19_Brady,92,456,480,ASL_2011_07_19_Brady-92,8053
SOUTH,SOUTH++,Brady,ASL_2011_07_19_Brady,92,683,722,ASL_2011_07_19_Brady-92,8054
SOUTH,SOUTH++,Liz,ASL_2008_02_29,39,3915,3970,ASL_2008_02_29-39,8055
SOUTH,SOUTH_2,Liz,ASL_2008_02_29,39,3440,3475,ASL_2008_02_29-39,8056
SOUTH+(A)ns-AFRICA,SOUTH+(A)ns-AFRICA,Liz,ASL_2008_02_29,39,2735,2825,ASL_2008_02_29-39,8057
SOUTH+(A)ns-AFRICA,SOUTH+ns-AFRICA,Brady,ASL_2011_07_19_Brady,92,1216,1261,ASL_2011_07_19_Brady-92,8058
SPAGHETTI,SPAGHETTI+,Liz,ASL_2008_02_29,40,285,345,ASL_2008_02_29-40,8059
SPAGHETTI,SPAGHETTI_2+,Brady,ASL_2011_07_19_Brady,92,1625,1682,ASL_2011_07_19_Brady-92,8060
SPANK,SPANK,Brady,ASL_2011_07_19_Brady,92,1923,1943,ASL_2011_07_19_Brady-92,8061
SPANK,SPANK,Liz,ASL_2008_02_29,40,1081,1145,ASL_2008_02_29-40,8062
SPEAKERS,SPEAKERS+,Brady,ASL_2011_06_14_Brady,52,6627,6665,ASL_2011_06_14_Brady-52,8063
SPEAKERS,SPEAKERS+,Liz,ASL_2008_02_01,54,5105,5172,ASL_2008_02_01-54,8064
SPEAKERS,SPEAKERS+,Naomi,ASL_2008_08_13_session2,9,3155,3205,ASL_2008_08_13_session2-9,8065
SPEAKERS,SPEAKERS_2+,Tyler,ASL_2008_06_10,6,3555,3593,ASL_2008_06_10-6,8066
SPECIAL/EXCEPT,SPECIAL/EXCEPT,Liz,ASL_2008_02_29,40,1342,1375,ASL_2008_02_29-40,8067
SPECIALTY,(B)SPECIALTY,Brady,ASL_2011_07_19_Brady,44,584,609,ASL_2011_07_19_Brady-44,8068
SPECIALTY,(nd-B)SPECIALTY,Tyler,ASL_2008_06_10,8,2890,2930,ASL_2008_06_10-8,8069
SPECIALTY,SPECIALTY,Brady,ASL_2011_06_14_Brady,53,4916,4946,ASL_2011_06_14_Brady-53,8070
SPECIALTY,SPECIALTY,Liz,ASL_2008_02_01,56,3990,4035,ASL_2008_02_01-56,8071
SPECIALTY,SPECIALTY,Naomi,ASL_2008_08_13_session2,11,4585,4612,ASL_2008_08_13_session2-11,8072
SPEECH/ORAL,(O)SPEECH/ORAL+,Liz,ASL_2008_02_15,27,395,455,ASL_2008_02_15-27,8073
SPEECH/ORAL,SPEECH/ORAL+,Brady,ASL_2011_07_19_Brady,22,894,934,ASL_2011_07_19_Brady-22,8074
SPEECH/ORAL,SPEECH/ORAL+,Brady,ASL_2011_07_19_Brady,22,1159,1210,ASL_2011_07_19_Brady-22,8075
SPEECH/ORAL,SPEECH/ORAL+,Brady,ASL_2011_07_19_Brady,92,3088,3140,ASL_2011_07_19_Brady-92,8076
SPEECH/ORAL,SPEECH/ORAL+,Brady,ASL_2011_07_22_Brady,48,4013,4064,ASL_2011_07_22_Brady-48,8077
SPEECH/ORAL,SPEECH/ORAL+,Liz,ASL_2008_02_15,26,3736,3790,ASL_2008_02_15-26,8078
SPEECH/ORAL,SPEECH/ORAL+,Liz,ASL_2008_02_29,40,1787,1832,ASL_2008_02_29-40,8079
SPELL,SPELL,Brady,ASL_2011_06_14_Brady,18,4755,4777,ASL_2011_06_14_Brady-18,8080
SPELL,SPELL,Liz,ASL_2008_01_18,42,652,672,ASL_2008_01_18-42,8081
SPELL,SPELL,Naomi,ASL_2008_08_06,42,320,340,ASL_2008_08_06-42,8082
SPEND,SPEND,Brady,ASL_2011_07_22_Brady,53,3116,3144,ASL_2011_07_22_Brady-53,8083
SPEND,SPEND,Liz,ASL_2008_02_29,41,266,290,ASL_2008_02_29-41,8084
SPEND,SPEND,Liz,ASL_2010_08_10_Liz_additional_lexicon_signs,15,4292,4356,ASL_2010_08_10_Liz_additional_lexicon_signs-15,8085
SPEND,SPEND-ALL,Brady,ASL_2011_06_08_Brady,36,4748,4766,ASL_2011_06_08_Brady-36,8086
SPEND,SPEND-ALL,Brady,ASL_2011_07_22_Brady,53,2790,2808,ASL_2011_07_22_Brady-53,8087
SPEND,SPEND-ALL,Liz,ASL_2008_02_29,40,2651,2675,ASL_2008_02_29-40,8088
SPICY,SPICY+,Liz,ASL_2008_02_29,41,1221,1275,ASL_2008_02_29-41,8089
SPIDER,SPIDER,Liz,ASL_2008_02_29,41,1505,1545,ASL_2008_02_29-41,8090
SPILL,SPILL,Brady,ASL_2011_07_22_Brady,51,1640,1670,ASL_2011_07_22_Brady-51,8091
SPILL,SPILL,Liz,ASL_2008_02_29,18,4271,4325,ASL_2008_02_29-18,8092
SPIN,SPIN+,Liz,ASL_2008_02_29,41,2196,2247,ASL_2008_02_29-41,8093
SPIN,SPIN+,Naomi,ASL_2008_08_04,14,1507,1570,ASL_2008_08_04-14,8094
SPIT,SPIT,Brady,ASL_2011_07_19_Brady,94,47,66,ASL_2011_07_19_Brady-94,8095
SPIT,SPIT,Liz,ASL_2008_02_29,41,2400,2430,ASL_2008_02_29-41,8096
SPREAD,SPREAD,Tyler,ASL_2008_05_29b,6,1980,2017,ASL_2008_05_29b-6,8097
SPRINKLER,SPRINKLER+,Liz,ASL_2008_02_29,41,3045,3140,ASL_2008_02_29-41,8098
SQUARE,SQUARE,Brady,ASL_2011_07_19_Brady,39,1256,1300,ASL_2011_07_19_Brady-39,8099
SQUARE,SQUARE,Brady,ASL_2011_07_19_Brady,94,2633,2665,ASL_2011_07_19_Brady-94,8100
SQUARE,SQUARE,Liz,ASL_2008_02_15,45,1471,1525,ASL_2008_02_15-45,8101
SQUARE,SQUARE,Liz,ASL_2008_02_29,42,1355,1405,ASL_2008_02_29-42,8102
SQUARED,SQUARED,Brady,ASL_2011_07_19_Brady,94,2867,2892,ASL_2011_07_19_Brady-94,8103
SQUARED,SQUARED_2,Liz,ASL_2010_08_10_Liz_additional_lexicon_signs,19,160,190,ASL_2010_08_10_Liz_additional_lexicon_signs-19,8104
SQUIRREL,SQUIRREL++,Brady,ASL_2011_07_19_Brady,94,3076,3114,ASL_2011_07_19_Brady-94,8105
SQUIRREL,SQUIRREL++,Liz,ASL_2008_02_29,42,1581,1610,ASL_2008_02_29-42,8106
STAB,STAB,Brady,ASL_2011_07_19_Brady,95,79,96,ASL_2011_07_19_Brady-95,8107
STAB,STAB,Liz,ASL_2008_02_29,42,4502,4535,ASL_2008_02_29-42,8108
STAB,STAB+,Brady,ASL_2011_07_22_Brady,54,115,160,ASL_2011_07_22_Brady-54,8109
STAB,STAB+,Liz,ASL_2008_02_29,42,4205,4261,ASL_2008_02_29-42,8110
STAB,STAB++,Brady,ASL_2011_07_19_Brady,94,4473,4524,ASL_2011_07_19_Brady-94,8111
STAGE,STAGE,Brady,ASL_2011_07_19_Brady,95,620,639,ASL_2011_07_19_Brady-95,8112
STAGE,STAGE,Liz,ASL_2008_02_29,43,291,330,ASL_2008_02_29-43,8113
STAMP,STAMP,Liz,ASL_2008_02_29,43,2065,2135,ASL_2008_02_29-43,8114
STAMP-SEAL,STAMP-SEAL,Brady,ASL_2011_07_19_Brady,75,1179,1197,ASL_2011_07_19_Brady-75,8115
STAMP-SEAL,STAMP-SEAL,Liz,ASL_2008_02_29,25,45,80,ASL_2008_02_29-25,8116
STAND,STAND+,Brady,ASL_2011_07_19_Brady,96,418,440,ASL_2011_07_19_Brady-96,8117
STAND,STAND+,Brady,ASL_2011_07_22_Brady,54,496,537,ASL_2011_07_22_Brady-54,8118
STAND,STAND+,Liz,ASL_2008_02_29,43,3551,3590,ASL_2008_02_29-43,8119
STAND,STAND+,Liz,ASL_2008_02_29,43,3905,3950,ASL_2008_02_29-43,8120
STAND-UP,STAND-UP,Brady,ASL_2011_06_08_Brady,12,12000,12013,ASL_2011_06_08_Brady-12,8121
STAND-UP,STAND-UP,Brady,ASL_2011_07_19_Brady,58,2168,2193,ASL_2011_07_19_Brady-58,8122
STAND-UP,STAND-UP,Brady,ASL_2011_07_19_Brady,95,2320,2337,ASL_2011_07_19_Brady-95,8123
STAND-UP,STAND-UP,Brady,ASL_2011_07_22_Brady,37,1978,2000,ASL_2011_07_22_Brady-37,8124
STAND-UP,STAND-UP,Dana,ASL_2007_05_24,27,2576,2630,ASL_2007_05_24-27,8125
STAND-UP,STAND-UP,Lana,ASL_2006_10_10,25,2637,2667,ASL_2006_10_10-25,8126
STAND-UP,STAND-UP,Liz,ASL_2008_01_11,21,450,490,ASL_2008_01_11-21,8127
STAND-UP,STAND-UP,Liz,ASL_2008_02_29,13,2000,2052,ASL_2008_02_29-13,8128
STAND-UP,STAND-UP,Naomi,ASL_2008_08_04,14,827,860,ASL_2008_08_04-14,8129
STAND-UP,STAND-UP,Tyler,ASL_2008_05_12a,14,771,802,ASL_2008_05_12a-14,8130
STAND-UP+ASCEND,STAND-UP+ASCEND,Brady,ASL_2011_07_19_Brady,58,2450,2500,ASL_2011_07_19_Brady-58,8131
STAND-UP+ASCEND,STAND-UP+ASCEND,Liz,ASL_2008_02_29,13,2255,2318,ASL_2008_02_29-13,8132
STAR,STAR+,Brady,ASL_2011_07_19_Brady,96,995,1052,ASL_2011_07_19_Brady-96,8133
STAR,STAR+,Liz,ASL_2008_02_29,44,585,625,ASL_2008_02_29-44,8134
START,START,Brady,ASL_2011_07_19_Brady,96,2089,2118,ASL_2011_07_19_Brady-96,8135
START,START,Liz,ASL_2008_02_29,44,1519,1560,ASL_2008_02_29-44,8136
STATE,STATE,Brady,ASL_2011_07_19_Brady,96,2556,2574,ASL_2011_07_19_Brady-96,8137
STATE,STATE,Liz,ASL_2008_02_29,44,1745,1795,ASL_2008_02_29-44,8138
STATISTICS,STATISTICS+,Brady,ASL_2011_07_19_Brady,96,2772,2797,ASL_2011_07_19_Brady-96,8139
STATISTICS,STATISTICS+,Liz,ASL_2010_08_10_Liz_additional_lexicon_signs,18,2750,2801,ASL_2010_08_10_Liz_additional_lexicon_signs-18,8140
STEAL,STEAL,Brady,ASL_2011_07_19_Brady,97,407,420,ASL_2011_07_19_Brady-97,8141
STEAL,STEAL,Liz,ASL_2008_02_29,44,2175,2205,ASL_2008_02_29-44,8142
STEAL,STEAL,Liz,ASL_2008_03_28,10,3594,3610,ASL_2008_03_28-10,8143
STEALTHY,STEALTHY+,Brady,ASL_2011_07_19_Brady,97,637,680,ASL_2011_07_19_Brady-97,8144
STEALTHY,STEALTHY+,Liz,ASL_2008_02_29,44,2635,2700,ASL_2008_02_29-44,8145
STEAM,STEAM+,Brady,ASL_2011_07_19_Brady,97,1606,1674,ASL_2011_07_19_Brady-97,8146
STEAM,STEAM+,Liz,ASL_2008_02_29,36,561,630,ASL_2008_02_29-36,8147
STEAM,STEAM+,Liz,ASL_2008_02_29,44,3425,3520,ASL_2008_02_29-44,8148
STEEP,STEEP,Brady,ASL_2011_07_19_Brady,97,1312,1338,ASL_2011_07_19_Brady-97,8149
STEEP,STEEP,Liz,ASL_2008_02_29,45,290,340,ASL_2008_02_29-45,8150
STEPLADDER,STEPLADDER++,Brady,ASL_2011_06_14_Brady,46,1240,1286,ASL_2011_06_14_Brady-46,8151
STEPLADDER,STEPLADDER++,Liz,ASL_2008_02_01,43,390,445,ASL_2008_02_01-43,8152
STEPS,STEPS++,Brady,ASL_2011_07_19_Brady,98,158,200,ASL_2011_07_19_Brady-98,8153
STEPS,STEPS++,Liz,ASL_2008_02_29,45,1725,1785,ASL_2008_02_29-45,8154
STICKY,(1h)STICKY++,Liz,ASL_2008_02_29,39,320,355,ASL_2008_02_29-39,8155
STICKY,STICKY+,Brady,ASL_2011_07_19_Brady,98,644,681,ASL_2011_07_19_Brady-98,8156
STICKY,STICKY+,Liz,ASL_2008_02_29,45,3155,3185,ASL_2008_02_29-45,8157
STILL,STILL,Brady,ASL_2011_07_19_Brady,98,864,878,ASL_2011_07_19_Brady-98,8158
STILL,STILL,Liz,ASL_2008_02_29,45,3421,3465,ASL_2008_02_29-45,8159
STIMULATE,STIMULATE,Liz,ASL_2008_02_29,45,3945,3990,ASL_2008_02_29-45,8160
STIMULATE,STIMULATE++,Brady,ASL_2011_06_14_Brady,15,344,374,ASL_2011_06_14_Brady-15,8161
STIMULATE,STIMULATE++,Brady,ASL_2011_07_19_Brady,98,1101,1138,ASL_2011_07_19_Brady-98,8162
STING,STING,Brady,ASL_2011_07_19_Brady,98,1828,1846,ASL_2011_07_19_Brady-98,8163
STING,STING,Liz,ASL_2008_02_29,46,458,494,ASL_2008_02_29-46,8164
STING-FACE,STING-FACE,Brady,ASL_2011_07_19_Brady,98,1544,1565,ASL_2011_07_19_Brady-98,8165
STING-FACE,STING-FACE,Liz,ASL_2008_02_29,46,248,286,ASL_2008_02_29-46,8166
STINK,STINK,Brady,ASL_2011_07_19_Brady,98,2903,2929,ASL_2011_07_19_Brady-98,8167
STINK,STINK,Liz,ASL_2008_02_29,47,683,722,ASL_2008_02_29-47,8168
STIR,STIR++,Liz,ASL_2008_02_29,47,945,1040,ASL_2008_02_29-47,8169
STIR,STIR_2+,Brady,ASL_2011_07_19_Brady,99,135,210,ASL_2011_07_19_Brady-99,8170
STITCH,STITCH+,Brady,ASL_2011_07_19_Brady,78,1976,2019,ASL_2011_07_19_Brady-78,8171
STITCH,STITCH++,Liz,ASL_2008_02_29,27,1975,2045,ASL_2008_02_29-27,8172
STOMACH,STOMACH,Brady,ASL_2011_07_19_Brady,99,1038,1074,ASL_2011_07_19_Brady-99,8173
STOMACH,STOMACH,Liz,ASL_2008_02_29,47,2170,2212,ASL_2008_02_29-47,8174
STOP,STOP,Brady,ASL_2011_07_19_Brady,99,1312,1327,ASL_2011_07_19_Brady-99,8175
STOP,STOP,Liz,ASL_2008_02_29,47,2415,2443,ASL_2008_02_29-47,8176
STOPLIGHT,STOPLIGHT,Liz,ASL_2008_02_29,48,1010,1070,ASL_2008_02_29-48,8177
STORM/CLOUDS,CLOUD,Liz,ASL_2010_08_10_Liz_additional_lexicon_signs,1,6600,6635,ASL_2010_08_10_Liz_additional_lexicon_signs-1,8178
STORM/CLOUDS,CLOUD,Liz,ASL_2010_08_10_Liz_additional_lexicon_signs,1,6735,6795,ASL_2010_08_10_Liz_additional_lexicon_signs-1,8179
STORM/CLOUDS,CLOUD_2,Brady,ASL_2011_06_08_Brady,28,7991,8029,ASL_2011_06_08_Brady-28,8180
STORM/CLOUDS,CLOUD_2,Brady,ASL_2011_06_08_Brady,28,9201,9254,ASL_2011_06_08_Brady-28,8181
STORM/CLOUDS,STORM/CLOUDS,Brady,ASL_2011_07_22_Brady,45,1119,1171,ASL_2011_07_22_Brady-45,8182
STORM/CLOUDS,STORM/CLOUDS,Liz,ASL_2008_02_01,27,220,301,ASL_2008_02_01-27,8183
STORM/CLOUDS,STORM/CLOUDS,Naomi,ASL_2008_08_13,22,5087,5146,ASL_2008_08_13-22,8184
STORY,(crvd-B)STORY+,Brady,ASL_2011_07_19_Brady,99,3120,3162,ASL_2011_07_19_Brady-99,8185
STORY,(crvd-B)STORY+,Liz,ASL_2008_02_29,48,1896,1962,ASL_2008_02_29-48,8186
STORY,(crvd-B)STORY+,Liz,ASL_2010_08_10_Liz_additional_lexicon_signs,4,645,727,ASL_2010_08_10_Liz_additional_lexicon_signs-4,8187
STORY,(crvd-B)STORY++,Liz,ASL_2008_02_29,48,2159,2240,ASL_2008_02_29-48,8188
STORY,STORY+,Brady,ASL_2011_06_14_Brady,56,1653,1678,ASL_2011_06_14_Brady-56,8189
STORY,STORY+,Brady,ASL_2011_07_19_Brady,99,2858,2909,ASL_2011_07_19_Brady-99,8190
STORY,STORY+,Liz,ASL_2010_08_10_Liz_additional_lexicon_signs,3,4163,4207,ASL_2010_08_10_Liz_additional_lexicon_signs-3,8191
STORY,STORY+++,Tyler,ASL_2008_06_10,13,1562,1612,ASL_2008_06_10-13,8192
STORY,STORY_2++,Liz,ASL_2010_08_10_Liz_additional_lexicon_signs,3,4290,4369,ASL_2010_08_10_Liz_additional_lexicon_signs-3,8193
STORY++AGENT,STORY++AGENT,Brady,ASL_2011_06_14_Brady,56,1906,1936,ASL_2011_06_14_Brady-56,8194
STORY++AGENT,STORY++AGENT,Tyler,ASL_2008_06_10,13,1853,1895,ASL_2008_06_10-13,8195
STORY-TELL,STORY-TELL+,Liz,ASL_2010_08_10_Liz_additional_lexicon_signs,29,150,215,ASL_2010_08_10_Liz_additional_lexicon_signs-29,8196
STRAIGHT,STRAIGHT,Brady,ASL_2011_06_08_Brady,22,4416,4432,ASL_2011_06_08_Brady-22,8197
STRAIGHT,STRAIGHT,Brady,ASL_2011_07_19_Brady,100,900,920,ASL_2011_07_19_Brady-100,8198
STRAIGHT,STRAIGHT,Liz,ASL_2008_02_29,48,2433,2470,ASL_2008_02_29-48,8199
STRAIGHT,STRAIGHT,Liz,ASL_2010_08_10_Liz_additional_lexicon_signs,25,550,595,ASL_2010_08_10_Liz_additional_lexicon_signs-25,8200
STRANGE,STRANGE,Brady,ASL_2011_06_08_Brady,21,9174,9192,ASL_2011_06_08_Brady-21,8201
STRANGE,STRANGE,Brady,ASL_2011_07_19_Brady,18,412,430,ASL_2011_07_19_Brady-18,8202
STRANGE,STRANGE,Lana,ASL_2006_09_26,61,2893,2904,ASL_2006_09_26-61,8203
STRANGE,STRANGE,Liz,ASL_2008_02_15,22,2280,2312,ASL_2008_02_15-22,8204
STRANGE,STRANGE,Liz,ASL_2010_08_10_Liz_additional_lexicon_signs,25,200,251,ASL_2010_08_10_Liz_additional_lexicon_signs-25,8205
STRANGLE,STRANGLE,Brady,ASL_2011_07_19_Brady,79,678,705,ASL_2011_07_19_Brady-79,8206
STRANGLE,STRANGLE,Liz,ASL_2008_02_29,28,990,1045,ASL_2008_02_29-28,8207
STRAW,STRAW,Brady,ASL_2011_07_19_Brady,100,1231,1263,ASL_2011_07_19_Brady-100,8208
STRAW,STRAW,Liz,ASL_2008_03_28,29,2750,2797,ASL_2008_03_28-29,8209
STRAW,STRAW+,Liz,ASL_2008_02_29,48,2700,2760,ASL_2008_02_29-48,8210
STRAW,STRAW_2+,Brady,ASL_2011_07_22_Brady,18,865,900,ASL_2011_07_22_Brady-18,8211
STRAW,STRAW_2+,Brady,ASL_2011_07_22_Brady,54,1591,1626,ASL_2011_07_22_Brady-54,8212
STRAWBERRY,STRAWBERRY,Liz,ASL_2008_02_29,48,3085,3117,ASL_2008_02_29-48,8213
STRAY/DEVIATE,STRAY/DEVIATE,Liz,ASL_2008_02_29,49,528,575,ASL_2008_02_29-49,8214
STRICT,STRICT,Brady,ASL_2011_07_19_Brady,100,2890,2910,ASL_2011_07_19_Brady-100,8215
STRICT,STRICT,Liz,ASL_2008_02_29,49,1629,1650,ASL_2008_02_29-49,8216
STRING,STRING,Brady,ASL_2011_07_19_Brady,101,138,160,ASL_2011_07_19_Brady-101,8217
STRING,STRING,Liz,ASL_2008_02_29,49,2412,2452,ASL_2008_02_29-49,8218
STRIP,STRIP+,Brady,ASL_2011_07_22_Brady,16,1708,1761,ASL_2011_07_22_Brady-16,8219
STRIP,STRIP+,Liz,ASL_2008_03_28,27,2870,2930,ASL_2008_03_28-27,8220
STRIP-PAINT,STRIP-PAINT++,Brady,ASL_2011_07_19_Brady,101,442,492,ASL_2011_07_19_Brady-101,8221
STRIP-PAINT,STRIP-PAINT++,Liz,ASL_2008_02_29,49,2645,2715,ASL_2008_02_29-49,8222
STRIPES,(4)STRIPES,Brady,ASL_2011_07_19_Brady,101,1016,1059,ASL_2011_07_19_Brady-101,8223
STRIPES,(4)STRIPES,Liz,ASL_2008_02_29,50,207,280,ASL_2008_02_29-50,8224
STRIPES,STRIPES,Brady,ASL_2011_07_19_Brady,101,771,866,ASL_2011_07_19_Brady-101,8225
STRIPES,STRIPES,Liz,ASL_2008_02_29,49,3396,3480,ASL_2008_02_29-49,8226
STRONG,STRONG,Brady,ASL_2011_07_19_Brady,101,1541,1556,ASL_2011_07_19_Brady-101,8227
STRONG,STRONG,Brady,ASL_2011_07_19_Brady,101,1771,1790,ASL_2011_07_19_Brady-101,8228
STRONG,STRONG,Brady,ASL_2011_07_22_Brady,54,1895,1920,ASL_2011_07_22_Brady-54,8229
STRONG,STRONG,Liz,ASL_2008_02_29,50,455,490,ASL_2008_02_29-50,8230
STRONG,STRONG,Liz,ASL_2008_02_29,50,661,697,ASL_2008_02_29-50,8231
STRUCTURE,STRUCTURE,Liz,ASL_2008_02_29,50,875,938,ASL_2008_02_29-50,8232
STRUCTURE,STRUCTURE_2+,Brady,ASL_2011_07_19_Brady,101,2032,2082,ASL_2011_07_19_Brady-101,8233
STRUGGLE,STRUGGLE+,Brady,ASL_2011_07_19_Brady,101,2262,2347,ASL_2011_07_19_Brady-101,8234
STRUGGLE,STRUGGLE+,Liz,ASL_2008_02_29,50,1074,1162,ASL_2008_02_29-50,8235
STUBBORN,STUBBORN,Brady,ASL_2011_07_19_Brady,101,2510,2525,ASL_2011_07_19_Brady-101,8236
STUBBORN,STUBBORN,Liz,ASL_2008_02_29,50,1287,1322,ASL_2008_02_29-50,8237
STUCK,STUCK,Brady,ASL_2011_07_19_Brady,102,162,180,ASL_2011_07_19_Brady-102,8238
STUCK,STUCK,Liz,ASL_2008_02_29,50,1468,1518,ASL_2008_02_29-50,8239
STUDY,STUDY,Brady,ASL_2011_07_19_Brady,102,1551,1586,ASL_2011_07_19_Brady-102,8240
STUDY,STUDY,Liz,ASL_2008_02_29,51,455,500,ASL_2008_02_29-51,8241
STUDY,STUDY_2+,Brady,ASL_2011_06_08_Brady,24,13226,13280,ASL_2011_06_08_Brady-24,8242
STUPID,STUPID,Brady,ASL_2011_07_19_Brady,102,1824,1850,ASL_2011_07_19_Brady-102,8243
STUPID,STUPID,Lana,ASL_2006_10_10,8,632,652,ASL_2006_10_10-8,8244
STUPID,STUPID,Liz,ASL_2008_02_29,51,915,942,ASL_2008_02_29-51,8245
STUPID,STUPID_2,Dana,ASL_2007_05_24,12,585,606,ASL_2007_05_24-12,8246
STUPID_3,STUPID_3,Brady,ASL_2011_07_19_Brady,102,2512,2532,ASL_2011_07_19_Brady-102,8247
STUPID_3,STUPID_3,Liz,ASL_2008_02_29,51,1110,1130,ASL_2008_02_29-51,8248
SUBSCRIBE,SUBSCRIBE+,Brady,ASL_2011_06_08_Brady,10,9537,9563,ASL_2011_06_08_Brady-10,8249
SUBSCRIBE,SUBSCRIBE+,Liz,ASL_2010_08_10_Liz_additional_lexicon_signs,6,954,1009,ASL_2010_08_10_Liz_additional_lexicon_signs-6,8250
SUBSCRIBE,SUBSCRIBE++,Brady,ASL_2011_07_19_Brady,102,2957,3005,ASL_2011_07_19_Brady-102,8251
SUBSCRIBE,SUBSCRIBE++,Liz,ASL_2008_02_29,51,1566,1622,ASL_2008_02_29-51,8252
SUBTRACT,SUBTRACT,Brady,ASL_2011_07_19_Brady,103,347,365,ASL_2011_07_19_Brady-103,8253
SUBTRACT,SUBTRACT,Liz,ASL_2008_02_29,51,1815,1847,ASL_2008_02_29-51,8254
SUBWAY,SUBWAY+,Liz,ASL_2008_02_29,51,2310,2365,ASL_2008_02_29-51,8255
SUBWAY,SUBWAY_2,Brady,ASL_2011_07_19_Brady,103,628,648,ASL_2011_07_19_Brady-103,8256
SUCCEED,SUCCEED,Brady,ASL_2011_07_19_Brady,103,1537,1566,ASL_2011_07_19_Brady-103,8257
SUCCEED,SUCCEED,Brady,ASL_2011_07_22_Brady,54,2112,2145,ASL_2011_07_22_Brady-54,8258
SUCCEED,SUCCEED,Liz,ASL_2008_02_29,51,2705,2750,ASL_2008_02_29-51,8259
SUFFER,SUFFER,Brady,ASL_2011_07_19_Brady,103,2720,2775,ASL_2011_07_19_Brady-103,8260
SUFFER,SUFFER,Liz,ASL_2008_02_29,52,797,845,ASL_2008_02_29-52,8261
SUGAR/SWEET,SUGAR/SWEET+,Brady,ASL_2011_07_19_Brady,103,3198,3233,ASL_2011_07_19_Brady-103,8262
SUGAR/SWEET,SUGAR/SWEET+,Liz,ASL_2008_02_29,52,1260,1295,ASL_2008_02_29-52,8263
SUGGEST,(1h)SUGGEST,Brady,ASL_2011_07_19_Brady,104,987,1017,ASL_2011_07_19_Brady-104,8264
SUGGEST,(1h)SUGGEST,Liz,ASL_2008_02_29,52,2570,2610,ASL_2008_02_29-52,8265
SUGGEST,(R)SUGGEST,Liz,ASL_2008_02_29,7,1116,1151,ASL_2008_02_29-7,8266
SUGGEST,SUGGEST,Brady,ASL_2011_07_19_Brady,18,1816,1842,ASL_2011_07_19_Brady-18,8267
SUGGEST,SUGGEST,Brady,ASL_2011_07_19_Brady,52,965,992,ASL_2011_07_19_Brady-52,8268
SUGGEST,SUGGEST,Liz,ASL_2008_02_15,23,932,980,ASL_2008_02_15-23,8269
SUITCASE,SUITCASE++,Brady,ASL_2011_06_14_Brady,52,8248,8277,ASL_2011_06_14_Brady-52,8270
SUITCASE,SUITCASE++,Liz,ASL_2008_02_01,55,1760,1807,ASL_2008_02_01-55,8271
SUITCASE,SUITCASE++,Naomi,ASL_2008_08_13_session2,10,2320,2365,ASL_2008_08_13_session2-10,8272
SULK,SULK+,Brady,ASL_2011_07_19_Brady,103,3443,3473,ASL_2011_07_19_Brady-103,8273
SULK,SULK+,Liz,ASL_2008_02_29,52,1490,1530,ASL_2008_02_29-52,8274
SUMMARIZE,SUMMARIZE,Brady,ASL_2011_06_08_Brady,29,12769,12792,ASL_2011_06_08_Brady-29,8275
SUMMARIZE,SUMMARIZE,Brady,ASL_2011_07_19_Brady,104,139,168,ASL_2011_07_19_Brady-104,8276
SUMMARIZE,SUMMARIZE,Liz,ASL_2008_02_29,52,1820,1860,ASL_2008_02_29-52,8277
SUMMER,SUMMER+,Brady,ASL_2011_07_19_Brady,104,516,541,ASL_2011_07_19_Brady-104,8278
SUMMER,SUMMER+,Liz,ASL_2008_02_29,52,2045,2072,ASL_2008_02_29-52,8279
SUMMON,SUMMON,Brady,ASL_2011_07_19_Brady,104,742,756,ASL_2011_07_19_Brady-104,8280
SUMMON,SUMMON,Liz,ASL_2008_02_29,52,2355,2390,ASL_2008_02_29-52,8281
SUN,SUN,Brady,ASL_2011_07_19_Brady,104,1195,1223,ASL_2011_07_19_Brady-104,8282
SUN,SUN_2,Liz,ASL_2008_02_29,52,3185,3226,ASL_2008_02_29-52,8283
SUN,SUN_2,Liz,ASL_2010_08_10_Liz_additional_lexicon_signs,9,1436,1506,ASL_2010_08_10_Liz_additional_lexicon_signs-9,8284
SUNDAY,SUNDAY+,Liz,ASL_2008_02_29,53,247,292,ASL_2008_02_29-53,8285
SUNDAY,SUNDAY_2,Brady,ASL_2011_07_19_Brady,104,1714,1744,ASL_2011_07_19_Brady-104,8286
SUNDAY,SUNDAY_2,Liz,ASL_2008_02_29,53,552,610,ASL_2008_02_29-53,8287
SUNRISE,(F)SUNRISE,Brady,ASL_2011_07_19_Brady,104,2185,2219,ASL_2011_07_19_Brady-104,8288
SUNRISE,(F)SUNRISE,Liz,ASL_2010_08_10_Liz_additional_lexicon_signs,9,1630,1675,ASL_2010_08_10_Liz_additional_lexicon_signs-9,8289
SUNRISE,SUNRISE,Liz,ASL_2008_02_29,53,825,881,ASL_2008_02_29-53,8290
SUNSET,(F)SUNSET,Brady,ASL_2011_07_19_Brady,105,149,186,ASL_2011_07_19_Brady-105,8291
SUNSET,(F)SUNSET,Liz,ASL_2010_08_10_Liz_additional_lexicon_signs,9,1825,1890,ASL_2010_08_10_Liz_additional_lexicon_signs-9,8292
SUNSET,SUNSET,Liz,ASL_2008_02_29,53,1125,1177,ASL_2008_02_29-53,8293
SUNSHINE,SUNSHINE,Brady,ASL_2011_07_19_Brady,105,1378,1397,ASL_2011_07_19_Brady-105,8294
SUPERIOR,(1h)SUPERIOR,Liz,ASL_2008_01_11,51,460,480,ASL_2008_01_11-51,8295
SUPERIOR,SUPERIOR,Brady,ASL_2011_06_08_Brady,22,20737,20765,ASL_2011_06_08_Brady-22,8296
SUPERIOR,SUPERIOR,Naomi,ASL_2008_08_04,32,4191,4218,ASL_2008_08_04-32,8297
SUPERVISE,SUPERVISE,Liz,ASL_2008_02_29,53,1701,1781,ASL_2008_02_29-53,8298
SUPERVISE,SUPERVISE+,Brady,ASL_2011_07_19_Brady,105,1720,1779,ASL_2011_07_19_Brady-105,8299
SUPERVISE,SUPERVISE+,Brady,ASL_2011_07_22_Brady,54,2603,2672,ASL_2011_07_22_Brady-54,8300
SUPERVISE+AGENT,SUPERVISE+AGENT,Brady,ASL_2011_07_19_Brady,105,1980,2014,ASL_2011_07_19_Brady-105,8301
SUPERVISE+AGENT,SUPERVISE+AGENT,Liz,ASL_2008_02_29,53,2401,2453,ASL_2008_02_29-53,8302
SUPERVISE+AGENT,SUPERVISE+AGENT,Tyler,ASL_2008_05_29a,43,310,365,ASL_2008_05_29a-43,8303
SUPPORT,(R)SUPPORT+,Brady,ASL_2011_07_19_Brady,54,1193,1214,ASL_2011_07_19_Brady-54,8304
SUPPORT,(R)SUPPORT+,Liz,ASL_2008_02_29,9,655,713,ASL_2008_02_29-9,8305
SUPPORT,SUPPORT,Liz,ASL_2008_02_29,53,2695,2730,ASL_2008_02_29-53,8306
SUPPORT,SUPPORT+,Brady,ASL_2011_07_19_Brady,54,392,425,ASL_2011_07_19_Brady-54,8307
SUPPORT,SUPPORT+,Brady,ASL_2011_07_19_Brady,105,2246,2269,ASL_2011_07_19_Brady-105,8308
SUPPORT,SUPPORT+,Liz,ASL_2008_02_29,9,405,470,ASL_2008_02_29-9,8309
SUPPORT++AGENT,SUPPORT++AGENT,Liz,ASL_2010_08_10_Liz_additional_lexicon_signs,6,1137,1207,ASL_2010_08_10_Liz_additional_lexicon_signs-6,8310
SURFACE,SURFACE+,Brady,ASL_2011_07_19_Brady,105,3009,3053,ASL_2011_07_19_Brady-105,8311
SURFACE,SURFACE+,Liz,ASL_2008_02_29,54,385,450,ASL_2008_02_29-54,8312
SURFACE,SURFACE+,Tyler,ASL_2008_05_12a,21,965,1037,ASL_2008_05_12a-21,8313
SURGERY,SURGERY,Brady,ASL_2011_07_19_Brady,21,1307,1332,ASL_2011_07_19_Brady-21,8314
SURGERY,SURGERY,Brady,ASL_2011_07_19_Brady,21,1613,1636,ASL_2011_07_19_Brady-21,8315
SURGERY,SURGERY,Brady,ASL_2011_07_19_Brady,105,3226,3243,ASL_2011_07_19_Brady-105,8316
SURGERY,SURGERY,Liz,ASL_2008_02_15,26,2310,2367,ASL_2008_02_15-26,8317
SURGERY,SURGERY,Liz,ASL_2008_02_29,54,625,660,ASL_2008_02_29-54,8318
SURGERY,SURGERY_2,Liz,ASL_2008_02_15,26,776,815,ASL_2008_02_15-26,8319
SURPRISE,SURPRISE,Brady,ASL_2011_07_19_Brady,106,163,183,ASL_2011_07_19_Brady-106,8320
SURPRISE,SURPRISE,Liz,ASL_2008_02_29,54,805,855,ASL_2008_02_29-54,8321
SURPRISE,SURPRISE_2,Brady,ASL_2011_07_22_Brady,41,935,965,ASL_2011_07_22_Brady-41,8322
SURROUND,SURROUND,Brady,ASL_2011_07_19_Brady,106,455,510,ASL_2011_07_19_Brady-106,8323
SURROUND,SURROUND,Liz,ASL_2008_02_29,54,1080,1152,ASL_2008_02_29-54,8324
SUSPECT,SUSPECT+,Liz,ASL_2008_02_29,54,1385,1422,ASL_2008_02_29-54,8325
SUSPECT,SUSPECT++,Brady,ASL_2011_07_19_Brady,106,697,739,ASL_2011_07_19_Brady-106,8326
SUSPECT,SUSPECT++,Liz,ASL_2008_02_29,54,1630,1675,ASL_2008_02_29-54,8327
SUSPEND,SUSPEND,Brady,ASL_2011_06_14_Brady,34,4964,4998,ASL_2011_06_14_Brady-34,8328
SUSPEND,SUSPEND,Liz,ASL_2008_02_01,23,820,877,ASL_2008_02_01-23,8329
SUSPEND,SUSPEND,Naomi,ASL_2008_08_13,19,1118,1163,ASL_2008_08_13-19,8330
SUSPEND,SUSPEND,Tyler,ASL_2008_05_29a,51,945,977,ASL_2008_05_29a-51,8331
SWALLOW,SWALLOW,Brady,ASL_2011_07_19_Brady,106,937,958,ASL_2011_07_19_Brady-106,8332
SWALLOW,SWALLOW,Liz,ASL_2008_02_29,54,1976,2050,ASL_2008_02_29-54,8333
SWALLOW,SWALLOW,Liz,ASL_2010_08_10_Liz_additional_lexicon_signs,29,1240,1280,ASL_2010_08_10_Liz_additional_lexicon_signs-29,8334
SWEAR,SWEAR,Liz,ASL_2008_01_18,10,2770,2790,ASL_2008_01_18-10,8335
SWEAT,SWEAT,Brady,ASL_2011_07_19_Brady,106,1672,1725,ASL_2011_07_19_Brady-106,8336
SWEAT,SWEAT,Liz,ASL_2008_02_29,54,2255,2295,ASL_2008_02_29-54,8337
SWEATER,SWEATER,Brady,ASL_2011_07_19_Brady,106,2767,2798,ASL_2011_07_19_Brady-106,8338
SWEATER,SWEATER,Liz,ASL_2008_02_29,54,3150,3190,ASL_2008_02_29-54,8339
SWEETHEART,SWEETHEART,Brady,ASL_2011_07_19_Brady,106,3330,3376,ASL_2011_07_19_Brady-106,8340
SWEETHEART,SWEETHEART,Liz,ASL_2008_03_28,2,835,880,ASL_2008_03_28-2,8341
SWIM,SWIM+,Brady,ASL_2011_07_19_Brady,107,907,943,ASL_2011_07_19_Brady-107,8342
SWIM,SWIM++,Liz,ASL_2008_03_28,2,1320,1380,ASL_2008_03_28-2,8343
SWING,SWING+,Brady,ASL_2011_07_19_Brady,107,1381,1442,ASL_2011_07_19_Brady-107,8344
SWING,SWING+,Liz,ASL_2008_03_28,2,4345,4426,ASL_2008_03_28-2,8345
SWING,SWING+,Liz,ASL_2008_03_28,2,5291,5395,ASL_2008_03_28-2,8346
SWITCH,SWITCH,Brady,ASL_2011_07_22_Brady,9,2558,2590,ASL_2011_07_22_Brady-9,8347
SWITCH,SWITCH,Liz,ASL_2008_03_28,21,2727,2770,ASL_2008_03_28-21,8348
SYMBOL,SYMBOL+,Brady,ASL_2011_07_19_Brady,107,2170,2197,ASL_2011_07_19_Brady-107,8349
SYMBOL,SYMBOL+,Liz,ASL_2008_03_28,3,665,707,ASL_2008_03_28-3,8350
SYSTEM,SYSTEM,Brady,ASL_2011_07_19_Brady,107,2429,2456,ASL_2011_07_19_Brady-107,8351
SYSTEM,SYSTEM,Liz,ASL_2008_03_28,3,1092,1125,ASL_2008_03_28-3,8352
T,T,Brady,ASL_2011_07_19_Brady,107,2662,2693,ASL_2011_07_19_Brady-107,8353
T,T,Liz,ASL_2008_03_28,3,1370,1421,ASL_2008_03_28-3,8354
TABLE,TABLE+,Liz,ASL_2008_03_28,3,2001,2037,ASL_2008_03_28-3,8355
TAIL,TAIL+++++,Liz,ASL_2008_03_28,3,2290,2335,ASL_2008_03_28-3,8356
TAKE,TAKE,Liz,ASL_2008_03_28,3,3215,3255,ASL_2008_03_28-3,8357
TAKE-A-HIKE,TAKE-A-HIKE,Brady,ASL_2011_06_14_Brady,25,2995,3017,ASL_2011_06_14_Brady-25,8358
TAKE-A-HIKE,TAKE-A-HIKE,Liz,ASL_2008_02_01,4,505,532,ASL_2008_02_01-4,8359
TAKE-A-HIKE,TAKE-A-HIKE,Naomi,ASL_2008_08_13,4,255,285,ASL_2008_08_13-4,8360
TAKE-A-HIKE,TAKE-A-HIKE,Tyler,ASL_2008_05_29a,36,240,261,ASL_2008_05_29a-36,8361
TAKE-ADVANTAGE,TAKE-ADVANTAGE,Brady,ASL_2011_07_19_Brady,61,673,689,ASL_2011_07_19_Brady-61,8362
TAKE-ADVANTAGE,TAKE-ADVANTAGE,Liz,ASL_2008_02_29,17,545,585,ASL_2008_02_29-17,8363
TAKE-ADVANTAGE,TAKE-ADVANTAGE++,Liz,ASL_2008_03_28,4,1722,1755,ASL_2008_03_28-4,8364
TAKE-BREAK,TAKE-BREAK,Brady,ASL_2011_06_08_Brady,23,7837,7856,ASL_2011_06_08_Brady-23,8365
TAKE-BREAK,TAKE-BREAK,Liz,ASL_2008_01_11,55,650,690,ASL_2008_01_11-55,8366
TAKE-BREAK,TAKE-BREAK,Naomi,ASL_2008_08_04,35,1426,1452,ASL_2008_08_04-35,8367
TAKE-BREAK,TAKE-BREAK,Tyler,ASL_2008_05_12a,34,990,1022,ASL_2008_05_12a-34,8368
TAKE-NOTES,TAKE-NOTES++,Brady,ASL_2011_07_19_Brady,23,3224,3270,ASL_2011_07_19_Brady-23,8369
TAKE-NOTES,TAKE-NOTES++,Liz,ASL_2008_02_15,28,1150,1205,ASL_2008_02_15-28,8370
TAKE-OFF,TAKE-OFF,Lana,ASL_2006_01_20,22,2870,2912,ASL_2006_01_20-22,8371
TAKE-OFF,TAKE-OFF,Liz,ASL_2008_03_28,4,1965,1985,ASL_2008_03_28-4,8372
TAKE-PICTURE,TAKE-PICTURE,Brady,ASL_2011_06_08_Brady,25,1522,1539,ASL_2011_06_08_Brady-25,8373
TAKE-PILL,TAKE-PILL+,Brady,ASL_2011_06_14_Brady,55,6193,6215,ASL_2011_06_14_Brady-55,8374
TAKE-PILL,TAKE-PILL+,Lana,ASL_2006_10_10,21,1267,1287,ASL_2006_10_10-21,8375
TAKE-PILL,TAKE-PILL+,Liz,ASL_2008_02_15,39,310,342,ASL_2008_02_15-39,8376
TAKE-PILL,TAKE-PILL+,Liz,ASL_2008_03_28,4,1425,1465,ASL_2008_03_28-4,8377
TAKE-SUBWAY,TAKE-SUBWAY,Brady,ASL_2011_06_14_Brady,27,729,749,ASL_2011_06_14_Brady-27,8378
TAKE-SUBWAY,TAKE-SUBWAY,Liz,ASL_2008_02_01,7,2380,2426,ASL_2008_02_01-7,8379
TAKE-SUBWAY,TAKE-SUBWAY,Naomi,ASL_2008_08_13,6,3280,3320,ASL_2008_08_13-6,8380
TAKE-SUBWAY,TAKE-SUBWAY_2++,Tyler,ASL_2008_05_29a,38,2012,2077,ASL_2008_05_29a-38,8381
TAKE-TRAIN,TAKE-TRAIN,Brady,ASL_2011_06_14_Brady,27,984,1002,ASL_2011_06_14_Brady-27,8382
TAKE-TRAIN,TAKE-TRAIN,Liz,ASL_2008_02_01,7,2802,2852,ASL_2008_02_01-7,8383
TAKE-TRAIN,TAKE-TRAIN,Naomi,ASL_2008_08_13,6,3590,3610,ASL_2008_08_13-6,8384
TAKE-TRAIN,TAKE-TRAIN,Tyler,ASL_2008_05_29a,38,2300,2345,ASL_2008_05_29a-38,8385
TAKE-UP,TAKE-UP,Brady,ASL_2011_07_22_Brady,38,4172,4202,ASL_2011_07_22_Brady-38,8386
TAKE-UP,TAKE-UP,Dana,ASL_2007_05_24,5,972,1000,ASL_2007_05_24-5,8387
TAKE-UP,TAKE-UP,Lana,ASL_2006_10_10,2,792,812,ASL_2006_10_10-2,8388
TAKE-UP,TAKE-UP,Liz,ASL_2008_01_11,7,785,825,ASL_2008_01_11-7,8389
TAKE-UP,TAKE-UP,Naomi,ASL_2008_08_04,5,3856,3883,ASL_2008_08_04-5,8390
TAKE-UP,TAKE-UP,Tyler,ASL_2008_05_12a,6,8005,8040,ASL_2008_05_12a-6,8391
TALK,TALK+,Liz,ASL_2008_03_28,4,2500,2530,ASL_2008_03_28-4,8392
TALK,TALK++,Brady,ASL_2011_07_19_Brady,109,233,264,ASL_2011_07_19_Brady-109,8393
TALK,TALKwg,Brady,ASL_2011_06_08_Brady,14,4907,4962,ASL_2011_06_08_Brady-14,8394
TALK,TALKwg,Liz,ASL_2010_08_10_Liz_additional_lexicon_signs,24,654,705,ASL_2010_08_10_Liz_additional_lexicon_signs-24,8395
TALK-OVER,TALK-OVER++,Brady,ASL_2011_06_14_Brady,55,5658,5718,ASL_2011_06_14_Brady-55,8396
TALK-OVER,TALK-OVER++,Liz,ASL_2008_02_15,1,4195,4281,ASL_2008_02_15-1,8397
TALK-OVER,TALK-OVER++,Tyler,ASL_2008_06_10,11,2155,2207,ASL_2008_06_10-11,8398
TALK-TO-SELF,TALK-TO-SELF+,Liz,ASL_2008_02_01,35,3945,4012,ASL_2008_02_01-35,8399
TALL,TALL,Brady,ASL_2011_06_14_Brady,33,2572,2590,ASL_2011_06_14_Brady-33,8400
TALL,TALL,Brady,ASL_2011_07_19_Brady,109,752,767,ASL_2011_07_19_Brady-109,8401
TALL,TALL,Liz,ASL_2008_03_28,4,3016,3060,ASL_2008_03_28-4,8402
TAN,TAN,Liz,ASL_2008_03_28,4,3281,3315,ASL_2008_03_28-4,8403
TANK-TOP,TANK-TOP+,Brady,ASL_2011_07_19_Brady,109,990,1024,ASL_2011_07_19_Brady-109,8404
TANK-TOP,TANK-TOP+,Liz,ASL_2008_03_28,4,3645,3685,ASL_2008_03_28-4,8405
TAP-DANCE,TAP-DANCE+,Brady,ASL_2011_07_19_Brady,109,1966,2029,ASL_2011_07_19_Brady-109,8406
TAP-DANCE,TAP-DANCE+,Liz,ASL_2008_03_28,5,357,405,ASL_2008_03_28-5,8407
TAPE,TAPE,Brady,ASL_2011_07_19_Brady,109,2578,2594,ASL_2011_07_19_Brady-109,8408
TAPE,TAPE,Liz,ASL_2008_03_28,5,1015,1041,ASL_2008_03_28-5,8409
TAPE-RECORDING,TAPE-RECORDING+,Brady,ASL_2011_07_19_Brady,109,2327,2368,ASL_2011_07_19_Brady-109,8410
TAPE-RECORDING,TAPE-RECORDING+,Liz,ASL_2008_03_28,5,715,787,ASL_2008_03_28-5,8411
TASTE,TASTE++,Brady,ASL_2011_07_19_Brady,109,2812,2844,ASL_2011_07_19_Brady-109,8412
TASTE,TASTE++,Dana,ASL_2007_05_24,27,302,356,ASL_2007_05_24-27,8413
TASTE,TASTE++,Lana,ASL_2006_10_10,25,352,385,ASL_2006_10_10-25,8414
TASTE,TASTE++,Liz,ASL_2008_03_28,5,1795,1820,ASL_2008_03_28-5,8415
TATTLE,(1h)TATTLE++,Liz,ASL_2008_03_28,5,2035,2080,ASL_2008_03_28-5,8416
TATTLE,(1h)TATTLE+++,Brady,ASL_2011_07_19_Brady,109,3041,3098,ASL_2011_07_19_Brady-109,8417
TATTLE,TATTLE+,Brady,ASL_2011_07_19_Brady,110,116,154,ASL_2011_07_19_Brady-110,8418
TATTLE,TATTLE+,Liz,ASL_2010_08_10_Liz_additional_lexicon_signs,9,2630,2680,ASL_2010_08_10_Liz_additional_lexicon_signs-9,8419
TATTOO,TATTOO+,Brady,ASL_2011_07_19_Brady,110,742,826,ASL_2011_07_19_Brady-110,8420
TATTOO,TATTOO+,Liz,ASL_2008_03_28,5,4021,4102,ASL_2008_03_28-5,8421
TATTOO,TATTOO_2+,Liz,ASL_2008_03_28,5,3516,3570,ASL_2008_03_28-5,8422
TEA,TEA+,Brady,ASL_2011_07_19_Brady,110,1003,1045,ASL_2011_07_19_Brady-110,8423
TEA,TEA+,Liz,ASL_2008_03_28,5,4975,5035,ASL_2008_03_28-5,8424
TEACH,TEACH+,Brady,ASL_2011_07_19_Brady,110,1773,1802,ASL_2011_07_19_Brady-110,8425
TEACH,TEACH+,Liz,ASL_2008_03_28,6,495,532,ASL_2008_03_28-6,8426
TEACH++AGENT,TEACH++AGENT,Liz,ASL_2008_03_28,6,948,1008,ASL_2008_03_28-6,8427
TEACH++AGENT,TEACH+AGENT,Brady,ASL_2011_07_19_Brady,110,1239,1270,ASL_2011_07_19_Brady-110,8428
TEAM,TEAM,Brady,ASL_2011_07_19_Brady,110,2193,2212,ASL_2011_07_19_Brady-110,8429
TEAM,TEAM,Liz,ASL_2008_03_28,6,1733,1765,ASL_2008_03_28-6,8430
TEASE,TEASE++,Brady,ASL_2011_07_19_Brady,110,2404,2445,ASL_2011_07_19_Brady-110,8431
TEASE,TEASE++,Brady,ASL_2011_07_22_Brady,55,121,166,ASL_2011_07_22_Brady-55,8432
TEASE,TEASE++,Liz,ASL_2008_03_28,6,1956,1999,ASL_2008_03_28-6,8433
TECHNOLOGY++AGENT,TECHNOLOGY++AGENT,Liz,ASL_2008_03_28,6,2191,2240,ASL_2008_03_28-6,8434
TECHNOLOGY++AGENT,TECHNOLOGY_2+++AGENT,Brady,ASL_2011_07_19_Brady,110,2648,2694,ASL_2011_07_19_Brady-110,8435
TEENAGER,TEENAGER,Liz,ASL_2010_08_10_Liz_additional_lexicon_signs,5,2136,2182,ASL_2010_08_10_Liz_additional_lexicon_signs-5,8436
TEETH,TEETH+,Brady,ASL_2011_07_19_Brady,111,148,181,ASL_2011_07_19_Brady-111,8437
TEETH,TEETH_2+,Liz,ASL_2008_03_28,6,2640,2701,ASL_2008_03_28-6,8438
TELESCOPE,TELESCOPE,Liz,ASL_2008_03_28,7,250,315,ASL_2008_03_28-7,8439
TELL:i,TELL-1p,Brady,ASL_2011_07_19_Brady,111,1361,1378,ASL_2011_07_19_Brady-111,8440
TELL:i,TELL-1p,Liz,ASL_2008_03_28,7,705,740,ASL_2008_03_28-7,8441
TELL:i,TELL:i,Brady,ASL_2011_07_19_Brady,111,1562,1576,ASL_2011_07_19_Brady-111,8442
TELL:i,TELL:i,Lana,ASL_2006_01_20,22,3010,3051,ASL_2006_01_20-22,8443
TELL:i,TELL:i,Liz,ASL_2008_03_28,7,987,1010,ASL_2008_03_28-7,8444
TEMPERATURE,(1)TEMPERATURE/PITCH,Brady,ASL_2011_07_22_Brady,55,675,739,ASL_2011_07_22_Brady-55,8445
TEMPERATURE,(1)TEMPERATURE/PITCH+,Brady,ASL_2011_07_19_Brady,111,1772,1824,ASL_2011_07_19_Brady-111,8446
TEMPERATURE,(1)TEMPERATURE/PITCH+,Liz,ASL_2008_03_28,7,1312,1361,ASL_2008_03_28-7,8447
TEMPERATURE,TEMPERATURE+,Brady,ASL_2011_07_19_Brady,111,2001,2047,ASL_2011_07_19_Brady-111,8448
TEMPERATURE,TEMPERATURE+,Liz,ASL_2008_03_28,7,1552,1590,ASL_2008_03_28-7,8449
TEMPLE,TEMPLE+,Brady,ASL_2011_07_19_Brady,111,2241,2271,ASL_2011_07_19_Brady-111,8450
TEMPLE,TEMPLE+,Liz,ASL_2008_03_28,7,1870,1910,ASL_2008_03_28-7,8451
TEMPT,TEMPT+,Brady,ASL_2011_07_19_Brady,112,158,187,ASL_2011_07_19_Brady-112,8452
TEMPT,TEMPT+,Liz,ASL_2008_03_28,7,2150,2180,ASL_2008_03_28-7,8453
TEN,TEN,Brady,ASL_2011_06_08_Brady,4,4980,5011,ASL_2011_06_08_Brady-4,8454
TEN,TEN,Liz,ASL_2008_01_11,2,1840,1865,ASL_2008_01_11-2,8455
TEN,TEN,Naomi,ASL_2008_08_04,1,1607,1621,ASL_2008_08_04-1,8456
TEN,TEN+,Tyler,ASL_2008_05_12a,1,1846,1945,ASL_2008_05_12a-1,8457
TEN+EIGHT,TEN+EIGHT,Liz,ASL_2008_01_11,3,3260,3294,ASL_2008_01_11-3,8458
TEN+EIGHT,TEN+EIGHT+,Liz,ASL_2008_01_11,3,2573,2611,ASL_2008_01_11-3,8459
TEND,(1h)TEND,Brady,ASL_2011_07_19_Brady,112,494,509,ASL_2011_07_19_Brady-112,8460
TEND,TEND,Liz,ASL_2008_03_28,7,2605,2645,ASL_2008_03_28-7,8461
TEST,TEST+,Brady,ASL_2011_07_19_Brady,112,1647,1677,ASL_2011_07_19_Brady-112,8462
TEST,TEST+,Liz,ASL_2008_03_28,8,1000,1040,ASL_2008_03_28-8,8463
TEST,TEST++,Tyler,ASL_2008_05_29a,15,1225,1274,ASL_2008_05_29a-15,8464
TEST_2,TEST_2,Brady,ASL_2011_06_14_Brady,14,2179,2209,ASL_2011_06_14_Brady-14,8465
TEST_2,TEST_2,Liz,ASL_2008_01_18,35,1345,1376,ASL_2008_01_18-35,8466
TEST_2,TEST_2,Naomi,ASL_2008_08_06,35,1166,1190,ASL_2008_08_06-35,8467
TEXTING,TEXTING+,Brady,ASL_2011_07_19_Brady,24,2168,2208,ASL_2011_07_19_Brady-24,8468
TEXTING,TEXTING_2+,Liz,ASL_2008_02_15,29,948,1001,ASL_2008_02_15-29,8469
THAN,THAN,Brady,ASL_2011_07_19_Brady,112,2328,2339,ASL_2011_07_19_Brady-112,8470
THAN,THAN,Liz,ASL_2008_03_28,8,2316,2329,ASL_2008_03_28-8,8471
THANKSGIVING,THANKSGIVING,Brady,ASL_2011_07_19_Brady,113,431,462,ASL_2011_07_19_Brady-113,8472
THANKSGIVING,THANKSGIVING,Liz,ASL_2008_03_28,8,2770,2807,ASL_2008_03_28-8,8473
THAT,THAT,Brady,ASL_2011_07_19_Brady,113,4073,4089,ASL_2011_07_19_Brady-113,8474
THAT,THAT,Liz,ASL_2008_03_28,9,645,670,ASL_2008_03_28-9,8475
THEN,THEN,Brady,ASL_2011_07_19_Brady,22,674,696,ASL_2011_07_19_Brady-22,8476
THEN,THEN,Liz,ASL_2008_02_15,26,3525,3555,ASL_2008_02_15-26,8477
THEORY,THEORY+,Liz,ASL_2008_03_28,9,1860,1912,ASL_2008_03_28-9,8478
THEORY,THEORY_2,Brady,ASL_2011_07_19_Brady,113,4959,4982,ASL_2011_07_19_Brady-113,8479
THEREFORE,THEREFORE,Brady,ASL_2011_07_19_Brady,114,607,638,ASL_2011_07_19_Brady-114,8480
THEREFORE,THEREFORE,Liz,ASL_2008_03_28,9,2625,2660,ASL_2008_03_28-9,8481
THERMOMETER,THERMOMETER,Brady,ASL_2011_07_19_Brady,114,905,944,ASL_2011_07_19_Brady-114,8482
THERMOMETER,THERMOMETER,Liz,ASL_2008_03_28,10,235,280,ASL_2008_03_28-10,8483
THESE,THESE,Brady,ASL_2011_07_19_Brady,114,1218,1244,ASL_2011_07_19_Brady-114,8484
THESE,THESE,Liz,ASL_2008_03_28,10,1196,1247,ASL_2008_03_28-10,8485
THESE,THIS,Brady,ASL_2011_07_22_Brady,55,2949,2967,ASL_2011_07_22_Brady-55,8486
THIEF,THIEF,Brady,ASL_2011_07_19_Brady,113,1494,1605,ASL_2011_07_19_Brady-113,8487
THIEF,THIEF,Liz,ASL_2010_08_10_Liz_additional_lexicon_signs,11,170,215,ASL_2010_08_10_Liz_additional_lexicon_signs-11,8488
THIN,THIN,Liz,ASL_2008_02_29,34,302,355,ASL_2008_02_29-34,8489
THIN,THIN_2,Brady,ASL_2011_07_19_Brady,86,1446,1469,ASL_2011_07_19_Brady-86,8490
THING,(2h)THING,Brady,ASL_2011_07_19_Brady,114,3449,3478,ASL_2011_07_19_Brady-114,8491
THING,(2h)THING,Liz,ASL_2008_03_28,10,6020,6056,ASL_2008_03_28-10,8492
THING,THING,Brady,ASL_2011_07_19_Brady,115,107,133,ASL_2011_07_19_Brady-115,8493
THING,THING,Liz,ASL_2008_03_28,10,6290,6336,ASL_2008_03_28-10,8494
THINK,THINK,Brady,ASL_2011_07_19_Brady,115,379,407,ASL_2011_07_19_Brady-115,8495
THINK,THINK,Brady,ASL_2011_07_19_Brady,116,1272,1302,ASL_2011_07_19_Brady-116,8496
THINK,THINK,Liz,ASL_2008_03_28,11,105,150,ASL_2008_03_28-11,8497
THINK,THINK,Liz,ASL_2008_03_28,15,1575,1610,ASL_2008_03_28-15,8498
THINK+(2h)PASS-OUT,THINK+(2h)PASS-OUT,Brady,ASL_2011_06_14_Brady,15,5885,5919,ASL_2011_06_14_Brady-15,8499
THINK+(2h)PASS-OUT,THINK+(2h)PASS-OUT,Liz,ASL_2008_01_18,37,1898,1973,ASL_2008_01_18-37,8500
THINK+(2h)PASS-OUT,THINK+(2h)PASS-OUT,Naomi,ASL_2008_08_06,37,1823,1852,ASL_2008_08_06-37,8501
THINK+AGREE,THINK+AGREE,Liz,ASL_2008_01_11,10,656,700,ASL_2008_01_11-10,8502
THINK+DECIDE,THINK+DECIDE,Brady,ASL_2011_06_14_Brady,3,11784,11802,ASL_2011_06_14_Brady-3,8503
THINK+DECIDE,THINK+DECIDE,Liz,ASL_2008_01_18,13,1220,1273,ASL_2008_01_18-13,8504
THINK+DECIDE,THINK+DECIDE,Naomi,ASL_2008_08_06,13,1202,1230,ASL_2008_08_06-13,8505
THINK+DECIDE,THINK+DECIDE,Tyler,ASL_2008_05_12b,13,1321,1352,ASL_2008_05_12b-13,8506
THINK+FAITH,THINK+FAITH,Liz,ASL_2010_08_10_Liz_additional_lexicon_signs,27,1910,1976,ASL_2010_08_10_Liz_additional_lexicon_signs-27,8507
THINK+FAITH,THINK+FAITH+,Brady,ASL_2011_06_14_Brady,15,7331,7361,ASL_2011_06_14_Brady-15,8508
THINK+FOCUS/NARROW,THINK+FOCUS/NARROW,Tyler,ASL_2008_06_10,23,944,987,ASL_2008_06_10-23,8509
THINK+GENERAL,THINK+GENERAL,Brady,ASL_2011_07_19_Brady,21,713,740,ASL_2011_07_19_Brady-21,8510
THINK+GENERAL,THINK+GENERAL,Liz,ASL_2008_02_15,26,345,409,ASL_2008_02_15-26,8511
THINK+GRAB-CHANCE,THINK+GRAB-CHANCE,Brady,ASL_2011_06_14_Brady,20,1280,1311,ASL_2011_06_14_Brady-20,8512
THINK+MARRY,THINK+MARRY,Brady,ASL_2011_06_08_Brady,18,14400,14421,ASL_2011_06_08_Brady-18,8513
THINK+MARRY,THINK+MARRY,Dana,ASL_2007_05_24,7,2437,2493,ASL_2007_05_24-7,8514
THINK+MARRY,THINK+MARRY,Lana,ASL_2006_10_10,3,2347,2389,ASL_2006_10_10-3,8515
THINK+MARRY,THINK+MARRY,Liz,ASL_2008_01_11,39,492,531,ASL_2008_01_11-39,8516
THINK+MARRY,THINK+MARRY,Naomi,ASL_2008_08_04,26,728,757,ASL_2008_08_04-26,8517
THINK+MARRY,THINK+MARRY,Tyler,ASL_2008_05_12a,25,615,656,ASL_2008_05_12a-25,8518
THINK+MEAN,(V)THINK+MEAN,Brady,ASL_2011_06_14_Brady,40,6902,6937,ASL_2011_06_14_Brady-40,8519
THINK+MEAN,(V)THINK+MEAN,Liz,ASL_2008_02_01,33,797,855,ASL_2008_02_01-33,8520
THINK+MEAN,THINK+MEAN,Naomi,ASL_2008_08_13,27,2090,2135,ASL_2008_08_13-27,8521
THINK+MEAN,THINK+MEAN,Tyler,ASL_2008_05_29b,7,2431,2467,ASL_2008_05_29b-7,8522
THINK+MESSED-UP,THINK+MESSED-UP,Brady,ASL_2011_06_14_Brady,5,2582,2613,ASL_2011_06_14_Brady-5,8523
THINK+MESSED-UP,THINK+MESSED-UP,Liz,ASL_2008_01_18,20,965,1020,ASL_2008_01_18-20,8524
THINK+MESSED-UP,THINK+MESSED-UP,Naomi,ASL_2008_08_06,20,757,791,ASL_2008_08_06-20,8525
THINK+MESSED-UP,THINK+MESSED-UP,Tyler,ASL_2008_05_12b,19,971,1009,ASL_2008_05_12b-19,8526
THINK+MIX-UP,THINK+MIX-UP,Brady,ASL_2011_06_08_Brady,29,14842,14885,ASL_2011_06_08_Brady-29,8527
THINK+MIX-UP,THINK+MIX-UP,Brady,ASL_2011_06_14_Brady,3,9054,9089,ASL_2011_06_14_Brady-3,8528
THINK+MIX-UP,THINK+MIX-UP,Liz,ASL_2008_01_18,3,938,1017,ASL_2008_01_18-3,8529
THINK+MIX-UP,THINK+MIX-UP,Naomi,ASL_2008_08_06,3,583,630,ASL_2008_08_06-3,8530
THINK+OPPOSITE,THINK+OPPOSITE,Brady,ASL_2011_06_14_Brady,5,2126,2146,ASL_2011_06_14_Brady-5,8531
THINK+OPPOSITE,THINK+OPPOSITE,Dana,ASL_2007_05_24,11,1492,1540,ASL_2007_05_24-11,8532
THINK+OPPOSITE,THINK+OPPOSITE,Lana,ASL_2006_10_10,7,1423,1452,ASL_2006_10_10-7,8533
THINK+OPPOSITE,THINK+OPPOSITE,Liz,ASL_2008_01_18,19,215,265,ASL_2008_01_18-19,8534
THINK+OPPOSITE,THINK+OPPOSITE,Naomi,ASL_2008_08_06,18,2589,2607,ASL_2008_08_06-18,8535
THINK+SHOCK,(2h)THINK+SHOCK,Brady,ASL_2011_07_19_Brady,80,4221,4244,ASL_2011_07_19_Brady-80,8536
THINK+SHOCK,THINK+SHOCK,Liz,ASL_2008_02_29,29,2211,2267,ASL_2008_02_29-29,8537
THINK+TALK-TO-SELF,THINK+TALK-TO-SELF+,Naomi,ASL_2008_08_13,29,4390,4431,ASL_2008_08_13-29,8538
THINK+TALK-TO-SELF,THINK+TALK-TO-SELF++,Brady,ASL_2011_06_14_Brady,42,2785,2826,ASL_2011_06_14_Brady-42,8539
THINK-ABOUT,THINK-ABOUT+,Liz,ASL_2008_03_28,11,320,373,ASL_2008_03_28-11,8540
THINK-OVER,THINK-OVER+,Brady,ASL_2011_06_08_Brady,29,16344,16373,ASL_2011_06_08_Brady-29,8541
THINK-OVER,THINK-OVER+,Liz,ASL_2008_01_18,3,2305,2350,ASL_2008_01_18-3,8542
THINK-OVER,THINK-OVER+,Naomi,ASL_2008_08_06,3,1740,1775,ASL_2008_08_06-3,8543
THINK-OVER,THINK-OVER+,Tyler,ASL_2008_05_12b,3,1810,1860,ASL_2008_05_12b-3,8544
THIRD,THIRD,Brady,ASL_2011_06_08_Brady,5,7272,7295,ASL_2011_06_08_Brady-5,8545
THIRD,THIRD,Brady,ASL_2011_07_19_Brady,115,1129,1151,ASL_2011_07_19_Brady-115,8546
THIRD,THIRD,Liz,ASL_2008_03_28,11,767,802,ASL_2008_03_28-11,8547
THIRD,THIRD,Liz,ASL_2010_08_10_Liz_additional_lexicon_signs,15,517,550,ASL_2010_08_10_Liz_additional_lexicon_signs-15,8548
THIRD,THIRD,Liz,ASL_2010_08_10_Liz_additional_lexicon_signs,18,610,640,ASL_2010_08_10_Liz_additional_lexicon_signs-18,8549
THIRD-IN-LIST,THIRD-IN-LIST,Brady,ASL_2011_07_19_Brady,115,906,927,ASL_2011_07_19_Brady-115,8550
THIRD-IN-LIST,THIRD-IN-LIST,Liz,ASL_2008_03_28,11,550,585,ASL_2008_03_28-11,8551
THIRD-PLACE,THIRD-PLACE,Liz,ASL_2010_08_10_Liz_additional_lexicon_signs,13,406,450,ASL_2010_08_10_Liz_additional_lexicon_signs-13,8552
THIRD-PLACE,THIRD-PLACE_2,Brady,ASL_2011_06_08_Brady,5,8634,8656,ASL_2011_06_08_Brady-5,8553
THIRSTY,THIRSTY,Brady,ASL_2011_06_14_Brady,30,810,830,ASL_2011_06_14_Brady-30,8554
THIRSTY,THIRSTY,Brady,ASL_2011_07_19_Brady,115,1345,1369,ASL_2011_07_19_Brady-115,8555
THIRSTY,THIRSTY,Liz,ASL_2008_03_28,11,1000,1035,ASL_2008_03_28-11,8556
THIRTEEN,THIRTEEN,Brady,ASL_2011_06_08_Brady,4,8125,8153,ASL_2011_06_08_Brady-4,8557
THIRTEEN,THIRTEEN,Liz,ASL_2008_01_11,2,786,815,ASL_2008_01_11-2,8558
THIRTEEN,THIRTEEN,Naomi,ASL_2008_08_04,1,683,702,ASL_2008_08_04-1,8559
THIRTEEN,THIRTEEN,Tyler,ASL_2008_05_12a,1,920,986,ASL_2008_05_12a-1,8560
THIRTY,THIRTY,Liz,ASL_2008_03_28,11,1280,1298,ASL_2008_03_28-11,8561
THIRTY,THIRTY_2,Brady,ASL_2011_07_19_Brady,115,1570,1581,ASL_2011_07_19_Brady-115,8562
THIRTY-THREE,THIRTY-THREE,Brady,ASL_2011_07_19_Brady,115,1774,1798,ASL_2011_07_19_Brady-115,8563
THIRTY-THREE,THIRTY-THREE,Liz,ASL_2010_08_10_Liz_additional_lexicon_signs,19,595,640,ASL_2010_08_10_Liz_additional_lexicon_signs-19,8564
THIS-PLACE,(1h)THIS-PLACE,Brady,ASL_2011_07_19_Brady,115,2026,2051,ASL_2011_07_19_Brady-115,8565
THIS-PLACE,(1h)THIS-PLACE,Liz,ASL_2008_03_28,11,1510,1545,ASL_2008_03_28-11,8566
THIS-PLACE,THIS-PLACE,Brady,ASL_2011_06_14_Brady,33,6093,6114,ASL_2011_06_14_Brady-33,8567
THIS-PLACE,THIS-PLACE,Liz,ASL_2008_02_01,21,2615,2660,ASL_2008_02_01-21,8568
THIS-PLACE,THIS-PLACE,Naomi,ASL_2008_08_13,17,2665,2690,ASL_2008_08_13-17,8569
THOUSAND,THOUSAND,Liz,ASL_2008_03_28,15,1760,1780,ASL_2008_03_28-15,8570
THREE,THREE,Brady,ASL_2011_06_08_Brady,5,6628,6645,ASL_2011_06_08_Brady-5,8571
THREE,THREE,Liz,ASL_2008_01_11,2,2411,2435,ASL_2008_01_11-2,8572
THREE,THREE,Naomi,ASL_2008_08_04,1,2057,2078,ASL_2008_08_04-1,8573
THREE,THREE,Tyler,ASL_2008_05_12a,1,2226,2306,ASL_2008_05_12a-1,8574
THREE,THREE_2,Brady,ASL_2011_06_08_Brady,5,8390,8403,ASL_2011_06_08_Brady-5,8575
THREE-FOURTHS,THREE-FOURTHS,Brady,ASL_2011_07_19_Brady,117,159,184,ASL_2011_07_19_Brady-117,8576
THREE-FOURTHS,THREE-FOURTHS,Liz,ASL_2008_03_28,15,2200,2240,ASL_2008_03_28-15,8577
THREE-HOUR,THREE-HOUR,Brady,ASL_2011_07_19_Brady,117,428,460,ASL_2011_07_19_Brady-117,8578
THREE-MONTHS,THREE-MONTHS,Brady,ASL_2011_07_19_Brady,116,2205,2226,ASL_2011_07_19_Brady-116,8579
THREE-MONTHS,THREE-MONTHS,Liz,ASL_2010_08_10_Liz_additional_lexicon_signs,16,7145,7200,ASL_2010_08_10_Liz_additional_lexicon_signs-16,8580
THREE-MORE,THREE-MORE,Brady,ASL_2011_07_19_Brady,116,2419,2447,ASL_2011_07_19_Brady-116,8581
THREE-MORE,THREE-MORE,Liz,ASL_2010_08_10_Liz_additional_lexicon_signs,16,766,790,ASL_2010_08_10_Liz_additional_lexicon_signs-16,8582
THREE-WEEKS,THREE-WEEKS,Brady,ASL_2011_07_19_Brady,116,2650,2669,ASL_2011_07_19_Brady-116,8583
THREE-WEEKS,THREE-WEEKS,Liz,ASL_2010_08_10_Liz_additional_lexicon_signs,16,5800,5845,ASL_2010_08_10_Liz_additional_lexicon_signs-16,8584
THREE_2+HOUR,THREE_2+HOUR,Liz,ASL_2010_08_10_Liz_additional_lexicon_signs,16,4252,4321,ASL_2010_08_10_Liz_additional_lexicon_signs-16,8585
THRILL/WHAT'S-UP,THRILL/WHAT'S-UP,Brady,ASL_2011_06_14_Brady,13,1729,1752,ASL_2011_06_14_Brady-13,8586
THRILL/WHAT'S-UP,THRILL/WHAT'S-UP,Brady,ASL_2011_06_14_Brady,43,7574,7591,ASL_2011_06_14_Brady-43,8587
THRILL/WHAT'S-UP,THRILL/WHAT'S-UP,Liz,ASL_2008_01_18,33,1951,1976,ASL_2008_01_18-33,8588
THRILL/WHAT'S-UP,THRILL/WHAT'S-UP,Liz,ASL_2008_02_01,50,885,935,ASL_2008_02_01-50,8589
THRILL/WHAT'S-UP,THRILL/WHAT'S-UP,Naomi,ASL_2008_08_06,33,1930,1962,ASL_2008_08_06-33,8590
THRILL/WHAT'S-UP,THRILL/WHAT'S-UP,Naomi,ASL_2008_08_13_session2,5,380,405,ASL_2008_08_13_session2-5,8591
THRILL/WHAT'S-UP,THRILL/WHAT'S-UP,Tyler,ASL_2008_05_29b,11,3010,3027,ASL_2008_05_29b-11,8592
THROAT,THROAT+,Brady,ASL_2011_07_19_Brady,117,672,725,ASL_2011_07_19_Brady-117,8593
THROAT,THROAT+,Liz,ASL_2008_03_28,15,2440,2486,ASL_2008_03_28-15,8594
THROAT-HURT,THROAT-HURT+,Brady,ASL_2011_07_19_Brady,117,909,952,ASL_2011_07_19_Brady-117,8595
THROAT-HURT,THROAT-HURT++,Liz,ASL_2008_03_28,16,595,645,ASL_2008_03_28-16,8596
THROUGH,THROUGH,Brady,ASL_2011_07_19_Brady,117,1114,1148,ASL_2011_07_19_Brady-117,8597
THROUGH,THROUGH,Liz,ASL_2008_03_28,16,855,885,ASL_2008_03_28-16,8598
THROW,(1)THROW,Brady,ASL_2011_07_22_Brady,5,477,504,ASL_2011_07_22_Brady-5,8599
THROW,(1)THROW,Brady,ASL_2011_07_22_Brady,55,3333,3354,ASL_2011_07_22_Brady-55,8600
THROW,(1)THROW,Liz,ASL_2008_03_28,16,2201,2230,ASL_2008_03_28-16,8601
THROW,(5)THROW,Brady,ASL_2011_07_22_Brady,55,3557,3576,ASL_2011_07_22_Brady-55,8602
THROW,(5)THROW,Liz,ASL_2008_03_28,16,2450,2480,ASL_2008_03_28-16,8603
THROW,THROW,Brady,ASL_2011_07_19_Brady,117,2480,2497,ASL_2011_07_19_Brady-117,8604
THROW,THROW,Liz,ASL_2008_03_28,16,1450,1481,ASL_2008_03_28-16,8605
THROW-AWAY,THROW-AWAY,Naomi,ASL_2008_08_04,3,2768,2786,ASL_2008_08_04-3,8606
THROW-BALL,THROW-BALL,Liz,ASL_2008_03_28,16,2936,2966,ASL_2008_03_28-16,8607
THROW-BASKETBALL,THROW-BASKETBALL,Liz,ASL_2008_03_28,16,1955,2005,ASL_2008_03_28-16,8608
THROW-SOFTBALL,THROW-SOFTBALL,Liz,ASL_2008_03_28,16,2690,2740,ASL_2008_03_28-16,8609
THUMB,THUMB,Liz,ASL_2008_03_28,17,336,375,ASL_2008_03_28-17,8610
THUMBTACK/BUTTON,THUMBTACK/BUTTON+,Liz,ASL_2008_03_28,17,1996,2035,ASL_2008_03_28-17,8611
THURSDAY,THURSDAY,Brady,ASL_2011_07_22_Brady,5,2205,2222,ASL_2011_07_22_Brady-5,8612
THURSDAY,THURSDAY,Brady,ASL_2011_07_22_Brady,5,2708,2728,ASL_2011_07_22_Brady-5,8613
THURSDAY,THURSDAY,Liz,ASL_2008_03_28,17,2741,2776,ASL_2008_03_28-17,8614
THURSDAY,THURSDAY,Liz,ASL_2008_03_28,17,3400,3436,ASL_2008_03_28-17,8615
TICKLE,TICKLE,Brady,ASL_2011_07_22_Brady,5,3626,3662,ASL_2011_07_22_Brady-5,8616
TICKLE,TICKLE,Liz,ASL_2008_03_28,17,4276,4318,ASL_2008_03_28-17,8617
TIE,TIE,Brady,ASL_2011_07_22_Brady,5,3308,3352,ASL_2011_07_22_Brady-5,8618
TIE,TIE,Brady,ASL_2011_07_22_Brady,56,40,75,ASL_2011_07_22_Brady-56,8619
TIE,TIE,Brady,ASL_2011_07_22_Brady,56,250,285,ASL_2011_07_22_Brady-56,8620
TIE,TIE,Liz,ASL_2008_03_28,17,4503,4540,ASL_2008_03_28-17,8621
TIE,TIE,Liz,ASL_2008_03_28,18,445,500,ASL_2008_03_28-18,8622
TIGER,TIGER+,Liz,ASL_2008_03_28,18,1155,1200,ASL_2008_03_28-18,8623
TIME,TIME++,Liz,ASL_2008_03_28,18,1440,1470,ASL_2008_03_28-18,8624
"TIME++(1h)""WHAT""","TIME++(1h)""WHAT""",Liz,ASL_2008_03_28,39,1262,1299,ASL_2008_03_28-39,8625
"TIME++DCL""circular object""","TIME++DCL""circular object""",Liz,ASL_2008_01_11,79,1911,1970,ASL_2008_01_11-79,8626
"TIME++DCL""circular object""","TIME++DCL""circular object""",Tyler,ASL_2008_05_12a,48,488,530,ASL_2008_05_12a-48,8627
"TIME++DCL""circular object""","TIME+DCL""circular object""",Brady,ASL_2011_06_14_Brady,3,8812,8836,ASL_2011_06_14_Brady-3,8628
"TIME++DCL""circular object""","TIME+DCL""circular object""",Naomi,ASL_2008_08_04,50,495,532,ASL_2008_08_04-50,8629
TIME-PERIOD,TIME-PERIOD,Liz,ASL_2008_03_28,18,1725,1760,ASL_2008_03_28-18,8630
TIPTOE,(bent-1)TIPTOE+,Liz,ASL_2008_03_28,18,1965,2035,ASL_2008_03_28-18,8631
TIPTOE,TIPTOE+,Liz,ASL_2008_03_28,18,2205,2285,ASL_2008_03_28-18,8632
TIRED,(1h)TIRED,Brady,ASL_2011_06_14_Brady,16,6174,6199,ASL_2011_06_14_Brady-16,8633
TIRED,TIRED,Liz,ASL_2008_03_28,18,2445,2495,ASL_2008_03_28-18,8634
TO-FOOL,TO-FOOL,Brady,ASL_2011_06_08_Brady,19,8763,8778,ASL_2011_06_08_Brady-19,8635
TO-FOOL,TO-FOOL,Brady,ASL_2011_06_14_Brady,21,538,551,ASL_2011_06_14_Brady-21,8636
TO-FOOL,TO-FOOL,Liz,ASL_2008_01_18,46,1385,1405,ASL_2008_01_18-46,8637
TO-FOOL,TO-FOOL,Liz,ASL_2010_08_10_Liz_additional_lexicon_signs,6,2769,2811,ASL_2010_08_10_Liz_additional_lexicon_signs-6,8638
TO-FOOL,TO-FOOL,Naomi,ASL_2008_08_06,46,1160,1185,ASL_2008_08_06-46,8639
TO-FOOL,TO-FOOL,Tyler,ASL_2008_05_29a,25,6242,6266,ASL_2008_05_29a-25,8640
TO/UNTIL,TO/UNTIL,Brady,ASL_2011_07_22_Brady,7,249,270,ASL_2011_07_22_Brady-7,8641
TO/UNTIL,TO/UNTIL,Brady,ASL_2011_07_22_Brady,17,147,177,ASL_2011_07_22_Brady-17,8642
TO/UNTIL,TO/UNTIL,Liz,ASL_2008_03_28,18,3310,3340,ASL_2008_03_28-18,8643
TO/UNTIL,TO/UNTIL,Liz,ASL_2008_03_28,28,1795,1835,ASL_2008_03_28-28,8644
TOAST,TOAST,Liz,ASL_2008_03_28,19,490,530,ASL_2008_03_28-19,8645
TOAST,TOAST_2,Brady,ASL_2011_07_22_Brady,7,821,846,ASL_2011_07_22_Brady-7,8646
TOBACCO,TOBACCO+,Liz,ASL_2008_03_28,19,740,795,ASL_2008_03_28-19,8647
TOBACCO,TOBACCO_2++,Brady,ASL_2011_07_22_Brady,7,1103,1155,ASL_2011_07_22_Brady-7,8648
TOGETHER/GO-STEADY,ALL-TOGETHER,Liz,ASL_2008_01_11,12,1510,1555,ASL_2008_01_11-12,8649
TOGETHER/GO-STEADY,ALL-TOGETHER,Naomi,ASL_2008_08_04,9,1237,1277,ASL_2008_08_04-9,8650
TOGETHER/GO-STEADY,ALL-TOGETHER,Tyler,ASL_2008_05_12a,10,1590,1630,ASL_2008_05_12a-10,8651
TOGETHER/GO-STEADY,TOGETHER/GO-STEADY+,Liz,ASL_2008_03_28,19,1425,1460,ASL_2008_03_28-19,8652
TOGETHER/GO-STEADY,TOGETHER/GO-STEADY++,Brady,ASL_2011_06_14_Brady,27,1225,1263,ASL_2011_06_14_Brady-27,8653
TOGETHER/GO-STEADY,TOGETHER/GO-STEADY++,Brady,ASL_2011_07_22_Brady,7,1764,1811,ASL_2011_07_22_Brady-7,8654
TOGETHER/GO-STEADY,TOGETHER/GO-STEADY++,Naomi,ASL_2008_08_13,6,3900,3940,ASL_2008_08_13-6,8655
TOGETHER/GO-STEADY,TOGETHER/GO-STEADY+++,Liz,ASL_2008_02_01,8,280,360,ASL_2008_02_01-8,8656
TOILET,TOILET,Brady,ASL_2011_07_19_Brady,51,1341,1378,ASL_2011_07_19_Brady-51,8657
TOILET,TOILET+,Lana,ASL_2006_10_10,22,1234,1272,ASL_2006_10_10-22,8658
TOILET,TOILET+,Liz,ASL_2008_01_11,34,1050,1075,ASL_2008_01_11-34,8659
TOILET,TOILET+,Naomi,ASL_2008_08_04,23,2163,2185,ASL_2008_08_04-23,8660
TOILET,TOILET+,Tyler,ASL_2008_05_12a,22,1615,1665,ASL_2008_05_12a-22,8661
TOILET,TOILET++,Brady,ASL_2011_06_08_Brady,17,4016,4069,ASL_2011_06_08_Brady-17,8662
TOMATO,TOMATO,Liz,ASL_2008_03_28,19,2016,2050,ASL_2008_03_28-19,8663
TOMATO,TOMATO,Liz,ASL_2008_03_28,19,2455,2490,ASL_2008_03_28-19,8664
TOMORROW,TOMORROW,Brady,ASL_2011_07_22_Brady,7,2654,2669,ASL_2011_07_22_Brady-7,8665
TOMORROW,TOMORROW,Liz,ASL_2008_03_28,19,2731,2757,ASL_2008_03_28-19,8666
TONGUE,TONGUE,Brady,ASL_2011_07_22_Brady,8,796,819,ASL_2011_07_22_Brady-8,8667
TONGUE,TONGUE,Liz,ASL_2008_03_28,20,296,336,ASL_2008_03_28-20,8668
TOOTH/GLASS,TOOTH/GLASS,Liz,ASL_2008_03_28,20,775,840,ASL_2008_03_28-20,8669
TOOTH/GLASS,TOOTH/GLASS+,Brady,ASL_2011_07_22_Brady,8,1620,1660,ASL_2011_07_22_Brady-8,8670
TOOTH/GLASS,TOOTH/GLASS+,Naomi,ASL_2008_08_06,14,1691,1720,ASL_2008_08_06-14,8671
TOOTH/GLASS,TOOTH/GLASS++,Brady,ASL_2011_06_08_Brady,32,15568,15600,ASL_2011_06_08_Brady-32,8672
TOOTH/GLASS,TOOTH/GLASS++,Liz,ASL_2008_01_18,14,1790,1830,ASL_2008_01_18-14,8673
TOOTH/GLASS,TOOTH/GLASS++,Liz,ASL_2008_02_01,6,950,1001,ASL_2008_02_01-6,8674
TOOTH/GLASS,TOOTH/GLASS++,Naomi,ASL_2008_08_13,5,3317,3355,ASL_2008_08_13-5,8675
TOOTH/GLASS,TOOTH/GLASS++,Tyler,ASL_2008_05_29a,37,3005,3050,ASL_2008_05_29a-37,8676
TOOTHBRUSH,TOOTHBRUSH++,Brady,ASL_2011_07_22_Brady,8,1896,1943,ASL_2011_07_22_Brady-8,8677
TOOTHBRUSH,TOOTHBRUSH++,Liz,ASL_2008_03_28,20,988,1055,ASL_2008_03_28-20,8678
TOOTHPASTE,(A)TOOTHPASTE,Brady,ASL_2011_07_22_Brady,8,2375,2414,ASL_2011_07_22_Brady-8,8679
TOOTHPASTE,(A)TOOTHPASTE,Liz,ASL_2008_03_28,20,1610,1670,ASL_2008_03_28-20,8680
TOOTHPASTE,TOOTHPASTE,Liz,ASL_2008_03_28,20,1307,1350,ASL_2008_03_28-20,8681
TOOTHPASTE,TOOTHPASTE_2+,Brady,ASL_2011_07_22_Brady,8,2138,2186,ASL_2011_07_22_Brady-8,8682
TOP,TOP,Brady,ASL_2011_07_22_Brady,8,2620,2645,ASL_2011_07_22_Brady-8,8683
TOP,TOP,Liz,ASL_2008_03_28,20,2036,2070,ASL_2008_03_28-20,8684
TORNADO,(1)TORNADO+,Brady,ASL_2011_07_22_Brady,8,3103,3146,ASL_2011_07_22_Brady-8,8685
TORNADO,(1)TORNADO+,Liz,ASL_2008_03_28,20,2500,2552,ASL_2008_03_28-20,8686
TORNADO,TORNADO++,Brady,ASL_2011_07_22_Brady,8,2865,2905,ASL_2011_07_22_Brady-8,8687
TORNADO,TORNADO++,Liz,ASL_2008_03_28,20,2265,2320,ASL_2008_03_28-20,8688
TORTURE,TORTURE+,Brady,ASL_2011_07_22_Brady,8,3455,3493,ASL_2011_07_22_Brady-8,8689
TORTURE,TORTURE+,Liz,ASL_2008_03_28,21,560,667,ASL_2008_03_28-21,8690
TORTURE,TORTURE_2+,Brady,ASL_2011_07_22_Brady,9,200,278,ASL_2011_07_22_Brady-9,8691
TOSS,TOSS,Brady,ASL_2011_07_19_Brady,117,3315,3335,ASL_2011_07_19_Brady-117,8692
TOSS,TOSS,Liz,ASL_2008_02_15,40,995,1045,ASL_2008_02_15-40,8693
TOSS,TOSS,Liz,ASL_2008_03_28,16,1677,1715,ASL_2008_03_28-16,8694
TOTAL,TOTAL,Brady,ASL_2011_07_22_Brady,37,606,630,ASL_2011_07_22_Brady-37,8695
TOTAL,TOTAL,Naomi,ASL_2008_08_04,5,1339,1368,ASL_2008_08_04-5,8696
TOTAL,TOTAL,Tyler,ASL_2008_05_12a,6,4855,4881,ASL_2008_05_12a-6,8697
TOTAL,TOTAL,Tyler,ASL_2008_05_12a,6,5170,5200,ASL_2008_05_12a-6,8698
TOTAL,TOTAL_2,Brady,ASL_2011_06_08_Brady,11,7910,7936,ASL_2011_06_08_Brady-11,8699
TOTAL,TOTAL_2,Liz,ASL_2008_01_11,13,1681,1725,ASL_2008_01_11-13,8700
TOTAL,TOTAL_2,Tyler,ASL_2008_05_12a,10,4206,4236,ASL_2008_05_12a-10,8701
TOUCH,TOUCH,Brady,ASL_2011_07_22_Brady,9,540,562,ASL_2011_07_22_Brady-9,8702
TOUCH,TOUCH_2,Liz,ASL_2008_03_28,21,867,890,ASL_2008_03_28-21,8703
TOUCH-HEART,TOUCH-HEART,Liz,ASL_2008_02_01,27,847,901,ASL_2008_02_01-27,8704
TOUCH-HEART,TOUCH-HEART,Naomi,ASL_2008_08_13,23,1010,1057,ASL_2008_08_13-23,8705
TOUCH-HEART,TOUCH-HEART,Tyler,ASL_2008_05_29b,3,576,605,ASL_2008_05_29b-3,8706
TOUGH,TOUGH,Brady,ASL_2011_07_22_Brady,9,794,820,ASL_2011_07_22_Brady-9,8707
TOUGH,TOUGH,Liz,ASL_2008_03_28,21,1067,1094,ASL_2008_03_28-21,8708
TOUGH,TOUGH,Naomi,ASL_2008_08_06,17,1755,1777,ASL_2008_08_06-17,8709
TOUGH,TOUGH,Tyler,ASL_2008_05_12b,16,1461,1490,ASL_2008_05_12b-16,8710
TOUGH,TOUGH,Tyler,ASL_2008_05_29a,46,1740,1765,ASL_2008_05_29a-46,8711
TOUGH,TOUGH+,Brady,ASL_2011_06_08_Brady,34,3220,3258,ASL_2011_06_08_Brady-34,8712
TOUGH,TOUGH+,Brady,ASL_2011_06_14_Brady,31,7260,7293,ASL_2011_06_14_Brady-31,8713
TOUGH,TOUGH+,Brady,ASL_2011_07_19_Brady,43,2459,2501,ASL_2011_07_19_Brady-43,8714
TOUGH,TOUGH+,Naomi,ASL_2008_08_13,14,2115,2158,ASL_2008_08_13-14,8715
TOUGH,TOUGH++,Liz,ASL_2008_01_18,17,1136,1190,ASL_2008_01_18-17,8716
TOUGH,TOUGH++,Liz,ASL_2008_02_15,49,1440,1485,ASL_2008_02_15-49,8717
TOURNAMENT,TOURNAMENT+,Brady,ASL_2011_07_22_Brady,9,1072,1122,ASL_2011_07_22_Brady-9,8718
TOURNAMENT,TOURNAMENT+,Liz,ASL_2008_03_28,21,1315,1369,ASL_2008_03_28-21,8719
TOWEL,TOWEL+,Brady,ASL_2011_07_22_Brady,9,1560,1610,ASL_2011_07_22_Brady-9,8720
TOWEL,TOWEL+,Liz,ASL_2008_03_28,21,1760,1820,ASL_2008_03_28-21,8721
TRACE-HEART,(1)TRACE-HEART,Brady,ASL_2011_06_14_Brady,33,306,342,ASL_2011_06_14_Brady-33,8722
TRACE-HEART,(1)TRACE-HEART,Liz,ASL_2008_02_01,20,1335,1385,ASL_2008_02_01-20,8723
TRACE-HEART,(1)TRACE-HEART,Naomi,ASL_2008_08_13,16,2223,2252,ASL_2008_08_13-16,8724
TRACE-HEART,TRACE-HEART,Brady,ASL_2011_06_14_Brady,32,7809,7846,ASL_2011_06_14_Brady-32,8725
TRACE-HEART,TRACE-HEART,Tyler,ASL_2008_05_29a,48,1037,1075,ASL_2008_05_29a-48,8726
TRADITION,TRADITION,Brady,ASL_2011_07_22_Brady,9,2834,2854,ASL_2011_07_22_Brady-9,8727
TRADITION,TRADITION,Liz,ASL_2008_03_28,22,350,385,ASL_2008_03_28-22,8728
TRAFFIC,TRAFFIC+,Liz,ASL_2008_03_28,22,651,690,ASL_2008_03_28-22,8729
TRAFFIC,TRAFFIC+++,Brady,ASL_2011_07_22_Brady,10,146,192,ASL_2011_07_22_Brady-10,8730
TRAIN,TRAIN++,Brady,ASL_2011_06_08_Brady,28,2933,2980,ASL_2011_06_08_Brady-28,8731
TRAIN,TRAIN++,Brady,ASL_2011_07_19_Brady,103,1258,1296,ASL_2011_07_19_Brady-103,8732
TRAIN,TRAIN++,Brady,ASL_2011_07_22_Brady,10,389,430,ASL_2011_07_22_Brady-10,8733
TRAIN,TRAIN++,Liz,ASL_2008_03_28,22,878,935,ASL_2008_03_28-22,8734
TRANSFER,TRANSFER,Brady,ASL_2011_07_22_Brady,11,1843,1870,ASL_2011_07_22_Brady-11,8735
TRANSFER,TRANSFER,Liz,ASL_2008_03_28,23,2634,2673,ASL_2008_03_28-23,8736
TRANSLATE,TRANSLATE,Brady,ASL_2011_07_22_Brady,10,616,651,ASL_2011_07_22_Brady-10,8737
TRANSLATE,TRANSLATE,Liz,ASL_2008_03_28,22,1110,1162,ASL_2008_03_28-22,8738
TRANSPORTATION,TRANSPORTATION+,Brady,ASL_2011_07_22_Brady,10,863,922,ASL_2011_07_22_Brady-10,8739
TRANSPORTATION,TRANSPORTATION+,Liz,ASL_2008_03_28,22,1381,1449,ASL_2008_03_28-22,8740
TRAP,TRAP,Liz,ASL_2008_03_28,22,1746,1797,ASL_2008_03_28-22,8741
TRAP,TRAP_2,Brady,ASL_2011_07_22_Brady,10,1104,1131,ASL_2011_07_22_Brady-10,8742
TRASH/BAG,(G)TRASH/BAG,Liz,ASL_2010_08_10_Liz_additional_lexicon_signs,28,3185,3255,ASL_2010_08_10_Liz_additional_lexicon_signs-28,8743
TRASH/BAG,TRASH/BAG,Brady,ASL_2011_06_08_Brady,16,9400,9425,ASL_2011_06_08_Brady-16,8744
TRASH/BAG,TRASH/BAG,Liz,ASL_2008_01_11,33,340,370,ASL_2008_01_11-33,8745
TRASH/BAG,TRASH/BAG,Liz,ASL_2008_03_28,36,1485,1525,ASL_2008_03_28-36,8746
TRASH/BAG,TRASH/BAG,Naomi,ASL_2008_08_04,22,1105,1137,ASL_2008_08_04-22,8747
TRASH/BAG,TRASH/BAG,Tyler,ASL_2008_05_12a,21,1337,1372,ASL_2008_05_12a-21,8748
TRAVEL,(1)TRAVEL,Brady,ASL_2011_07_22_Brady,11,2379,2410,ASL_2011_07_22_Brady-11,8749
TRAVEL,(1)TRAVEL,Liz,ASL_2008_03_28,23,3153,3198,ASL_2008_03_28-23,8750
TRAVEL,TRAVEL,Brady,ASL_2011_07_22_Brady,11,2115,2138,ASL_2011_07_22_Brady-11,8751
TRAVEL,TRAVEL,Liz,ASL_2008_03_28,23,2906,2940,ASL_2008_03_28-23,8752
TREAT,TREAT,Liz,ASL_2010_08_10_Liz_additional_lexicon_signs,15,4028,4085,ASL_2010_08_10_Liz_additional_lexicon_signs-15,8753
TREAT,TREAT_2,Brady,ASL_2011_07_22_Brady,10,2952,3003,ASL_2011_07_22_Brady-10,8754
"TREE+DCL""branch""","TREE+DCL""branch""",Liz,ASL_2010_08_10_Liz_additional_lexicon_signs,1,3266,3349,ASL_2010_08_10_Liz_additional_lexicon_signs-1,8755
"TREE+DCL""branch""","TREE+DCL""branch""++",Liz,ASL_2010_08_10_Liz_additional_lexicon_signs,1,3513,3618,ASL_2010_08_10_Liz_additional_lexicon_signs-1,8756
"TREE+DCL""branch""","TREE+DCL""branches""+++",Brady,ASL_2011_06_08_Brady,23,2633,2716,ASL_2011_06_08_Brady-23,8757
TREE-pl,TREE,Brady,ASL_2011_07_22_Brady,11,546,587,ASL_2011_07_22_Brady-11,8758
TREE-pl,TREE,Liz,ASL_2010_08_10_Liz_additional_lexicon_signs,3,4935,4965,ASL_2010_08_10_Liz_additional_lexicon_signs-3,8759
TREE-pl,TREE-pl,Brady,ASL_2011_07_22_Brady,11,826,879,ASL_2011_07_22_Brady-11,8760
TREE-pl,TREE-pl,Brady,ASL_2011_07_22_Brady,32,1582,1622,ASL_2011_07_22_Brady-32,8761
TREE-pl,TREE-pl,Liz,ASL_2008_03_28,44,1045,1100,ASL_2008_03_28-44,8762
TREE-pl,TREE-pl,Liz,ASL_2010_08_10_Liz_additional_lexicon_signs,3,5040,5106,ASL_2010_08_10_Liz_additional_lexicon_signs-3,8763
TRIGONOMETRY,TRIGONOMETRY+,Liz,ASL_2008_03_28,23,288,340,ASL_2008_03_28-23,8764
TRIGONOMETRY,TRIGONOMETRY++,Brady,ASL_2011_07_22_Brady,11,1325,1375,ASL_2011_07_22_Brady-11,8765
TRIM,TRIM,Liz,ASL_2008_02_15,30,3725,3822,ASL_2008_02_15-30,8766
TRIM-HEDGE,TRIM-HEDGE,Liz,ASL_2008_01_11,78,1565,1616,ASL_2008_01_11-78,8767
TRIP,TRIP+,Brady,ASL_2011_07_22_Brady,10,1700,1750,ASL_2011_07_22_Brady-10,8768
TRIP,TRIP+,Liz,ASL_2008_03_28,22,2002,2062,ASL_2008_03_28-22,8769
TRIPLE,TRIPLE,Brady,ASL_2011_07_22_Brady,11,2717,2745,ASL_2011_07_22_Brady-11,8770
TRIPLE,TRIPLE,Liz,ASL_2010_08_10_Liz_additional_lexicon_signs,16,165,207,ASL_2010_08_10_Liz_additional_lexicon_signs-16,8771
TROMBONE,TROMBONE+,Liz,ASL_2008_03_28,23,3430,3511,ASL_2008_03_28-23,8772
TROPHY,TROPHY+,Liz,ASL_2008_03_28,23,3736,3781,ASL_2008_03_28-23,8773
TROPHY,TROPHY++,Brady,ASL_2011_07_22_Brady,12,151,190,ASL_2011_07_22_Brady-12,8774
TROUBLE,TROUBLE+,Liz,ASL_2008_03_28,23,3967,4009,ASL_2008_03_28-23,8775
TROUBLE,TROUBLE++,Brady,ASL_2011_07_22_Brady,12,396,430,ASL_2011_07_22_Brady-12,8776
TRUMPET,TRUMPET,Liz,ASL_2008_02_15,11,295,346,ASL_2008_02_15-11,8777
TRUMPET,TRUMPET,Liz,ASL_2008_03_28,24,324,364,ASL_2008_03_28-24,8778
TRY,TRY,Brady,ASL_2011_06_08_Brady,13,18638,18650,ASL_2011_06_08_Brady-13,8779
TRY,TRY,Liz,ASL_2008_03_28,24,730,775,ASL_2008_03_28-24,8780
TUESDAY,TUESDAY+,Brady,ASL_2011_07_22_Brady,12,3442,3488,ASL_2011_07_22_Brady-12,8781
TUESDAY,TUESDAY+,Liz,ASL_2008_03_28,24,1438,1489,ASL_2008_03_28-24,8782
TUNNEL,TUNNEL,Brady,ASL_2011_07_22_Brady,12,3779,3843,ASL_2011_07_22_Brady-12,8783
TUNNEL,TUNNEL,Brady,ASL_2011_07_22_Brady,12,4005,4035,ASL_2011_07_22_Brady-12,8784
TUNNEL,TUNNEL,Liz,ASL_2010_08_10_Liz_additional_lexicon_signs,3,5438,5464,ASL_2010_08_10_Liz_additional_lexicon_signs-3,8785
TURN,TURN,Liz,ASL_2008_02_15,18,3275,3322,ASL_2008_02_15-18,8786
TURN,TURN-pl-arc,Liz,ASL_2008_03_28,4,2235,2290,ASL_2008_03_28-4,8787
TURN+BROTHER,TURN+BOY_2+CORRECT,Liz,ASL_2008_02_29,45,930,996,ASL_2008_02_29-45,8788
TURN+BROTHER,TURN+BROTHER,Brady,ASL_2011_07_19_Brady,97,2282,2326,ASL_2011_07_19_Brady-97,8789
TURN+FATHERwg,TURN+FATHERwg,Brady,ASL_2011_07_19_Brady,97,2515,2557,ASL_2011_07_19_Brady-97,8790
TURN+FATHERwg,TURN+FATHERwg,Liz,ASL_2008_02_29,45,1224,1275,ASL_2008_02_29-45,8791
TURN+GIRL+CORRECT,TURN+GIRL+CORRECT,Liz,ASL_2008_02_29,45,2776,2847,ASL_2008_02_29-45,8792
TURN+MOTHER,TURN+MOTHER+,Liz,ASL_2008_02_29,45,1470,1530,ASL_2008_02_29-45,8793
TURN+MOTHER,TURN+MOTHERwg,Brady,ASL_2011_07_19_Brady,97,2731,2768,ASL_2011_07_19_Brady-97,8794
TURN+SISTER,TURN+SISTER,Brady,ASL_2011_07_19_Brady,98,422,457,ASL_2011_07_19_Brady-98,8795
TURN-DOWN,TURN-DOWN,Brady,ASL_2011_07_22_Brady,13,1506,1530,ASL_2011_07_22_Brady-13,8796
TURN-DOWN,TURN-DOWN,Liz,ASL_2008_03_28,24,2830,2857,ASL_2008_03_28-24,8797
TURN-PAGE,TURN-PAGE,Brady,ASL_2011_06_14_Brady,20,416,455,ASL_2011_06_14_Brady-20,8798
TURN-PAGE,TURN-PAGE,Brady,ASL_2011_06_14_Brady,20,881,915,ASL_2011_06_14_Brady-20,8799
TURN-PAGE,TURN-PAGE,Liz,ASL_2008_01_18,44,1781,1840,ASL_2008_01_18-44,8800
TURN-PAGE,TURN-PAGE,Naomi,ASL_2008_08_06,44,2307,2340,ASL_2008_08_06-44,8801
TURN-PAGE_2,TURN-PAGE_2,Tyler,ASL_2008_05_29a,24,2711,2750,ASL_2008_05_29a-24,8802
TURTLE,TURTLE+,Brady,ASL_2011_07_22_Brady,13,2459,2503,ASL_2011_07_22_Brady-13,8803
TURTLE,TURTLE++,Liz,ASL_2008_03_28,25,1385,1420,ASL_2008_03_28-25,8804
TUTOR,TUTOR+,Brady,ASL_2011_07_22_Brady,13,2719,2763,ASL_2011_07_22_Brady-13,8805
TUTOR,TUTOR+,Liz,ASL_2008_03_28,25,1645,1690,ASL_2008_03_28-25,8806
TWELVE,TWELVE+,Liz,ASL_2008_01_11,2,1050,1080,ASL_2008_01_11-2,8807
TWELVE,TWELVE+,Naomi,ASL_2008_08_04,1,912,948,ASL_2008_08_04-1,8808
TWELVE,TWELVE++,Brady,ASL_2011_07_22_Brady,15,218,257,ASL_2011_07_22_Brady-15,8809
TWELVE,TWELVE++,Tyler,ASL_2008_05_12a,1,1151,1249,ASL_2008_05_12a-1,8810
TWENTY,TWENTY+,Brady,ASL_2011_06_08_Brady,5,5170,5198,ASL_2011_06_08_Brady-5,8811
TWENTY,TWENTY+,Liz,ASL_2008_01_11,2,2635,2661,ASL_2008_01_11-2,8812
TWENTY,TWENTY+,Naomi,ASL_2008_08_04,1,2279,2353,ASL_2008_08_04-1,8813
TWENTY,TWENTY++,Tyler,ASL_2008_05_12a,1,2400,2480,ASL_2008_05_12a-1,8814
TWENTY-FIVE,TWENTY-FIVE,Brady,ASL_2011_07_22_Brady,14,127,181,ASL_2011_07_22_Brady-14,8815
TWENTY-ONE,TWENTY-ONE+,Brady,ASL_2011_07_22_Brady,14,322,367,ASL_2011_07_22_Brady-14,8816
TWENTY-ONE,TWENTY-ONE+,Liz,ASL_2008_03_28,25,2992,3012,ASL_2008_03_28-25,8817
TWENTY-ONE,TWENTY-ONE_2+,Brady,ASL_2011_07_22_Brady,14,377,455,ASL_2011_07_22_Brady-14,8818
TWENTY-THREE,TWENTY-THREE++,Brady,ASL_2011_07_22_Brady,13,3217,3260,ASL_2011_07_22_Brady-13,8819
TWENTY-THREE,TWENTY-THREE++,Liz,ASL_2010_08_10_Liz_additional_lexicon_signs,19,457,501,ASL_2010_08_10_Liz_additional_lexicon_signs-19,8820
TWENTY-TWO,TWENTY-TWO,Brady,ASL_2011_07_22_Brady,14,555,590,ASL_2011_07_22_Brady-14,8821
TWENTY-TWO,TWENTY-TWO,Liz,ASL_2008_03_28,25,3245,3277,ASL_2008_03_28-25,8822
TWICE,TWICE,Brady,ASL_2011_06_14_Brady,6,3259,3275,ASL_2011_06_14_Brady-6,8823
TWICE,TWICE,Liz,ASL_2008_01_18,22,2217,2251,ASL_2008_01_18-22,8824
TWICE,TWICE,Naomi,ASL_2008_08_06,22,2150,2172,ASL_2008_08_06-22,8825
TWICE,TWICE,Tyler,ASL_2008_05_29a,2,3167,3190,ASL_2008_05_29a-2,8826
TWINS,(T)TWINS,Brady,ASL_2011_07_22_Brady,14,806,842,ASL_2011_07_22_Brady-14,8827
TWINS,(T)TWINS,Liz,ASL_2008_03_28,25,3492,3530,ASL_2008_03_28-25,8828
TWINS,(U)TWINS,Tyler,ASL_2008_05_29b,1,732,755,ASL_2008_05_29b-1,8829
TWINS,TWINS,Brady,ASL_2011_07_22_Brady,14,1082,1116,ASL_2011_07_22_Brady-14,8830
TWINS,TWINS,Liz,ASL_2008_03_28,26,242,275,ASL_2008_03_28-26,8831
TWIST,TWIST,Brady,ASL_2011_07_22_Brady,14,1559,1579,ASL_2011_07_22_Brady-14,8832
TWIST,TWIST,Liz,ASL_2008_03_28,26,1035,1070,ASL_2008_03_28-26,8833
TWIST,TWIST,Liz,ASL_2008_03_28,26,2380,2426,ASL_2008_03_28-26,8834
TWO,TWO,Brady,ASL_2011_06_08_Brady,5,2106,2114,ASL_2011_06_08_Brady-5,8835
TWO,TWO,Liz,ASL_2008_01_11,4,1720,1745,ASL_2008_01_11-4,8836
TWO,TWO,Naomi,ASL_2008_08_04,3,1240,1261,ASL_2008_08_04-3,8837
TWO,TWO,Tyler,ASL_2008_05_12a,3,940,996,ASL_2008_05_12a-3,8838
TWO-HOURS,TWO-HOURS,Brady,ASL_2011_07_22_Brady,14,3566,3601,ASL_2011_07_22_Brady-14,8839
TWO-MONTHS,TWO-MONTHS,Brady,ASL_2011_07_22_Brady,14,1858,1886,ASL_2011_07_22_Brady-14,8840
TWO-MONTHS,TWO-MONTHS,Liz,ASL_2010_08_10_Liz_additional_lexicon_signs,16,6985,7040,ASL_2010_08_10_Liz_additional_lexicon_signs-16,8841
TWO-MORE,TWO-MORE,Liz,ASL_2008_03_28,26,2625,2652,ASL_2008_03_28-26,8842
TWO-WEEKS,TWO-WEEKS,Brady,ASL_2011_07_22_Brady,15,709,740,ASL_2011_07_22_Brady-15,8843
TWO-WEEKS,TWO-WEEKS,Liz,ASL_2010_08_10_Liz_additional_lexicon_signs,16,5656,5700,ASL_2010_08_10_Liz_additional_lexicon_signs-16,8844
TWO_2+HOUR,TWO_2+HOUR,Liz,ASL_2010_08_10_Liz_additional_lexicon_signs,16,4062,4144,ASL_2010_08_10_Liz_additional_lexicon_signs-16,8845
TYPE,TYPE,Brady,ASL_2011_07_22_Brady,12,2712,2765,ASL_2011_07_22_Brady-12,8846
TYPE,TYPE,Liz,ASL_2008_03_28,24,1233,1276,ASL_2008_03_28-24,8847
TYPE,TYPE,Liz,ASL_2008_03_28,26,3525,3570,ASL_2008_03_28-26,8848
TYPEWRITER,TYPEWRITER,Brady,ASL_2011_07_22_Brady,7,535,587,ASL_2011_07_22_Brady-7,8849
TYPEWRITER,TYPEWRITER,Brady,ASL_2011_07_22_Brady,56,373,420,ASL_2011_07_22_Brady-56,8850
TYPEWRITER,TYPEWRITER_2,Brady,ASL_2011_07_22_Brady,56,1400,1446,ASL_2011_07_22_Brady-56,8851
U,U,Brady,ASL_2011_07_22_Brady,15,1164,1219,ASL_2011_07_22_Brady-15,8852
U,U,Liz,ASL_2008_03_28,26,3810,3850,ASL_2008_03_28-26,8853
UGLY,UGLY,Brady,ASL_2011_07_22_Brady,15,1433,1460,ASL_2011_07_22_Brady-15,8854
UGLY,UGLY,Liz,ASL_2008_03_28,26,4051,4075,ASL_2008_03_28-26,8855
UMBRELLA,UMBRELLA,Liz,ASL_2008_03_28,27,417,465,ASL_2008_03_28-27,8856
UMBRELLA,UMBRELLA+,Brady,ASL_2011_07_22_Brady,15,1683,1729,ASL_2011_07_22_Brady-15,8857
UNCLE,UNCLE,Brady,ASL_2011_07_22_Brady,15,2169,2206,ASL_2011_07_22_Brady-15,8858
UNCLE,UNCLE,Dana,ASL_2007_05_24,27,559,629,ASL_2007_05_24-27,8859
UNCLE,UNCLE,Liz,ASL_2008_03_28,27,1130,1170,ASL_2008_03_28-27,8860
UNCLE,UNCLE_2,Lana,ASL_2006_10_10,25,633,658,ASL_2006_10_10-25,8861
UNDER,UNDER,Brady,ASL_2011_07_22_Brady,15,2378,2396,ASL_2011_07_22_Brady-15,8862
UNDER,UNDER,Brady,ASL_2011_07_22_Brady,56,1880,1900,ASL_2011_07_22_Brady-56,8863
UNDER,UNDER,Liz,ASL_2008_03_28,27,1360,1390,ASL_2008_03_28-27,8864
UNDERPANTS,UNDERPANTS,Liz,ASL_2008_03_28,27,2310,2360,ASL_2008_03_28-27,8865
UNDERPANTS,UNDERPANTS+,Brady,ASL_2011_07_22_Brady,16,1496,1537,ASL_2011_07_22_Brady-16,8866
UNDERSTAND,UNDERSTAND,Liz,ASL_2008_03_28,27,2000,2045,ASL_2008_03_28-27,8867
UNDERSTAND,UNDERSTAND_2,Brady,ASL_2011_07_22_Brady,16,1226,1264,ASL_2011_07_22_Brady-16,8868
UNDERWEAR/PRECIOUS,UNDERWEAR/PRECIOUS,Brady,ASL_2011_07_22_Brady,10,1964,2001,ASL_2011_07_22_Brady-10,8869
UNIFORM,UNIFORM,Brady,ASL_2011_07_22_Brady,16,2221,2246,ASL_2011_07_22_Brady-16,8870
UNIFORM,UNIFORM,Liz,ASL_2008_03_28,28,305,345,ASL_2008_03_28-28,8871
UNIVERSE,UNIVERSE,Brady,ASL_2011_07_22_Brady,16,3695,3738,ASL_2011_07_22_Brady-16,8872
UNIVERSE,UNIVERSE,Liz,ASL_2008_03_28,28,1260,1315,ASL_2008_03_28-28,8873
UNIVERSITY,UNIVERSITY,Brady,ASL_2011_07_22_Brady,16,3907,3949,ASL_2011_07_22_Brady-16,8874
UNIVERSITY,UNIVERSITY,Liz,ASL_2008_03_28,28,1510,1547,ASL_2008_03_28-28,8875
UP,UP,Brady,ASL_2011_07_22_Brady,17,401,423,ASL_2011_07_22_Brady-17,8876
UP,UP,Liz,ASL_2008_03_28,28,2035,2065,ASL_2008_03_28-28,8877
UP,UP+,Liz,ASL_2008_03_28,29,307,351,ASL_2008_03_28-29,8878
UP,UP++,Brady,ASL_2011_07_22_Brady,17,1771,1827,ASL_2011_07_22_Brady-17,8879
UP-AHEAD,UP-AHEAD,Tyler,ASL_2008_05_12a,8,3067,3095,ASL_2008_05_12a-8,8880
UP-TO-NOW,UP-TO-NOW,Brady,ASL_2011_07_19_Brady,83,1728,1766,ASL_2011_07_19_Brady-83,8881
UP-TO-NOW,UP-TO-NOW,Dana,ASL_2007_05_24,27,1323,1365,ASL_2007_05_24-27,8882
UP-TO-NOW,UP-TO-NOW,Lana,ASL_2006_10_10,25,1401,1423,ASL_2006_10_10-25,8883
UP-TO-NOW,UP-TO-NOW,Liz,ASL_2008_02_29,32,1230,1296,ASL_2008_02_29-32,8884
UPPER,UPPER,Brady,ASL_2011_07_22_Brady,17,964,994,ASL_2011_07_22_Brady-17,8885
UPPER,UPPER,Liz,ASL_2008_03_28,28,2505,2535,ASL_2008_03_28-28,8886
UPSET,UPSET,Brady,ASL_2011_07_22_Brady,17,1250,1291,ASL_2011_07_22_Brady-17,8887
UPSET,UPSET,Dana,ASL_2007_05_24,27,935,979,ASL_2007_05_24-27,8888
UPSET,UPSET,Lana,ASL_2006_10_10,25,1001,1042,ASL_2006_10_10-25,8889
UPSET,UPSET,Liz,ASL_2008_03_28,28,2805,2860,ASL_2008_03_28-28,8890
UPSIDE-DOWN,UPSIDE-DOWN,Brady,ASL_2011_07_22_Brady,17,1500,1556,ASL_2011_07_22_Brady-17,8891
UPSIDE-DOWN,UPSIDE-DOWN,Liz,ASL_2008_03_28,28,3230,3287,ASL_2008_03_28-28,8892
UPSTAIRS,UPSTAIRS,Brady,ASL_2011_07_19_Brady,95,1078,1121,ASL_2011_07_19_Brady-95,8893
UPSTAIRS,UPSTAIRS,Liz,ASL_2008_02_29,43,731,791,ASL_2008_02_29-43,8894
URGE,URGE+,Brady,ASL_2011_07_19_Brady,31,1254,1281,ASL_2011_07_19_Brady-31,8895
URGE,URGE+,Liz,ASL_2008_02_15,36,2080,2128,ASL_2008_02_15-36,8896
URGE,URGE++,Brady,ASL_2011_07_22_Brady,56,1625,1675,ASL_2011_07_22_Brady-56,8897
USE,USE+,Liz,ASL_2008_03_28,29,1765,1802,ASL_2008_03_28-29,8898
USE,USE_2+,Brady,ASL_2011_07_22_Brady,17,3564,3601,ASL_2011_07_22_Brady-17,8899
USE,USE_2+,Liz,ASL_2008_03_28,29,2025,2065,ASL_2008_03_28-29,8900
USE,USE_2++,Brady,ASL_2011_07_22_Brady,17,3336,3373,ASL_2011_07_22_Brady-17,8901
USE++AGENT,USE++AGENT,Liz,ASL_2008_01_18,4,1185,1246,ASL_2008_01_18-4,8902
USE++AGENT,USE++AGENT,Naomi,ASL_2008_08_06,4,819,872,ASL_2008_08_06-4,8903
USE++AGENT,USE_2++AGENT,Brady,ASL_2011_06_14_Brady,3,9316,9338,ASL_2011_06_14_Brady-3,8904
USED-TO,USED-TO,Brady,ASL_2011_07_22_Brady,18,415,438,ASL_2011_07_22_Brady-18,8905
USED-TO,USED-TO,Liz,ASL_2008_03_28,29,2495,2530,ASL_2008_03_28-29,8906
V,V,Brady,ASL_2011_07_22_Brady,18,2556,2593,ASL_2011_07_22_Brady-18,8907
V,V,Liz,ASL_2008_03_28,29,3065,3118,ASL_2008_03_28-29,8908
VACATION,VACATION,Brady,ASL_2011_06_14_Brady,50,4077,4107,ASL_2011_06_14_Brady-50,8909
VACATION,VACATION,Dana,ASL_2007_05_24,25,2490,2506,ASL_2007_05_24-25,8910
VACATION,VACATION,Liz,ASL_2008_02_01,51,2761,2815,ASL_2008_02_01-51,8911
VACATION,VACATION,Liz,ASL_2008_02_29,14,347,380,ASL_2008_02_29-14,8912
VACATION,VACATION,Naomi,ASL_2008_08_13_session2,6,3250,3285,ASL_2008_08_13_session2-6,8913
VACATION,VACATION+,Brady,ASL_2011_07_19_Brady,59,144,162,ASL_2011_07_19_Brady-59,8914
VACATION,VACATION+,Brady,ASL_2011_07_22_Brady,51,978,997,ASL_2011_07_22_Brady-51,8915
VACATION,VACATION+,Brady,ASL_2011_07_22_Brady,57,333,362,ASL_2011_07_22_Brady-57,8916
VACATION,VACATION+,Liz,ASL_2008_03_28,29,3336,3380,ASL_2008_03_28-29,8917
VACATION,VACATION++,Brady,ASL_2011_07_22_Brady,18,4121,4162,ASL_2011_07_22_Brady-18,8918
VACATION,VACATIONwg,Liz,ASL_2010_08_10_Liz_additional_lexicon_signs,29,2942,2980,ASL_2010_08_10_Liz_additional_lexicon_signs-29,8919
VACUUM,VACUUM+,Liz,ASL_2008_03_28,30,350,440,ASL_2008_03_28-30,8920
VACUUM,VACUUM++,Brady,ASL_2011_07_19_Brady,103,2305,2361,ASL_2011_07_19_Brady-103,8921
VACUUM,VACUUM++,Brady,ASL_2011_07_22_Brady,18,4339,4402,ASL_2011_07_22_Brady-18,8922
VACUUM-UP,VACUUM-UP,Liz,ASL_2008_02_29,52,475,532,ASL_2008_02_29-52,8923
VAGINA,VAGINA+,Liz,ASL_2008_03_28,30,1095,1131,ASL_2008_03_28-30,8924
VAGINA,VAGINA++,Brady,ASL_2011_07_22_Brady,18,4606,4647,ASL_2011_07_22_Brady-18,8925
VAGUE,VAGUE+,Brady,ASL_2011_06_14_Brady,18,826,880,ASL_2011_06_14_Brady-18,8926
VAGUE,VAGUE+,Brady,ASL_2011_06_14_Brady,18,1590,1622,ASL_2011_06_14_Brady-18,8927
VAGUE,VAGUE+,Liz,ASL_2008_02_01,54,1477,1535,ASL_2008_02_01-54,8928
VAGUE,VAGUE++,Brady,ASL_2011_06_14_Brady,52,3700,3747,ASL_2011_06_14_Brady-52,8929
VAGUE,VAGUE++,Brady,ASL_2011_07_22_Brady,18,4865,4918,ASL_2011_07_22_Brady-18,8930
VAGUE,VAGUE++,Liz,ASL_2008_03_28,30,1571,1635,ASL_2008_03_28-30,8931
VAGUE,VAGUE++,Liz,ASL_2010_08_10_Liz_additional_lexicon_signs,28,2286,2355,ASL_2010_08_10_Liz_additional_lexicon_signs-28,8932
VAIN,VAIN,Brady,ASL_2011_07_22_Brady,20,401,429,ASL_2011_07_22_Brady-20,8933
VALLEY,VALLEY,Brady,ASL_2011_07_22_Brady,19,651,687,ASL_2011_07_22_Brady-19,8934
VALLEY,VALLEY,Liz,ASL_2008_03_28,30,2182,2235,ASL_2008_03_28-30,8935
VANILLA,(1h)VANILLA+,Brady,ASL_2011_07_22_Brady,19,1130,1180,ASL_2011_07_22_Brady-19,8936
VANILLA,(1h)VANILLA+,Liz,ASL_2008_03_28,30,2890,2927,ASL_2008_03_28-30,8937
VANILLA,VANILLA+,Brady,ASL_2011_07_22_Brady,19,887,931,ASL_2011_07_22_Brady-19,8938
VANILLA,VANILLA+,Liz,ASL_2008_03_28,30,2595,2670,ASL_2008_03_28-30,8939
VARY,VARY,Brady,ASL_2011_07_22_Brady,19,1974,2022,ASL_2011_07_22_Brady-19,8940
VARY,VARY_2,Liz,ASL_2008_03_28,30,3595,3635,ASL_2008_03_28-30,8941
VEGETABLE,VEGETABLE,Brady,ASL_2011_07_22_Brady,19,2461,2495,ASL_2011_07_22_Brady-19,8942
VEGETABLE,VEGETABLE,Liz,ASL_2008_03_28,31,335,365,ASL_2008_03_28-31,8943
VERY,VERY,Brady,ASL_2011_07_22_Brady,19,2819,2833,ASL_2011_07_22_Brady-19,8944
VERY,VERY,Liz,ASL_2008_03_28,31,1790,1835,ASL_2008_03_28-31,8945
VERY-FAST,VERY-FAST,Dana,ASL_2007_05_24,13,2507,2555,ASL_2007_05_24-13,8946
VETO/REJECT,VETO/REJECT,Brady,ASL_2011_06_14_Brady,21,3925,3945,ASL_2011_06_14_Brady-21,8947
VIBRATE,VIBRATE,Brady,ASL_2011_07_22_Brady,19,3046,3079,ASL_2011_07_22_Brady-19,8948
VIBRATE,VIBRATE,Brady,ASL_2011_07_22_Brady,57,543,570,ASL_2011_07_22_Brady-57,8949
VIBRATE,VIBRATE,Liz,ASL_2008_03_28,31,2167,2207,ASL_2008_03_28-31,8950
VICE-PRESIDENT,VICE-PRESIDENT,Brady,ASL_2011_07_22_Brady,20,1828,1848,ASL_2011_07_22_Brady-20,8951
VICE-PRESIDENT,VICE-PRESIDENT,Liz,ASL_2008_03_28,31,2830,2878,ASL_2008_03_28-31,8952
VIDEO-CAMERA,VIDEO-CAMERA,Brady,ASL_2011_06_14_Brady,19,5936,5959,ASL_2011_06_14_Brady-19,8953
VIDEO-CAMERA,VIDEO-CAMERA,Liz,ASL_2008_01_18,44,490,520,ASL_2008_01_18-44,8954
VIDEO-CAMERA,VIDEO-CAMERA,Naomi,ASL_2008_08_06,44,211,235,ASL_2008_08_06-44,8955
VIDEO-CAMERA,VIDEO-CAMERA,Tyler,ASL_2008_05_29a,24,355,390,ASL_2008_05_29a-24,8956
VIDEOTAPE_2,VIDEOTAPE_2,Brady,ASL_2011_07_22_Brady,20,2104,2132,ASL_2011_07_22_Brady-20,8957
VIDEOTAPE_2,VIDEOTAPE_2,Liz,ASL_2008_03_28,31,3087,3121,ASL_2008_03_28-31,8958
VINEGAR,VINEGAR+,Liz,ASL_2008_03_28,32,1410,1455,ASL_2008_03_28-32,8959
VINEGAR,VINEGAR_2,Brady,ASL_2011_07_22_Brady,20,3279,3312,ASL_2011_07_22_Brady-20,8960
VIOLIN,VIOLIN,Brady,ASL_2011_07_22_Brady,20,3653,3715,ASL_2011_07_22_Brady-20,8961
VIOLIN,VIOLIN,Liz,ASL_2008_03_28,32,1671,1740,ASL_2008_03_28-32,8962
VIRGIN,VIRGIN,Brady,ASL_2011_07_22_Brady,20,3875,3897,ASL_2011_07_22_Brady-20,8963
VIRGIN,VIRGIN,Liz,ASL_2008_03_28,32,1955,1995,ASL_2008_03_28-32,8964
VIRGIN+fs-MARY,VIRGIN+fs-MARY,Brady,ASL_2011_06_14_Brady,54,4402,4440,ASL_2011_06_14_Brady-54,8965
VIRGIN-MARY,VIRGIN-MARY,Liz,ASL_2008_02_01,58,1630,1697,ASL_2008_02_01-58,8966
VIRGIN-MARY,VIRGIN-MARY,Naomi,ASL_2008_08_13_session2,13,955,990,ASL_2008_08_13_session2-13,8967
VISIT+AGENT,VISIT+AGENT,Brady,ASL_2011_07_22_Brady,21,582,615,ASL_2011_07_22_Brady-21,8968
VISIT+AGENT,VISIT+AGENT,Liz,ASL_2008_03_28,32,2708,2764,ASL_2008_03_28-32,8969
VISIT:i,VISIT:i,Brady,ASL_2011_07_22_Brady,20,4332,4361,ASL_2011_07_22_Brady-20,8970
VISIT:i,VISIT:i,Liz,ASL_2008_03_28,32,2456,2505,ASL_2008_03_28-32,8971
VISUALIZE,VISUALIZE,Brady,ASL_2011_07_22_Brady,20,4094,4136,ASL_2011_07_22_Brady-20,8972
VISUALIZE,VISUALIZE,Liz,ASL_2008_03_28,32,2210,2270,ASL_2008_03_28-32,8973
VOCABULARY,VOCABULARY+,Liz,ASL_2008_03_28,32,3080,3125,ASL_2008_03_28-32,8974
VOCABULARY,VOCABULARY_2++,Brady,ASL_2011_07_22_Brady,21,851,884,ASL_2011_07_22_Brady-21,8975
VODKA,(V)VODKA+,Liz,ASL_2008_03_28,32,4416,4465,ASL_2008_03_28-32,8976
VODKA,VODKA++,Brady,ASL_2011_07_22_Brady,21,1271,1325,ASL_2011_07_22_Brady-21,8977
VODKA,VODKA_2+,Liz,ASL_2008_03_28,33,425,461,ASL_2008_03_28-33,8978
VOICE,VOICE,Brady,ASL_2011_07_22_Brady,21,2027,2041,ASL_2011_07_22_Brady-21,8979
VOICE,VOICE,Liz,ASL_2008_03_28,33,861,895,ASL_2008_03_28-33,8980
VOICE,VOICE+,Liz,ASL_2008_03_28,33,640,680,ASL_2008_03_28-33,8981
VOICE,VOICE++,Brady,ASL_2011_07_22_Brady,21,1805,1851,ASL_2011_07_22_Brady-21,8982
VOICE++(1)TEMPERATURE/PITCH,VOICE++(1)TEMPERATURE/PITCH,Brady,ASL_2011_07_19_Brady,34,1478,1544,ASL_2011_07_19_Brady-34,8983
VOICE++(1)TEMPERATURE/PITCH,VOICE++(1)TEMPERATURE/PITCH,Liz,ASL_2008_02_15,40,1841,1933,ASL_2008_02_15-40,8984
VOLLEYBALL,VOLLEYBALL+,Brady,ASL_2011_07_22_Brady,21,2291,2327,ASL_2011_07_22_Brady-21,8985
VOLLEYBALL,VOLLEYBALL+,Liz,ASL_2008_03_28,33,1115,1150,ASL_2008_03_28-33,8986
VOLUNTEER/SHIRT,(2h)SHIRT,Brady,ASL_2011_07_19_Brady,80,3882,3915,ASL_2011_07_19_Brady-80,8987
VOLUNTEER/SHIRT,(2h)SHIRT,Liz,ASL_2008_02_29,29,1934,1985,ASL_2008_02_29-29,8988
VOLUNTEER/SHIRT,VOLUNTEER/SHIRT+,Liz,ASL_2008_01_11,18,1425,1465,ASL_2008_01_11-18,8989
VOLUNTEER/SHIRT,VOLUNTEER/SHIRT+,Naomi,ASL_2008_08_04,12,1960,1990,ASL_2008_08_04-12,8990
VOLUNTEER/SHIRT,VOLUNTEER/SHIRT+,Tyler,ASL_2008_05_12a,12,3110,3135,ASL_2008_05_12a-12,8991
VOLUNTEER/SHIRT,VOLUNTEER/SHIRT++,Brady,ASL_2011_06_08_Brady,12,6867,6905,ASL_2011_06_08_Brady-12,8992
VOLUNTEER/SHIRT,VOLUNTEER/SHIRT+++,Tyler,ASL_2008_05_12a,12,2605,2660,ASL_2008_05_12a-12,8993
VOMIT,VOMIT,Liz,ASL_2008_03_28,33,1340,1385,ASL_2008_03_28-33,8994
VOTE,VOTE,Brady,ASL_2011_06_14_Brady,11,1318,1337,ASL_2011_06_14_Brady-11,8995
VOTE,VOTE,Brady,ASL_2011_07_22_Brady,21,2835,2851,ASL_2011_07_22_Brady-21,8996
VOTE,VOTE,Liz,ASL_2008_03_28,33,1750,1786,ASL_2008_03_28-33,8997
VOTE,VOTE,Tyler,ASL_2008_05_29a,23,805,831,ASL_2008_05_29a-23,8998
VOTE,VOTE+,Liz,ASL_2008_01_18,29,3365,3400,ASL_2008_01_18-29,8999
VOTE,VOTE+,Naomi,ASL_2008_08_06,29,2897,2927,ASL_2008_08_06-29,9000
VOTE,VOTE+,Tyler,ASL_2008_05_29a,9,2610,2640,ASL_2008_05_29a-9,9001
W,W,Brady,ASL_2011_07_22_Brady,21,3042,3092,ASL_2011_07_22_Brady-21,9002
W,W,Liz,ASL_2008_03_28,33,2010,2052,ASL_2008_03_28-33,9003
WAG,WAG++++,Liz,ASL_2008_03_28,33,2300,2355,ASL_2008_03_28-33,9004
WAG,WAG_2+++++,Brady,ASL_2011_07_22_Brady,22,532,584,ASL_2011_07_22_Brady-22,9005
WAIST,(bent-B-L)WAIST,Brady,ASL_2011_07_22_Brady,22,929,967,ASL_2011_07_22_Brady-22,9006
WAIST,(bent-B-L)WAIST+,Liz,ASL_2008_03_28,33,2682,2732,ASL_2008_03_28-33,9007
WAIST,WAIST+,Liz,ASL_2008_03_28,33,2977,3025,ASL_2008_03_28-33,9008
WAIST,WAIST++,Brady,ASL_2011_07_22_Brady,22,1171,1217,ASL_2011_07_22_Brady-22,9009
WAIT,WAIT,Brady,ASL_2011_07_22_Brady,22,1374,1423,ASL_2011_07_22_Brady-22,9010
WAIT,WAIT+,Liz,ASL_2008_03_28,34,635,700,ASL_2008_03_28-34,9011
WAIT-A-MINUTE,WAIT-A-MINUTE,Brady,ASL_2011_07_22_Brady,22,1647,1697,ASL_2011_07_22_Brady-22,9012
WAIT-A-MINUTE,WAIT-A-MINUTE,Liz,ASL_2008_03_28,34,375,412,ASL_2008_03_28-34,9013
WAKE-UP,WAKE-UP,Brady,ASL_2011_06_08_Brady,14,3651,3674,ASL_2011_06_08_Brady-14,9014
WAKE-UP,WAKE-UP,Liz,ASL_2008_01_11,27,395,420,ASL_2008_01_11-27,9015
WAKE-UP,WAKE-UP,Naomi,ASL_2008_08_04,17,2937,2962,ASL_2008_08_04-17,9016
WAKE-UP,WAKE-UP,Tyler,ASL_2008_05_12a,17,3457,3480,ASL_2008_05_12a-17,9017
WALK,(3)WALK,Brady,ASL_2011_07_22_Brady,22,2423,2493,ASL_2011_07_22_Brady-22,9018
WALK,(3)WALK+,Brady,ASL_2011_06_14_Brady,34,2379,2437,ASL_2011_06_14_Brady-34,9019
WALK,(3)WALK+,Liz,ASL_2008_03_28,34,2365,2425,ASL_2008_03_28-34,9020
WALK,(3)WALK+,Tyler,ASL_2008_05_29a,50,1540,1591,ASL_2008_05_29a-50,9021
WALK,WALK+,Brady,ASL_2011_06_14_Brady,34,2607,2666,ASL_2011_06_14_Brady-34,9022
WALK,WALK+,Brady,ASL_2011_07_22_Brady,22,2216,2277,ASL_2011_07_22_Brady-22,9023
WALK,WALK+,Brady,ASL_2011_07_22_Brady,44,2033,2080,ASL_2011_07_22_Brady-44,9024
WALK,WALK+,Liz,ASL_2008_02_01,22,2036,2120,ASL_2008_02_01-22,9025
WALK,WALK+,Liz,ASL_2008_03_28,34,2145,2200,ASL_2008_03_28-34,9026
WALK,WALK+,Naomi,ASL_2008_08_13,18,3690,3768,ASL_2008_08_13-18,9027
WALL,WALL,Brady,ASL_2011_07_22_Brady,23,219,245,ASL_2011_07_22_Brady-23,9028
WALL,WALL,Brady,ASL_2011_07_22_Brady,57,1557,1586,ASL_2011_07_22_Brady-57,9029
WALL,WALL,Liz,ASL_2008_03_28,34,2640,2675,ASL_2008_03_28-34,9030
WALLET,WALLET+,Brady,ASL_2011_07_22_Brady,23,744,795,ASL_2011_07_22_Brady-23,9031
WALLET,WALLET+,Liz,ASL_2008_03_28,34,3285,3355,ASL_2008_03_28-34,9032
WANT,WANT,Brady,ASL_2011_07_22_Brady,23,974,998,ASL_2011_07_22_Brady-23,9033
WANT,WANT,Liz,ASL_2008_03_28,35,350,390,ASL_2008_03_28-35,9034
WANT,WANT_2+,Lana,ASL_2006_09_26,61,3004,3032,ASL_2006_09_26-61,9035
WANT+NEG,(25)WANT+NEG,Tyler,ASL_2008_05_29a,2,2022,2050,ASL_2008_05_29a-2,9036
WANT+NEG,WANT+NEG,Brady,ASL_2011_06_14_Brady,6,675,689,ASL_2011_06_14_Brady-6,9037
WANT+NEG,WANT+NEG,Dana,ASL_2007_05_24,11,2712,2758,ASL_2007_05_24-11,9038
WANT+NEG,WANT+NEG,Lana,ASL_2006_10_10,7,2512,2553,ASL_2006_10_10-7,9039
WANT+NEG,WANT+NEG,Liz,ASL_2008_01_18,22,1452,1487,ASL_2008_01_18-22,9040
WANT+NEG,WANT+NEG,Naomi,ASL_2008_08_06,22,1400,1419,ASL_2008_08_06-22,9041
WARM,WARM,Brady,ASL_2011_07_22_Brady,23,1450,1472,ASL_2011_07_22_Brady-23,9042
WARM,WARM,Liz,ASL_2008_03_28,35,1512,1548,ASL_2008_03_28-35,9043
WARN,WARN++,Brady,ASL_2011_06_08_Brady,26,2570,2600,ASL_2011_06_08_Brady-26,9044
WARN,WARN++,Brady,ASL_2011_07_22_Brady,23,1700,1742,ASL_2011_07_22_Brady-23,9045
WARN,WARN++,Liz,ASL_2008_03_28,35,1780,1821,ASL_2008_03_28-35,9046
WARN,WARN++,Liz,ASL_2010_08_10_Liz_additional_lexicon_signs,25,2280,2335,ASL_2010_08_10_Liz_additional_lexicon_signs-25,9047
WASH,WASH+,Brady,ASL_2011_07_22_Brady,23,2515,2587,ASL_2011_07_22_Brady-23,9048
WASH,WASH+,Liz,ASL_2008_03_28,35,3275,3335,ASL_2008_03_28-35,9049
WASH,WASH+,Tyler,ASL_2008_05_12a,44,5790,5832,ASL_2008_05_12a-44,9050
WASH+DISH-pl,WASH+DISH-pl,Brady,ASL_2011_07_22_Brady,23,3424,3466,ASL_2011_07_22_Brady-23,9051
WASH-DISH,WASH-DISH+,Liz,ASL_2008_03_28,35,2280,2346,ASL_2008_03_28-35,9052
WASH-FACE,(B-L)WASH-FACE+,Brady,ASL_2011_07_22_Brady,24,138,183,ASL_2011_07_22_Brady-24,9053
WASH-FACE,(B-L)WASH-FACE+,Liz,ASL_2008_03_28,35,2571,2622,ASL_2008_03_28-35,9054
WASH-FACE,WASH-FACE+,Brady,ASL_2011_07_22_Brady,24,414,453,ASL_2011_07_22_Brady-24,9055
WASH-FACE,WASH-FACE+,Liz,ASL_2008_03_28,35,2830,2886,ASL_2008_03_28-35,9056
WASH-HANDS,(B-L)WASH-HANDS+,Liz,ASL_2008_03_28,35,3052,3092,ASL_2008_03_28-35,9057
WASH-HANDS,WASH-HANDS+,Brady,ASL_2011_07_22_Brady,22,195,262,ASL_2011_07_22_Brady-22,9058
WASHING-MACHINE,WASHING-MACHINE+,Brady,ASL_2011_07_22_Brady,57,1775,1825,ASL_2011_07_22_Brady-57,9059
WASHING-MACHINE,WASHING-MACHINE++,Brady,ASL_2011_07_22_Brady,24,619,663,ASL_2011_07_22_Brady-24,9060
WASHING-MACHINE,WASHING-MACHINE++,Liz,ASL_2008_03_28,36,295,355,ASL_2008_03_28-36,9061
WASHING-MACHINE+SOAP,SOAP++WASHING-MACHINE,Tyler,ASL_2008_05_12b,15,2681,2736,ASL_2008_05_12b-15,9062
WASHING-MACHINE+SOAP,WASHING-MACHINE+SOAP+,Liz,ASL_2008_01_18,15,2425,2507,ASL_2008_01_18-15,9063
WASHING-MACHINE+SOAP,WASHING-MACHINE+SOAP+,Naomi,ASL_2008_08_06,15,3520,3581,ASL_2008_08_06-15,9064
WASHING-MACHINE+SOAP,WASHING-MACHINE+SOAP++,Brady,ASL_2011_06_14_Brady,4,880,926,ASL_2011_06_14_Brady-4,9065
WASTE,WASTE,Brady,ASL_2011_07_22_Brady,24,1941,1962,ASL_2011_07_22_Brady-24,9066
WASTE,WASTE,Liz,ASL_2008_03_28,36,1040,1070,ASL_2008_03_28-36,9067
WASTE,WASTE_2+,Brady,ASL_2011_07_22_Brady,24,2008,2058,ASL_2011_07_22_Brady-24,9068
WASTE,WASTE_2+,Liz,ASL_2008_03_28,36,1245,1285,ASL_2008_03_28-36,9069
WATCH,WATCH,Brady,ASL_2011_07_22_Brady,25,141,180,ASL_2011_07_22_Brady-25,9070
WATCH,WATCH,Brady,ASL_2011_07_22_Brady,57,2217,2259,ASL_2011_07_22_Brady-57,9071
WATCH,WATCH,Liz,ASL_2008_03_28,36,3271,3340,ASL_2008_03_28-36,9072
WATER,WATER+,Lana,ASL_2006_10_10,25,1284,1322,ASL_2006_10_10-25,9073
WATER,WATER+,Liz,ASL_2008_03_28,36,3590,3624,ASL_2008_03_28-36,9074
WATER,WATER++,Brady,ASL_2011_07_22_Brady,25,407,445,ASL_2011_07_22_Brady-25,9075
WATER,WATER++,Dana,ASL_2007_05_24,27,1199,1256,ASL_2007_05_24-27,9076
WATER++MELON/PUMPKIN,WATER++MELON/PUMPKIN+,Liz,ASL_2008_03_28,37,1175,1235,ASL_2008_03_28-37,9077
WATER++MELON/PUMPKIN,WATER+MELON/PUMPKIN+,Brady,ASL_2011_07_22_Brady,25,1938,1976,ASL_2011_07_22_Brady-25,9078
"WATER++SCL:5""waterfall""","WATER++SCL:5""waterfall""",Liz,ASL_2008_03_28,37,650,713,ASL_2008_03_28-37,9079
WATER++SPRINKLER,WATER++SPRINKLER++,Brady,ASL_2011_07_22_Brady,53,3704,3783,ASL_2011_07_22_Brady-53,9080
"WATER+BCL""drinking from a water fountain""","WATER+BCL""drinking from a water fountain""",Liz,ASL_2008_03_28,37,365,436,ASL_2008_03_28-37,9081
"WATER+DCL""round flat""","WATER++DCL""round flat""",Brady,ASL_2011_06_14_Brady,46,2737,2769,ASL_2011_06_14_Brady-46,9082
"WATER+DCL""round flat""","WATER++DCL""round flat""",Naomi,ASL_2008_08_13,36,1220,1272,ASL_2008_08_13-36,9083
"WATER+DCL""round flat""","WATER+DCL""round flat""",Liz,ASL_2008_02_01,43,1785,1861,ASL_2008_02_01-43,9084
"WATER+DCL""round flat""","WATER+DCL""round flat""",Liz,ASL_2008_02_15,51,1742,1819,ASL_2008_02_15-51,9085
WATER+FLOW_2,WATER+FLOW_2,Brady,ASL_2011_06_14_Brady,3,10428,10464,ASL_2011_06_14_Brady-3,9086
WATER+FLOW_2,WATER+FLOW_2,Brady,ASL_2011_06_14_Brady,20,3496,3535,ASL_2011_06_14_Brady-20,9087
WATER+FLOW_2,WATER+FLOW_2,Liz,ASL_2008_01_18,8,3616,3690,ASL_2008_01_18-8,9088
WATER+FLOW_2,WATER+FLOW_2,Liz,ASL_2008_01_18,45,1132,1187,ASL_2008_01_18-45,9089
WATER+FLOW_2,WATER+FLOW_2,Naomi,ASL_2008_08_06,8,4883,4931,ASL_2008_08_06-8,9090
WATER+FLOW_2,WATER+FLOW_2,Naomi,ASL_2008_08_06,45,1083,1130,ASL_2008_08_06-45,9091
WATER+OCEAN,(1)WATER+OCEAN,Dana,ASL_2007_05_24,21,2351,2443,ASL_2007_05_24-21,9092
WATER+OCEAN,WATER+OCEAN,Lana,ASL_2006_10_10,19,2438,2494,ASL_2006_10_10-19,9093
WATER+RIVER,WATER+RIVER,Lana,ASL_2006_10_10,24,434,494,ASL_2006_10_10-24,9094
WATER+RIVER,WATER+RIVER_2,Tyler,ASL_2008_05_12b,8,4323,4380,ASL_2008_05_12b-8,9095
WATER+WATER-RISE,WATER+WATER-RISE,Brady,ASL_2011_06_14_Brady,20,2689,2729,ASL_2011_06_14_Brady-20,9096
WATER+WATER-RISE,WATER+WATER-RISE,Liz,ASL_2008_01_18,45,591,647,ASL_2008_01_18-45,9097
WATER+WATER-RISE,WATER+WATER-RISE,Naomi,ASL_2008_08_06,45,505,550,ASL_2008_08_06-45,9098
WATER-PUMP,(1h)WATER-PUMP+,Liz,ASL_2008_02_15,52,935,1027,ASL_2008_02_15-52,9099
WATER-PUMP,WATER-PUMP+,Brady,ASL_2011_07_19_Brady,46,3439,3498,ASL_2011_07_19_Brady-46,9100
WATER-RISE,WATER-RISE,Brady,ASL_2011_06_14_Brady,20,2425,2456,ASL_2011_06_14_Brady-20,9101
WATER-RISE,WATER-RISE,Tyler,ASL_2008_05_29a,25,265,307,ASL_2008_05_29a-25,9102
WATERMELON,WATERMELON,Liz,ASL_2008_03_28,37,961,1035,ASL_2008_03_28-37,9103
WATERMELON,WATERMELON++,Brady,ASL_2011_07_22_Brady,25,1262,1314,ASL_2011_07_22_Brady-25,9104
WAVE-GOODBYE,WAVE-GOODBYE,Brady,ASL_2011_07_22_Brady,25,2180,2221,ASL_2011_07_22_Brady-25,9105
WAVE-GOODBYE,WAVE-GOODBYE,Brady,ASL_2011_07_22_Brady,57,2394,2426,ASL_2011_07_22_Brady-57,9106
WAVE-GOODBYE,WAVE-GOODBYE,Liz,ASL_2008_03_28,37,1435,1485,ASL_2008_03_28-37,9107
WEAK,WEAK+,Brady,ASL_2011_07_22_Brady,25,2872,2909,ASL_2011_07_22_Brady-25,9108
WEAK,WEAK+,Liz,ASL_2008_03_28,37,2155,2220,ASL_2008_03_28-37,9109
WEALTHY,WEALTHY,Brady,ASL_2011_07_19_Brady,61,952,977,ASL_2011_07_19_Brady-61,9110
WEALTHY,WEALTHY,Brady,ASL_2011_07_22_Brady,26,470,497,ASL_2011_07_22_Brady-26,9111
WEALTHY,WEALTHY,Liz,ASL_2008_02_29,15,70,92,ASL_2008_02_29-15,9112
WEATHER,WEATHER++,Brady,ASL_2011_07_22_Brady,26,1106,1141,ASL_2011_07_22_Brady-26,9113
WEATHER,WEATHER++,Liz,ASL_2008_03_28,37,2625,2685,ASL_2008_03_28-37,9114
WEAVE,WEAVE,Brady,ASL_2011_07_22_Brady,26,1590,1631,ASL_2011_07_22_Brady-26,9115
WEAVE,WEAVE,Liz,ASL_2008_03_28,38,336,385,ASL_2008_03_28-38,9116
WEDDING,WEDDING,Brady,ASL_2011_07_22_Brady,26,1840,1869,ASL_2011_07_22_Brady-26,9117
WEDDING,WEDDING,Liz,ASL_2008_03_28,38,585,617,ASL_2008_03_28-38,9118
WEDNESDAY,WEDNESDAY+,Brady,ASL_2011_07_22_Brady,26,2058,2110,ASL_2011_07_22_Brady-26,9119
WEDNESDAY,WEDNESDAY+,Liz,ASL_2008_03_28,38,802,855,ASL_2008_03_28-38,9120
WEEKEND,WEEKEND,Brady,ASL_2011_06_08_Brady,29,10912,10935,ASL_2011_06_08_Brady-29,9121
WEEKEND,WEEKEND,Brady,ASL_2011_06_14_Brady,11,9937,9961,ASL_2011_06_14_Brady-11,9122
WEEKEND,WEEKEND,Brady,ASL_2011_07_19_Brady,58,1220,1240,ASL_2011_07_19_Brady-58,9123
WEEKEND,WEEKEND,Brady,ASL_2011_07_22_Brady,26,2471,2500,ASL_2011_07_22_Brady-26,9124
WEEKEND,WEEKEND,Liz,ASL_2008_01_18,2,2085,2120,ASL_2008_01_18-2,9125
WEEKEND,WEEKEND,Liz,ASL_2008_01_18,31,1105,1150,ASL_2008_01_18-31,9126
WEEKEND,WEEKEND,Liz,ASL_2008_02_29,13,1795,1840,ASL_2008_02_29-13,9127
WEEKEND,WEEKEND,Liz,ASL_2008_03_28,38,1281,1305,ASL_2008_03_28-38,9128
WEEKEND,WEEKEND_2,Naomi,ASL_2008_08_06,2,3045,3070,ASL_2008_08_06-2,9129
WEEKEND,WEEKEND_2,Naomi,ASL_2008_08_06,31,1680,1702,ASL_2008_08_06-31,9130
WELCOME,WELCOME,Brady,ASL_2011_06_14_Brady,34,3529,3553,ASL_2011_06_14_Brady-34,9131
WELCOME,WELCOME,Liz,ASL_2008_02_01,22,2455,2496,ASL_2008_02_01-22,9132
WEST,WEST,Brady,ASL_2011_07_22_Brady,27,1121,1140,ASL_2011_07_22_Brady-27,9133
WEST,WEST,Liz,ASL_2008_03_28,39,295,326,ASL_2008_03_28-39,9134
WET,WET,Brady,ASL_2011_07_22_Brady,27,1320,1337,ASL_2011_07_22_Brady-27,9135
WET,WET+,Liz,ASL_2008_03_28,39,527,575,ASL_2008_03_28-39,9136
WHALE,(1h)WHALE,Liz,ASL_2010_08_10_Liz_additional_lexicon_signs,11,326,375,ASL_2010_08_10_Liz_additional_lexicon_signs-11,9137
WHALE,(1h)WHALE+,Brady,ASL_2011_07_22_Brady,27,1560,1619,ASL_2011_07_22_Brady-27,9138
WHALE,WHALE,Liz,ASL_2008_03_28,39,785,832,ASL_2008_03_28-39,9139
WHALE_2,WHALE_2+,Brady,ASL_2011_07_22_Brady,27,2450,2500,ASL_2011_07_22_Brady-27,9140
WHAT,WHAT,Brady,ASL_2011_07_22_Brady,27,3121,3145,ASL_2011_07_22_Brady-27,9141
WHAT,WHAT,Liz,ASL_2008_03_28,38,2485,2520,ASL_2008_03_28-38,9142
WHAT,WHAT,Liz,ASL_2008_03_28,39,1890,1928,ASL_2008_03_28-39,9143
WHAT,WHAT+,Liz,ASL_2008_01_11,22,585,620,ASL_2008_01_11-22,9144
WHAT,WHAT++,Brady,ASL_2011_07_22_Brady,27,900,931,ASL_2011_07_22_Brady-27,9145
WHAT,WHAT++,Lana,ASL_2006_01_20,22,3284,3318,ASL_2006_01_20-22,9146
WHAT,WHAT++,Liz,ASL_2008_03_28,39,1684,1732,ASL_2008_03_28-39,9147
WHEEL,WHEEL+,Brady,ASL_2011_07_22_Brady,28,989,1045,ASL_2011_07_22_Brady-28,9148
WHEEL,WHEEL+,Liz,ASL_2008_03_28,40,432,492,ASL_2008_03_28-40,9149
WHEEL+CART,WHEEL+CART,Brady,ASL_2011_07_22_Brady,28,1447,1501,ASL_2011_07_22_Brady-28,9150
WHEELBARROW,WHEELBARROW,Liz,ASL_2008_03_28,40,711,763,ASL_2008_03_28-40,9151
WHEELCHAIR,(1h)WHEELCHAIR++,Brady,ASL_2011_07_22_Brady,28,1850,1933,ASL_2011_07_22_Brady-28,9152
WHEELCHAIR,WHEELCHAIR+,Liz,ASL_2008_03_28,40,1219,1311,ASL_2008_03_28-40,9153
WHEELCHAIR_2,WHEELCHAIR_2+,Liz,ASL_2008_03_28,40,1842,1907,ASL_2008_03_28-40,9154
WHEELCHAIR_2,WHEELCHAIR_2++,Brady,ASL_2011_07_22_Brady,28,2653,2742,ASL_2011_07_22_Brady-28,9155
WHEN,WHEN,Brady,ASL_2011_07_22_Brady,28,2194,2233,ASL_2011_07_22_Brady-28,9156
WHEN,WHEN,Liz,ASL_2008_03_28,40,2080,2129,ASL_2008_03_28-40,9157
WHERE,WHERE,Brady,ASL_2011_07_19_Brady,91,163,192,ASL_2011_07_19_Brady-91,9158
WHERE,WHERE,Brady,ASL_2011_07_22_Brady,28,3007,3060,ASL_2011_07_22_Brady-28,9159
WHERE,WHERE,Brady,ASL_2011_07_22_Brady,53,2172,2220,ASL_2011_07_22_Brady-53,9160
WHERE,WHERE,Liz,ASL_2008_02_29,38,1795,1830,ASL_2008_02_29-38,9161
WHERE,WHERE,Liz,ASL_2008_03_28,40,2269,2312,ASL_2008_03_28-40,9162
WHEW/RELIEVED,WHEW/RELIEVED,Liz,ASL_2008_02_29,10,1580,1650,ASL_2008_02_29-10,9163
WHICH,WHICH+,Liz,ASL_2008_03_28,40,2497,2551,ASL_2008_03_28-40,9164
WHICH,WHICH++,Brady,ASL_2011_07_22_Brady,28,3183,3241,ASL_2011_07_22_Brady-28,9165
WHIP,WHIP,Brady,ASL_2011_07_22_Brady,29,115,145,ASL_2011_07_22_Brady-29,9166
WHIP,WHIP_2,Liz,ASL_2008_03_28,40,2888,2946,ASL_2008_03_28-40,9167
WHISKERS,WHISKERS,Brady,ASL_2011_07_22_Brady,57,3221,3273,ASL_2011_07_22_Brady-57,9168
WHISPER,WHISPER,Brady,ASL_2011_07_22_Brady,29,753,796,ASL_2011_07_22_Brady-29,9169
WHISPER,WHISPER,Liz,ASL_2008_03_28,41,375,435,ASL_2008_03_28-41,9170
WHISPER_3,WHISPER_2,Liz,ASL_2008_03_28,41,650,694,ASL_2008_03_28-41,9171
WHISPER_3,WHISPER_3,Brady,ASL_2011_07_22_Brady,29,1065,1157,ASL_2011_07_22_Brady-29,9172
WHISPER_3,WHISPER_3,Brady,ASL_2011_07_22_Brady,57,4080,4135,ASL_2011_07_22_Brady-57,9173
WHISTLE,(F/9)WHISTLE,Liz,ASL_2008_03_28,41,1396,1447,ASL_2008_03_28-41,9174
WHISTLE,WHISTLE,Brady,ASL_2011_07_22_Brady,29,1563,1611,ASL_2011_07_22_Brady-29,9175
WHISTLE,WHISTLE,Liz,ASL_2008_03_28,41,1119,1176,ASL_2008_03_28-41,9176
WHISTLE,WHISTLE+,Brady,ASL_2011_07_22_Brady,15,1934,1969,ASL_2011_07_22_Brady-15,9177
WHISTLE,WHISTLE+,Liz,ASL_2008_03_28,27,855,885,ASL_2008_03_28-27,9178
WHISTLE,WHISTLE+,Liz,ASL_2008_03_28,41,891,925,ASL_2008_03_28-41,9179
WHISTLE,WHISTLE+++,Brady,ASL_2011_07_22_Brady,29,1308,1350,ASL_2011_07_22_Brady-29,9180
WHITE,WHITE+,Brady,ASL_2011_07_22_Brady,29,2020,2048,ASL_2011_07_22_Brady-29,9181
WHITE,WHITE+,Liz,ASL_2008_03_28,41,1642,1685,ASL_2008_03_28-41,9182
WHITE+(5)FACE,WHITE+(5)FACE,Brady,ASL_2011_07_19_Brady,25,1053,1078,ASL_2011_07_19_Brady-25,9183
WHITE+(5)FACE,WHITE+(5)FACE,Brady,ASL_2011_07_22_Brady,29,2417,2440,ASL_2011_07_22_Brady-29,9184
WHITE+(5)FACE,WHITE+(5)FACE,Brady,ASL_2011_07_22_Brady,57,3734,3760,ASL_2011_07_22_Brady-57,9185
WHITE+(5)FACE,WHITE+(5)FACE,Liz,ASL_2008_02_15,29,2673,2715,ASL_2008_02_15-29,9186
WHITE+(5)FACE,WHITE+(5)FACE,Liz,ASL_2008_03_28,41,1861,1894,ASL_2008_03_28-41,9187
WHITE+CHALK,WHITE+CHALK,Brady,ASL_2011_06_14_Brady,3,5988,6041,ASL_2011_06_14_Brady-3,9188
WHITE+CHALK,WHITE+CHALK,Tyler,ASL_2008_05_12a,42,3050,3117,ASL_2008_05_12a-42,9189
WHO,WHO,Brady,ASL_2011_07_22_Brady,29,2634,2675,ASL_2011_07_22_Brady-29,9190
WHO,WHO,Liz,ASL_2008_03_28,41,2340,2380,ASL_2008_03_28-41,9191
WHY,(25)WHY+,Brady,ASL_2011_07_22_Brady,30,327,363,ASL_2011_07_22_Brady-30,9192
WHY,(25)WHY+,Liz,ASL_2008_03_28,41,2576,2595,ASL_2008_03_28-41,9193
WHY,WHY,Brady,ASL_2011_07_22_Brady,30,569,601,ASL_2011_07_22_Brady-30,9194
WHY,WHY,Liz,ASL_2008_03_28,41,2807,2856,ASL_2008_03_28-41,9195
WIDE,WIDE,Brady,ASL_2011_07_22_Brady,30,850,873,ASL_2011_07_22_Brady-30,9196
WIDE,WIDE,Liz,ASL_2008_03_28,41,3065,3090,ASL_2008_03_28-41,9197
WIFE,WIFE,Brady,ASL_2011_07_22_Brady,30,1109,1125,ASL_2011_07_22_Brady-30,9198
WILD-ABOUT,WILD-ABOUT,Brady,ASL_2011_06_08_Brady,31,4388,4406,ASL_2011_06_08_Brady-31,9199
WILD-ABOUT,WILD-ABOUT,Brady,ASL_2011_06_14_Brady,21,1098,1114,ASL_2011_06_14_Brady-21,9200
WILD-ABOUT,WILD-ABOUT,Brady,ASL_2011_07_22_Brady,43,1167,1185,ASL_2011_07_22_Brady-43,9201
WILD-ABOUT,WILD-ABOUT,Liz,ASL_2008_01_18,8,1402,1420,ASL_2008_01_18-8,9202
WILD-ABOUT,WILD-ABOUT,Naomi,ASL_2008_08_06,8,1521,1540,ASL_2008_08_06-8,9203
WILD_2,WILD_2,Tyler,ASL_2008_05_12b,8,3390,3415,ASL_2008_05_12b-8,9204
WIN,WIN,Brady,ASL_2011_07_22_Brady,30,1821,1845,ASL_2011_07_22_Brady-30,9205
WIN,WIN,Liz,ASL_2008_03_28,42,1905,1940,ASL_2008_03_28-42,9206
WIND,STORM/WIND++,Brady,ASL_2011_07_19_Brady,99,2588,2668,ASL_2011_07_19_Brady-99,9207
WIND,STORM/WIND++,Liz,ASL_2008_02_29,48,1645,1740,ASL_2008_02_29-48,9208
WIND,WIND+,Brady,ASL_2011_07_22_Brady,30,2038,2084,ASL_2011_07_22_Brady-30,9209
WIND,WIND+,Liz,ASL_2008_03_28,42,2103,2164,ASL_2008_03_28-42,9210
WIND,WIND-IN-TREES+,Liz,ASL_2008_01_11,10,1145,1210,ASL_2008_01_11-10,9211
WIND,WIND-IN-TREES++,Brady,ASL_2011_06_08_Brady,10,953,989,ASL_2011_06_08_Brady-10,9212
WINDOW,WINDOW+,Liz,ASL_2008_03_28,42,4707,4757,ASL_2008_03_28-42,9213
WINDOW,WINDOW++,Brady,ASL_2011_07_22_Brady,31,266,314,ASL_2011_07_22_Brady-31,9214
WINE,WINE++,Brady,ASL_2011_07_22_Brady,31,545,591,ASL_2011_07_22_Brady-31,9215
WINE,WINE++,Liz,ASL_2008_03_28,42,5147,5208,ASL_2008_03_28-42,9216
WINE+POP-CORK,WINE+POP-CORK,Tyler,ASL_2008_05_12a,43,585,652,ASL_2008_05_12a-43,9217
WINE-BOTTLE,WINE-BOTTLE,Brady,ASL_2011_06_08_Brady,22,24183,24201,ASL_2011_06_08_Brady-22,9218
WINE-BOTTLE,WINE-BOTTLE,Brady,ASL_2011_06_08_Brady,25,2573,2583,ASL_2011_06_08_Brady-25,9219
WISDOM,WISDOM+,Brady,ASL_2011_07_22_Brady,31,1223,1262,ASL_2011_07_22_Brady-31,9220
WISDOM,WISDOM+,Liz,ASL_2008_03_28,43,285,315,ASL_2008_03_28-43,9221
WISDOM,WISDOM+,Liz,ASL_2008_03_28,43,517,575,ASL_2008_03_28-43,9222
WISDOM,WISDOM++,Brady,ASL_2011_07_22_Brady,31,972,1002,ASL_2011_07_22_Brady-31,9223
WITCH,(1h)WITCH,Brady,ASL_2011_07_22_Brady,31,1965,1984,ASL_2011_07_22_Brady-31,9224
WITCH,(1h)WITCH,Liz,ASL_2008_03_28,43,1187,1205,ASL_2008_03_28-43,9225
WITCH,WITCH+,Brady,ASL_2011_07_22_Brady,31,1702,1735,ASL_2011_07_22_Brady-31,9226
WITCH,WITCH+,Liz,ASL_2008_03_28,43,944,979,ASL_2008_03_28-43,9227
WITH,WITH,Brady,ASL_2011_07_22_Brady,31,2233,2256,ASL_2011_07_22_Brady-31,9228
WITH,WITH,Lana,ASL_2006_01_20,22,3141,3185,ASL_2006_01_20-22,9229
WITH,WITH,Liz,ASL_2008_03_28,43,1400,1440,ASL_2008_03_28-43,9230
WITH+NEG,WITH+NEG,Liz,ASL_2008_03_28,44,326,354,ASL_2008_03_28-44,9231
WITH+NEG,WITH+NEG_2,Brady,ASL_2011_07_22_Brady,32,125,148,ASL_2011_07_22_Brady-32,9232
WITH+NEG,WITH+NEG_2,Liz,ASL_2008_03_28,43,1623,1657,ASL_2008_03_28-43,9233
WOLF,WOLF,Brady,ASL_2011_07_22_Brady,32,662,682,ASL_2011_07_22_Brady-32,9234
WOLF,WOLF,Liz,ASL_2010_08_10_Liz_additional_lexicon_signs,4,1048,1085,ASL_2010_08_10_Liz_additional_lexicon_signs-4,9235
WOMAN,(5)WOMAN,Brady,ASL_2011_07_22_Brady,32,889,901,ASL_2011_07_22_Brady-32,9236
WOMAN,(5)WOMAN,Brady,ASL_2011_07_22_Brady,46,912,929,ASL_2011_07_22_Brady-46,9237
WOMAN,(5)WOMAN,Tyler,ASL_2008_05_29b,16,605,635,ASL_2008_05_29b-16,9238
WOMAN,WOMAN,Brady,ASL_2011_06_14_Brady,46,1795,1814,ASL_2011_06_14_Brady-46,9239
WOMAN,WOMAN,Liz,ASL_2008_02_01,43,1075,1115,ASL_2008_02_01-43,9240
WOMAN,WOMAN,Liz,ASL_2010_08_10_Liz_additional_lexicon_signs,4,1363,1421,ASL_2010_08_10_Liz_additional_lexicon_signs-4,9241
WOMAN,WOMAN,Naomi,ASL_2008_08_13,36,668,698,ASL_2008_08_13-36,9242
WONDER,WONDER,Brady,ASL_2011_07_22_Brady,32,1122,1165,ASL_2011_07_22_Brady-32,9243
WONDER,WONDER,Dana,ASL_2007_05_24,27,1572,1634,ASL_2007_05_24-27,9244
WONDER,WONDER,Lana,ASL_2006_10_10,25,1647,1696,ASL_2006_10_10-25,9245
WONDER,WONDER+,Liz,ASL_2008_03_28,44,530,595,ASL_2008_03_28-44,9246
WOOD,WOOD++,Brady,ASL_2011_07_19_Brady,73,225,266,ASL_2011_07_19_Brady-73,9247
WOOD,WOOD++,Brady,ASL_2011_07_22_Brady,32,1319,1358,ASL_2011_07_22_Brady-32,9248
WOOD,WOOD++,Liz,ASL_2008_03_28,44,815,880,ASL_2008_03_28-44,9249
WOOD,WOOD+++,Brady,ASL_2011_07_22_Brady,51,2436,2492,ASL_2011_07_22_Brady-51,9250
WORD,WORD+,Liz,ASL_2010_08_10_Liz_additional_lexicon_signs,4,1667,1700,ASL_2010_08_10_Liz_additional_lexicon_signs-4,9251
WORD,WORD++,Brady,ASL_2011_07_22_Brady,32,2096,2121,ASL_2011_07_22_Brady-32,9252
WORK,WORK+,Lana,ASL_2006_09_26,61,3109,3144,ASL_2006_09_26-61,9253
WORK,WORK+,Liz,ASL_2008_02_01,37,2425,2466,ASL_2008_02_01-37,9254
WORK,WORK+,Naomi,ASL_2008_08_13,31,1727,1760,ASL_2008_08_13-31,9255
WORK,WORK++,Brady,ASL_2011_06_14_Brady,43,4795,4818,ASL_2011_06_14_Brady-43,9256
WORK,WORK++,Brady,ASL_2011_07_22_Brady,32,2308,2344,ASL_2011_07_22_Brady-32,9257
WORK,WORK++,Liz,ASL_2008_03_28,44,1930,1984,ASL_2008_03_28-44,9258
WORK,WORK++,Tyler,ASL_2008_05_29b,11,1732,1771,ASL_2008_05_29b-11,9259
WORK,WORK+++,Tyler,ASL_2008_05_29a,1,237,300,ASL_2008_05_29a-1,9260
WORK-OUT,WORK-OUT+,Brady,ASL_2011_06_14_Brady,30,2687,2714,ASL_2011_06_14_Brady-30,9261
WORK-OUT,WORK-OUT+,Lana,ASL_2006_10_10,9,791,836,ASL_2006_10_10-9,9262
WORK-OUT,WORK-OUT+,Liz,ASL_2008_01_18,36,501,552,ASL_2008_01_18-36,9263
WORK-OUT,WORK-OUT+,Liz,ASL_2008_02_01,15,455,502,ASL_2008_02_01-15,9264
WORK-OUT,WORK-OUT+,Naomi,ASL_2008_08_13,12,345,380,ASL_2008_08_13-12,9265
WORK-OUT,WORK-OUT+,Tyler,ASL_2008_05_29a,16,227,275,ASL_2008_05_29a-16,9266
WORK-OUT,WORK-OUT++,Brady,ASL_2011_06_14_Brady,14,4544,4576,ASL_2011_06_14_Brady-14,9267
WORK-OUT,WORK-OUT_2+,Brady,ASL_2011_06_14_Brady,14,4813,4862,ASL_2011_06_14_Brady-14,9268
WORK-OUT,WORK-OUT_2+,Dana,ASL_2007_05_24,13,823,894,ASL_2007_05_24-13,9269
WORK-OUT,WORK-OUT_2+,Liz,ASL_2008_01_18,36,745,805,ASL_2008_01_18-36,9270
WORK-OUT,WORK-OUT_2++,Naomi,ASL_2008_08_06,36,155,205,ASL_2008_08_06-36,9271
WORKSHOP,WORKSHOP,Brady,ASL_2011_07_22_Brady,33,350,372,ASL_2011_07_22_Brady-33,9272
WORKSHOP,WORKSHOP,Liz,ASL_2008_03_28,44,2415,2451,ASL_2008_03_28-44,9273
WORLD,WORLD,Brady,ASL_2011_07_22_Brady,33,597,631,ASL_2011_07_22_Brady-33,9274
WORLD,WORLD,Liz,ASL_2008_03_28,44,2671,2727,ASL_2008_03_28-44,9275
WORM,WORM+++,Liz,ASL_2008_03_28,44,2920,2982,ASL_2008_03_28-44,9276
WORM,WORM++++,Brady,ASL_2011_07_22_Brady,33,825,859,ASL_2011_07_22_Brady-33,9277
WORRY,WORRY++,Brady,ASL_2011_07_22_Brady,33,1090,1149,ASL_2011_07_22_Brady-33,9278
WORRY,WORRY++,Liz,ASL_2008_03_28,45,320,390,ASL_2008_03_28-45,9279
WORSE,WORSE,Tyler,ASL_2008_06_10,21,877,898,ASL_2008_06_10-21,9280
WORTH,WORTH+,Liz,ASL_2008_02_01,25,3245,3307,ASL_2008_02_01-25,9281
WORTH,WORTH+,Naomi,ASL_2008_08_13,21,5020,5050,ASL_2008_08_13-21,9282
WORTH,WORTH++,Brady,ASL_2011_06_14_Brady,37,5855,5894,ASL_2011_06_14_Brady-37,9283
WORTH+NEG,WORTH+NEG,Brady,ASL_2011_07_22_Brady,33,2050,2081,ASL_2011_07_22_Brady-33,9284
WORTH+NEG,WORTH+NEG,Liz,ASL_2008_03_28,45,1386,1413,ASL_2008_03_28-45,9285
WOW,WOW+,Brady,ASL_2011_07_22_Brady,34,174,205,ASL_2011_07_22_Brady-34,9286
WOW,WOW+,Liz,ASL_2008_03_28,45,1945,2005,ASL_2008_03_28-45,9287
WOW/AWFUL,WOW/AWFUL,Brady,ASL_2011_06_08_Brady,14,4092,4115,ASL_2011_06_08_Brady-14,9288
WOW/AWFUL,WOW/AWFUL,Liz,ASL_2008_01_11,27,931,950,ASL_2008_01_11-27,9289
WOW/AWFUL,WOW/AWFUL,Naomi,ASL_2008_08_04,17,3360,3380,ASL_2008_08_04-17,9290
WOW/AWFUL,WOW/AWFUL,Tyler,ASL_2008_05_12a,17,3905,3926,ASL_2008_05_12a-17,9291
WRAP,WRAP,Liz,ASL_2008_03_28,45,2295,2352,ASL_2008_03_28-45,9292
WRAP,WRAP+,Brady,ASL_2011_07_22_Brady,34,491,542,ASL_2011_07_22_Brady-34,9293
WRENCH/PLUMBING,WRENCH/PLUMBING+,Brady,ASL_2011_07_22_Brady,34,1033,1075,ASL_2011_07_22_Brady-34,9294
WRENCH/PLUMBING,WRENCH/PLUMBING+,Liz,ASL_2008_02_15,42,2957,3003,ASL_2008_02_15-42,9295
WRENCH/PLUMBING,WRENCH/PLUMBING+,Liz,ASL_2008_03_28,45,2817,2876,ASL_2008_03_28-45,9296
WRENCH/PLUMBING,WRENCH/PLUMBING++,Brady,ASL_2011_07_22_Brady,57,5716,5782,ASL_2011_07_22_Brady-57,9297
WRESTLE++AGENT,WRESTLE++AGENT,Brady,ASL_2011_07_22_Brady,34,1508,1545,ASL_2011_07_22_Brady-34,9298
WRESTLE++AGENT,WRESTLE++AGENT,Liz,ASL_2008_03_28,46,383,447,ASL_2008_03_28-46,9299
WRIST,WRIST+,Liz,ASL_2008_03_28,46,1125,1181,ASL_2008_03_28-46,9300
WRIST,WRIST++,Brady,ASL_2011_07_22_Brady,34,1799,1837,ASL_2011_07_22_Brady-34,9301
WRITE,WRITE+,Dana,ASL_2007_05_24,22,2072,2114,ASL_2007_05_24-22,9302
WRITE,WRITE+,Liz,ASL_2008_02_15,34,1450,1470,ASL_2008_02_15-34,9303
WRITE,WRITE+,Liz,ASL_2008_03_28,46,1392,1436,ASL_2008_03_28-46,9304
WRITE,WRITE++,Brady,ASL_2011_07_22_Brady,34,2066,2101,ASL_2011_07_22_Brady-34,9305
WRITE+AGENT,WRITE++AGENT,Brady,ASL_2011_07_19_Brady,56,2223,2275,ASL_2011_07_19_Brady-56,9306
WRITE+AGENT,WRITE++AGENT,Brady,ASL_2011_07_22_Brady,34,2610,2650,ASL_2011_07_22_Brady-34,9307
WRITE+AGENT,WRITE++AGENT,Liz,ASL_2008_03_28,46,1675,1730,ASL_2008_03_28-46,9308
WRITE+AGENT,WRITE+AGENT,Liz,ASL_2008_02_29,11,1576,1612,ASL_2008_02_29-11,9309
WRONG,VERY-WRONG,Lana,ASL_2006_10_10,25,1886,1917,ASL_2006_10_10-25,9310
WRONG,WRONG,Brady,ASL_2011_07_22_Brady,34,2323,2362,ASL_2011_07_22_Brady-34,9311
WRONG,WRONG,Dana,ASL_2007_05_24,27,1825,1850,ASL_2007_05_24-27,9312
WRONG,WRONG,Liz,ASL_2008_03_28,46,1935,1965,ASL_2008_03_28-46,9313
X,X,Brady,ASL_2011_07_22_Brady,34,3054,3076,ASL_2011_07_22_Brady-34,9314
X,X,Liz,ASL_2008_03_28,46,2215,2280,ASL_2008_03_28-46,9315
XYLOPHONE,XYLOPHONE++,Brady,ASL_2011_07_22_Brady,35,120,174,ASL_2011_07_22_Brady-35,9316
XYLOPHONE,XYLOPHONE+++,Liz,ASL_2008_03_28,46,2480,2546,ASL_2008_03_28-46,9317
Y,Y,Brady,ASL_2011_07_22_Brady,35,436,464,ASL_2011_07_22_Brady-35,9318
Y,Y,Liz,ASL_2008_03_28,46,2720,2795,ASL_2008_03_28-46,9319
YAWN,(Y)YAWN,Liz,ASL_2008_03_28,47,1077,1140,ASL_2008_03_28-47,9320
YAWN,YAWN,Brady,ASL_2011_07_22_Brady,35,794,846,ASL_2011_07_22_Brady-35,9321
YAWN_2,YAWN_2,Brady,ASL_2011_07_22_Brady,35,1143,1179,ASL_2011_07_22_Brady-35,9322
YEAR,YEAR,Brady,ASL_2011_07_22_Brady,35,1259,1301,ASL_2011_07_22_Brady-35,9323
YEAR,YEAR,Liz,ASL_2008_03_28,47,1381,1430,ASL_2008_03_28-47,9324
YELLOW,YELLOW++,Dana,ASL_2007_05_24,27,2466,2509,ASL_2007_05_24-27,9325
YELLOW,YELLOW++,Liz,ASL_2008_03_28,47,1840,1871,ASL_2008_03_28-47,9326
YELLOW,YELLOW++++,Brady,ASL_2011_07_22_Brady,35,2084,2122,ASL_2011_07_22_Brady-35,9327
YELLOW,YELLOW++++,Lana,ASL_2006_10_10,25,2523,2553,ASL_2006_10_10-25,9328
YES,YES+,Liz,ASL_2008_03_28,47,2300,2330,ASL_2008_03_28-47,9329
YES,YES++,Brady,ASL_2011_07_22_Brady,35,2520,2555,ASL_2011_07_22_Brady-35,9330
YESTERDAY,YESTERDAY,Brady,ASL_2011_07_22_Brady,35,2950,2975,ASL_2011_07_22_Brady-35,9331
YESTERDAY,YESTERDAY,Lana,ASL_2006_01_20,22,3582,3633,ASL_2006_01_20-22,9332
YESTERDAY,YESTERDAY,Liz,ASL_2008_03_28,47,2795,2832,ASL_2008_03_28-47,9333
YOM-KIPPUR,YOM-KIPPUR,Brady,ASL_2011_07_22_Brady,36,641,672,ASL_2011_07_22_Brady-36,9334
YOM-KIPPUR,YOM-KIPPUR,Liz,ASL_2008_03_28,47,3892,3960,ASL_2008_03_28-47,9335
YOUNG,YOUNG+,Liz,ASL_2008_03_28,48,853,900,ASL_2008_03_28-48,9336
YOUNG,YOUNG++,Brady,ASL_2011_07_22_Brady,36,1135,1172,ASL_2011_07_22_Brady-36,9337
Z,Z,Brady,ASL_2011_07_22_Brady,36,3488,3515,ASL_2011_07_22_Brady-36,9338
Z,Z,Liz,ASL_2008_03_28,48,2460,2495,ASL_2008_03_28-48,9339
ZERO,ZERO,Brady,ASL_2011_06_08_Brady,4,3820,3836,ASL_2011_06_08_Brady-4,9340
ZERO,ZERO,Liz,ASL_2008_01_11,4,1926,1955,ASL_2008_01_11-4,9341
ZERO,ZERO,Naomi,ASL_2008_08_04,3,1440,1463,ASL_2008_08_04-3,9342
ZERO,ZERO,Tyler,ASL_2008_05_12a,3,1095,1176,ASL_2008_05_12a-3,9343
ZIPPER,ZIPPER+,Brady,ASL_2011_07_22_Brady,36,3732,3777,ASL_2011_07_22_Brady-36,9344
ZIPPER,ZIPPER+,Liz,ASL_2008_03_28,48,2690,2740,ASL_2008_03_28-48,9345
ZITS,ZITS+,Liz,ASL_2008_02_15,39,966,1017,ASL_2008_02_15-39,9346
fs-BEAVER,fs-BEAVER,Brady,ASL_2011_06_08_Brady,18,1425,1474,ASL_2011_06_08_Brady-18,9347
fs-BLOUSE,fs-BLOUSE,Brady,ASL_2011_06_08_Brady,22,1185,1228,ASL_2011_06_08_Brady-22,9348
fs-CHECKERS,fs-CHECKERS,Brady,ASL_2011_06_08_Brady,27,1666,1709,ASL_2011_06_08_Brady-27,9349
fs-FEATHER,fs-FEATHER,Brady,ASL_2011_06_14_Brady,17,1408,1446,ASL_2011_06_14_Brady-17,9350
fs-FEET,fs-FEET,Brady,ASL_2011_06_14_Brady,17,3464,3489,ASL_2011_06_14_Brady-17,9351
fs-GRAVITY,fs-GRAVITY,Brady,ASL_2011_06_14_Brady,28,10180,10225,ASL_2011_06_14_Brady-28,9352
fs-HALL,fs-HALL,Brady,ASL_2011_06_14_Brady,30,8910,8927,ASL_2011_06_14_Brady-30,9353
fs-HALL,fs-HALL,Liz,ASL_2008_02_01,16,502,545,ASL_2008_02_01-16,9354
fs-HELL,fs-HELL,Brady,ASL_2011_06_14_Brady,33,4063,4077,ASL_2011_06_14_Brady-33,9355
fs-HELL,fs-HELL,Tyler,ASL_2008_05_29a,49,460,490,ASL_2008_05_29a-49,9356
fs-HOLY,fs-HOLY,Brady,ASL_2011_06_14_Brady,35,2102,2125,ASL_2011_06_14_Brady-35,9357
fs-I+PHONE,fs-I+PHONE,Brady,ASL_2011_06_14_Brady,41,3878,3903,ASL_2011_06_14_Brady-41,9358
fs-I+PHONE,fs-I+PHONE,Liz,ASL_2010_08_10_Liz_additional_lexicon_signs,12,2180,2250,ASL_2010_08_10_Liz_additional_lexicon_signs-12,9359
fs-ICE+ICE-SKATE,fs-ICE+ICE-SKATE,Liz,ASL_2010_08_10_Liz_additional_lexicon_signs,30,1896,2000,ASL_2010_08_10_Liz_additional_lexicon_signs-30,9360
fs-JELLY,fs-JELLY,Brady,ASL_2011_06_14_Brady,42,10155,10179,ASL_2011_06_14_Brady-42,9361
fs-JELLY+FISH,fs-JELLY+FISH,Brady,ASL_2011_06_14_Brady,42,10709,10751,ASL_2011_06_14_Brady-42,9362
fs-JEWELRY,fs-JEWELRY,Brady,ASL_2011_06_14_Brady,43,2782,2838,ASL_2011_06_14_Brady-43,9363
fs-LAKE,fs-LAKE,Tyler,ASL_2008_05_29b,16,1110,1145,ASL_2008_05_29b-16,9364
fs-MAYO,fs-MAYO,Brady,ASL_2011_06_14_Brady,55,3095,3121,ASL_2011_06_14_Brady-55,9365
fs-MAYO,fs-MAYO,Liz,ASL_2008_02_15,1,2370,2397,ASL_2008_02_15-1,9366
"fs-MAYO+ICL""spread with knife""","fs-MAYO+ICL""spread with knife""",Tyler,ASL_2008_06_10,11,840,931,ASL_2008_06_10-11,9367
fs-PICKLE,fs-PICKLE,Brady,ASL_2011_07_19_Brady,32,1113,1166,ASL_2011_07_19_Brady-32,9368
fs-REHAB,fs-REHAB,Brady,ASL_2011_07_19_Brady,53,2611,2641,ASL_2011_07_19_Brady-53,9369
fs-REHAB,fs-REHAB,Liz,ASL_2008_02_29,9,106,166,ASL_2008_02_29-9,9370
fs-TATTOO,fs-TATTOO,Brady,ASL_2011_07_19_Brady,110,463,500,ASL_2011_07_19_Brady-110,9371
fs-WART,fs-WART,Brady,ASL_2011_07_22_Brady,23,2124,2169,ASL_2011_07_22_Brady-23,9372
ns-#FLA,ns-#FLA,Brady,ASL_2011_06_14_Brady,19,4758,4771,ASL_2011_06_14_Brady-19,9373
ns-#FLA,ns-#FLA,Liz,ASL_2008_01_18,43,1840,1860,ASL_2008_01_18-43,9374
ns-#FLA,ns-#FLA,Naomi,ASL_2008_08_06,43,1970,1995,ASL_2008_08_06-43,9375
ns-#FLA,ns-#FLA,Tyler,ASL_2008_05_29a,23,1960,1985,ASL_2008_05_29a-23,9376
ns-#HI,ns-#HI,Brady,ASL_2011_06_14_Brady,30,6469,6485,ASL_2011_06_14_Brady-30,9377
ns-#HI,ns-#HI,Liz,ASL_2008_02_01,15,1810,1836,ASL_2008_02_01-15,9378
ns-#KC,ns-#KC,Brady,ASL_2011_06_14_Brady,44,1487,1506,ASL_2011_06_14_Brady-44,9379
ns-#KC,ns-#KC,Liz,ASL_2008_02_01,38,5480,5521,ASL_2008_02_01-38,9380
ns-#KC,ns-#KC,Naomi,ASL_2008_08_13,32,3140,3155,ASL_2008_08_13-32,9381
ns-#KC,ns-#KC,Tyler,ASL_2008_05_29b,12,2645,2656,ASL_2008_05_29b-12,9382
ns-#LA,ns-#LA,Liz,ASL_2008_02_01,54,816,846,ASL_2008_02_01-54,9383
ns-#LA,ns-#LA,Naomi,ASL_2008_08_13_session2,9,875,895,ASL_2008_08_13_session2-9,9384
ns-#LA,ns-#LA,Tyler,ASL_2008_06_10,6,1177,1210,ASL_2008_06_10-6,9385
ns-#SD,ns-#SD,Brady,ASL_2011_07_19_Brady,72,417,436,ASL_2011_07_19_Brady-72,9386
ns-#SD,ns-#SD,Liz,ASL_2008_02_29,21,2325,2375,ASL_2008_02_29-21,9387
ns-#SF,ns-#SF,Brady,ASL_2011_07_19_Brady,72,622,643,ASL_2011_07_19_Brady-72,9388
ns-#SF,ns-#SF,Liz,ASL_2008_02_29,21,2565,2606,ASL_2008_02_29-21,9389
ns-#US,ns-#US,Brady,ASL_2011_07_22_Brady,16,3455,3494,ASL_2011_07_22_Brady-16,9390
ns-#US,ns-#US,Liz,ASL_2008_03_28,28,970,1020,ASL_2008_03_28-28,9391
ns-AFRICA,ns-AFRICA,Brady,ASL_2011_06_08_Brady,9,1666,1688,ASL_2011_06_08_Brady-9,9392
ns-AFRICA,ns-AFRICA,Liz,ASL_2008_01_11,8,1770,1815,ASL_2008_01_11-8,9393
ns-AFRICA,ns-AFRICA,Naomi,ASL_2008_08_04,6,2835,2860,ASL_2008_08_04-6,9394
ns-AFRICA,ns-AFRICA,Tyler,ASL_2008_05_12a,7,2495,2525,ASL_2008_05_12a-7,9395
ns-AFRICA+ns-AMERICA+AGENT,(A)ns-AFRICA+ns-AMERICA+AGENT,Liz,ASL_2008_01_11,8,2145,2269,ASL_2008_01_11-8,9396
ns-AFRICA+ns-AMERICA+AGENT,ns-AFRICA+ns-AMERICA+AGENT,Brady,ASL_2011_06_08_Brady,9,6994,7034,ASL_2011_06_08_Brady-9,9397
ns-AFRICA+ns-AMERICA+AGENT,ns-AFRICA+ns-AMERICA+AGENT,Liz,ASL_2008_01_11,8,2905,2992,ASL_2008_01_11-8,9398
ns-AFRICA+ns-AMERICA+AGENT,ns-AFRICA+ns-AMERICA+AGENT,Naomi,ASL_2008_08_04,6,3551,3626,ASL_2008_08_04-6,9399
ns-AFRICA+ns-AMERICA+AGENT,ns-AFRICA+ns-AMERICA+AGENT,Tyler,ASL_2008_05_12a,7,3417,3485,ASL_2008_05_12a-7,9400
ns-AMERICA,ns-AMERICA+,Brady,ASL_2011_06_08_Brady,11,4236,4264,ASL_2011_06_08_Brady-11,9401
ns-AMERICA,ns-AMERICA+,Liz,ASL_2008_01_11,13,770,830,ASL_2008_01_11-13,9402
ns-AMERICA,ns-AMERICA+,Naomi,ASL_2008_08_04,9,2350,2402,ASL_2008_08_04-9,9403
ns-AMERICA,ns-AMERICA+,Tyler,ASL_2008_05_12a,10,2655,2705,ASL_2008_05_12a-10,9404
ns-AMERICA+SIGN+LANGUAGE,ns-AMERICA+SIGN+LANGUAGE,Brady,ASL_2011_06_08_Brady,11,6381,6421,ASL_2011_06_08_Brady-11,9405
ns-AMERICA+SIGN+LANGUAGE,ns-AMERICA+SIGN+LANGUAGE,Brady,ASL_2011_06_14_Brady,2,1975,2016,ASL_2011_06_14_Brady-2,9406
ns-AMERICA+SIGN+LANGUAGE,ns-AMERICA+SIGN+LANGUAGE,Brady,ASL_2011_07_22_Brady,37,1278,1338,ASL_2011_07_22_Brady-37,9407
ns-AMERICAN-INDIAN,ns-AMERICAN-INDIAN,Liz,ASL_2008_02_15,15,2220,2272,ASL_2008_02_15-15,9408
ns-AMERICAN-INDIAN,ns-AMERICAN-INDIAN,Tyler,ASL_2008_06_10,23,2340,2365,ASL_2008_06_10-23,9409
ns-ARIZONA,ns-ARIZONA,Brady,ASL_2011_06_08_Brady,13,250,272,ASL_2011_06_08_Brady-13,9410
ns-ARIZONA,ns-ARIZONA,Liz,ASL_2008_01_11,21,695,730,ASL_2008_01_11-21,9411
ns-ARIZONA,ns-ARIZONA,Naomi,ASL_2008_08_04,14,1047,1075,ASL_2008_08_04-14,9412
ns-ASIA,ns-ASIA,Brady,ASL_2011_06_08_Brady,13,6313,6346,ASL_2011_06_08_Brady-13,9413
ns-ASIA,ns-ASIA,Brady,ASL_2011_06_14_Brady,12,7486,7519,ASL_2011_06_14_Brady-12,9414
ns-ASIA,ns-ASIA,Naomi,ASL_2008_08_04,15,1955,1998,ASL_2008_08_04-15,9415
ns-ASIA,ns-ASIA_2,Liz,ASL_2008_01_11,23,225,295,ASL_2008_01_11-23,9416
ns-ATHENS,ns-ATHENS,Brady,ASL_2011_06_08_Brady,13,15974,16004,ASL_2011_06_08_Brady-13,9417
ns-ATHENS,ns-ATHENS,Liz,ASL_2008_01_11,24,335,370,ASL_2008_01_11-24,9418
ns-ATLANTA,ns-ATLANTA,Brady,ASL_2011_06_08_Brady,13,17516,17540,ASL_2011_06_08_Brady-13,9419
ns-ATLANTA,ns-ATLANTA,Dana,ASL_2007_05_24,7,1153,1203,ASL_2007_05_24-7,9420
ns-ATLANTA,ns-ATLANTA,Lana,ASL_2006_10_10,3,1173,1201,ASL_2006_10_10-3,9421
ns-ATLANTA,ns-ATLANTA,Liz,ASL_2008_01_11,24,555,595,ASL_2008_01_11-24,9422
ns-ATLANTA,ns-ATLANTA,Naomi,ASL_2008_08_04,16,285,320,ASL_2008_08_04-16,9423
ns-ATLANTA,ns-ATLANTA,Tyler,ASL_2008_05_12a,16,560,592,ASL_2008_05_12a-16,9424
ns-AUSTRALIA,ns-AUSTRALIA,Brady,ASL_2011_06_08_Brady,14,1598,1624,ASL_2011_06_08_Brady-14,9425
ns-AUSTRALIA,ns-AUSTRALIA,Liz,ASL_2008_01_11,25,1810,1835,ASL_2008_01_11-25,9426
ns-AUSTRALIA,ns-AUSTRALIA,Naomi,ASL_2008_08_04,17,312,343,ASL_2008_08_04-17,9427
ns-BALTIMORE,ns-BALTIMORE,Brady,ASL_2011_06_08_Brady,16,1080,1105,ASL_2011_06_08_Brady-16,9428
ns-BALTIMORE,ns-BALTIMORE,Dana,ASL_2007_05_24,7,2581,2631,ASL_2007_05_24-7,9429
ns-BALTIMORE,ns-BALTIMORE,Lana,ASL_2006_10_10,3,2476,2505,ASL_2006_10_10-3,9430
ns-BALTIMORE,ns-BALTIMORE,Liz,ASL_2008_01_11,31,550,585,ASL_2008_01_11-31,9431
ns-BALTIMORE,ns-BALTIMORE,Naomi,ASL_2008_08_04,20,1107,1126,ASL_2008_08_04-20,9432
ns-BANGLADESH,ns-BANGLADESH,Brady,ASL_2011_06_08_Brady,16,4558,4588,ASL_2011_06_08_Brady-16,9433
ns-BELGIUM,ns-BELGIUM,Brady,ASL_2011_06_08_Brady,18,14120,14141,ASL_2011_06_08_Brady-18,9434
ns-BELGIUM,ns-BELGIUM,Liz,ASL_2008_01_11,39,310,345,ASL_2008_01_11-39,9435
ns-BOSTON,ns-BOSTON,Brady,ASL_2011_06_08_Brady,22,21220,21250,ASL_2011_06_08_Brady-22,9436
ns-BOSTON,ns-BOSTON,Brady,ASL_2011_06_08_Brady,22,23800,23829,ASL_2011_06_08_Brady-22,9437
ns-BOSTON,ns-BOSTON,Brady,ASL_2011_07_22_Brady,39,539,592,ASL_2011_07_22_Brady-39,9438
ns-BOSTON,ns-BOSTON,Dana,ASL_2007_05_24,8,2015,2068,ASL_2007_05_24-8,9439
ns-BOSTON,ns-BOSTON,Lana,ASL_2006_10_10,4,2036,2082,ASL_2006_10_10-4,9440
ns-BOSTON,ns-BOSTON,Liz,ASL_2008_01_11,51,845,891,ASL_2008_01_11-51,9441
ns-BOSTON,ns-BOSTON,Liz,ASL_2008_01_11,51,1250,1285,ASL_2008_01_11-51,9442
ns-BOSTON,ns-BOSTON,Naomi,ASL_2008_08_04,33,443,468,ASL_2008_08_04-33,9443
ns-BOSTON,ns-BOSTON,Tyler,ASL_2008_05_12a,32,222,276,ASL_2008_05_12a-32,9444
ns-BRITAIN,ns-BRITAIN,Brady,ASL_2011_06_14_Brady,12,5088,5120,ASL_2011_06_14_Brady-12,9445
ns-BRITAIN,ns-BRITAIN,Liz,ASL_2008_01_18,32,821,855,ASL_2008_01_18-32,9446
ns-BRITAIN,ns-BRITAIN,Naomi,ASL_2008_08_06,32,385,405,ASL_2008_08_06-32,9447
ns-BULGARIA,ns-BULGARIA,Brady,ASL_2011_06_08_Brady,24,4300,4335,ASL_2011_06_08_Brady-24,9448
ns-BULGARIA,ns-BULGARIA,Brady,ASL_2011_07_22_Brady,38,1041,1063,ASL_2011_07_22_Brady-38,9449
ns-BULGARIA,ns-BULGARIA,Naomi,ASL_2008_08_04,37,1987,2010,ASL_2008_08_04-37,9450
ns-BULGARIA,ns-BULGARIA_2,Liz,ASL_2008_01_11,58,3266,3305,ASL_2008_01_11-58,9451
ns-BURGER-KING,ns-BURGER-KING,Brady,ASL_2011_06_08_Brady,24,6952,6978,ASL_2011_06_08_Brady-24,9452
ns-BURGER-KING,ns-BURGER-KING,Liz,ASL_2010_08_10_Liz_additional_lexicon_signs,25,905,976,ASL_2010_08_10_Liz_additional_lexicon_signs-25,9453
ns-CENTRAL-AMERICA,ns-CENTRAL-AMERICA,Liz,ASL_2008_01_11,68,335,395,ASL_2008_01_11-68,9454
ns-CHARLOTTE,ns-CHARLOTTE,Liz,ASL_2008_01_11,71,285,320,ASL_2008_01_11-71,9455
ns-CHARLOTTE,ns-CHARLOTTE,Tyler,ASL_2008_05_12a,44,465,507,ASL_2008_05_12a-44,9456
ns-CHICAGO,ns-CHICAGO,Brady,ASL_2011_06_08_Brady,27,6085,6105,ASL_2011_06_08_Brady-27,9457
ns-CHICAGO,ns-CHICAGO,Dana,ASL_2007_05_24,9,1840,1869,ASL_2007_05_24-9,9458
ns-CHICAGO,ns-CHICAGO,Lana,ASL_2006_10_10,5,1714,1735,ASL_2006_10_10-5,9459
ns-CHICAGO,ns-CHICAGO,Liz,ASL_2008_01_11,74,805,840,ASL_2008_01_11-74,9460
ns-CHICAGO,ns-CHICAGO,Naomi,ASL_2008_08_04,47,582,607,ASL_2008_08_04-47,9461
ns-CHICAGO,ns-CHICAGO,Tyler,ASL_2008_05_12a,45,415,442,ASL_2008_05_12a-45,9462
ns-CHINA,ns-CHINA,Brady,ASL_2011_06_08_Brady,27,9895,9930,ASL_2011_06_08_Brady-27,9463
ns-CHINA,ns-CHINA,Liz,ASL_2008_01_11,75,715,755,ASL_2008_01_11-75,9464
ns-COKE,ns-COKE,Brady,ASL_2011_06_08_Brady,28,12182,12205,ASL_2011_06_08_Brady-28,9465
ns-COKE,ns-COKE,Lana,ASL_2006_10_10,5,2388,2406,ASL_2006_10_10-5,9466
ns-COKE,ns-COKE,Liz,ASL_2008_01_11,82,1400,1443,ASL_2008_01_11-82,9467
ns-COKE,ns-COKE,Naomi,ASL_2008_08_04,51,2070,2085,ASL_2008_08_04-51,9468
ns-COKE,ns-COKE,Tyler,ASL_2008_05_12a,49,1200,1232,ASL_2008_05_12a-49,9469
ns-COLOR+fs-DO,ns-COLOR+fs-DO,Liz,ASL_2008_01_11,83,1390,1455,ASL_2008_01_11-83,9470
ns-COLOR+fs-DO,ns-COLOR+fs-DO,Naomi,ASL_2008_08_04,52,920,940,ASL_2008_08_04-52,9471
ns-COLOR+fs-DO,ns-COLOR+fs-DO,Tyler,ASL_2008_05_12a,50,1823,1861,ASL_2008_05_12a-50,9472
ns-COLORADO,ns-COLORADO,Brady,ASL_2011_06_08_Brady,28,16312,16367,ASL_2011_06_08_Brady-28,9473
ns-COLORADO_2,ns-COLORADO_2,Liz,ASL_2008_01_11,84,261,315,ASL_2008_01_11-84,9474
ns-COLUMBIA,ns-COLUMBIA,Brady,ASL_2011_06_08_Brady,28,16602,16630,ASL_2011_06_08_Brady-28,9475
ns-COLUMBIA,ns-COLUMBIA,Liz,ASL_2008_01_11,84,505,531,ASL_2008_01_11-84,9476
ns-COSTA-RICA,ns-COSTA-RICA,Brady,ASL_2011_06_08_Brady,30,8367,8398,ASL_2011_06_08_Brady-30,9477
ns-COSTA-RICA,ns-COSTA-RICA,Naomi,ASL_2008_08_06,6,370,390,ASL_2008_08_06-6,9478
ns-DALLAS,ns-DALLAS,Brady,ASL_2011_06_08_Brady,32,2847,2871,ASL_2011_06_08_Brady-32,9479
ns-DALLAS,ns-DALLAS,Liz,ASL_2008_01_18,11,2085,2116,ASL_2008_01_18-11,9480
ns-DALLAS,ns-DALLAS,Naomi,ASL_2008_08_06,11,2325,2350,ASL_2008_08_06-11,9481
ns-DETROIT,ns-DETROIT,Brady,ASL_2011_06_08_Brady,33,9889,9914,ASL_2011_06_08_Brady-33,9482
ns-DETROIT,ns-DETROIT,Dana,ASL_2007_05_24,10,2968,3016,ASL_2007_05_24-10,9483
ns-DETROIT,ns-DETROIT,Lana,ASL_2006_10_10,6,2624,2648,ASL_2006_10_10-6,9484
ns-DETROIT,ns-DETROIT,Liz,ASL_2008_01_18,16,1010,1050,ASL_2008_01_18-16,9485
ns-DETROIT,ns-DETROIT,Naomi,ASL_2008_08_06,16,1215,1235,ASL_2008_08_06-16,9486
ns-DETROIT,ns-DETROIT,Tyler,ASL_2008_05_12b,15,4026,4050,ASL_2008_05_12b-15,9487
ns-ECUADOR,ns-ECUADOR,Liz,ASL_2008_01_18,28,2090,2130,ASL_2008_01_18-28,9488
ns-EGYPT,ns-EGYPT,Brady,ASL_2011_06_14_Brady,10,6580,6601,ASL_2011_06_14_Brady-10,9489
ns-EGYPT,ns-EGYPT,Brady,ASL_2011_06_14_Brady,10,6922,6950,ASL_2011_06_14_Brady-10,9490
ns-EGYPT,ns-EGYPT,Liz,ASL_2008_01_18,29,670,706,ASL_2008_01_18-29,9491
ns-EGYPT,ns-EGYPT,Liz,ASL_2008_01_18,29,855,890,ASL_2008_01_18-29,9492
ns-EGYPT,ns-EGYPT,Naomi,ASL_2008_08_06,29,480,505,ASL_2008_08_06-29,9493
ns-EGYPT,ns-EGYPT,Naomi,ASL_2008_08_06,29,832,850,ASL_2008_08_06-29,9494
ns-EGYPT,ns-EGYPT,Tyler,ASL_2008_05_29a,9,885,930,ASL_2008_05_29a-9,9495
ns-EGYPT,ns-EGYPT,Tyler,ASL_2008_05_29a,9,1135,1175,ASL_2008_05_29a-9,9496
ns-EL-SALVADOR,ns-EL-SALVADOR,Brady,ASL_2011_06_14_Brady,11,387,420,ASL_2011_06_14_Brady-11,9497
ns-EL-SALVADOR,ns-EL-SALVADOR,Liz,ASL_2008_01_18,29,2550,2587,ASL_2008_01_18-29,9498
ns-EL-SALVADOR,ns-EL-SALVADOR,Tyler,ASL_2008_05_29a,9,1885,1921,ASL_2008_05_29a-9,9499
ns-ENGLAND/ENGLISH,ns-ENGLAND/ENGLISH,Brady,ASL_2011_06_14_Brady,12,4869,4897,ASL_2011_06_14_Brady-12,9500
ns-ENGLAND/ENGLISH,ns-ENGLAND/ENGLISH,Dana,ASL_2007_05_24,12,2128,2174,ASL_2007_05_24-12,9501
ns-ENGLAND/ENGLISH,ns-ENGLAND/ENGLISH,Lana,ASL_2006_10_10,8,2151,2165,ASL_2006_10_10-8,9502
ns-ENGLAND/ENGLISH,ns-ENGLAND/ENGLISH,Liz,ASL_2008_01_18,32,525,565,ASL_2008_01_18-32,9503
ns-ENGLAND/ENGLISH,ns-ENGLAND/ENGLISH,Naomi,ASL_2008_08_06,32,215,236,ASL_2008_08_06-32,9504
ns-ENGLAND/ENGLISH,ns-ENGLAND/ENGLISH,Tyler,ASL_2008_05_29a,12,292,330,ASL_2008_05_29a-12,9505
ns-EUROPE,ns-EUROPE,Brady,ASL_2011_06_14_Brady,13,578,607,ASL_2011_06_14_Brady-13,9506
ns-EUROPE,ns-EUROPE,Lana,ASL_2006_10_10,8,2007,2058,ASL_2006_10_10-8,9507
ns-EUROPE,ns-EUROPE,Liz,ASL_2008_01_18,33,1270,1316,ASL_2008_01_18-33,9508
ns-EUROPE,ns-EUROPE,Naomi,ASL_2008_08_06,33,1205,1236,ASL_2008_08_06-33,9509
ns-EUROPE,ns-EUROPE,Tyler,ASL_2008_05_29a,13,3045,3080,ASL_2008_05_29a-13,9510
ns-EUROPE,ns-EUROPE_2,Dana,ASL_2007_05_24,12,1982,2036,ASL_2007_05_24-12,9511
ns-FORT-WORTH,ns-FORT-WORTH,Liz,ASL_2008_01_18,48,1665,1700,ASL_2008_01_18-48,9512
ns-FORT-WORTH-DALLAS,ns-FORT-WORTH-DALLAS,Tyler,ASL_2008_05_29a,28,1515,1545,ASL_2008_05_29a-28,9513
ns-FRANCE,ns-FRANCE,Liz,ASL_2008_01_18,49,840,865,ASL_2008_01_18-49,9514
ns-FRANCE,ns-FRANCE,Naomi,ASL_2008_08_06,49,370,395,ASL_2008_08_06-49,9515
ns-FRANCE,ns-FRANCE,Tyler,ASL_2008_05_29a,30,612,640,ASL_2008_05_29a-30,9516
ns-GALLAUDET,ns-GALLAUDET,Brady,ASL_2011_06_14_Brady,24,4955,4967,ASL_2011_06_14_Brady-24,9517
ns-GALLAUDET,ns-GALLAUDET,Liz,ASL_2008_02_01,2,601,640,ASL_2008_02_01-2,9518
ns-GALLAUDET,ns-GALLAUDET,Naomi,ASL_2008_08_13,2,275,290,ASL_2008_08_13-2,9519
ns-GALLAUDET,ns-GALLAUDET,Tyler,ASL_2008_05_29a,34,220,236,ASL_2008_05_29a-34,9520
ns-GERMANY,ns-GERMANY,Brady,ASL_2011_06_14_Brady,25,670,700,ASL_2011_06_14_Brady-25,9521
ns-GERMANY,ns-GERMANY,Liz,ASL_2008_02_01,3,1475,1520,ASL_2008_02_01-3,9522
ns-GERMANY,ns-GERMANY,Naomi,ASL_2008_08_13,3,2413,2430,ASL_2008_08_13-3,9523
ns-GOLDEN-ARCHES,(2h)ns-GOLDEN-ARCHES,Brady,ASL_2011_06_14_Brady,55,3709,3749,ASL_2011_06_14_Brady-55,9524
ns-GOLDEN-ARCHES,ns-GOLDEN-ARCHES,Liz,ASL_2010_08_10_Liz_additional_lexicon_signs,21,483,525,ASL_2010_08_10_Liz_additional_lexicon_signs-21,9525
ns-GREECE,ns-GREECE,Brady,ASL_2011_06_14_Brady,29,528,560,ASL_2011_06_14_Brady-29,9526
ns-GREECE,ns-GREECE,Liz,ASL_2008_02_01,11,3120,3150,ASL_2008_02_01-11,9527
ns-GREECE,ns-GREECE,Naomi,ASL_2008_08_13,10,487,512,ASL_2008_08_13-10,9528
ns-GREECE_2,ns-GREECE_2,Tyler,ASL_2008_05_29a,41,5047,5080,ASL_2008_05_29a-41,9529
ns-HAWAII,ns-HAWAII,Brady,ASL_2011_06_14_Brady,32,3518,3553,ASL_2011_06_14_Brady-32,9530
ns-HAWAII,ns-HAWAII,Brady,ASL_2011_06_14_Brady,32,3769,3801,ASL_2011_06_14_Brady-32,9531
ns-HAWAII,ns-HAWAII,Tyler,ASL_2008_05_29a,47,3160,3195,ASL_2008_05_29a-47,9532
ns-HOLLYWOOD,ns-HOLLYWOOD+,Brady,ASL_2011_06_14_Brady,35,1149,1185,ASL_2011_06_14_Brady-35,9533
ns-HOUSTON,ns-HOUSTON,Liz,ASL_2008_02_01,25,1445,1477,ASL_2008_02_01-25,9534
ns-HOUSTON,ns-HOUSTON,Naomi,ASL_2008_08_13,21,3960,3987,ASL_2008_08_13-21,9535
ns-HUNGARY,ns-HUNGARY,Brady,ASL_2011_06_14_Brady,37,9294,9336,ASL_2011_06_14_Brady-37,9536
ns-HUNGARY,ns-HUNGARY,Liz,ASL_2008_02_01,26,2202,2246,ASL_2008_02_01-26,9537
ns-HUNGARY,ns-HUNGARY,Naomi,ASL_2008_08_13,22,3277,3320,ASL_2008_08_13-22,9538
ns-HUNGARY,ns-HUNGARY,Tyler,ASL_2008_05_29b,2,1260,1292,ASL_2008_05_29b-2,9539
ns-INDIA,ns-INDIA,Brady,ASL_2011_06_14_Brady,39,4504,4532,ASL_2011_06_14_Brady-39,9540
ns-INDIA,ns-INDIA,Liz,ASL_2008_02_01,31,465,501,ASL_2008_02_01-31,9541
ns-INDIA,ns-INDIA,Naomi,ASL_2008_08_13,26,265,302,ASL_2008_08_13-26,9542
ns-INDIA,ns-INDIA,Tyler,ASL_2008_05_29b,6,285,316,ASL_2008_05_29b-6,9543
ns-IRAQ,ns-IRAQ,Brady,ASL_2011_06_14_Brady,41,4127,4168,ASL_2011_06_14_Brady-41,9544
ns-IRAQ,ns-IRAQ,Liz,ASL_2008_02_01,35,482,525,ASL_2008_02_01-35,9545
ns-IRAQ,ns-IRAQ,Naomi,ASL_2008_08_13,29,387,425,ASL_2008_08_13-29,9546
ns-IRELAND,ns-IRELAND,Brady,ASL_2011_06_14_Brady,41,5140,5165,ASL_2011_06_14_Brady-41,9547
ns-IRELAND,ns-IRELAND,Liz,ASL_2008_02_01,35,720,761,ASL_2008_02_01-35,9548
ns-IRELAND,ns-IRELAND,Naomi,ASL_2008_08_13,29,675,713,ASL_2008_08_13-29,9549
ns-IRELAND,ns-IRELAND,Tyler,ASL_2008_05_29b,9,1412,1445,ASL_2008_05_29b-9,9550
ns-ISLAND-HAITI,ns-ISLAND-HAITI,Liz,ASL_2008_02_01,15,2010,2075,ASL_2008_02_01-15,9551
ns-ISRAEL,ns-ISRAEL,Brady,ASL_2011_06_14_Brady,42,3080,3109,ASL_2011_06_14_Brady-42,9552
ns-ISRAEL,ns-ISRAEL,Liz,ASL_2008_02_01,35,4276,4326,ASL_2008_02_01-35,9553
ns-ISRAEL,ns-ISRAEL,Naomi,ASL_2008_08_13,29,4772,4805,ASL_2008_08_13-29,9554
ns-ISRAEL,ns-ISRAEL,Tyler,ASL_2008_05_29b,9,4716,4742,ASL_2008_05_29b-9,9555
ns-ITALY,ns-ITALY,Brady,ASL_2011_06_14_Brady,42,5566,5595,ASL_2011_06_14_Brady-42,9556
ns-ITALY,ns-ITALY,Liz,ASL_2008_02_01,36,1161,1211,ASL_2008_02_01-36,9557
ns-ITALY,ns-ITALY,Liz,ASL_2010_08_10_Liz_additional_lexicon_signs,22,149,201,ASL_2010_08_10_Liz_additional_lexicon_signs-22,9558
ns-ITALY,ns-ITALY,Naomi,ASL_2008_08_13,30,1815,1848,ASL_2008_08_13-30,9559
ns-ITALY,ns-ITALY,Tyler,ASL_2008_05_29b,10,1245,1275,ASL_2008_05_29b-10,9560
ns-JESUS,ns-JESUS,Brady,ASL_2011_06_14_Brady,43,314,338,ASL_2011_06_14_Brady-43,9561
ns-JESUS,ns-JESUS,Brady,ASL_2011_07_22_Brady,40,1065,1093,ASL_2011_07_22_Brady-40,9562
ns-JESUS,ns-JESUS,Liz,ASL_2008_02_01,37,1507,1545,ASL_2008_02_01-37,9563
ns-JESUS,ns-JESUS,Naomi,ASL_2008_08_13,31,930,957,ASL_2008_08_13-31,9564
ns-JESUS,ns-JESUS,Tyler,ASL_2008_05_29b,11,1232,1270,ASL_2008_05_29b-11,9565
ns-JESUS+AGENT,ns-JESUS+AGENT,Liz,ASL_2008_01_11,76,893,970,ASL_2008_01_11-76,9566
ns-JESUS+AGENT,ns-JESUS+AGENT,Naomi,ASL_2008_08_04,48,1648,1702,ASL_2008_08_04-48,9567
ns-JESUS+BOOK,ns-JESUS+BOOK,Brady,ASL_2011_06_14_Brady,3,95,137,ASL_2011_06_14_Brady-3,9568
ns-JESUS+BOOK,ns-JESUS+BOOK,Liz,ASL_2008_01_11,41,1298,1363,ASL_2008_01_11-41,9569
ns-JESUS+BOOK,ns-JESUS+BOOK,Naomi,ASL_2008_08_04,27,2310,2370,ASL_2008_08_04-27,9570
ns-JESUS+BOOK,ns-JESUS+BOOK,Tyler,ASL_2008_05_12a,26,2497,2546,ASL_2008_05_12a-26,9571
ns-LINCOLN,ns-LINCOLN,Liz,ASL_2010_08_10_Liz_additional_lexicon_signs,21,158,202,ASL_2010_08_10_Liz_additional_lexicon_signs-21,9572
ns-LONDON,ns-LONDON,Brady,ASL_2011_06_14_Brady,50,5644,5685,ASL_2011_06_14_Brady-50,9573
ns-LONDON,ns-LONDON,Liz,ASL_2008_02_01,52,520,570,ASL_2008_02_01-52,9574
ns-LONDON,ns-LONDON,Naomi,ASL_2008_08_13_session2,7,255,285,ASL_2008_08_13_session2-7,9575
ns-LONDON,ns-LONDON_2,Tyler,ASL_2008_06_10,4,545,590,ASL_2008_06_10-4,9576
ns-MAINE,ns-MAINE,Brady,ASL_2011_07_19_Brady,34,2079,2107,ASL_2011_07_19_Brady-34,9577
ns-MCDONALD,ns-MCDONALD,Brady,ASL_2011_06_14_Brady,55,3391,3421,ASL_2011_06_14_Brady-55,9578
ns-MCDONALD,ns-MCDONALD,Liz,ASL_2010_08_10_Liz_additional_lexicon_signs,21,331,398,ASL_2010_08_10_Liz_additional_lexicon_signs-21,9579
ns-MEXICO/SPAIN,ns-MEXICO/SPAIN,Brady,ASL_2011_06_14_Brady,56,4069,4096,ASL_2011_06_14_Brady-56,9580
ns-MEXICO/SPAIN,ns-MEXICO/SPAIN,Liz,ASL_2008_02_15,4,960,1020,ASL_2008_02_15-4,9581
ns-MEXICO/SPAIN,ns-MEXICO/SPAIN,Tyler,ASL_2008_06_10,14,300,336,ASL_2008_06_10-14,9582
ns-MIAMI,ns-MIAMI,Brady,ASL_2011_06_14_Brady,56,4812,4839,ASL_2011_06_14_Brady-56,9583
ns-MIAMI,ns-MIAMI,Liz,ASL_2008_02_15,4,2055,2090,ASL_2008_02_15-4,9584
ns-MICKEY-MOUSE,ns-MICKEY-MOUSE,Brady,ASL_2011_06_14_Brady,56,5060,5083,ASL_2011_06_14_Brady-56,9585
ns-MICKEY-MOUSE,ns-MICKEY-MOUSE,Liz,ASL_2010_08_10_Liz_additional_lexicon_signs,21,667,719,ASL_2010_08_10_Liz_additional_lexicon_signs-21,9586
ns-MONTANA,ns-MONTANA,Brady,ASL_2011_07_19_Brady,5,202,222,ASL_2011_07_19_Brady-5,9587
ns-MONTANA,ns-MONTANA,Liz,ASL_2008_02_15,8,746,785,ASL_2008_02_15-8,9588
ns-MONTANA,ns-MONTANA,Tyler,ASL_2008_06_10,18,535,567,ASL_2008_06_10-18,9589
ns-MOSES,ns-MOSES,Brady,ASL_2011_07_19_Brady,5,3214,3244,ASL_2011_07_19_Brady-5,9590
ns-MOSES,ns-MOSES,Liz,ASL_2008_02_15,10,985,1041,ASL_2008_02_15-10,9591
ns-NETHERLANDS,ns-NETHERLANDS,Brady,ASL_2011_06_14_Brady,35,1435,1461,ASL_2011_06_14_Brady-35,9592
ns-NETHERLANDS,ns-NETHERLANDS,Brady,ASL_2011_07_22_Brady,44,2246,2274,ASL_2011_07_22_Brady-44,9593
ns-NETHERLANDS,ns-NETHERLANDS,Dana,ASL_2007_05_24,17,1166,1199,ASL_2007_05_24-17,9594
ns-NETHERLANDS,ns-NETHERLANDS,Lana,ASL_2006_10_10,14,776,794,ASL_2006_10_10-14,9595
ns-NETHERLANDS,ns-NETHERLANDS,Liz,ASL_2008_02_01,23,1262,1310,ASL_2008_02_01-23,9596
ns-NETHERLANDS,ns-NETHERLANDS,Tyler,ASL_2008_05_29a,51,1545,1570,ASL_2008_05_29a-51,9597
ns-NETHERLANDS,ns-NETHERLANDS_2,Naomi,ASL_2008_08_13,19,1830,1861,ASL_2008_08_13-19,9598
ns-NEW-ORLEANS,ns-NEW-ORLEANS,Liz,ASL_2008_02_15,18,600,652,ASL_2008_02_15-18,9599
ns-NEW-ORLEANS,ns-NEW-ORLEANS_2,Liz,ASL_2010_08_10_Liz_additional_lexicon_signs,12,330,405,ASL_2010_08_10_Liz_additional_lexicon_signs-12,9600
ns-NEW-YORK,ns-NEW-YORK,Dana,ASL_2007_05_24,21,808,862,ASL_2007_05_24-21,9601
ns-NEW-YORK,ns-NEW-YORK,Liz,ASL_2008_02_15,18,1245,1281,ASL_2008_02_15-18,9602
ns-NEW-YORK,ns-NEW-YORK_2,Lana,ASL_2006_10_10,19,916,931,ASL_2006_10_10-19,9603
ns-NIGERIA,ns-NIGERIA,Liz,ASL_2008_02_15,19,2095,2140,ASL_2008_02_15-19,9604
ns-NORTH-AMERICA,ns-NORTH-AMERICA,Liz,ASL_2008_02_15,20,1725,1782,ASL_2008_02_15-20,9605
ns-PARIS,ns-PARIS,Brady,ASL_2011_07_19_Brady,26,2370,2389,ASL_2011_07_19_Brady-26,9606
ns-PARIS,ns-PARIS,Liz,ASL_2008_02_15,31,1090,1141,ASL_2008_02_15-31,9607
ns-PEPSI,ns-PEPSI,Dana,ASL_2007_05_24,23,284,335,ASL_2007_05_24-23,9608
ns-PEPSI,ns-PEPSI,Lana,ASL_2006_10_10,21,369,395,ASL_2006_10_10-21,9609
ns-PHILADELPHIA,ns-PHILADELPHIA,Brady,ASL_2011_07_19_Brady,31,1768,1800,ASL_2011_07_19_Brady-31,9610
ns-PHILADELPHIA,ns-PHILADELPHIA,Dana,ASL_2007_05_24,23,945,978,ASL_2007_05_24-23,9611
ns-PHILADELPHIA,ns-PHILADELPHIA,Lana,ASL_2006_10_10,21,1014,1033,ASL_2006_10_10-21,9612
ns-PHILADELPHIA,ns-PHILADELPHIA,Liz,ASL_2008_02_15,37,1370,1435,ASL_2008_02_15-37,9613
ns-PINOCCHIO,ns-PINOCCHIO,Brady,ASL_2011_07_19_Brady,33,5279,5306,ASL_2011_07_19_Brady-33,9614
ns-PITTSBURGH,ns-PITTSBURGH,Brady,ASL_2011_07_22_Brady,49,2357,2384,ASL_2011_07_22_Brady-49,9615
ns-PITTSBURGH,ns-PITTSBURGH,Liz,ASL_2008_02_15,40,3067,3130,ASL_2008_02_15-40,9616
ns-PORTUGAL,ns-PORTUGAL,Brady,ASL_2011_07_19_Brady,38,3788,3807,ASL_2011_07_19_Brady-38,9617
ns-PORTUGAL_2,ns-PORTUGAL_2,Liz,ASL_2008_02_15,44,2790,2847,ASL_2008_02_15-44,9618
ns-PUERTO-RICO,ns-PUERTO-RICO,Brady,ASL_2011_07_19_Brady,46,683,699,ASL_2011_07_19_Brady-46,9619
ns-PUERTO-RICO,ns-PUERTO-RICO,Liz,ASL_2008_02_15,51,2071,2120,ASL_2008_02_15-51,9620
ns-PUERTO-RICO_2,ns-PUERTO-RICO_2,Brady,ASL_2011_07_19_Brady,46,941,968,ASL_2011_07_19_Brady-46,9621
ns-PUERTO-RICO_2,ns-PUERTO-RICO_2,Liz,ASL_2008_02_15,51,2330,2390,ASL_2008_02_15-51,9622
ns-QUEBEC,ns-QUEBEC,Brady,ASL_2011_07_19_Brady,48,2791,2826,ASL_2011_07_19_Brady-48,9623
ns-QUEBEC,ns-QUEBEC,Liz,ASL_2010_08_10_Liz_additional_lexicon_signs,13,1076,1125,ASL_2010_08_10_Liz_additional_lexicon_signs-13,9624
ns-RICHMOND,ns-RICHMOND,Brady,ASL_2011_07_19_Brady,59,4253,4278,ASL_2011_07_19_Brady-59,9625
ns-RICHMOND,ns-RICHMOND,Liz,ASL_2008_02_29,15,332,365,ASL_2008_02_29-15,9626
ns-RUSSIA,ns-RUSSIA,Brady,ASL_2011_07_19_Brady,71,162,200,ASL_2011_07_19_Brady-71,9627
ns-RUSSIA,ns-RUSSIA,Liz,ASL_2008_02_29,20,1795,1832,ASL_2008_02_29-20,9628
ns-SANTA-CLAUS,ns-SANTA-CLAUS,Brady,ASL_2011_07_19_Brady,72,1035,1075,ASL_2011_07_19_Brady-72,9629
ns-SANTA-CLAUS,ns-SANTA-CLAUS,Liz,ASL_2008_02_29,21,3910,3955,ASL_2008_02_29-21,9630
ns-SCOTLAND,ns-SCOTLAND,Brady,ASL_2011_07_19_Brady,74,1442,1486,ASL_2011_07_19_Brady-74,9631
ns-SCOTLAND,ns-SCOTLAND,Liz,ASL_2008_02_29,24,1265,1325,ASL_2008_02_29-24,9632
ns-SINGAPORE,ns-SINGAPORE,Brady,ASL_2011_07_22_Brady,53,217,255,ASL_2011_07_22_Brady-53,9633
ns-SWEDEN,ns-SWEDEN,Brady,ASL_2011_07_19_Brady,106,3970,4013,ASL_2011_07_19_Brady-106,9634
ns-SWEDEN,ns-SWEDEN,Liz,ASL_2008_03_28,2,315,361,ASL_2008_03_28-2,9635
ns-SWITZERLAND,ns-SWITZERLAND,Brady,ASL_2011_07_19_Brady,107,1891,1933,ASL_2011_07_19_Brady-107,9636
ns-SWITZERLAND,ns-SWITZERLAND,Liz,ASL_2008_03_28,2,6955,7015,ASL_2008_03_28-2,9637
ns-TEXAS,ns-TEXAS,Brady,ASL_2011_07_19_Brady,112,1857,1881,ASL_2011_07_19_Brady-112,9638
ns-TEXAS,ns-TEXAS,Liz,ASL_2008_03_28,8,1206,1240,ASL_2008_03_28-8,9639
ns-VIETNAM,ns-VIETNAM,Brady,ASL_2011_07_22_Brady,20,2566,2588,ASL_2011_07_22_Brady-20,9640
ns-VIETNAM,ns-VIETNAM,Liz,ASL_2008_03_28,32,142,180,ASL_2008_03_28-32,9641
ns-WASHINGTON,ns-WASHINGTON,Brady,ASL_2011_07_22_Brady,24,902,918,ASL_2011_07_22_Brady-24,9642
ns-WASHINGTON,ns-WASHINGTON,Brady,ASL_2011_07_22_Brady,24,1157,1182,ASL_2011_07_22_Brady-24,9643
ns-WASHINGTON,ns-WASHINGTON,Liz,ASL_2008_03_28,36,810,850,ASL_2008_03_28-36,9644
ns-WASHINGTON+fs-DC,ns-WASHINGTON+fs-DC,Liz,ASL_2008_03_28,36,555,626,ASL_2008_03_28-36,9645
ns-fs-BEIJING,ns-fs-BEIJING,Brady,ASL_2011_06_08_Brady,18,8333,8376,ASL_2011_06_08_Brady-18,9646
ns-fs-CHILE,ns-fs-CHILE,Brady,ASL_2011_06_08_Brady,27,8017,8052,ASL_2011_06_08_Brady-27,9647
ns-fs-COKE,ns-fs-COKE,Dana,ASL_2007_05_24,9,2583,2626,ASL_2007_05_24-9,9648
ns-fs-DALLAS,ns-fs-DALLAS,Brady,ASL_2011_06_08_Brady,32,3108,3148,ASL_2011_06_08_Brady-32,9649
ns-fs-DALLAS,ns-fs-DALLAS,Tyler,ASL_2008_05_12b,11,1870,1926,ASL_2008_05_12b-11,9650
ns-fs-JORDAN,ns-fs-JORDAN,Brady,ASL_2011_06_14_Brady,43,5924,5968,ASL_2011_06_14_Brady-43,9651
ns-nat-AMSTERDAM,ns-nat-AMSTERDAM,Brady,ASL_2011_06_08_Brady,11,8297,8331,ASL_2011_06_08_Brady-11,9652
ns-nat-AMSTERDAM,ns-nat-AMSTERDAM,Liz,ASL_2008_01_11,14,325,371,ASL_2008_01_11-14,9653
ns-nat-AMSTERDAM,ns-nat-AMSTERDAM,Naomi,ASL_2008_08_04,10,420,450,ASL_2008_08_04-10,9654
ns-nat-AUSTRALIA,ns-nat-AUSTRALIA,Brady,ASL_2011_06_08_Brady,14,1887,1914,ASL_2011_06_08_Brady-14,9655
ns-nat-AUSTRALIA,ns-nat-AUSTRALIA,Liz,ASL_2008_01_11,26,611,645,ASL_2008_01_11-26,9656
ns-nat-AUSTRALIA,ns-nat-AUSTRALIA,Naomi,ASL_2008_08_04,17,560,587,ASL_2008_08_04-17,9657
ns-nat-AUSTRALIA,ns-nat-AUSTRALIA,Tyler,ASL_2008_05_12a,17,787,820,ASL_2008_05_12a-17,9658
ns-nat-AUSTRIA,ns-nat-AUSTRIA,Brady,ASL_2011_06_08_Brady,14,2163,2191,ASL_2011_06_08_Brady-14,9659
ns-nat-AUSTRIA,ns-nat-AUSTRIA,Liz,ASL_2008_01_11,26,916,955,ASL_2008_01_11-26,9660
ns-nat-BEIJING,ns-nat-BEIJING,Liz,ASL_2008_01_11,38,1395,1426,ASL_2008_01_11-38,9661
ns-nat-BEIJING,ns-nat-BEIJING,Naomi,ASL_2008_08_04,25,2915,2937,ASL_2008_08_04-25,9662
ns-nat-BOLIVIA,ns-nat-BOLIVIA,Brady,ASL_2011_06_08_Brady,22,11493,11513,ASL_2011_06_08_Brady-22,9663
ns-nat-BOLIVIA,ns-nat-BOLIVIA,Liz,ASL_2008_01_11,49,1136,1180,ASL_2008_01_11-49,9664
ns-nat-BOMBAY,ns-nat-BOMBAY,Brady,ASL_2011_06_08_Brady,22,12814,12842,ASL_2011_06_08_Brady-22,9665
ns-nat-BOMBAY,ns-nat-BOMBAY,Liz,ASL_2008_01_11,50,461,510,ASL_2008_01_11-50,9666
ns-nat-BRAZIL,ns-nat-BRAZIL,Brady,ASL_2011_06_08_Brady,19,434,460,ASL_2011_06_08_Brady-19,9667
ns-nat-BRAZIL,ns-nat-BRAZIL,Brady,ASL_2011_06_08_Brady,23,6151,6179,ASL_2011_06_08_Brady-23,9668
ns-nat-BRAZIL,ns-nat-BRAZIL,Liz,ASL_2008_01_11,39,695,720,ASL_2008_01_11-39,9669
ns-nat-BRAZIL,ns-nat-BRAZIL,Liz,ASL_2008_01_11,54,1150,1175,ASL_2008_01_11-54,9670
ns-nat-BRAZIL,ns-nat-BRAZIL,Naomi,ASL_2008_08_04,35,305,332,ASL_2008_08_04-35,9671
ns-nat-BRAZIL,ns-nat-BRAZIL,Tyler,ASL_2008_05_12a,34,255,295,ASL_2008_05_12a-34,9672
ns-nat-CANADA,ns-nat-CANADA,Brady,ASL_2011_06_08_Brady,25,3119,3153,ASL_2011_06_08_Brady-25,9673
ns-nat-CANADA,ns-nat-CANADA,Liz,ASL_2008_01_11,63,290,320,ASL_2008_01_11-63,9674
ns-nat-CANADA,ns-nat-CANADA,Naomi,ASL_2008_08_04,40,1370,1402,ASL_2008_08_04-40,9675
ns-nat-CANADA,ns-nat-CANADA,Tyler,ASL_2008_05_12a,39,1000,1051,ASL_2008_05_12a-39,9676
ns-nat-CHILE,ns-nat-CHILE,Liz,ASL_2008_01_11,74,1490,1524,ASL_2008_01_11-74,9677
ns-nat-CHINA,ns-nat-CHINA,Brady,ASL_2011_06_08_Brady,27,9530,9554,ASL_2011_06_08_Brady-27,9678
ns-nat-CHINA,ns-nat-CHINA,Liz,ASL_2008_01_11,75,456,515,ASL_2008_01_11-75,9679
ns-nat-CHINA,ns-nat-CHINA,Naomi,ASL_2008_08_04,47,2145,2190,ASL_2008_08_04-47,9680
ns-nat-CHINA,ns-nat-CHINA,Tyler,ASL_2008_05_12a,45,2272,2315,ASL_2008_05_12a-45,9681
ns-nat-CUBA,ns-nat-CUBA,Brady,ASL_2011_06_08_Brady,31,10697,10725,ASL_2011_06_08_Brady-31,9682
ns-nat-CUBA,ns-nat-CUBA,Liz,ASL_2008_01_18,10,392,415,ASL_2008_01_18-10,9683
ns-nat-CUBA,ns-nat-CUBA,Naomi,ASL_2008_08_06,9,4285,4310,ASL_2008_08_06-9,9684
ns-nat-DENMARK,ns-nat-DENMARK,Brady,ASL_2011_06_08_Brady,32,15352,15394,ASL_2011_06_08_Brady-32,9685
ns-nat-DENMARK,ns-nat-DENMARK,Liz,ASL_2008_01_18,14,1595,1647,ASL_2008_01_18-14,9686
ns-nat-DENMARK,ns-nat-DENMARK,Naomi,ASL_2008_08_06,14,1447,1475,ASL_2008_08_06-14,9687
ns-nat-DENMARK,ns-nat-DENMARK,Tyler,ASL_2008_05_12b,14,1427,1470,ASL_2008_05_12b-14,9688
ns-nat-DOMINICAN-REPUBLIC,ns-nat-DOMINICAN-REPUBLIC,Brady,ASL_2011_06_08_Brady,37,1819,1850,ASL_2011_06_08_Brady-37,9689
ns-nat-DOMINICAN-REPUBLIC,ns-nat-DOMINICAN-REPUBLIC,Liz,ASL_2008_01_18,21,1912,1955,ASL_2008_01_18-21,9690
ns-nat-DOMINICAN-REPUBLIC,ns-nat-DOMINICAN-REPUBLIC,Liz,ASL_2008_01_18,21,2141,2180,ASL_2008_01_18-21,9691
ns-nat-DOMINICAN-REPUBLIC,ns-nat-DOMINICAN-REPUBLIC,Naomi,ASL_2008_08_06,21,2952,2981,ASL_2008_08_06-21,9692
ns-nat-DOMINICAN-REPUBLIC,ns-nat-DOMINICAN-REPUBLIC_2,Tyler,ASL_2008_05_29a,1,5337,5390,ASL_2008_05_29a-1,9693
ns-nat-DOMINICAN-REPUBLIC,ns-nat-DOMINICAN-REPUBLIC_3,Brady,ASL_2011_06_08_Brady,37,2095,2122,ASL_2011_06_08_Brady-37,9694
ns-nat-DUBLIN,ns-nat-DUBLIN,Liz,ASL_2008_01_18,26,696,730,ASL_2008_01_18-26,9695
ns-nat-FINLAND,ns-nat-FINLAND,Brady,ASL_2011_06_14_Brady,18,5899,5928,ASL_2011_06_14_Brady-18,9696
ns-nat-FINLAND,ns-nat-FINLAND,Liz,ASL_2008_01_18,42,1342,1375,ASL_2008_01_18-42,9697
ns-nat-FINLAND,ns-nat-FINLAND,Naomi,ASL_2008_08_06,42,740,770,ASL_2008_08_06-42,9698
ns-nat-GERMANY,ns-nat-GERMANY,Brady,ASL_2011_06_14_Brady,25,1575,1593,ASL_2011_06_14_Brady-25,9699
ns-nat-GERMANY,ns-nat-GERMANY,Liz,ASL_2008_02_01,3,1700,1745,ASL_2008_02_01-3,9700
ns-nat-GERMANY,ns-nat-GERMANY,Naomi,ASL_2008_08_13,3,2660,2687,ASL_2008_08_13-3,9701
ns-nat-GREECE,ns-nat-GREECE,Brady,ASL_2011_06_14_Brady,29,1094,1123,ASL_2011_06_14_Brady-29,9702
ns-nat-GREECE,ns-nat-GREECE,Liz,ASL_2008_02_01,12,290,350,ASL_2008_02_01-12,9703
ns-nat-GUATEMALA,ns-nat-GUATEMALA,Brady,ASL_2011_06_14_Brady,29,6676,6711,ASL_2011_06_14_Brady-29,9704
ns-nat-GUATEMALA,ns-nat-GUATEMALA,Liz,ASL_2008_02_01,13,881,952,ASL_2008_02_01-13,9705
ns-nat-GUATEMALA,ns-nat-GUATEMALA,Naomi,ASL_2008_08_13,11,737,765,ASL_2008_08_13-11,9706
ns-nat-HAMBURG,ns-nat-HAMBURG,Liz,ASL_2008_02_01,16,1465,1515,ASL_2008_02_01-16,9707
ns-nat-HONG-KONG,ns-nat-HONG-KONG,Brady,ASL_2011_06_14_Brady,35,3795,3819,ASL_2011_06_14_Brady-35,9708
ns-nat-HONG-KONG,ns-nat-HONG-KONG,Liz,ASL_2008_02_01,24,692,719,ASL_2008_02_01-24,9709
ns-nat-HUNGARY,ns-nat-HUNGARY,Liz,ASL_2008_02_01,26,2430,2455,ASL_2008_02_01-26,9710
ns-nat-HUNGARY,ns-nat-HUNGARY,Naomi,ASL_2008_08_13,22,3802,3820,ASL_2008_08_13-22,9711
ns-nat-INDONESIA,ns-nat-INDONESIA,Liz,ASL_2008_02_01,31,876,922,ASL_2008_02_01-31,9712
ns-nat-ISTANBUL,ns-nat-ISTANBUL,Brady,ASL_2011_06_14_Brady,42,3836,3870,ASL_2011_06_14_Brady-42,9713
ns-nat-ISTANBUL,ns-nat-ISTANBUL,Liz,ASL_2008_02_01,36,431,487,ASL_2008_02_01-36,9714
ns-nat-ITALY,ns-nat-ITALY,Brady,ASL_2011_06_14_Brady,42,5346,5378,ASL_2011_06_14_Brady-42,9715
ns-nat-ITALY,ns-nat-ITALY,Liz,ASL_2008_02_01,36,920,960,ASL_2008_02_01-36,9716
ns-nat-ITALY,ns-nat-ITALY,Naomi,ASL_2008_08_13,30,1583,1611,ASL_2008_08_13-30,9717
ns-nat-JAMAICA,ns-nat-JAMAICA,Brady,ASL_2011_06_14_Brady,42,9200,9217,ASL_2011_06_14_Brady-42,9718
ns-nat-JAMAICA,ns-nat-JAMAICA,Liz,ASL_2008_02_01,36,1651,1700,ASL_2008_02_01-36,9719
ns-nat-JAMAICA,ns-nat-JAMAICA,Naomi,ASL_2008_08_13,30,2367,2392,ASL_2008_08_13-30,9720
ns-nat-JAMAICA,ns-nat-JAMAICA,Tyler,ASL_2008_05_29b,10,2360,2385,ASL_2008_05_29b-10,9721
ns-nat-JAPAN,ns-nat-JAPAN,Brady,ASL_2011_06_14_Brady,42,8766,8777,ASL_2011_06_14_Brady-42,9722
ns-nat-JAPAN,ns-nat-JAPAN,Liz,ASL_2008_02_01,36,1880,1915,ASL_2008_02_01-36,9723
ns-nat-JAPAN,ns-nat-JAPAN,Naomi,ASL_2008_08_13,30,2565,2585,ASL_2008_08_13-30,9724
ns-nat-JAPAN,ns-nat-JAPAN,Tyler,ASL_2008_05_29b,10,2545,2585,ASL_2008_05_29b-10,9725
ns-nat-JERUSALEM,ns-nat-JERUSALEM,Liz,ASL_2008_02_01,37,1216,1260,ASL_2008_02_01-37,9726
ns-nat-JERUSALEM,ns-nat-JERUSALEM,Naomi,ASL_2008_08_13,31,645,662,ASL_2008_08_13-31,9727
ns-nat-JORDAN,ns-nat-JORDAN,Liz,ASL_2008_02_01,37,3059,3105,ASL_2008_02_01-37,9728
ns-nat-KOREA,ns-nat-KOREA,Brady,ASL_2011_06_14_Brady,45,6014,6043,ASL_2011_06_14_Brady-45,9729
ns-nat-KOREA,ns-nat-KOREA,Liz,ASL_2008_02_01,42,2120,2187,ASL_2008_02_01-42,9730
ns-nat-KOREA,ns-nat-KOREA,Naomi,ASL_2008_08_13,35,1933,1965,ASL_2008_08_13-35,9731
ns-nat-KOREA,ns-nat-KOREA,Tyler,ASL_2008_05_29b,15,1640,1665,ASL_2008_05_29b-15,9732
ns-nat-LEBANON,ns-nat-LEBANON,Liz,ASL_2008_02_01,45,2505,2550,ASL_2008_02_01-45,9733
ns-nat-MALAYSIA,ns-nat-MALAYSIA,Brady,ASL_2011_06_14_Brady,53,5402,5447,ASL_2011_06_14_Brady-53,9734
ns-nat-MALAYSIA,ns-nat-MALAYSIA,Liz,ASL_2008_02_01,57,720,780,ASL_2008_02_01-57,9735
ns-nat-MALAYSIA,ns-nat-MALAYSIA,Naomi,ASL_2008_08_13_session2,12,345,395,ASL_2008_08_13_session2-12,9736
ns-nat-MEXICO,ns-nat-MEXICO,Brady,ASL_2011_06_14_Brady,56,3827,3856,ASL_2011_06_14_Brady-56,9737
ns-nat-MEXICO,ns-nat-MEXICO,Liz,ASL_2008_02_15,3,4410,4455,ASL_2008_02_15-3,9738
ns-nat-MEXICO,ns-nat-MEXICO,Tyler,ASL_2008_06_10,13,5089,5126,ASL_2008_06_10-13,9739
ns-nat-MILAN,ns-nat-MILAN,Brady,ASL_2011_06_14_Brady,57,1529,1580,ASL_2011_06_14_Brady-57,9740
ns-nat-MILAN,ns-nat-MILAN,Brady,ASL_2011_07_19_Brady,2,1460,1514,ASL_2011_07_19_Brady-2,9741
ns-nat-MILAN,ns-nat-MILAN,Liz,ASL_2008_02_15,4,4000,4066,ASL_2008_02_15-4,9742
ns-nat-NETHERLANDS,ns-nat-NETHERLANDS,Brady,ASL_2011_06_14_Brady,35,1677,1693,ASL_2011_06_14_Brady-35,9743
ns-nat-NETHERLANDS,ns-nat-NETHERLANDS,Brady,ASL_2011_07_22_Brady,45,547,570,ASL_2011_07_22_Brady-45,9744
ns-nat-NETHERLANDS,ns-nat-NETHERLANDS,Liz,ASL_2008_02_01,23,1465,1516,ASL_2008_02_01-23,9745
ns-nat-PAKISTAN,ns-nat-PAKISTAN,Brady,ASL_2011_07_19_Brady,25,800,830,ASL_2011_07_19_Brady-25,9746
ns-nat-PAKISTAN,ns-nat-PAKISTAN,Liz,ASL_2008_02_15,29,2428,2506,ASL_2008_02_15-29,9747
ns-nat-POLAND,ns-nat-POLAND,Brady,ASL_2011_07_19_Brady,37,2552,2576,ASL_2011_07_19_Brady-37,9748
ns-nat-POLAND,ns-nat-POLAND,Liz,ASL_2008_02_15,43,2541,2600,ASL_2008_02_15-43,9749
ns-nat-RUSSIA,ns-nat-RUSSIA,Brady,ASL_2011_06_14_Brady,35,3244,3272,ASL_2011_06_14_Brady-35,9750
ns-nat-RUSSIA,ns-nat-RUSSIA,Brady,ASL_2011_07_19_Brady,70,2813,2833,ASL_2011_07_19_Brady-70,9751
ns-nat-RUSSIA,ns-nat-RUSSIA,Liz,ASL_2008_02_01,24,480,516,ASL_2008_02_01-24,9752
ns-nat-RUSSIA,ns-nat-RUSSIA,Liz,ASL_2008_02_29,20,1500,1537,ASL_2008_02_29-20,9753
ns-nat-SHANGHAI,ns-nat-SHANGHAI,Brady,ASL_2011_07_19_Brady,79,6314,6429,ASL_2011_07_19_Brady-79,9754
ns-nat-SHANGHAI,ns-nat-SHANGHAI,Liz,ASL_2008_02_29,28,2355,2576,ASL_2008_02_29-28,9755
ns-nat-SPAIN,ns-nat-SPAIN,Brady,ASL_2011_07_19_Brady,92,2221,2241,ASL_2011_07_19_Brady-92,9756
ns-nat-SPAIN,ns-nat-SPAIN,Liz,ASL_2008_02_29,40,790,840,ASL_2008_02_29-40,9757
ns-nat-SRI-LANKA,ns-nat-SRI-LANKA,Liz,ASL_2008_02_29,42,1812,1865,ASL_2008_02_29-42,9758
ns-nat-THAILAND,ns-nat-THAILAND,Brady,ASL_2011_07_19_Brady,112,2104,2122,ASL_2011_07_19_Brady-112,9759
ns-nat-THAILAND,ns-nat-THAILAND,Liz,ASL_2008_03_28,8,1495,1525,ASL_2008_03_28-8,9760
ns-nat-TRINIDAD-AND-TOBAGO,ns-nat-TRINIDAD-AND-TOBAGO,Brady,ASL_2011_07_22_Brady,11,1586,1636,ASL_2011_07_22_Brady-11,9761
ns-nat-TRINIDAD-AND-TOBAGO,ns-nat-TRINIDAD-AND-TOBAGO,Liz,ASL_2008_03_28,23,505,567,ASL_2008_03_28-23,9762
