gloss,variant,signer,session,scene,start_frame,end_frame,video_file
#AC,#AC,Liz,ASL_2008_01_11,4,3285,3325,data/raw/videos/ASL_2008_01_11/scene4-camera1.mov
#ALL,#ALL,Liz,ASL_2008_01_11,12,275,300,data/raw/videos/ASL_2008_01_11/scene12-camera1.mov
#ASL,#ASL,Liz,ASL_2008_01_11,23,680,705,data/raw/videos/ASL_2008_01_11/scene23-camera1.mov
#BACK,#BACK,Liz,ASL_2008_01_11,28,1136,1171,data/raw/videos/ASL_2008_01_11/scene28-camera1.mov
#BBQ,#BBQ,Liz,ASL_2010_08_10_Liz_additional_lexicon_signs,24,1140,1188,data/raw/videos/ASL_2010_08_10_Liz_additional_lexicon_signs/scene24-camera1.mov
#BUS,#BUS,Liz,ASL_2008_01_11,59,1370,1418,data/raw/videos/ASL_2008_01_11/scene59-camera1.mov
#CC,#CC,Liz,ASL_2010_08_10_Liz_additional_lexicon_signs,9,1060,1096,data/raw/videos/ASL_2010_08_10_Liz_additional_lexicon_signs/scene9-camera1.mov
#CLUB,#CLUB,Lana,ASL_2006_10_10,2,660,680,data/raw/videos/ASL_2006_10_10/scene2-camera1.mov
#CO,#CO,Liz,ASL_2008_01_11,61,486,514,data/raw/videos/ASL_2008_01_11/scene61-camera1.mov
#CP,#CP,Liz,ASL_2008_01_11,61,690,725,data/raw/videos/ASL_2008_01_11/scene61-camera1.mov
"#DO++""WHAT""","#DO++""WHAT""",Liz,ASL_2008_03_28,39,1497,1532,data/raw/videos/ASL_2008_03_28/scene39-camera1.mov
#DOG,#DOG++,Liz,ASL_2008_01_18,21,1077,1110,data/raw/videos/ASL_2008_01_18/scene21-camera1.mov
#EARLY,#EARLY,Liz,ASL_2008_01_18,27,1136,1202,data/raw/videos/ASL_2008_01_18/scene27-camera1.mov
#ED,#ED,Liz,ASL_2010_08_10_Liz_additional_lexicon_signs,11,475,530,data/raw/videos/ASL_2010_08_10_Liz_additional_lexicon_signs/scene11-camera1.mov
#FF,#FF,Liz,ASL_2008_01_18,49,1760,1795,data/raw/videos/ASL_2008_01_18/scene49-camera1.mov
#FIX,#FIX,Liz,ASL_2008_01_18,43,1429,1454,data/raw/videos/ASL_2008_01_18/scene43-camera1.mov
#HA-HA,#HA-HA++,Liz,ASL_2010_08_10_Liz_additional_lexicon_signs,20,255,300,data/raw/videos/ASL_2010_08_10_Liz_additional_lexicon_signs/scene20-camera1.mov
#HR,#HR,Liz,ASL_2008_02_01,15,825,865,data/raw/videos/ASL_2008_02_01/scene15-camera1.mov
#IF,#IF+,Liz,ASL_2008_02_01,29,1745,1790,data/raw/videos/ASL_2008_02_01/scene29-camera1.mov
#JOB,#JOB,Liz,ASL_2008_02_01,37,2185,2216,data/raw/videos/ASL_2008_02_01/scene37-camera1.mov
#LAB,#LAB,Liz,ASL_2010_08_10_Liz_additional_lexicon_signs,31,501,535,data/raw/videos/ASL_2010_08_10_Liz_additional_lexicon_signs/scene31-camera1.mov
#MW,#MW,Liz,ASL_2008_02_01,56,1181,1205,data/raw/videos/ASL_2008_02_01/scene56-camera1.mov
#NO,#NO,Liz,ASL_2008_02_15,19,3673,3705,data/raw/videos/ASL_2008_02_15/scene19-camera1.mov
#OD,#OD,Liz,ASL_2010_08_10_Liz_additional_lexicon_signs,21,1502,1541,data/raw/videos/ASL_2010_08_10_Liz_additional_lexicon_signs/scene21-camera1.mov
#OFF,#OFF,Liz,ASL_2008_02_15,23,772,800,data/raw/videos/ASL_2008_02_15/scene23-camera1.mov
#OK,#OK,Liz,ASL_2008_02_15,22,1095,1132,data/raw/videos/ASL_2008_02_15/scene22-camera1.mov
#OR,#OR,Liz,ASL_2008_02_15,22,1290,1340,data/raw/videos/ASL_2008_02_15/scene22-camera1.mov
#PE,#PE,Liz,ASL_2008_02_01,13,3275,3320,data/raw/videos/ASL_2008_02_01/scene13-camera1.mov
#PIZZA,#PIZZA,Liz,ASL_2008_02_15,40,3820,3885,data/raw/videos/ASL_2008_02_15/scene40-camera1.mov
#PO,#PO,Liz,ASL_2008_02_15,45,915,931,data/raw/videos/ASL_2008_02_15/scene45-camera1.mov
#REF,#REF,Liz,ASL_2008_02_29,8,562,610,data/raw/videos/ASL_2008_02_29/scene8-camera1.mov
#RR,#RR,Liz,ASL_2008_02_29,13,1365,1402,data/raw/videos/ASL_2008_02_29/scene13-camera1.mov
#SS,#SS,Liz,ASL_2008_02_29,37,1521,1570,data/raw/videos/ASL_2008_02_29/scene37-camera1.mov
#TTY,#TTY,Liz,ASL_2008_03_28,24,1022,1054,data/raw/videos/ASL_2008_03_28/scene24-camera1.mov
#TV,#TV+,Liz,ASL_2008_03_28,7,490,511,data/raw/videos/ASL_2008_03_28/scene7-camera1.mov
#WHAT,#WHAT,Liz,ASL_2008_03_28,39,2112,2175,data/raw/videos/ASL_2008_03_28/scene39-camera1.mov
#WILL,#WILL,Liz,ASL_2008_03_28,42,1368,1397,data/raw/videos/ASL_2008_03_28/scene42-camera1.mov
#WOW,#WOW,Liz,ASL_2008_03_28,45,1615,1662,data/raw/videos/ASL_2008_03_28/scene45-camera1.mov
#YES,#YES,Liz,ASL_2008_03_28,47,2081,2111,data/raw/videos/ASL_2008_03_28/scene47-camera1.mov
(1)FAR,(1)FAR,Lana,ASL_2006_10_10,9,320,361,data/raw/videos/ASL_2006_10_10/scene9-camera1.mov
(1)GO-STEADY,(1)GO-STEADY+,Tyler,ASL_2008_05_29a,38,3070,3145,data/raw/videos/ASL_2008_05_29a/scene38-camera1.mov
(1)WHO,(1)WHO+,Liz,ASL_2008_03_28,41,2111,2140,data/raw/videos/ASL_2008_03_28/scene41-camera1.mov
(1h)(L-X)INTERESTING+ZERO_2,(1h)(L-X)INTERESTING+ZERO_2,Liz,ASL_2008_02_15,21,1134,1203,data/raw/videos/ASL_2008_02_15/scene21-camera1.mov
(1h)AREA,(1h)AREA,Lana,ASL_2006_10_10,17,2569,2620,data/raw/videos/ASL_2006_10_10/scene17-camera1.mov
(1h)EAT-UP,(1h)EAT-UP,Liz,ASL_2008_01_18,4,905,950,data/raw/videos/ASL_2008_01_18/scene4-camera1.mov
(1h)GOOD/THANK-YOU,(1h)GOOD/THANK-YOU,Liz,ASL_2008_03_28,8,2510,2535,data/raw/videos/ASL_2008_03_28/scene8-camera1.mov
(1h)HAMMER+AGENT,(1h)HAMMER+AGENT,Brady,ASL_2011_06_14_Brady,43,7360,7397,data/raw/videos/ASL_2011_06_14_Brady/scene43-camera1.mov
(1h)HAPPY+(1h)MOST,(1h)HAPPY+(1h)MOST,Liz,ASL_2008_02_15,46,2685,2725,data/raw/videos/ASL_2008_02_15/scene46-camera1.mov
(1h)HAPPY++NEW+YEAR,(1h)HAPPY++NEW+YEAR,Brady,ASL_2011_07_19_Brady,69,678,750,data/raw/videos/ASL_2011_07_19_Brady/scene69-camera1.mov
(1h)LAST-YEAR,(1h)LAST-YEAR,Liz,ASL_2008_02_01,44,645,675,data/raw/videos/ASL_2008_02_01/scene44-camera1.mov
(1h)NONE/NOTHING,(1h)NONE/NOTHING,Liz,ASL_2008_02_15,20,971,1015,data/raw/videos/ASL_2008_02_15/scene20-camera1.mov
(1h)SCREAM,(1h)SCREAM,Lana,ASL_2006_10_10,25,2276,2287,data/raw/videos/ASL_2006_10_10/scene25-camera1.mov
(1h)STAY,(1h)STAY,Liz,ASL_2008_02_29,44,1945,1970,data/raw/videos/ASL_2008_02_29/scene44-camera1.mov
(2h)#BACK_2,(2h)#BACK_2,Liz,ASL_2008_01_11,28,725,770,data/raw/videos/ASL_2008_01_11/scene28-camera1.mov
(2h)DRIBBLE++SHOOT-BASKET,(2h)DRIBBLE++SHOOT-BASKET,Brady,ASL_2011_06_08_Brady,22,24600,24643,data/raw/videos/ASL_2011_06_08_Brady/scene22-camera1.mov
(2h)THANK-YOU+SUGGEST,(2h)THANK-YOU+SUGGEST,Liz,ASL_2008_03_28,9,400,432,data/raw/videos/ASL_2008_03_28/scene9-camera1.mov
(2h)THUMBS-UP/GOOD,(2h)THUMBS-UP/GOOD,Liz,ASL_2008_02_01,9,240,292,data/raw/videos/ASL_2008_02_01/scene9-camera1.mov
(2h)alt.ANGRY,(2h)alt.ANGRY+,Liz,ASL_2008_01_11,10,380,425,data/raw/videos/ASL_2008_01_11/scene10-camera1.mov
(2h)alt.USE-SIGN-LANGUAGE,(2h)alt.USE-SIGN-LANGUAGE+,Liz,ASL_2008_02_29,31,2516,2580,data/raw/videos/ASL_2008_02_29/scene31-camera1.mov
(5)CRASH,(5)CRASH,Liz,ASL_2008_01_18,8,266,297,data/raw/videos/ASL_2008_01_18/scene8-camera1.mov
(5)FOOT,(5)FEET,Tyler,ASL_2008_05_29a,20,1210,1270,data/raw/videos/ASL_2008_05_29a/scene20-camera1.mov
(5)WEATHER,(5)WEATHER,Liz,ASL_2008_03_28,37,2905,2935,data/raw/videos/ASL_2008_03_28/scene37-camera1.mov
(A)ns-AFRICA,(A)ns-AFRICA,Liz,ASL_2010_08_10_Liz_additional_lexicon_signs,8,1381,1445,data/raw/videos/ASL_2010_08_10_Liz_additional_lexicon_signs/scene8-camera1.mov
(A)ns-ASIA,(A)ns-ASIA,Liz,ASL_2008_01_11,22,1590,1650,data/raw/videos/ASL_2008_01_11/scene22-camera1.mov
(B)BLINDS,(B)BLINDS,Liz,ASL_2008_01_11,46,675,725,data/raw/videos/ASL_2008_01_11/scene46-camera1.mov
(B)HOSPITAL_2,(B)HOSPITAL_2,Liz,ASL_2010_08_10_Liz_additional_lexicon_signs,11,4470,4550,data/raw/videos/ASL_2010_08_10_Liz_additional_lexicon_signs/scene11-camera1.mov
(B-L)NAPKIN,(B-L)NAPKIN+,Liz,ASL_2008_02_15,15,322,377,data/raw/videos/ASL_2008_02_15/scene15-camera1.mov
(C)VOMIT,(C)VOMIT,Brady,ASL_2011_07_22_Brady,21,2587,2607,data/raw/videos/ASL_2011_07_22_Brady/scene21-camera1.mov
(E)E-MAIL,(E)E-MAIL,Liz,ASL_2008_01_18,26,2426,2455,data/raw/videos/ASL_2008_01_18/scene26-camera1.mov
(G)THANKSGIVING,(G)THANKSGIVING,Liz,ASL_2008_03_28,9,121,175,data/raw/videos/ASL_2008_03_28/scene9-camera1.mov
(Horns)SHOOT-ARROW,(Horns)SHOOT-ARROW,Tyler,ASL_2008_05_12a,13,3036,3067,data/raw/videos/ASL_2008_05_12a/scene13-camera1.mov
(I)IRON-METAL,(I)IRON-METAL,Naomi,ASL_2008_08_13,29,1618,1662,data/raw/videos/ASL_2008_08_13/scene29-camera1.mov
(K)KITCHEN,(K)KITCHEN,Liz,ASL_2008_02_01,41,2690,2735,data/raw/videos/ASL_2008_02_01/scene41-camera1.mov
(L)LEATHER,(L)LEATHER+,Liz,ASL_2008_02_01,45,1010,1060,data/raw/videos/ASL_2008_02_01/scene45-camera1.mov
(L)LIVE+BOX/ROOM,(L)LIVE+BOX/ROOM,Brady,ASL_2011_06_14_Brady,50,3574,3600,data/raw/videos/ASL_2011_06_14_Brady/scene50-camera1.mov
(L)RIFLE,(L)RIFLE,Liz,ASL_2008_02_29,15,1556,1595,data/raw/videos/ASL_2008_02_29/scene15-camera1.mov
(L-X)INTERESTING,(L-X)INTERESTING,Liz,ASL_2008_02_01,34,655,692,data/raw/videos/ASL_2008_02_01/scene34-camera1.mov
(L-X)THICK,(L-X)THICK+,Liz,ASL_2008_03_28,10,2415,2457,data/raw/videos/ASL_2008_03_28/scene10-camera1.mov
(M)MODEL,(M)MODEL+,Brady,ASL_2011_07_19_Brady,4,3815,3842,data/raw/videos/ASL_2011_07_19_Brady/scene4-camera1.mov
(M)ns-MEXICO,(M)ns-MEXICO,Brady,ASL_2011_06_14_Brady,56,4304,4332,data/raw/videos/ASL_2011_06_14_Brady/scene56-camera1.mov
(P)PARANOID,(P)PARANOID,Liz,ASL_2008_02_15,31,503,542,data/raw/videos/ASL_2008_02_15/scene31-camera1.mov
(P)PARTICIPATE,(P)PARTICIPATE,Liz,ASL_2008_02_15,31,2387,2434,data/raw/videos/ASL_2008_02_15/scene31-camera1.mov
(P)PENIS,(P)PENIS+,Liz,ASL_2008_02_15,34,3675,3706,data/raw/videos/ASL_2008_02_15/scene34-camera1.mov
(P)PROFESSION,(P)PROFESSION,Liz,ASL_2010_08_10_Liz_additional_lexicon_signs,3,1345,1385,data/raw/videos/ASL_2010_08_10_Liz_additional_lexicon_signs/scene3-camera1.mov
(R)BEST-FRIEND,(R)BEST-FRIEND,Brady,ASL_2011_06_14_Brady,27,3886,3901,data/raw/videos/ASL_2011_06_14_Brady/scene27-camera1.mov
(S)BOMB,(S)BOMB,Liz,ASL_2008_01_11,50,261,290,data/raw/videos/ASL_2008_01_11/scene50-camera1.mov
(S)BROOM,(S)BROOM,Liz,ASL_2008_01_11,56,1470,1530,data/raw/videos/ASL_2008_01_11/scene56-camera1.mov
(S)KETCHUP,(S)KETCHUP+,Liz,ASL_2008_02_01,40,600,665,data/raw/videos/ASL_2008_02_01/scene40-camera1.mov
(S)MOSQUITO,(S)MOSQUITO+,Liz,ASL_2008_02_15,10,2910,2970,data/raw/videos/ASL_2008_02_15/scene10-camera1.mov
(S)OLD+#FF,(S)OLD+#FF,Liz,ASL_2010_08_10_Liz_additional_lexicon_signs,21,1349,1413,data/raw/videos/ASL_2010_08_10_Liz_additional_lexicon_signs/scene21-camera1.mov
(S)OLD++AVERAGE,(S)OLD++AVERAGE,Liz,ASL_2008_02_29,6,1744,1823,data/raw/videos/ASL_2008_02_29/scene6-camera1.mov
(S)OLD+FIVE_2,(S)OLD+FIVE_2,Liz,ASL_2010_08_10_Liz_additional_lexicon_signs,17,5325,5404,data/raw/videos/ASL_2010_08_10_Liz_additional_lexicon_signs/scene17-camera1.mov
(S)OLD+FOUR_2,(S)OLD+FOUR_2,Liz,ASL_2010_08_10_Liz_additional_lexicon_signs,17,5171,5227,data/raw/videos/ASL_2010_08_10_Liz_additional_lexicon_signs/scene17-camera1.mov
(S)OLD+ONE_2,(S)OLD+ONE_2,Liz,ASL_2010_08_10_Liz_additional_lexicon_signs,17,4725,4780,data/raw/videos/ASL_2010_08_10_Liz_additional_lexicon_signs/scene17-camera1.mov
(S)OLD+TESTAMENT,(S)OLD+TESTAMENT,Liz,ASL_2008_02_15,24,893,965,data/raw/videos/ASL_2008_02_15/scene24-camera1.mov
(S)OLD+THREE_2,(S)OLD+THREE_2,Liz,ASL_2010_08_10_Liz_additional_lexicon_signs,17,5018,5072,data/raw/videos/ASL_2010_08_10_Liz_additional_lexicon_signs/scene17-camera1.mov
(S)OLD+TWO_2,(S)OLD+TWO_2,Liz,ASL_2010_08_10_Liz_additional_lexicon_signs,17,4858,4913,data/raw/videos/ASL_2010_08_10_Liz_additional_lexicon_signs/scene17-camera1.mov
(S)PURSE,(S)PURSE+,Brady,ASL_2011_07_19_Brady,47,4477,4517,data/raw/videos/ASL_2011_07_19_Brady/scene47-camera1.mov
(U)BOWTIE,(U)BOWTIE,Liz,ASL_2008_01_11,52,1010,1045,data/raw/videos/ASL_2008_01_11/scene52-camera1.mov
(U)SECRETARY,(U)SECRETARY,Lana,ASL_2006_10_10,25,485,517,data/raw/videos/ASL_2006_10_10/scene25-camera1.mov
(V)CRAWL,(V)CRAWL,Liz,ASL_2008_01_18,8,770,895,data/raw/videos/ASL_2008_01_18/scene8-camera1.mov
(W)WAR,(W)WAR++,Liz,ASL_2008_03_28,35,640,701,data/raw/videos/ASL_2008_03_28/scene35-camera1.mov
(X)FOOL/DOLL,(X)FOOL/DOLL,Liz,ASL_2008_01_18,46,2066,2095,data/raw/videos/ASL_2008_01_18/scene46-camera1.mov
(X)FOOL/DOLL+(D)DAY,(X)FOOL/DOLL+(D)DAY,Liz,ASL_2008_01_11,20,1065,1125,data/raw/videos/ASL_2008_01_11/scene20-camera1.mov
(Y)BATHING-SUIT,(Y)BATHING-SUIT,Liz,ASL_2008_03_28,2,3725,3785,data/raw/videos/ASL_2008_03_28/scene2-camera1.mov
(Y)BULL,(Y)BULL,Liz,ASL_2008_01_11,59,300,315,data/raw/videos/ASL_2008_01_11/scene59-camera1.mov
(cheek)BLIND,(cheek)BLIND,Liz,ASL_2008_01_11,46,456,495,data/raw/videos/ASL_2008_01_11/scene46-camera1.mov
(cocked-8)FOOL,(cocked-8)FOOL,Tyler,ASL_2008_05_29a,25,6555,6580,data/raw/videos/ASL_2008_05_29a/scene25-camera1.mov
(cocked-8)SHOOT-ARROW,(cocked-8)SHOOT-ARROW,Brady,ASL_2011_06_08_Brady,12,11186,11210,data/raw/videos/ASL_2011_06_08_Brady/scene12-camera1.mov
(elbow)CHEAT,(1)CHEAT+,Liz,ASL_2008_01_11,71,1365,1400,data/raw/videos/ASL_2008_01_11/scene71-camera1.mov
(flat-O)PAY/SPEND,(flat-O)PAY/SPEND++,Tyler,ASL_2008_05_29a,20,465,505,data/raw/videos/ASL_2008_05_29a/scene20-camera1.mov
1p-HELP:i,1p-HELP:i,Liz,ASL_2008_02_01,21,1601,1640,data/raw/videos/ASL_2008_02_01/scene21-camera1.mov
A,A,Liz,ASL_2008_01_11,4,2345,2370,data/raw/videos/ASL_2008_01_11/scene4-camera1.mov
A-LEVEL-ABOVE,A-LEVEL-ABOVE,Liz,ASL_2008_02_15,50,420,450,data/raw/videos/ASL_2008_02_15/scene50-camera1.mov
A-LOT,A-LOT,Liz,ASL_2008_01_11,12,1060,1091,data/raw/videos/ASL_2008_01_11/scene12-camera1.mov
ABANDON,ABANDON,Liz,ASL_2008_01_11,5,180,206,data/raw/videos/ASL_2008_01_11/scene5-camera1.mov
ABDOMEN,ABDOMEN+,Liz,ASL_2010_08_10_Liz_additional_lexicon_signs,5,508,580,data/raw/videos/ASL_2010_08_10_Liz_additional_lexicon_signs/scene5-camera1.mov
ABORTION,(1h)ABORTION,Liz,ASL_2010_08_10_Liz_additional_lexicon_signs,5,1098,1163,data/raw/videos/ASL_2010_08_10_Liz_additional_lexicon_signs/scene5-camera1.mov
ABOUT,(nd-flat-O)ABOUT,Liz,ASL_2008_01_11,5,721,773,data/raw/videos/ASL_2008_01_11/scene5-camera1.mov
ABOVE,ABOVE,Liz,ASL_2008_01_11,5,1296,1325,data/raw/videos/ASL_2008_01_11/scene5-camera1.mov
ABSENT,ABSENT,Liz,ASL_2008_02_15,6,4736,4766,data/raw/videos/ASL_2008_02_15/scene6-camera1.mov
ABSTRACT,ABSTRACT+,Liz,ASL_2010_08_10_Liz_additional_lexicon_signs,5,1780,1850,data/raw/videos/ASL_2010_08_10_Liz_additional_lexicon_signs/scene5-camera1.mov
ABUSE,ABUSE+,Liz,ASL_2008_01_11,35,1745,1795,data/raw/videos/ASL_2008_01_11/scene35-camera1.mov
ACCEPT,ACCEPT,Liz,ASL_2008_01_11,5,1565,1605,data/raw/videos/ASL_2008_01_11/scene5-camera1.mov
ACCIDENT,(5)ACCIDENT,Liz,ASL_2008_01_11,5,1795,1840,data/raw/videos/ASL_2008_01_11/scene5-camera1.mov
ACCOMPANY,ACCOMPANY,Liz,ASL_2008_01_11,5,2241,2280,data/raw/videos/ASL_2008_01_11/scene5-camera1.mov
ACQUIRE,ACQUIRE,Liz,ASL_2010_08_10_Liz_additional_lexicon_signs,5,1575,1631,data/raw/videos/ASL_2010_08_10_Liz_additional_lexicon_signs/scene5-camera1.mov
ACT,ACT+,Liz,ASL_2008_01_18,23,1387,1445,data/raw/videos/ASL_2008_01_18/scene23-camera1.mov
ACT+AGENT,ACT+AGENT,Liz,ASL_2008_01_11,6,2199,2266,data/raw/videos/ASL_2008_01_11/scene6-camera1.mov
ACTION,ACTION++,Liz,ASL_2008_01_11,6,1855,1915,data/raw/videos/ASL_2008_01_11/scene6-camera1.mov
ADAPT,ADAPT,Brady,ASL_2011_06_08_Brady,26,13941,13961,data/raw/videos/ASL_2011_06_08_Brady/scene26-camera1.mov
ADD,ADD,Liz,ASL_2008_01_11,6,2515,2560,data/raw/videos/ASL_2008_01_11/scene6-camera1.mov
ADDICTED,ADDICTED,Liz,ASL_2010_08_10_Liz_additional_lexicon_signs,5,1970,2006,data/raw/videos/ASL_2010_08_10_Liz_additional_lexicon_signs/scene5-camera1.mov
ADDRESS,ADDRESS+,Liz,ASL_2008_01_11,6,3076,3120,data/raw/videos/ASL_2008_01_11/scene6-camera1.mov
ADMIT,ADMIT,Liz,ASL_2008_01_11,7,540,573,data/raw/videos/ASL_2008_01_11/scene7-camera1.mov
ADULT-TALL,ADULT,Liz,ASL_2008_03_28,4,2781,2801,data/raw/videos/ASL_2008_03_28/scene4-camera1.mov
ADULTERY,ADULTERY,Liz,ASL_2010_08_10_Liz_additional_lexicon_signs,5,2307,2366,data/raw/videos/ASL_2010_08_10_Liz_additional_lexicon_signs/scene5-camera1.mov
ADVENTUROUS/SNEAKY,ADVENTUROUS/SNEAKY,Liz,ASL_2008_02_29,35,3246,3305,data/raw/videos/ASL_2008_02_29/scene35-camera1.mov
ADVERTISE,ADVERTISE++,Liz,ASL_2008_01_11,7,1506,1570,data/raw/videos/ASL_2008_01_11/scene7-camera1.mov
ADVISE/INFLUENCE,ADVISE/INFLUENCE,Liz,ASL_2008_01_11,7,1805,1830,data/raw/videos/ASL_2008_01_11/scene7-camera1.mov
ADVISE/INFLUENCE+AGENT,ADVISE/INFLUENCE+AGENT,Liz,ASL_2008_01_11,8,600,662,data/raw/videos/ASL_2008_01_11/scene8-camera1.mov
AFRAID,AFRAID,Liz,ASL_2008_01_18,39,2130,2155,data/raw/videos/ASL_2008_01_18/scene39-camera1.mov
AFTERNOON,AFTERNOON_2,Brady,ASL_2011_06_08_Brady,9,7773,7793,data/raw/videos/ASL_2011_06_08_Brady/scene9-camera1.mov
AGAIN,AGAIN,Liz,ASL_2008_01_11,9,930,965,data/raw/videos/ASL_2008_01_11/scene9-camera1.mov
AGAINST,AGAINST,Liz,ASL_2008_02_15,26,3070,3118,data/raw/videos/ASL_2008_02_15/scene26-camera1.mov
AGE-FIVE,AGE-FIVE,Brady,ASL_2011_06_08_Brady,5,10948,10966,data/raw/videos/ASL_2011_06_08_Brady/scene5-camera1.mov
AGE-FOUR,AGE-FOUR,Brady,ASL_2011_06_08_Brady,5,9456,9472,data/raw/videos/ASL_2011_06_08_Brady/scene5-camera1.mov
AGE-ONE,AGE-ONE,Brady,ASL_2011_06_08_Brady,4,4585,4600,data/raw/videos/ASL_2011_06_08_Brady/scene4-camera1.mov
AGE-TWO,AGE-TWO,Brady,ASL_2011_06_08_Brady,5,4895,4909,data/raw/videos/ASL_2011_06_08_Brady/scene5-camera1.mov
AGENT,AGENT,Brady,ASL_2011_07_19_Brady,31,135,154,data/raw/videos/ASL_2011_07_19_Brady/scene31-camera1.mov
AGGRESSIVE,AGGRESSIVE++,Liz,ASL_2008_01_11,13,520,575,data/raw/videos/ASL_2008_01_11/scene13-camera1.mov
AGREE,AGREE,Brady,ASL_2011_06_08_Brady,10,371,390,data/raw/videos/ASL_2011_06_08_Brady/scene10-camera1.mov
AHEAD,AHEAD,Liz,ASL_2008_01_11,10,895,935,data/raw/videos/ASL_2008_01_11/scene10-camera1.mov
AIR,AIR,Tyler,ASL_2008_05_12a,8,3491,3520,data/raw/videos/ASL_2008_05_12a/scene8-camera1.mov
AIR-PUMP,AIR-PUMP++,Liz,ASL_2008_02_15,52,465,550,data/raw/videos/ASL_2008_02_15/scene52-camera1.mov
AIRPLANE,AIRPLANE,Liz,ASL_2010_08_10_Liz_additional_lexicon_signs,8,1580,1625,data/raw/videos/ASL_2010_08_10_Liz_additional_lexicon_signs/scene8-camera1.mov
AIRPLANE++AGENT,AIRPLANE++AGENT,Liz,ASL_2008_02_15,39,509,570,data/raw/videos/ASL_2008_02_15/scene39-camera1.mov
ALARM,ALARM+,Liz,ASL_2008_01_11,10,1775,1805,data/raw/videos/ASL_2008_01_11/scene10-camera1.mov
ALCOHOL,ALCOHOL+,Liz,ASL_2008_02_01,51,612,652,data/raw/videos/ASL_2008_02_01/scene51-camera1.mov
ALGEBRA,ALGEBRA+,Liz,ASL_2010_08_10_Liz_additional_lexicon_signs,8,1936,1998,data/raw/videos/ASL_2010_08_10_Liz_additional_lexicon_signs/scene8-camera1.mov
ALL,ALL,Liz,ASL_2008_01_11,11,470,520,data/raw/videos/ASL_2008_01_11/scene11-camera1.mov
ALL-AFTERNOON,ALL-AFTERNOON,Liz,ASL_2008_01_11,9,765,790,data/raw/videos/ASL_2008_01_11/scene9-camera1.mov
ALL-DAY,ALL-DAY,Liz,ASL_2008_01_11,11,706,765,data/raw/videos/ASL_2008_01_11/scene11-camera1.mov
ALL-NIGHT,ALL-NIGHT,Liz,ASL_2008_01_11,11,1205,1260,data/raw/videos/ASL_2008_01_11/scene11-camera1.mov
ALL-NIGHT-AFTER-MIDNIGHT,ALL-NIGHT-AFTER-MIDNIGHT+,Liz,ASL_2008_02_15,4,3332,3391,data/raw/videos/ASL_2008_02_15/scene4-camera1.mov
ALL-RIGHT,ALL-RIGHT+,Liz,ASL_2008_01_11,11,1440,1475,data/raw/videos/ASL_2008_01_11/scene11-camera1.mov
ALLERGY,ALLERGY,Brady,ASL_2011_06_08_Brady,10,8990,9004,data/raw/videos/ASL_2011_06_08_Brady/scene10-camera1.mov
ALLIGATOR,ALLIGATOR,Liz,ASL_2008_01_11,12,476,515,data/raw/videos/ASL_2008_01_11/scene12-camera1.mov
ALLOW,ALLOW,Liz,ASL_2008_01_11,12,665,685,data/raw/videos/ASL_2008_01_11/scene12-camera1.mov
ALMOST,ALMOST+,Tyler,ASL_2008_05_12a,10,1047,1063,data/raw/videos/ASL_2008_05_12a/scene10-camera1.mov
ALONE,ALONE+,Liz,ASL_2008_02_29,32,2890,2936,data/raw/videos/ASL_2008_02_29/scene32-camera1.mov
ALSO,ALSO,Liz,ASL_2008_01_11,22,1101,1121,data/raw/videos/ASL_2008_01_11/scene22-camera1.mov
ALWAYS,ALWAYS,Liz,ASL_2008_01_11,13,315,370,data/raw/videos/ASL_2008_01_11/scene13-camera1.mov
ALWAYS+FOREVER_2,ALWAYS+FOREVER_2,Liz,ASL_2008_01_18,47,1925,1985,data/raw/videos/ASL_2008_01_18/scene47-camera1.mov
AMAZED,AMAZED,Brady,ASL_2011_07_19_Brady,80,4490,4510,data/raw/videos/ASL_2011_07_19_Brady/scene80-camera1.mov
AMBULANCE,AMBULANCE,Liz,ASL_2010_08_10_Liz_additional_lexicon_signs,6,1330,1380,data/raw/videos/ASL_2010_08_10_Liz_additional_lexicon_signs/scene6-camera1.mov
AMONG,AMONG,Liz,ASL_2008_01_11,13,1395,1460,data/raw/videos/ASL_2008_01_11/scene13-camera1.mov
ANALYZE,ANALYZE,Liz,ASL_2008_01_11,14,560,595,data/raw/videos/ASL_2008_01_11/scene14-camera1.mov
AND,AND,Liz,ASL_2008_01_11,14,970,1005,data/raw/videos/ASL_2008_01_11/scene14-camera1.mov
ANGEL,ANGEL+,Liz,ASL_2008_01_11,14,1195,1235,data/raw/videos/ASL_2008_01_11/scene14-camera1.mov
ANGLE,ANGLE,Liz,ASL_2010_08_10_Liz_additional_lexicon_signs,18,3065,3135,data/raw/videos/ASL_2010_08_10_Liz_additional_lexicon_signs/scene18-camera1.mov
ANIMAL,ANIMAL+,Liz,ASL_2008_01_11,14,1465,1510,data/raw/videos/ASL_2008_01_11/scene14-camera1.mov
ANNOUNCE,ANNOUNCE_2,Liz,ASL_2008_01_11,15,320,350,data/raw/videos/ASL_2008_01_11/scene15-camera1.mov
ANSWER,ANSWER,Liz,ASL_2008_01_11,15,855,879,data/raw/videos/ASL_2008_01_11/scene15-camera1.mov
ANSWER+AGENT,ANSWER+AGENT,Brady,ASL_2011_07_19_Brady,56,717,743,data/raw/videos/ASL_2011_07_19_Brady/scene56-camera1.mov
ANY,ANY,Liz,ASL_2008_01_11,15,1085,1106,data/raw/videos/ASL_2008_01_11/scene15-camera1.mov
ANY+ONE,ANY+ONE,Liz,ASL_2008_01_11,15,1309,1345,data/raw/videos/ASL_2008_01_11/scene15-camera1.mov
ANY+THING,ANY+THING,Liz,ASL_2008_01_11,15,1493,1532,data/raw/videos/ASL_2008_01_11/scene15-camera1.mov
ANY+WHERE,ANY+WHERE,Liz,ASL_2008_01_11,16,458,499,data/raw/videos/ASL_2008_01_11/scene16-camera1.mov
ANYWAY/NOT-MATTER,ANYWAY/NOT-MATTER,Liz,ASL_2010_08_10_Liz_additional_lexicon_signs,23,1590,1638,data/raw/videos/ASL_2010_08_10_Liz_additional_lexicon_signs/scene23-camera1.mov
APPLAUSE,APPLAUSE++,Liz,ASL_2008_01_11,78,296,350,data/raw/videos/ASL_2008_01_11/scene78-camera1.mov
APPLE,APPLE,Liz,ASL_2008_01_11,18,826,865,data/raw/videos/ASL_2008_01_11/scene18-camera1.mov
APPLY,APPLY,Liz,ASL_2008_01_11,18,1225,1255,data/raw/videos/ASL_2008_01_11/scene18-camera1.mov
APPOINT,APPOINT,Liz,ASL_2008_01_11,19,625,665,data/raw/videos/ASL_2008_01_11/scene19-camera1.mov
APPOINTMENT,(A)APPOINTMENT,Liz,ASL_2008_01_11,19,1090,1131,data/raw/videos/ASL_2008_01_11/scene19-camera1.mov
APPROVE,APPROVE,Naomi,ASL_2008_08_04,13,2566,2592,data/raw/videos/ASL_2008_08_04/scene13-camera1.mov
APPROVE/VETO,APPROVE/VETO,Liz,ASL_2008_01_11,20,595,636,data/raw/videos/ASL_2008_01_11/scene20-camera1.mov
ARGUE,ARGUE+,Liz,ASL_2008_02_29,4,255,310,data/raw/videos/ASL_2008_02_29/scene4-camera1.mov
ARM,ARM,Liz,ASL_2008_01_11,21,985,1025,data/raw/videos/ASL_2008_01_11/scene21-camera1.mov
ARM+SHORT-SLEEVE,ARM+SHORT-SLEEVE,Brady,ASL_2011_07_19_Brady,87,1450,1485,data/raw/videos/ASL_2011_07_19_Brady/scene87-camera1.mov
AROUND,AROUND,Liz,ASL_2008_01_11,20,800,855,data/raw/videos/ASL_2008_01_11/scene20-camera1.mov
ARRIVE,ARRIVE,Liz,ASL_2008_01_11,21,1485,1515,data/raw/videos/ASL_2008_01_11/scene21-camera1.mov
ART/DESIGN,(D)ART/DESIGN,Liz,ASL_2008_01_18,15,1302,1336,data/raw/videos/ASL_2008_01_18/scene15-camera1.mov
ART/DESIGN+AGENT,ART/DESIGN+AGENT,Liz,ASL_2008_01_11,22,838,901,data/raw/videos/ASL_2008_01_11/scene22-camera1.mov
ARTICLE,ARTICLE,Brady,ASL_2011_06_08_Brady,13,3660,3683,data/raw/videos/ASL_2011_06_08_Brady/scene13-camera1.mov
ASK,ASK_2,Lana,ASL_2006_10_10,3,775,786,data/raw/videos/ASL_2006_10_10/scene3-camera1.mov
ASSAULT,ASSAULT,Liz,ASL_2008_02_15,52,1670,1689,data/raw/videos/ASL_2008_02_15/scene52-camera1.mov
ASSIST,ASSIST+,Liz,ASL_2008_01_11,23,865,905,data/raw/videos/ASL_2008_01_11/scene23-camera1.mov
ASSOCIATION,ASSOCIATION,Liz,ASL_2008_01_11,23,1305,1350,data/raw/videos/ASL_2008_01_11/scene23-camera1.mov
ASTONISHED,ASTONISHED,Liz,ASL_2008_02_29,29,2490,2538,data/raw/videos/ASL_2008_02_29/scene29-camera1.mov
ASTRAY,ASTRAY,Liz,ASL_2010_08_10_Liz_additional_lexicon_signs,23,1922,2009,data/raw/videos/ASL_2010_08_10_Liz_additional_lexicon_signs/scene23-camera1.mov
ATTEMPT,ATTEMPT,Liz,ASL_2008_01_11,24,780,805,data/raw/videos/ASL_2008_01_11/scene24-camera1.mov
ATTENTION-WAVE,ATTENTION-WAVE,Liz,ASL_2008_03_28,37,1665,1705,data/raw/videos/ASL_2008_03_28/scene37-camera1.mov
ATTITUDE,ATTITUDE,Liz,ASL_2008_01_11,25,466,502,data/raw/videos/ASL_2008_01_11/scene25-camera1.mov
AUCTION,AUCTION,Liz,ASL_2010_08_10_Liz_additional_lexicon_signs,6,2376,2443,data/raw/videos/ASL_2010_08_10_Liz_additional_lexicon_signs/scene6-camera1.mov
AUDIENCE,AUDIENCE,Brady,ASL_2011_06_08_Brady,14,17,47,data/raw/videos/ASL_2011_06_08_Brady/scene14-camera1.mov
AUDIOLOGY,AUDIOLOGY,Liz,ASL_2008_01_11,25,1230,1285,data/raw/videos/ASL_2008_01_11/scene25-camera1.mov
AUDIOLOGY+AGENT,AUDIOLOGY+AGENT,Liz,ASL_2008_01_11,25,974,1039,data/raw/videos/ASL_2008_01_11/scene25-camera1.mov
AUNT,AUNT,Liz,ASL_2008_01_11,25,1481,1531,data/raw/videos/ASL_2008_01_11/scene25-camera1.mov
AUTHORITY,AUTHORITY,Liz,ASL_2008_01_11,26,1140,1170,data/raw/videos/ASL_2008_01_11/scene26-camera1.mov
AUTUMN,AUTUMN,Liz,ASL_2008_01_11,26,1370,1405,data/raw/videos/ASL_2008_01_11/scene26-camera1.mov
AVAILABLE,AVAILABLE++,Liz,ASL_2010_08_10_Liz_additional_lexicon_signs,24,468,518,data/raw/videos/ASL_2010_08_10_Liz_additional_lexicon_signs/scene24-camera1.mov
AVERAGE,AVERAGE,Liz,ASL_2008_02_15,2,825,895,data/raw/videos/ASL_2008_02_15/scene2-camera1.mov
AVOID/FALL-BEHIND,AVOID/FALL-BEHIND,Liz,ASL_2008_01_11,26,1905,1965,data/raw/videos/ASL_2008_01_11/scene26-camera1.mov
AWKWARD,AWKWARD,Liz,ASL_2008_01_11,27,1115,1180,data/raw/videos/ASL_2008_01_11/scene27-camera1.mov
B,B,Liz,ASL_2008_01_11,27,1415,1435,data/raw/videos/ASL_2008_01_11/scene27-camera1.mov
BABY,BABY,Liz,ASL_2008_01_11,27,1605,1670,data/raw/videos/ASL_2008_01_11/scene27-camera1.mov
BACHELOR,BACHELOR,Liz,ASL_2008_01_11,28,315,350,data/raw/videos/ASL_2008_01_11/scene28-camera1.mov
BACK,BACK,Dana,ASL_2007_05_24,7,1850,1890,data/raw/videos/ASL_2007_05_24/scene7-camera1.mov
BACKGROUND,BACKGROUND,Liz,ASL_2008_01_11,28,1755,1800,data/raw/videos/ASL_2008_01_11/scene28-camera1.mov
BACKPACK,BACKPACK,Liz,ASL_2010_08_10_Liz_additional_lexicon_signs,8,2880,2935,data/raw/videos/ASL_2010_08_10_Liz_additional_lexicon_signs/scene8-camera1.mov
BACKSTAB,BACKSTAB,Brady,ASL_2011_06_08_Brady,12,10278,10300,data/raw/videos/ASL_2011_06_08_Brady/scene12-camera1.mov
BACON,BACON_2,Liz,ASL_2008_01_11,29,1065,1105,data/raw/videos/ASL_2008_01_11/scene29-camera1.mov
BAD,BAD,Liz,ASL_2008_01_11,29,1327,1358,data/raw/videos/ASL_2008_01_11/scene29-camera1.mov
BAD+DREAM,BAD+DREAM,Liz,ASL_2008_02_15,19,3225,3290,data/raw/videos/ASL_2008_02_15/scene19-camera1.mov
BADGE,(F)BADGE,Liz,ASL_2008_01_11,29,2080,2126,data/raw/videos/ASL_2008_01_11/scene29-camera1.mov
BAG,BAG,Liz,ASL_2008_01_11,33,825,866,data/raw/videos/ASL_2008_01_11/scene33-camera1.mov
BAKE/OVEN,BAKE/OVEN,Liz,ASL_2008_01_11,30,581,620,data/raw/videos/ASL_2008_01_11/scene30-camera1.mov
BAKING-SPRINKLES,BAKING-SPRINKLES,Liz,ASL_2008_02_29,42,318,365,data/raw/videos/ASL_2008_02_29/scene42-camera1.mov
BALANCE,BALANCE+,Liz,ASL_2008_01_11,30,815,885,data/raw/videos/ASL_2008_01_11/scene30-camera1.mov
BALD,BALD,Liz,ASL_2008_01_11,30,1080,1125,data/raw/videos/ASL_2008_01_11/scene30-camera1.mov
BALD+ALL-GONE,BALD+ALL-GONE,Tyler,ASL_2008_05_12a,19,4583,4615,data/raw/videos/ASL_2008_05_12a/scene19-camera1.mov
BALL,BALL,Liz,ASL_2008_01_11,30,1756,1786,data/raw/videos/ASL_2008_01_11/scene30-camera1.mov
BALLOON,BALLOON,Liz,ASL_2008_01_11,30,2070,2125,data/raw/videos/ASL_2008_01_11/scene30-camera1.mov
BANANA,BANANA,Liz,ASL_2008_01_11,31,795,851,data/raw/videos/ASL_2008_01_11/scene31-camera1.mov
BANDAID,BANDAID,Liz,ASL_2008_01_11,31,1015,1055,data/raw/videos/ASL_2008_01_11/scene31-camera1.mov
BAPTIST,BAPTIST,Liz,ASL_2008_01_11,31,1446,1505,data/raw/videos/ASL_2008_01_11/scene31-camera1.mov
BAR,BAR,Liz,ASL_2008_01_11,11,235,285,data/raw/videos/ASL_2008_01_11/scene11-camera1.mov
BARK,BARK_2,Brady,ASL_2011_06_08_Brady,16,7467,7483,data/raw/videos/ASL_2011_06_08_Brady/scene16-camera1.mov
BASEBALL,(S)BASEBALL,Brady,ASL_2011_06_08_Brady,16,7956,7982,data/raw/videos/ASL_2011_06_08_Brady/scene16-camera1.mov
BASEMENT,BASEMENT+,Brady,ASL_2011_06_08_Brady,16,8165,8191,data/raw/videos/ASL_2011_06_08_Brady/scene16-camera1.mov
BASKET,BASKET,Liz,ASL_2008_01_11,33,555,590,data/raw/videos/ASL_2008_01_11/scene33-camera1.mov
BASKETBALL,BASKETBALL,Liz,ASL_2008_01_11,33,1040,1065,data/raw/videos/ASL_2008_01_11/scene33-camera1.mov
BAT,BAT_3+,Liz,ASL_2008_01_11,33,1296,1335,data/raw/videos/ASL_2008_01_11/scene33-camera1.mov
BATH,BATH,Liz,ASL_2008_01_11,33,1580,1620,data/raw/videos/ASL_2008_01_11/scene33-camera1.mov
BATH+BATHROBE,BATH+BATHROBE,Brady,ASL_2011_06_14_Brady,2,3889,3934,data/raw/videos/ASL_2011_06_14_Brady/scene2-camera1.mov
BATH+COAT,BATH+COAT,Liz,ASL_2008_01_11,34,530,608,data/raw/videos/ASL_2008_01_11/scene34-camera1.mov
BATH+DRESS/CLOTHES,BATH+DRESS/CLOTHES,Tyler,ASL_2008_05_12a,22,784,837,data/raw/videos/ASL_2008_05_12a/scene22-camera1.mov
BATH+fs-TUB,BATH+fs-TUB,Liz,ASL_2008_01_11,34,1325,1390,data/raw/videos/ASL_2008_01_11/scene34-camera1.mov
BATHING-SUIT,BATHING-SUIT,Liz,ASL_2008_01_11,34,286,340,data/raw/videos/ASL_2008_01_11/scene34-camera1.mov
BATHROBE,BATHROBE,Liz,ASL_2008_01_11,34,820,870,data/raw/videos/ASL_2008_01_11/scene34-camera1.mov
BAWL-OUT,BAWL-OUT,Liz,ASL_2008_01_11,34,1565,1590,data/raw/videos/ASL_2008_01_11/scene34-camera1.mov
BEACH,BEACH,Liz,ASL_2008_01_11,35,760,815,data/raw/videos/ASL_2008_01_11/scene35-camera1.mov
BEANS,BEANS+,Liz,ASL_2008_01_11,35,1006,1050,data/raw/videos/ASL_2008_01_11/scene35-camera1.mov
BEAR,BEAR,Liz,ASL_2008_01_11,35,1250,1290,data/raw/videos/ASL_2008_01_11/scene35-camera1.mov
BEARD,BEARD,Brady,ASL_2011_06_08_Brady,17,10158,10173,data/raw/videos/ASL_2011_06_08_Brady/scene17-camera1.mov
BEAT,BEAT,Liz,ASL_2008_01_18,3,2015,2040,data/raw/videos/ASL_2008_01_18/scene3-camera1.mov
BEAT_2,BEAT_2,Liz,ASL_2010_08_10_Liz_additional_lexicon_signs,17,6005,6052,data/raw/videos/ASL_2010_08_10_Liz_additional_lexicon_signs/scene17-camera1.mov
BEAT_3,BEAT_3,Liz,ASL_2010_08_10_Liz_additional_lexicon_signs,17,6130,6196,data/raw/videos/ASL_2010_08_10_Liz_additional_lexicon_signs/scene17-camera1.mov
BEAUTIFUL,BEAUTIFUL,Liz,ASL_2008_02_15,47,2765,2805,data/raw/videos/ASL_2008_02_15/scene47-camera1.mov
BEAUTIFUL+DRESS/CLOTHES,BEAUTIFUL+DRESS/CLOTHES,Brady,ASL_2011_07_19_Brady,25,507,553,data/raw/videos/ASL_2011_07_19_Brady/scene25-camera1.mov
BEAVER,BEAVER,Liz,ASL_2010_08_10_Liz_additional_lexicon_signs,6,2578,2636,data/raw/videos/ASL_2010_08_10_Liz_additional_lexicon_signs/scene6-camera1.mov
BECAUSE,BECAUSE,Liz,ASL_2008_01_11,36,685,701,data/raw/videos/ASL_2008_01_11/scene36-camera1.mov
BECOME,BECOME,Liz,ASL_2008_01_11,36,845,880,data/raw/videos/ASL_2008_01_11/scene36-camera1.mov
BECOME+QUIET,BECOME+QUIET,Liz,ASL_2008_02_15,33,797,866,data/raw/videos/ASL_2008_02_15/scene33-camera1.mov
BECOME-FAT,BECOME-FAT,Liz,ASL_2008_01_11,36,1045,1070,data/raw/videos/ASL_2008_01_11/scene36-camera1.mov
BED,(2h)BED,Liz,ASL_2008_02_29,34,3605,3645,data/raw/videos/ASL_2008_02_29/scene34-camera1.mov
BED+BOX/ROOM,BED+BOX/ROOM,Liz,ASL_2008_01_11,37,376,452,data/raw/videos/ASL_2008_01_11/scene37-camera1.mov
BED+CUSHION,(2h)BED+CUSHION++,Liz,ASL_2008_02_15,1,560,629,data/raw/videos/ASL_2008_02_15/scene1-camera1.mov
BEE,BEE,Liz,ASL_2008_01_11,37,660,693,data/raw/videos/ASL_2008_01_11/scene37-camera1.mov
BEER,BEER,Liz,ASL_2008_01_11,37,875,910,data/raw/videos/ASL_2008_01_11/scene37-camera1.mov
BEFORE_2,BEFORE_2,Liz,ASL_2008_01_11,37,1275,1300,data/raw/videos/ASL_2008_01_11/scene37-camera1.mov
BEFORE_2+SCHOOL,BEFORE_2+SCHOOL,Liz,ASL_2008_02_15,47,1275,1331,data/raw/videos/ASL_2008_02_15/scene47-camera1.mov
BEG,BEG_2,Liz,ASL_2008_01_11,37,1495,1536,data/raw/videos/ASL_2008_01_11/scene37-camera1.mov
BEG+AGENT,BEG+AGENT,Liz,ASL_2008_01_11,38,273,326,data/raw/videos/ASL_2008_01_11/scene38-camera1.mov
BEHAVIOR,BEHAVIOR,Liz,ASL_2008_01_11,38,495,535,data/raw/videos/ASL_2008_01_11/scene38-camera1.mov
BEHIND,BEHIND,Liz,ASL_2008_01_11,28,921,966,data/raw/videos/ASL_2008_01_11/scene28-camera1.mov
BELL,BELL,Liz,ASL_2008_01_11,39,950,991,data/raw/videos/ASL_2008_01_11/scene39-camera1.mov
BELONG,(C)BELONG,Liz,ASL_2008_01_11,39,1315,1350,data/raw/videos/ASL_2008_01_11/scene39-camera1.mov
BELOW,BELOW,Liz,ASL_2008_01_11,40,725,751,data/raw/videos/ASL_2008_01_11/scene40-camera1.mov
BELOW_2,BELOW_2+,Brady,ASL_2011_06_08_Brady,16,8461,8496,data/raw/videos/ASL_2011_06_08_Brady/scene16-camera1.mov
BELT,BELT,Liz,ASL_2008_01_11,40,921,970,data/raw/videos/ASL_2008_01_11/scene40-camera1.mov
BENEFIT,BENEFIT,Liz,ASL_2008_01_11,40,1105,1155,data/raw/videos/ASL_2008_01_11/scene40-camera1.mov
BERRY,BERRY,Liz,ASL_2008_01_11,73,1095,1135,data/raw/videos/ASL_2008_01_11/scene73-camera1.mov
BEST,BEST,Liz,ASL_2008_01_11,41,260,285,data/raw/videos/ASL_2008_01_11/scene41-camera1.mov
BEST-FRIEND,BEST-FRIEND,Liz,ASL_2008_02_01,8,2446,2500,data/raw/videos/ASL_2008_02_01/scene8-camera1.mov
BET,BET,Liz,ASL_2008_01_11,41,445,470,data/raw/videos/ASL_2008_01_11/scene41-camera1.mov
BETTER,BETTER,Liz,ASL_2008_01_11,41,641,680,data/raw/videos/ASL_2008_01_11/scene41-camera1.mov
BETWEEN/SHARE,BETWEEN/SHARE,Liz,ASL_2008_01_11,26,1570,1605,data/raw/videos/ASL_2008_01_11/scene26-camera1.mov
BETWEEN/SHARE+AGENT,BETWEEN/SHARE+AGENT,Liz,ASL_2010_08_10_Liz_additional_lexicon_signs,7,1965,2043,data/raw/videos/ASL_2010_08_10_Liz_additional_lexicon_signs/scene7-camera1.mov
BICYCLE,BICYCLE,Liz,ASL_2008_01_11,42,235,280,data/raw/videos/ASL_2008_01_11/scene42-camera1.mov
BIG,BIG,Liz,ASL_2008_01_11,42,425,450,data/raw/videos/ASL_2008_01_11/scene42-camera1.mov
BIG-HEADED,BIG-HEADED,Liz,ASL_2010_08_10_Liz_additional_lexicon_signs,6,2943,3003,data/raw/videos/ASL_2010_08_10_Liz_additional_lexicon_signs/scene6-camera1.mov
BIKE-PUMP,BIKE-PUMP,Liz,ASL_2008_02_15,52,716,780,data/raw/videos/ASL_2008_02_15/scene52-camera1.mov
BILL/OWE-1p,BILL/OWE-1p++,Lana,ASL_2006_10_10,20,839,874,data/raw/videos/ASL_2006_10_10/scene20-camera1.mov
BILLIARDS,BILLIARDS,Liz,ASL_2008_02_15,44,1255,1320,data/raw/videos/ASL_2008_02_15/scene44-camera1.mov
BILLION,BILLION,Liz,ASL_2008_01_11,42,1405,1435,data/raw/videos/ASL_2008_01_11/scene42-camera1.mov
BIND/TIE-UP,BIND/TIE-UP,Liz,ASL_2008_01_11,42,1644,1686,data/raw/videos/ASL_2008_01_11/scene42-camera1.mov
BIOLOGY,BIOLOGY+,Liz,ASL_2008_01_11,42,1880,1935,data/raw/videos/ASL_2008_01_11/scene42-camera1.mov
BIRD,BIRD,Liz,ASL_2008_01_11,43,258,293,data/raw/videos/ASL_2008_01_11/scene43-camera1.mov
BIRD++PECK,BIRD++PECK+,Liz,ASL_2010_08_10_Liz_additional_lexicon_signs,26,607,667,data/raw/videos/ASL_2010_08_10_Liz_additional_lexicon_signs/scene26-camera1.mov
BIRTH,BIRTH,Tyler,ASL_2008_05_12a,31,2205,2222,data/raw/videos/ASL_2008_05_12a/scene31-camera1.mov
BIRTHDAY,BIRTHDAY,Liz,ASL_2008_01_11,43,1355,1390,data/raw/videos/ASL_2008_01_11/scene43-camera1.mov
BISON/BUFFALO,BISON/BUFFALO,Liz,ASL_2008_01_11,43,1650,1680,data/raw/videos/ASL_2008_01_11/scene43-camera1.mov
BITE,BITE,Liz,ASL_2008_01_11,43,1885,1915,data/raw/videos/ASL_2008_01_11/scene43-camera1.mov
BITE-NAILS,BITE-NAILS,Brady,ASL_2011_06_14_Brady,32,337,386,data/raw/videos/ASL_2011_06_14_Brady/scene32-camera1.mov
BITTER,BITTER,Liz,ASL_2010_08_10_Liz_additional_lexicon_signs,24,2185,2245,data/raw/videos/ASL_2010_08_10_Liz_additional_lexicon_signs/scene24-camera1.mov
BLACK,BLACK,Liz,ASL_2008_01_11,44,485,500,data/raw/videos/ASL_2008_01_11/scene44-camera1.mov
BLACK+BERRY,BLACK+fs-BERRY,Liz,ASL_2008_01_11,45,285,345,data/raw/videos/ASL_2008_01_11/scene45-camera1.mov
BLACK-OUT,BLACK-OUT,Brady,ASL_2011_06_14_Brady,16,4375,4418,data/raw/videos/ASL_2011_06_14_Brady/scene16-camera1.mov
BLAME,BLAME,Liz,ASL_2008_01_11,6,1005,1040,data/raw/videos/ASL_2008_01_11/scene6-camera1.mov
BLANK-OUT,BLANK-OUT,Liz,ASL_2008_01_11,45,1230,1250,data/raw/videos/ASL_2008_01_11/scene45-camera1.mov
BLANKET,BLANKET,Liz,ASL_2008_01_11,45,755,790,data/raw/videos/ASL_2008_01_11/scene45-camera1.mov
BLESS,BLESS,Liz,ASL_2008_01_11,45,1455,1485,data/raw/videos/ASL_2008_01_11/scene45-camera1.mov
BLIND,BLIND,Liz,ASL_2008_01_11,46,243,280,data/raw/videos/ASL_2008_01_11/scene46-camera1.mov
BLINDFOLD,BLINDFOLD,Tyler,ASL_2008_05_29a,37,3735,3785,data/raw/videos/ASL_2008_05_29a/scene37-camera1.mov
BLINDS,BLINDS,Liz,ASL_2008_01_11,46,880,915,data/raw/videos/ASL_2008_01_11/scene46-camera1.mov
BLINK/WINK,BLINK/WINK,Liz,ASL_2008_01_11,46,1085,1120,data/raw/videos/ASL_2008_01_11/scene46-camera1.mov
BLOCK,BLOCK,Liz,ASL_2010_08_10_Liz_additional_lexicon_signs,9,497,565,data/raw/videos/ASL_2010_08_10_Liz_additional_lexicon_signs/scene9-camera1.mov
BLOND,BLOND,Liz,ASL_2008_01_11,47,630,655,data/raw/videos/ASL_2008_01_11/scene47-camera1.mov
BLOOD,BLOOD,Brady,ASL_2011_06_08_Brady,21,18539,18556,data/raw/videos/ASL_2011_06_08_Brady/scene21-camera1.mov
BLOSSOM,BLOSSOM,Liz,ASL_2008_01_11,47,1250,1275,data/raw/videos/ASL_2008_01_11/scene47-camera1.mov
BLOUSE,BLOUSE,Liz,ASL_2008_01_11,47,1495,1535,data/raw/videos/ASL_2008_01_11/scene47-camera1.mov
BLOW-NOSE,BLOW-NOSE,Liz,ASL_2008_01_11,48,295,325,data/raw/videos/ASL_2008_01_11/scene48-camera1.mov
BLOW-UP,BLOW-UP,Liz,ASL_2008_01_11,48,665,715,data/raw/videos/ASL_2008_01_11/scene48-camera1.mov
BLUE,BLUE,Liz,ASL_2008_01_11,48,850,875,data/raw/videos/ASL_2008_01_11/scene48-camera1.mov
BLUE+BERRY,BLUE+fs-BERRY,Liz,ASL_2008_01_11,48,1083,1138,data/raw/videos/ASL_2008_01_11/scene48-camera1.mov
BLUSH,BLUSH,Brady,ASL_2011_06_08_Brady,22,4886,4929,data/raw/videos/ASL_2011_06_08_Brady/scene22-camera1.mov
BLUSH-BRUSH,(A)BLUSH-BRUSH,Liz,ASL_2008_01_11,57,1455,1540,data/raw/videos/ASL_2008_01_11/scene57-camera1.mov
BOARD,BOARD,Liz,ASL_2010_08_10_Liz_additional_lexicon_signs,25,720,785,data/raw/videos/ASL_2010_08_10_Liz_additional_lexicon_signs/scene25-camera1.mov
BOAT,BOAT,Liz,ASL_2008_01_11,49,255,300,data/raw/videos/ASL_2008_01_11/scene49-camera1.mov
BODY,BODY,Liz,ASL_2008_01_11,49,460,505,data/raw/videos/ASL_2008_01_11/scene49-camera1.mov
BOIL,BOIL,Liz,ASL_2008_01_11,49,645,710,data/raw/videos/ASL_2008_01_11/scene49-camera1.mov
BOMB,BOMB,Liz,ASL_2008_01_11,49,1356,1391,data/raw/videos/ASL_2008_01_11/scene49-camera1.mov
BONE,BONE,Liz,ASL_2008_02_29,33,1470,1510,data/raw/videos/ASL_2008_02_29/scene33-camera1.mov
BOOK,BOOK,Liz,ASL_2008_02_15,25,2961,3005,data/raw/videos/ASL_2008_02_15/scene25-camera1.mov
BOOK-PAGE,BOOK-PAGE+,Liz,ASL_2008_02_15,29,490,552,data/raw/videos/ASL_2008_02_15/scene29-camera1.mov
BOOT,BOOT+,Brady,ASL_2011_06_08_Brady,22,17561,17588,data/raw/videos/ASL_2011_06_08_Brady/scene22-camera1.mov
BORE,BORE,Liz,ASL_2008_01_11,50,1435,1445,data/raw/videos/ASL_2008_01_11/scene50-camera1.mov
BORN,BORN,Liz,ASL_2008_01_11,50,1666,1690,data/raw/videos/ASL_2008_01_11/scene50-camera1.mov
BORROW,BORROW,Liz,ASL_2008_01_11,50,2170,2205,data/raw/videos/ASL_2008_01_11/scene50-camera1.mov
BOSS,BOSS,Liz,ASL_2008_01_11,51,640,680,data/raw/videos/ASL_2008_01_11/scene51-camera1.mov
BOSS+LOWERCASE/TINY,BOSS+LOWERCASE/TINY,Brady,ASL_2011_06_14_Brady,52,7561,7603,data/raw/videos/ASL_2011_06_14_Brady/scene52-camera1.mov
BOTH,BOTH,Liz,ASL_2008_01_11,51,1045,1075,data/raw/videos/ASL_2008_01_11/scene51-camera1.mov
BOTHER,BOTHER+,Liz,ASL_2008_01_18,20,740,785,data/raw/videos/ASL_2008_01_18/scene20-camera1.mov
BOTTLE,BOTTLE,Liz,ASL_2008_01_11,51,1480,1505,data/raw/videos/ASL_2008_01_11/scene51-camera1.mov
BOWEL-MOVEMENT,BOWEL-MOVEMENT,Liz,ASL_2010_08_10_Liz_additional_lexicon_signs,7,1290,1337,data/raw/videos/ASL_2010_08_10_Liz_additional_lexicon_signs/scene7-camera1.mov
BOWL,BOWL,Liz,ASL_2010_08_10_Liz_additional_lexicon_signs,1,1210,1245,data/raw/videos/ASL_2010_08_10_Liz_additional_lexicon_signs/scene1-camera1.mov
BOWLING,(crvd-3)BOWLING,Liz,ASL_2008_01_11,52,530,560,data/raw/videos/ASL_2008_01_11/scene52-camera1.mov
BOWLING-STRIKE,BOWLING-STRIKE,Liz,ASL_2008_02_29,49,2127,2160,data/raw/videos/ASL_2008_02_29/scene49-camera1.mov
BOWTIE,BOWTIE,Liz,ASL_2008_01_11,52,825,865,data/raw/videos/ASL_2008_01_11/scene52-camera1.mov
BOX/ROOM,BOX/ROOM,Liz,ASL_2010_08_10_Liz_additional_lexicon_signs,3,2000,2050,data/raw/videos/ASL_2010_08_10_Liz_additional_lexicon_signs/scene3-camera1.mov
BOXING,BOXING+,Liz,ASL_2008_01_11,52,1430,1495,data/raw/videos/ASL_2008_01_11/scene52-camera1.mov
BOX_2,BOX_2,Liz,ASL_2008_01_11,46,1335,1365,data/raw/videos/ASL_2008_01_11/scene46-camera1.mov
BOY,BOY,Liz,ASL_2008_01_11,53,325,350,data/raw/videos/ASL_2008_01_11/scene53-camera1.mov
BOY+BABY,BOY+BABY,Liz,ASL_2008_02_29,38,2080,2131,data/raw/videos/ASL_2008_02_29/scene38-camera1.mov
"BOY+DCL""round flat""","BOY+DCL""round flat""",Liz,ASL_2008_02_01,57,2570,2637,data/raw/videos/ASL_2008_02_01/scene57-camera1.mov
BOY+FRIEND,BOY+FRIEND,Liz,ASL_2008_01_11,53,515,579,data/raw/videos/ASL_2008_01_11/scene53-camera1.mov
BOY_2+CORRECT,BOY+ALSO,Liz,ASL_2008_01_11,57,975,1031,data/raw/videos/ASL_2008_01_11/scene57-camera1.mov
BOY_2+CORRECT+LAW,BROTHER+IN+LAW,Brady,ASL_2011_06_14_Brady,3,3588,3622,data/raw/videos/ASL_2011_06_14_Brady/scene3-camera1.mov
BOY_3+MARRY,BOY_3+MARRY,Lana,ASL_2006_10_10,14,2297,2345,data/raw/videos/ASL_2006_10_10/scene14-camera1.mov
"BPCL:B""tapping foot""","BPCL:B""tapping foot""+",Liz,ASL_2008_03_28,5,152,195,data/raw/videos/ASL_2008_03_28/scene5-camera1.mov
BRA,BRA,Liz,ASL_2008_01_11,53,760,810,data/raw/videos/ASL_2008_01_11/scene53-camera1.mov
BRA+UNDERPANTS,BRA+UNDERPANTS,Brady,ASL_2011_06_08_Brady,21,4100,4147,data/raw/videos/ASL_2011_06_08_Brady/scene21-camera1.mov
BRACELET,BRACELET,Liz,ASL_2008_01_11,53,985,1020,data/raw/videos/ASL_2008_01_11/scene53-camera1.mov
BRAG,BRAG,Liz,ASL_2008_01_11,53,1241,1305,data/raw/videos/ASL_2008_01_11/scene53-camera1.mov
BRAKE,(5-C-L)BRAKE,Liz,ASL_2008_01_11,54,250,280,data/raw/videos/ASL_2008_01_11/scene54-camera1.mov
BRAVE/RECOVER,BRAVE/RECOVER,Liz,ASL_2008_01_11,54,680,705,data/raw/videos/ASL_2008_01_11/scene54-camera1.mov
BRAWL,BRAWL,Liz,ASL_2008_01_11,54,935,980,data/raw/videos/ASL_2008_01_11/scene54-camera1.mov
BREAD,BREAD,Liz,ASL_2008_01_11,54,1370,1406,data/raw/videos/ASL_2008_01_11/scene54-camera1.mov
"BREAD+DCL""rounded rectangle""","BREAD+DCL""rounded rectangle""",Liz,ASL_2008_02_01,51,2433,2490,data/raw/videos/ASL_2008_02_01/scene51-camera1.mov
BREAK,BREAK,Liz,ASL_2008_01_11,55,455,485,data/raw/videos/ASL_2008_01_11/scene55-camera1.mov
BREAK-DOWN,BREAK-DOWN,Liz,ASL_2008_01_11,55,941,976,data/raw/videos/ASL_2008_01_11/scene55-camera1.mov
BREAK-DOWN-BUILDING,BREAK-DOWN-BUILDING,Tyler,ASL_2008_05_12a,34,1237,1277,data/raw/videos/ASL_2008_05_12a/scene34-camera1.mov
BREASTS,BREASTS,Brady,ASL_2011_06_08_Brady,23,9654,9682,data/raw/videos/ASL_2011_06_08_Brady/scene23-camera1.mov
BREATHE,BREATHE,Liz,ASL_2008_01_11,56,505,550,data/raw/videos/ASL_2008_01_11/scene56-camera1.mov
BRIDGE,BRIDGE,Liz,ASL_2008_01_11,56,765,816,data/raw/videos/ASL_2008_01_11/scene56-camera1.mov
BRING-1p,BRING-1p,Liz,ASL_2008_01_11,56,955,990,data/raw/videos/ASL_2008_01_11/scene56-camera1.mov
BROKE,BROKE,Liz,ASL_2008_01_11,56,1185,1215,data/raw/videos/ASL_2008_01_11/scene56-camera1.mov
BROOM,BROOM,Liz,ASL_2008_01_11,57,261,317,data/raw/videos/ASL_2008_01_11/scene57-camera1.mov
BROTHER,BROTHER,Brady,ASL_2011_06_08_Brady,23,14314,14336,data/raw/videos/ASL_2011_06_08_Brady/scene23-camera1.mov
BROWN,BROWN,Liz,ASL_2008_01_11,57,1210,1240,data/raw/videos/ASL_2008_01_11/scene57-camera1.mov
BRUSH-TEETH,BRUSH-TEETH++,Liz,ASL_2008_01_11,57,1740,1810,data/raw/videos/ASL_2008_01_11/scene57-camera1.mov
BUCKET,BUCKET,Brady,ASL_2011_06_08_Brady,24,1197,1231,data/raw/videos/ASL_2011_06_08_Brady/scene24-camera1.mov
BUG,BUG,Liz,ASL_2008_01_11,58,1556,1590,data/raw/videos/ASL_2008_01_11/scene58-camera1.mov
BUILD,BUILD+++,Liz,ASL_2008_01_11,58,1771,1825,data/raw/videos/ASL_2008_01_11/scene58-camera1.mov
BUILDING,BUILDING,Liz,ASL_2008_01_11,58,1975,2020,data/raw/videos/ASL_2008_01_11/scene58-camera1.mov
BULL,BULL,Liz,ASL_2008_01_11,59,515,531,data/raw/videos/ASL_2008_01_11/scene59-camera1.mov
BURY,BURY,Liz,ASL_2008_01_11,59,910,955,data/raw/videos/ASL_2008_01_11/scene59-camera1.mov
BUSINESS,BUSINESS_2++,Liz,ASL_2008_01_11,60,490,525,data/raw/videos/ASL_2008_01_11/scene60-camera1.mov
BUSY,BUSY+,Brady,ASL_2011_06_08_Brady,24,8783,8810,data/raw/videos/ASL_2011_06_08_Brady/scene24-camera1.mov
BUT,BUT,Liz,ASL_2008_01_11,60,665,695,data/raw/videos/ASL_2008_01_11/scene60-camera1.mov
BUTTER,BUTTER+,Liz,ASL_2008_01_11,60,900,935,data/raw/videos/ASL_2008_01_11/scene60-camera1.mov
BUTTERFLY,BUTTERFLY+,Liz,ASL_2008_01_11,60,1090,1124,data/raw/videos/ASL_2008_01_11/scene60-camera1.mov
BUTTON,BUTTON++,Liz,ASL_2008_01_11,60,1360,1410,data/raw/videos/ASL_2008_01_11/scene60-camera1.mov
BUY,BUY,Liz,ASL_2008_01_11,60,1560,1590,data/raw/videos/ASL_2008_01_11/scene60-camera1.mov
BUY++AGENT,BUY++AGENT,Liz,ASL_2008_01_18,4,1447,1518,data/raw/videos/ASL_2008_01_18/scene4-camera1.mov
C,C,Liz,ASL_2008_01_11,61,290,300,data/raw/videos/ASL_2008_01_11/scene61-camera1.mov
CABBAGE,(A)CABBAGE,Liz,ASL_2010_08_10_Liz_additional_lexicon_signs,29,345,391,data/raw/videos/ASL_2010_08_10_Liz_additional_lexicon_signs/scene29-camera1.mov
CABINET,CABINET+,Liz,ASL_2008_01_11,61,1115,1190,data/raw/videos/ASL_2008_01_11/scene61-camera1.mov
CAESAREAN-SECTION,CAESAREAN-SECTION,Liz,ASL_2010_08_10_Liz_additional_lexicon_signs,25,1090,1160,data/raw/videos/ASL_2010_08_10_Liz_additional_lexicon_signs/scene25-camera1.mov
CAFETERIA,CAFETERIA,Liz,ASL_2008_01_11,61,1410,1441,data/raw/videos/ASL_2008_01_11/scene61-camera1.mov
CAKE,CAKE,Liz,ASL_2008_02_29,17,802,842,data/raw/videos/ASL_2008_02_29/scene17-camera1.mov
CALCULATOR,CALCULATOR+,Liz,ASL_2010_08_10_Liz_additional_lexicon_signs,25,1365,1426,data/raw/videos/ASL_2010_08_10_Liz_additional_lexicon_signs/scene25-camera1.mov
CALCULUS,CALCULUS+,Liz,ASL_2008_01_11,61,1775,1810,data/raw/videos/ASL_2008_01_11/scene61-camera1.mov
CALENDAR,CALENDAR,Liz,ASL_2010_08_10_Liz_additional_lexicon_signs,25,1540,1605,data/raw/videos/ASL_2010_08_10_Liz_additional_lexicon_signs/scene25-camera1.mov
CALL-BY-PHONE,CALL-BY-PHONE,Liz,ASL_2008_01_11,62,435,475,data/raw/videos/ASL_2008_01_11/scene62-camera1.mov
CALL-ON-RELAY/VRS,CALL-ON-RELAY/VRS,Liz,ASL_2008_01_11,62,645,665,data/raw/videos/ASL_2008_01_11/scene62-camera1.mov
CALM-DOWN,CALM-DOWN,Liz,ASL_2010_08_10_Liz_additional_lexicon_signs,25,1710,1795,data/raw/videos/ASL_2010_08_10_Liz_additional_lexicon_signs/scene25-camera1.mov
CAMERA,CAMERA+,Liz,ASL_2008_01_11,62,830,860,data/raw/videos/ASL_2008_01_11/scene62-camera1.mov
CAMERA-FLASH,CAMERA-FLASH,Liz,ASL_2008_03_28,4,852,890,data/raw/videos/ASL_2008_03_28/scene4-camera1.mov
CAMP,CAMP,Liz,ASL_2008_03_28,8,250,290,data/raw/videos/ASL_2008_03_28/scene8-camera1.mov
CAN,CAN,Liz,ASL_2008_01_11,62,1535,1560,data/raw/videos/ASL_2008_01_11/scene62-camera1.mov
CANCEL/CRITICIZE,CANCEL/CRITICIZE,Liz,ASL_2008_01_18,5,3200,3255,data/raw/videos/ASL_2008_01_18/scene5-camera1.mov
CANDLE,CANDLE,Liz,ASL_2008_01_11,63,455,490,data/raw/videos/ASL_2008_01_11/scene63-camera1.mov
CANDY,CANDY+,Liz,ASL_2008_01_11,63,1191,1220,data/raw/videos/ASL_2008_01_11/scene63-camera1.mov
CANE,(2h)CANE++,Liz,ASL_2008_01_18,9,2225,2305,data/raw/videos/ASL_2008_01_18/scene9-camera1.mov
CANNOT,CANNOT,Liz,ASL_2008_01_11,64,770,790,data/raw/videos/ASL_2008_01_11/scene64-camera1.mov
CAPITAL-LETTER,CAPITAL-LETTER,Liz,ASL_2008_01_11,64,965,990,data/raw/videos/ASL_2008_01_11/scene64-camera1.mov
CAPTIONS,CAPTIONS+,Brady,ASL_2011_06_08_Brady,25,12674,12698,data/raw/videos/ASL_2011_06_08_Brady/scene25-camera1.mov
CAR,CAR+,Liz,ASL_2008_01_11,65,815,876,data/raw/videos/ASL_2008_01_11/scene65-camera1.mov
"CAR+DCL""long flat surface""","CAR+DCL""long flat surface""",Liz,ASL_2008_01_11,65,535,613,data/raw/videos/ASL_2008_01_11/scene65-camera1.mov
"CAR+DCL:1""speedometer""","CAR+DCL:1""speedometer""",Liz,ASL_2008_02_29,40,2068,2161,data/raw/videos/ASL_2008_02_29/scene40-camera1.mov
CAR+ENGINE,CAR+ENGINE+,Liz,ASL_2008_01_18,31,4478,4577,data/raw/videos/ASL_2008_01_18/scene31-camera1.mov
CAR+TRUNK,CAR+TRUNK,Brady,ASL_2011_06_14_Brady,12,1916,1978,data/raw/videos/ASL_2011_06_14_Brady/scene12-camera1.mov
CAR-HORN,CAR-HORN+,Liz,ASL_2008_02_01,24,1002,1055,data/raw/videos/ASL_2008_02_01/scene24-camera1.mov
CARDIGAN,CARDIGAN,Liz,ASL_2008_02_29,54,2685,2725,data/raw/videos/ASL_2008_02_29/scene54-camera1.mov
CARE,CARE+,Liz,ASL_2008_01_11,35,505,535,data/raw/videos/ASL_2008_01_11/scene35-camera1.mov
CARE++AGENT,CARE++AGENT,Liz,ASL_2008_02_01,13,452,513,data/raw/videos/ASL_2008_02_01/scene13-camera1.mov
CARELESS,(1h)CARELESS+,Liz,ASL_2008_01_11,65,1050,1090,data/raw/videos/ASL_2008_01_11/scene65-camera1.mov
CARPENTER,CARPENTER+,Liz,ASL_2008_01_11,65,1265,1305,data/raw/videos/ASL_2008_01_11/scene65-camera1.mov
CARROT,CARROT,Brady,ASL_2011_06_08_Brady,25,19455,19472,data/raw/videos/ASL_2011_06_08_Brady/scene25-camera1.mov
CARROT_2,CARROT_2+,Liz,ASL_2008_01_11,65,1590,1626,data/raw/videos/ASL_2008_01_11/scene65-camera1.mov
CARRY,CARRY,Liz,ASL_2008_01_11,66,285,340,data/raw/videos/ASL_2008_01_11/scene66-camera1.mov
CARRY-SUITCASE,CARRY-SUITCASE++,Tyler,ASL_2008_06_10,7,1270,1310,data/raw/videos/ASL_2008_06_10/scene7-camera1.mov
CASHIER,CASHIER,Naomi,ASL_2008_08_04,42,1050,1115,data/raw/videos/ASL_2008_08_04/scene42-camera1.mov
CASHIER+AGENT,CASHIER+AGENT,Brady,ASL_2011_06_08_Brady,25,20826,20866,data/raw/videos/ASL_2011_06_08_Brady/scene25-camera1.mov
CAT,(2h)CAT+,Liz,ASL_2008_03_28,40,3758,3811,data/raw/videos/ASL_2008_03_28/scene40-camera1.mov
CAT+fs-UP,CAT+fs-UP,Brady,ASL_2011_06_14_Brady,44,2393,2414,data/raw/videos/ASL_2011_06_14_Brady/scene44-camera1.mov
CATCH,CATCH,Liz,ASL_2008_01_11,66,1055,1085,data/raw/videos/ASL_2008_01_11/scene66-camera1.mov
CATCH-BALL,CATCH-BALL_2,Liz,ASL_2008_01_11,66,927,950,data/raw/videos/ASL_2008_01_11/scene66-camera1.mov
CATERPILLAR,CATERPILLAR+++,Liz,ASL_2008_01_11,66,1316,1375,data/raw/videos/ASL_2008_01_11/scene66-camera1.mov
CATHOLIC,CATHOLIC,Liz,ASL_2008_01_11,67,270,328,data/raw/videos/ASL_2008_01_11/scene67-camera1.mov
CAUSE,CAUSE,Liz,ASL_2008_01_11,67,460,490,data/raw/videos/ASL_2008_01_11/scene67-camera1.mov
CEILING,CEILING,Liz,ASL_2008_01_11,67,690,720,data/raw/videos/ASL_2008_01_11/scene67-camera1.mov
CELEBRATE,CELEBRATE,Liz,ASL_2008_01_11,67,925,990,data/raw/videos/ASL_2008_01_11/scene67-camera1.mov
CELEBRATE+(2h)IX-honorific:upward,CELEBRATE+(2h)IX-honorific:upward,Liz,ASL_2010_08_10_Liz_additional_lexicon_signs,29,2605,2658,data/raw/videos/ASL_2010_08_10_Liz_additional_lexicon_signs/scene29-camera1.mov
CENT+EIGHT,CENT+EIGHT,Liz,ASL_2008_01_18,29,1830,1877,data/raw/videos/ASL_2008_01_18/scene29-camera1.mov
CENT+FIVE,CENT+FIVE,Liz,ASL_2008_02_15,19,1467,1506,data/raw/videos/ASL_2008_02_15/scene19-camera1.mov
CENT+ONE,CENT+ONE,Liz,ASL_2008_02_15,34,4264,4294,data/raw/videos/ASL_2008_02_15/scene34-camera1.mov
CENT+TEN,CENT+TEN,Liz,ASL_2008_01_18,17,2025,2087,data/raw/videos/ASL_2008_01_18/scene17-camera1.mov
CENT+TWENTY-FIVE,CENT+TWENTY-FIVE,Liz,ASL_2008_02_29,4,503,542,data/raw/videos/ASL_2008_02_29/scene4-camera1.mov
CENTER,CENTER,Liz,ASL_2008_01_11,67,1130,1166,data/raw/videos/ASL_2008_01_11/scene67-camera1.mov
CENTER+ns-AMERICA,CENTER+ns-AMERICA,Brady,ASL_2011_06_14_Brady,3,4847,4882,data/raw/videos/ASL_2011_06_14_Brady/scene3-camera1.mov
CEREAL,CEREAL++,Liz,ASL_2008_01_11,68,596,661,data/raw/videos/ASL_2008_01_11/scene68-camera1.mov
CERTIFY,CERTIFY,Liz,ASL_2008_01_11,68,1080,1110,data/raw/videos/ASL_2008_01_11/scene68-camera1.mov
CHAIN/OLYMPICS,CHAIN/OLYMPICS,Liz,ASL_2008_01_11,68,1300,1350,data/raw/videos/ASL_2008_01_11/scene68-camera1.mov
CHALK,CHALK,Liz,ASL_2008_01_11,69,270,320,data/raw/videos/ASL_2008_01_11/scene69-camera1.mov
CHALLENGE,CHALLENGE,Liz,ASL_2008_01_11,69,460,495,data/raw/videos/ASL_2008_01_11/scene69-camera1.mov
CHAMP,(crvd-V)CHAMP,Liz,ASL_2008_01_11,69,915,945,data/raw/videos/ASL_2008_01_11/scene69-camera1.mov
CHANCE,CHANCE,Liz,ASL_2008_01_11,69,1485,1515,data/raw/videos/ASL_2008_01_11/scene69-camera1.mov
CHANGE,CHANGE,Liz,ASL_2008_01_11,69,1705,1735,data/raw/videos/ASL_2008_01_11/scene69-camera1.mov
CHANNEL,CHANNEL+,Liz,ASL_2008_01_11,70,905,946,data/raw/videos/ASL_2008_01_11/scene70-camera1.mov
CHAPTER,CHAPTER,Liz,ASL_2008_01_11,70,1145,1170,data/raw/videos/ASL_2008_01_11/scene70-camera1.mov
CHARACTER,CHARACTER,Liz,ASL_2008_01_11,70,1535,1575,data/raw/videos/ASL_2008_01_11/scene70-camera1.mov
CHARACTERISTIC,CHARACTERISTIC,Liz,ASL_2008_01_11,70,1770,1810,data/raw/videos/ASL_2008_01_11/scene70-camera1.mov
CHASE,CHASE,Liz,ASL_2008_01_11,71,486,555,data/raw/videos/ASL_2008_01_11/scene71-camera1.mov
CHAT,CHAT+,Liz,ASL_2008_01_18,1,2451,2505,data/raw/videos/ASL_2008_01_18/scene1-camera1.mov
CHEAP,CHEAP,Liz,ASL_2008_01_11,71,920,945,data/raw/videos/ASL_2008_01_11/scene71-camera1.mov
CHEAT,CHEAT++,Liz,ASL_2008_01_11,71,1176,1225,data/raw/videos/ASL_2008_01_11/scene71-camera1.mov
CHECK,CHECK,Liz,ASL_2008_01_11,72,485,515,data/raw/videos/ASL_2008_01_11/scene72-camera1.mov
CHECKERS,CHECKERS,Liz,ASL_2008_01_11,72,1330,1360,data/raw/videos/ASL_2008_01_11/scene72-camera1.mov
CHECKING-ACCOUNT,CHECKING-ACCOUNT+,Liz,ASL_2008_01_11,72,1590,1635,data/raw/videos/ASL_2008_01_11/scene72-camera1.mov
CHECK_LIST,CHECK_LIST++,Liz,ASL_2008_01_11,72,960,1021,data/raw/videos/ASL_2008_01_11/scene72-camera1.mov
CHEESE,CHEESE+,Liz,ASL_2008_01_11,73,440,475,data/raw/videos/ASL_2008_01_11/scene73-camera1.mov
CHEMISTRY,CHEMISTRY+,Liz,ASL_2008_01_11,73,885,930,data/raw/videos/ASL_2008_01_11/scene73-camera1.mov
CHERISH,CHERISH,Liz,ASL_2008_02_29,46,690,763,data/raw/videos/ASL_2008_02_29/scene46-camera1.mov
CHERRY,CHERRY,Liz,ASL_2008_02_29,49,232,280,data/raw/videos/ASL_2008_02_29/scene49-camera1.mov
CHEST,CHEST_2+,Liz,ASL_2008_01_11,73,1315,1360,data/raw/videos/ASL_2008_01_11/scene73-camera1.mov
CHEW,CHEW++,Liz,ASL_2008_01_11,74,340,421,data/raw/videos/ASL_2008_01_11/scene74-camera1.mov
CHILD,(1h)CHILDREN+,Liz,ASL_2008_01_11,74,1255,1290,data/raw/videos/ASL_2008_01_11/scene74-camera1.mov
CHIN,CHIN,Liz,ASL_2008_01_11,75,255,275,data/raw/videos/ASL_2008_01_11/scene75-camera1.mov
CHOCOLATE,CHOCOLATE+,Liz,ASL_2008_01_11,75,1000,1060,data/raw/videos/ASL_2008_01_11/scene75-camera1.mov
CHOKE,(1h)CHOKE-1p,Liz,ASL_2008_01_11,76,265,300,data/raw/videos/ASL_2008_01_11/scene76-camera1.mov
CHOOSE,CHOOSE,Naomi,ASL_2008_08_04,13,545,572,data/raw/videos/ASL_2008_08_04/scene13-camera1.mov
CHRIST,CHRIST,Brady,ASL_2011_06_08_Brady,27,11978,12000,data/raw/videos/ASL_2011_06_08_Brady/scene27-camera1.mov
CHRISTMAS,CHRISTMAS_2,Liz,ASL_2008_01_11,76,1130,1160,data/raw/videos/ASL_2008_01_11/scene76-camera1.mov
CHURCH,CHURCH+,Liz,ASL_2008_01_11,77,295,335,data/raw/videos/ASL_2008_01_11/scene77-camera1.mov
CIGAR,CIGAR,Liz,ASL_2008_01_11,77,721,770,data/raw/videos/ASL_2008_01_11/scene77-camera1.mov
CIGARETTE,CIGARETTE++,Liz,ASL_2008_01_11,77,505,536,data/raw/videos/ASL_2008_01_11/scene77-camera1.mov
CIRCLE,CIRCLE,Liz,ASL_2008_01_11,77,1101,1151,data/raw/videos/ASL_2008_01_11/scene77-camera1.mov
CIRCUMCISE,CIRCUMCISE,Liz,ASL_2008_01_11,77,1345,1380,data/raw/videos/ASL_2008_01_11/scene77-camera1.mov
CITY/COMMUNITY,CITY/COMMUNITY,Liz,ASL_2008_01_18,1,1755,1785,data/raw/videos/ASL_2008_01_18/scene1-camera1.mov
CLASS,CLASS,Liz,ASL_2010_08_10_Liz_additional_lexicon_signs,1,6215,6261,data/raw/videos/ASL_2010_08_10_Liz_additional_lexicon_signs/scene1-camera1.mov
CLASS+BOX/ROOM,CLASS+BOX/ROOM,Liz,ASL_2008_01_11,78,700,755,data/raw/videos/ASL_2008_01_11/scene78-camera1.mov
CLEAR,CLEAR,Liz,ASL_2008_02_01,49,1715,1750,data/raw/videos/ASL_2008_02_01/scene49-camera1.mov
CLEVER,CLEVER,Liz,ASL_2008_01_11,78,1350,1375,data/raw/videos/ASL_2008_01_11/scene78-camera1.mov
CLIMB,CLIMB+,Brady,ASL_2011_06_08_Brady,31,3700,3737,data/raw/videos/ASL_2011_06_08_Brady/scene31-camera1.mov
CLIMBING-ROCKS,CLIMBING-ROCKS++,Brady,ASL_2011_07_19_Brady,61,2160,2210,data/raw/videos/ASL_2011_07_19_Brady/scene61-camera1.mov
CLIP-NAILS,CLIP-NAILS,Liz,ASL_2008_01_11,79,510,561,data/raw/videos/ASL_2008_01_11/scene79-camera1.mov
CLOSE,CLOSE,Liz,ASL_2008_01_11,81,860,910,data/raw/videos/ASL_2008_01_11/scene81-camera1.mov
CLOSE-DOOR,CLOSE-DOOR,Liz,ASL_2008_01_11,79,2145,2180,data/raw/videos/ASL_2008_01_11/scene79-camera1.mov
CLOSE-WINDOW,CLOSE-WINDOW,Liz,ASL_2008_01_11,79,2400,2426,data/raw/videos/ASL_2008_01_11/scene79-camera1.mov
CLOWN,CLOWN,Liz,ASL_2008_01_11,77,1536,1575,data/raw/videos/ASL_2008_01_11/scene77-camera1.mov
COACH,COACH,Liz,ASL_2008_01_11,81,1606,1645,data/raw/videos/ASL_2008_01_11/scene81-camera1.mov
COAT,COAT,Liz,ASL_2008_01_11,81,1980,2016,data/raw/videos/ASL_2008_01_11/scene81-camera1.mov
COCAINE,COCAINE_2,Liz,ASL_2010_08_10_Liz_additional_lexicon_signs,8,1030,1085,data/raw/videos/ASL_2010_08_10_Liz_additional_lexicon_signs/scene8-camera1.mov
COCONUT,COCONUT,Liz,ASL_2008_01_11,82,675,705,data/raw/videos/ASL_2008_01_11/scene82-camera1.mov
COFFEE,COFFEE+,Liz,ASL_2008_01_11,82,901,965,data/raw/videos/ASL_2008_01_11/scene82-camera1.mov
COINS/CHANGE,COINS/CHANGE,Liz,ASL_2008_01_11,82,1155,1191,data/raw/videos/ASL_2008_01_11/scene82-camera1.mov
COLD,COLD,Liz,ASL_2008_01_11,82,2035,2070,data/raw/videos/ASL_2008_01_11/scene82-camera1.mov
COLD+DOOR,COLD+DOOR,Liz,ASL_2010_08_10_Liz_additional_lexicon_signs,7,2975,3055,data/raw/videos/ASL_2010_08_10_Liz_additional_lexicon_signs/scene7-camera1.mov
COLLAPSE,COLLAPSE,Brady,ASL_2011_06_08_Brady,28,14042,14074,data/raw/videos/ASL_2011_06_08_Brady/scene28-camera1.mov
COLLAR,COLLAR,Liz,ASL_2008_01_11,83,525,555,data/raw/videos/ASL_2008_01_11/scene83-camera1.mov
COLLECT,COLLECT,Liz,ASL_2010_08_10_Liz_additional_lexicon_signs,27,475,530,data/raw/videos/ASL_2010_08_10_Liz_additional_lexicon_signs/scene27-camera1.mov
COLLEGE,COLLEGE,Liz,ASL_2010_08_10_Liz_additional_lexicon_signs,1,6942,7000,data/raw/videos/ASL_2010_08_10_Liz_additional_lexicon_signs/scene1-camera1.mov
COLOR,COLOR,Liz,ASL_2008_01_11,83,1140,1175,data/raw/videos/ASL_2008_01_11/scene83-camera1.mov
COMB,COMB+,Liz,ASL_2008_01_11,84,770,825,data/raw/videos/ASL_2008_01_11/scene84-camera1.mov
COME,(1h)COME,Liz,ASL_2008_01_11,84,1670,1705,data/raw/videos/ASL_2008_01_11/scene84-camera1.mov
COME-ON,COME-ON,Liz,ASL_2008_01_11,84,1280,1320,data/raw/videos/ASL_2008_01_11/scene84-camera1.mov
COMFORTABLE,COMFORTABLE,Liz,ASL_2008_01_18,1,481,560,data/raw/videos/ASL_2008_01_18/scene1-camera1.mov
COMMITTEE,COMMITTEE,Liz,ASL_2008_01_18,1,800,835,data/raw/videos/ASL_2008_01_18/scene1-camera1.mov
COMMON-SENSE,COMMON-SENSE,Liz,ASL_2010_08_10_Liz_additional_lexicon_signs,12,2350,2395,data/raw/videos/ASL_2010_08_10_Liz_additional_lexicon_signs/scene12-camera1.mov
COMMUNICATE,COMMUNICATE+,Liz,ASL_2010_08_10_Liz_additional_lexicon_signs,26,2110,2160,data/raw/videos/ASL_2010_08_10_Liz_additional_lexicon_signs/scene26-camera1.mov
COMMUNICATE+MISCOMMUNICATE,COMMUNICATE+MISCOMMUNICATE,Brady,ASL_2011_07_19_Brady,3,2034,2077,data/raw/videos/ASL_2011_07_19_Brady/scene3-camera1.mov
COMMUNIST,COMMUNIST+,Liz,ASL_2008_01_18,1,1495,1540,data/raw/videos/ASL_2008_01_18/scene1-camera1.mov
COMMUTE,COMMUTE+,Liz,ASL_2008_01_18,1,2075,2140,data/raw/videos/ASL_2008_01_18/scene1-camera1.mov
COMPARE,COMPARE+,Liz,ASL_2008_01_18,1,2780,2840,data/raw/videos/ASL_2008_01_18/scene1-camera1.mov
COMPETITION,COMPETITION+,Liz,ASL_2008_01_18,2,350,392,data/raw/videos/ASL_2008_01_18/scene2-camera1.mov
COMPLAIN/OBJECT,COMPLAIN/OBJECT,Liz,ASL_2008_01_18,21,442,465,data/raw/videos/ASL_2008_01_18/scene21-camera1.mov
COMPLICATED,COMPLICATED,Liz,ASL_2010_08_10_Liz_additional_lexicon_signs,26,990,1045,data/raw/videos/ASL_2010_08_10_Liz_additional_lexicon_signs/scene26-camera1.mov
COMPUTER,COMPUTER_3+,Liz,ASL_2008_01_18,2,1435,1485,data/raw/videos/ASL_2008_01_18/scene2-camera1.mov
CONCEPT,CONCEPT,Liz,ASL_2008_01_18,2,1710,1752,data/raw/videos/ASL_2008_01_18/scene2-camera1.mov
CONCERN,CONCERN+,Liz,ASL_2008_03_28,45,535,587,data/raw/videos/ASL_2008_03_28/scene45-camera1.mov
CONCLUSION,CONCLUSION,Tyler,ASL_2008_05_12b,2,1550,1585,data/raw/videos/ASL_2008_05_12b/scene2-camera1.mov
CONDUCT-MUSIC,CONDUCT-MUSIC+,Liz,ASL_2008_01_18,2,2575,2657,data/raw/videos/ASL_2008_01_18/scene2-camera1.mov
CONDUCTOR,CONDUCTOR,Liz,ASL_2008_01_18,2,2940,2977,data/raw/videos/ASL_2008_01_18/scene2-camera1.mov
CONFIDENT,CONFIDENT,Liz,ASL_2008_01_18,2,3365,3400,data/raw/videos/ASL_2008_01_18/scene2-camera1.mov
CONFIDENTIAL,CONFIDENTIAL,Liz,ASL_2010_08_10_Liz_additional_lexicon_signs,5,342,398,data/raw/videos/ASL_2010_08_10_Liz_additional_lexicon_signs/scene5-camera1.mov
CONFLICT/INTERSECTION,CONFLICT/INTERSECTION,Liz,ASL_2008_01_18,3,407,441,data/raw/videos/ASL_2008_01_18/scene3-camera1.mov
CONFRONT,CONFRONT,Liz,ASL_2008_01_18,3,692,720,data/raw/videos/ASL_2008_01_18/scene3-camera1.mov
CONFUSE,CONFUSE,Liz,ASL_2008_01_18,3,1215,1280,data/raw/videos/ASL_2008_01_18/scene3-camera1.mov
CONGRATULATIONS,CONGRATULATIONS,Liz,ASL_2008_01_18,3,1517,1545,data/raw/videos/ASL_2008_01_18/scene3-camera1.mov
CONSTITUTION,CONSTITUTION,Liz,ASL_2008_01_18,4,650,685,data/raw/videos/ASL_2008_01_18/scene4-camera1.mov
CONTACT,CONTACT+,Liz,ASL_2008_01_18,4,1747,1785,data/raw/videos/ASL_2008_01_18/scene4-camera1.mov
CONTACT-LENSES,CONTACT-LENSES,Liz,ASL_2008_01_18,4,1965,1996,data/raw/videos/ASL_2008_01_18/scene4-camera1.mov
CONTINUE,CONTINUE,Liz,ASL_2008_02_29,10,2056,2130,data/raw/videos/ASL_2008_02_29/scene10-camera1.mov
CONVINCE,CONVINCE,Liz,ASL_2008_01_18,4,2455,2480,data/raw/videos/ASL_2008_01_18/scene4-camera1.mov
COOK/KITCHEN,COOK/KITCHEN++,Brady,ASL_2011_06_08_Brady,30,3912,3950,data/raw/videos/ASL_2011_06_08_Brady/scene30-camera1.mov
COOK/KITCHEN+AGENT,COOK/KITCHEN+AGENT,Liz,ASL_2008_01_11,73,625,674,data/raw/videos/ASL_2008_01_11/scene73-camera1.mov
COOK/KITCHEN+BOX/ROOM,COOK/KITCHEN+BOX/ROOM,Liz,ASL_2010_08_10_Liz_additional_lexicon_signs,12,735,815,data/raw/videos/ASL_2010_08_10_Liz_additional_lexicon_signs/scene12-camera1.mov
COOKIE,COOKIE,Liz,ASL_2008_01_18,5,322,376,data/raw/videos/ASL_2008_01_18/scene5-camera1.mov
COOKING,COOKING,Lana,ASL_2006_10_10,6,764,791,data/raw/videos/ASL_2006_10_10/scene6-camera1.mov
COOL,COOL,Liz,ASL_2008_02_15,42,1236,1297,data/raw/videos/ASL_2008_02_15/scene42-camera1.mov
COOPERATE/UNITE,COOPERATE/UNITE,Liz,ASL_2008_01_18,5,565,650,data/raw/videos/ASL_2008_01_18/scene5-camera1.mov
COP,COP+,Liz,ASL_2008_02_15,44,200,240,data/raw/videos/ASL_2008_02_15/scene44-camera1.mov
COP++RESEARCH,COP+RESEARCH++,Brady,ASL_2011_06_14_Brady,4,560,609,data/raw/videos/ASL_2011_06_14_Brady/scene4-camera1.mov
COPY,COPY+,Liz,ASL_2008_01_18,5,781,820,data/raw/videos/ASL_2008_01_18/scene5-camera1.mov
COPY-DOWN,COPY-DOWN,Liz,ASL_2008_01_18,5,1221,1250,data/raw/videos/ASL_2008_01_18/scene5-camera1.mov
CORN,CORN_2,Liz,ASL_2008_01_18,5,1475,1535,data/raw/videos/ASL_2008_01_18/scene5-camera1.mov
CORNER,(1)CORNER,Liz,ASL_2008_01_18,5,2980,3032,data/raw/videos/ASL_2008_01_18/scene5-camera1.mov
CORN_3,CORN_3,Liz,ASL_2008_01_18,5,1927,1982,data/raw/videos/ASL_2008_01_18/scene5-camera1.mov
CORN_4,CORN_4,Brady,ASL_2011_06_08_Brady,30,7055,7107,data/raw/videos/ASL_2011_06_08_Brady/scene30-camera1.mov
CORRECT,CORRECT,Liz,ASL_2008_02_29,15,2746,2760,data/raw/videos/ASL_2008_02_29/scene15-camera1.mov
CORRESPOND,CORRESPOND++,Liz,ASL_2008_01_18,6,302,360,data/raw/videos/ASL_2008_01_18/scene6-camera1.mov
COUCH,COUCH,Liz,ASL_2010_08_10_Liz_additional_lexicon_signs,24,1870,1925,data/raw/videos/ASL_2010_08_10_Liz_additional_lexicon_signs/scene24-camera1.mov
COUGH,COUGH,Liz,ASL_2008_01_18,6,1935,1975,data/raw/videos/ASL_2008_01_18/scene6-camera1.mov
COUGH_2,COUGH_2+,Liz,ASL_2008_01_18,6,1696,1745,data/raw/videos/ASL_2008_01_18/scene6-camera1.mov
COUNT,COUNT+,Liz,ASL_2008_01_11,6,724,764,data/raw/videos/ASL_2008_01_11/scene6-camera1.mov
COUNTRY,(Y)COUNTRY+,Liz,ASL_2008_01_18,6,2467,2530,data/raw/videos/ASL_2008_01_18/scene6-camera1.mov
COURSE,COURSE,Liz,ASL_2008_01_18,6,3225,3252,data/raw/videos/ASL_2008_01_18/scene6-camera1.mov
COURT,COURT,Liz,ASL_2008_01_18,7,311,367,data/raw/videos/ASL_2008_01_18/scene7-camera1.mov
COURT+AGENT,COURT+AGENT,Liz,ASL_2008_02_01,38,277,330,data/raw/videos/ASL_2008_02_01/scene38-camera1.mov
COURT+BOX/ROOM,COURT+BOX/ROOM,Tyler,ASL_2008_05_12b,7,291,355,data/raw/videos/ASL_2008_05_12b/scene7-camera1.mov
COURT+HOUSE,COURT+HOUSE,Liz,ASL_2008_01_18,7,1165,1260,data/raw/videos/ASL_2008_01_18/scene7-camera1.mov
COUSIN,COUSIN,Liz,ASL_2008_01_18,7,2020,2052,data/raw/videos/ASL_2008_01_18/scene7-camera1.mov
COVER,COVER,Liz,ASL_2008_01_18,7,2265,2295,data/raw/videos/ASL_2008_01_18/scene7-camera1.mov
COW,COW,Liz,ASL_2008_01_18,7,2715,2740,data/raw/videos/ASL_2008_01_18/scene7-camera1.mov
CRACK,CRACK,Liz,ASL_2008_01_18,7,3237,3275,data/raw/videos/ASL_2008_01_18/scene7-camera1.mov
CRACKER/PASSOVER,CRACKER/PASSOVER+,Liz,ASL_2008_01_18,7,2982,3015,data/raw/videos/ASL_2008_01_18/scene7-camera1.mov
CRAWL,CRAWL+,Liz,ASL_2008_01_18,8,1117,1185,data/raw/videos/ASL_2008_01_18/scene8-camera1.mov
CRAZY,CRAZY+,Liz,ASL_2008_01_18,8,2740,2795,data/raw/videos/ASL_2008_01_18/scene8-camera1.mov
CREAM,CREAM,Liz,ASL_2008_01_18,8,3026,3075,data/raw/videos/ASL_2008_01_18/scene8-camera1.mov
CREATE/PRETEND,CREATE/PRETEND,Liz,ASL_2008_02_01,34,2361,2400,data/raw/videos/ASL_2008_02_01/scene34-camera1.mov
CREDIT-CARD,CREDIT-CARD,Liz,ASL_2008_01_18,8,3290,3330,data/raw/videos/ASL_2008_01_18/scene8-camera1.mov
CRIPPLE,CRIPPLE+,Liz,ASL_2008_01_18,9,287,342,data/raw/videos/ASL_2008_01_18/scene9-camera1.mov
CROSS,CROSS,Liz,ASL_2008_01_18,9,790,856,data/raw/videos/ASL_2008_01_18/scene9-camera1.mov
CROSS-MY-HEART,CROSS-MY-HEART,Liz,ASL_2008_02_15,50,620,675,data/raw/videos/ASL_2008_02_15/scene50-camera1.mov
CROWDED,CROWDED,Brady,ASL_2011_06_08_Brady,31,8737,8771,data/raw/videos/ASL_2011_06_08_Brady/scene31-camera1.mov
CROWN,CROWN,Liz,ASL_2008_01_18,9,1271,1306,data/raw/videos/ASL_2008_01_18/scene9-camera1.mov
"CROWN+DCL:4""coronet""","CROWN+DCL:4""coronet""",Tyler,ASL_2008_05_12b,9,1799,1873,data/raw/videos/ASL_2008_05_12b/scene9-camera1.mov
CRUEL,CRUEL,Liz,ASL_2008_02_01,18,3646,3678,data/raw/videos/ASL_2008_02_01/scene18-camera1.mov
CRUSH,CRUSH,Liz,ASL_2008_01_18,9,1030,1065,data/raw/videos/ASL_2008_01_18/scene9-camera1.mov
CRY,(2h)alt.CRY+,Liz,ASL_2008_01_18,9,2446,2505,data/raw/videos/ASL_2008_01_18/scene9-camera1.mov
CUBED,CUBED,Liz,ASL_2010_08_10_Liz_additional_lexicon_signs,19,295,325,data/raw/videos/ASL_2010_08_10_Liz_additional_lexicon_signs/scene19-camera1.mov
CULTURE,CULTURE,Liz,ASL_2008_01_18,10,620,650,data/raw/videos/ASL_2008_01_18/scene10-camera1.mov
CUP,CUP,Lana,ASL_2006_10_10,6,2085,2106,data/raw/videos/ASL_2006_10_10/scene6-camera1.mov
CURIOUS,CURIOUS,Liz,ASL_2008_01_18,10,1296,1325,data/raw/videos/ASL_2008_01_18/scene10-camera1.mov
CURLY,CURLY,Liz,ASL_2008_01_18,10,1540,1610,data/raw/videos/ASL_2008_01_18/scene10-camera1.mov
CURRICULUM,CURRICULUM_2,Liz,ASL_2008_01_18,10,2017,2065,data/raw/videos/ASL_2008_01_18/scene10-camera1.mov
CURSE,(Horns)CURSE,Liz,ASL_2008_01_18,13,756,777,data/raw/videos/ASL_2008_01_18/scene13-camera1.mov
CURTAIN,CURTAIN,Liz,ASL_2008_01_18,10,3000,3035,data/raw/videos/ASL_2008_01_18/scene10-camera1.mov
CURVE,CURVE,Liz,ASL_2008_01_18,10,3535,3585,data/raw/videos/ASL_2008_01_18/scene10-camera1.mov
CUSHION,CUSHION+,Liz,ASL_2008_01_18,11,346,390,data/raw/videos/ASL_2008_01_18/scene11-camera1.mov
CUSTOMER,CUSTOMER,Liz,ASL_2010_08_10_Liz_additional_lexicon_signs,27,295,355,data/raw/videos/ASL_2010_08_10_Liz_additional_lexicon_signs/scene27-camera1.mov
CUT,CUT,Liz,ASL_2008_01_18,11,855,865,data/raw/videos/ASL_2008_01_18/scene11-camera1.mov
CUT-FABRIC,CUT-FABRIC++,Liz,ASL_2008_01_18,37,1115,1160,data/raw/videos/ASL_2008_01_18/scene37-camera1.mov
CUT-WITH-SCISSORS,CUT-WITH-SCISSORS,Liz,ASL_2008_02_29,23,2900,2932,data/raw/videos/ASL_2008_02_29/scene23-camera1.mov
CUTE,CUTE+,Liz,ASL_2008_01_11,63,965,991,data/raw/videos/ASL_2008_01_11/scene63-camera1.mov
"CUTE++DCL""cane""","CUTE++DCL""cane""",Liz,ASL_2008_01_11,63,713,803,data/raw/videos/ASL_2008_01_11/scene63-camera1.mov
CYCLE,CYCLE,Liz,ASL_2008_01_18,11,1296,1345,data/raw/videos/ASL_2008_01_18/scene11-camera1.mov
D,D,Liz,ASL_2008_01_18,11,1620,1625,data/raw/videos/ASL_2008_01_18/scene11-camera1.mov
DANCE,DANCE+,Liz,ASL_2008_01_18,11,2275,2325,data/raw/videos/ASL_2008_01_18/scene11-camera1.mov
DANGER,DANGER,Liz,ASL_2008_03_28,15,1957,1981,data/raw/videos/ASL_2008_03_28/scene15-camera1.mov
DARE,DARE,Liz,ASL_2008_01_18,12,312,335,data/raw/videos/ASL_2008_01_18/scene12-camera1.mov
DARK,DARK,Liz,ASL_2008_01_18,12,552,590,data/raw/videos/ASL_2008_01_18/scene12-camera1.mov
DARTS,DARTS,Liz,ASL_2008_01_18,12,815,845,data/raw/videos/ASL_2008_01_18/scene12-camera1.mov
DASH-LINES,DASH-LINES,Liz,ASL_2008_01_18,12,1130,1200,data/raw/videos/ASL_2008_01_18/scene12-camera1.mov
DATE/DESSERT,DATE/DESSERT+,Liz,ASL_2008_01_18,12,1377,1415,data/raw/videos/ASL_2008_01_18/scene12-camera1.mov
DAUGHTER,DAUGHTER,Liz,ASL_2008_01_18,12,1660,1681,data/raw/videos/ASL_2008_01_18/scene12-camera1.mov
DAY,(D)DAY,Liz,ASL_2008_01_18,12,2125,2160,data/raw/videos/ASL_2008_01_18/scene12-camera1.mov
"DCL""T""+VOLUNTEER/SHIRT","DCL""T""+VOLUNTEER/SHIRT",Liz,ASL_2008_03_28,3,1753,1809,data/raw/videos/ASL_2008_03_28/scene3-camera1.mov
"DCL""can""+ICL""open can""","DCL""can""+ICL""open can""",Liz,ASL_2008_03_28,42,3103,3189,data/raw/videos/ASL_2008_03_28/scene42-camera1.mov
"DCL""flat stack""","DCL""flat stack""",Liz,ASL_2008_02_15,38,3500,3547,data/raw/videos/ASL_2008_02_15/scene38-camera1.mov
"DCL""long stringed hanging object""","DCL""long stringed hanging object""",Liz,ASL_2008_02_15,17,3465,3521,data/raw/videos/ASL_2008_02_15/scene17-camera1.mov
"DCL""pile""","DCL""pile""",Liz,ASL_2008_02_15,38,3727,3785,data/raw/videos/ASL_2008_02_15/scene38-camera1.mov
"DCL""rough surface""","DCL""rough surface""",Liz,ASL_2008_02_29,19,2845,2910,data/raw/videos/ASL_2008_02_29/scene19-camera1.mov
"DCL""steam rising""","DCL""steam rising""",Liz,ASL_2008_02_29,44,3130,3205,data/raw/videos/ASL_2008_02_29/scene44-camera1.mov
"DCL""thick strip""","DCL""thick strip""",Liz,ASL_2008_02_29,49,2905,2959,data/raw/videos/ASL_2008_02_29/scene49-camera1.mov
"DCL""thin cylindrical object""","DCL""thin cylindrical object""",Liz,ASL_2008_02_15,43,3587,3630,data/raw/videos/ASL_2008_02_15/scene43-camera1.mov
"DCL:1""speedometer""","DCL:1""speedometer""",Tyler,ASL_2008_06_10,13,3245,3295,data/raw/videos/ASL_2008_06_10/scene13-camera1.mov
"DCL:crvd-5""tall wide cylindrical object""","DCL:crvd-5""tall wide cylindrical object""",Liz,ASL_2008_03_28,36,1705,1755,data/raw/videos/ASL_2008_03_28/scene36-camera1.mov
"DCL:crvd-5""tall wide cylindrical object""+HANDLE","DCL:crvd-5""tall wide cylindrical object""+HANDLE",Brady,ASL_2011_06_14_Brady,3,3873,3909,data/raw/videos/ASL_2011_06_14_Brady/scene3-camera1.mov
"DCL:crvd-V""couch shaped object""","DCL:crvd-B""couch shaped object""",Liz,ASL_2008_02_29,38,220,251,data/raw/videos/ASL_2008_02_29/scene38-camera1.mov
DEAF,DEAF,Liz,ASL_2008_01_18,12,2336,2365,data/raw/videos/ASL_2008_01_18/scene12-camera1.mov
DEAF-APPLAUSE,DEAF-APPLAUSE,Liz,ASL_2008_01_11,16,820,851,data/raw/videos/ASL_2008_01_11/scene16-camera1.mov
DEAL-CARDS,DEAL-CARDS,Liz,ASL_2008_02_15,41,2572,2646,data/raw/videos/ASL_2008_02_15/scene41-camera1.mov
DECIDE,DECIDE,Liz,ASL_2008_01_18,13,1015,1045,data/raw/videos/ASL_2008_01_18/scene13-camera1.mov
DECONSTRUCT,DECONSTRUCT,Liz,ASL_2008_01_11,55,1150,1200,data/raw/videos/ASL_2008_01_11/scene55-camera1.mov
DECORATE,DECORATE,Liz,ASL_2008_01_18,13,1650,1716,data/raw/videos/ASL_2008_01_18/scene13-camera1.mov
DECREASE,DECREASE,Liz,ASL_2008_02_01,47,845,885,data/raw/videos/ASL_2008_02_01/scene47-camera1.mov
DEEP,DEEP,Liz,ASL_2008_01_18,13,1911,1935,data/raw/videos/ASL_2008_01_18/scene13-camera1.mov
DEER,DEER+,Liz,ASL_2008_01_18,13,2130,2180,data/raw/videos/ASL_2008_01_18/scene13-camera1.mov
DEFEND,DEFEND+,Liz,ASL_2008_01_18,13,2331,2362,data/raw/videos/ASL_2008_01_18/scene13-camera1.mov
DEFLATE,DEFLATE,Liz,ASL_2008_01_18,14,277,301,data/raw/videos/ASL_2008_01_18/scene14-camera1.mov
DEFLATE_2,DEFLATE_2,Tyler,ASL_2008_05_12b,13,3097,3135,data/raw/videos/ASL_2008_05_12b/scene13-camera1.mov
DELETE,(2h)DELETE,Liz,ASL_2008_01_18,30,1291,1310,data/raw/videos/ASL_2008_01_18/scene30-camera1.mov
DELICIOUS,DELICIOUS_2,Liz,ASL_2008_01_18,14,460,485,data/raw/videos/ASL_2008_01_18/scene14-camera1.mov
DEMOCRAT,DEMOCRAT,Liz,ASL_2008_01_18,14,1145,1187,data/raw/videos/ASL_2008_01_18/scene14-camera1.mov
DENTIST,DENTIST+,Brady,ASL_2011_06_08_Brady,33,532,562,data/raw/videos/ASL_2011_06_08_Brady/scene33-camera1.mov
DENY,DENY,Liz,ASL_2008_01_18,14,1990,2017,data/raw/videos/ASL_2008_01_18/scene14-camera1.mov
DEPARTMENT,DEPARTMENT,Liz,ASL_2008_01_18,14,2200,2225,data/raw/videos/ASL_2008_01_18/scene14-camera1.mov
DEPEND,DEPEND,Liz,ASL_2008_01_18,14,2427,2451,data/raw/videos/ASL_2008_01_18/scene14-camera1.mov
DEPOSIT,DEPOSIT,Liz,ASL_2008_01_18,15,457,485,data/raw/videos/ASL_2008_01_18/scene15-camera1.mov
DEPRESS,(D)DEPRESS,Liz,ASL_2008_01_18,15,885,912,data/raw/videos/ASL_2008_01_18/scene15-camera1.mov
DESTROY,DESTROY,Brady,ASL_2011_06_08_Brady,33,7992,8019,data/raw/videos/ASL_2011_06_08_Brady/scene33-camera1.mov
DETECTIVE,DETECTIVE+,Liz,ASL_2008_01_18,15,1955,2015,data/raw/videos/ASL_2008_01_18/scene15-camera1.mov
DETERIORATE,DETERIORATE,Liz,ASL_2008_01_18,16,717,770,data/raw/videos/ASL_2008_01_18/scene16-camera1.mov
DEVELOP,(D)DEVELOP,Liz,ASL_2008_01_18,16,1240,1260,data/raw/videos/ASL_2008_01_18/scene16-camera1.mov
DEVIL/MISCHIEVOUS,(2h)DEVIL/MISCHIEVOUS+,Liz,ASL_2008_02_15,6,1527,1571,data/raw/videos/ASL_2008_02_15/scene6-camera1.mov
DEVOUR,DEVOUR,Brady,ASL_2011_06_08_Brady,30,1149,1176,data/raw/videos/ASL_2011_06_08_Brady/scene30-camera1.mov
DIAL-ROTARY,DIAL-ROTARY,Naomi,ASL_2008_08_06,16,3855,3875,data/raw/videos/ASL_2008_08_06/scene16-camera1.mov
DIALOG,DIALOG++,Liz,ASL_2008_01_18,16,3336,3395,data/raw/videos/ASL_2008_01_18/scene16-camera1.mov
DIAMOND,DIAMOND++,Liz,ASL_2010_08_10_Liz_additional_lexicon_signs,12,1121,1195,data/raw/videos/ASL_2010_08_10_Liz_additional_lexicon_signs/scene12-camera1.mov
DICTIONARY,DICTIONARY++,Liz,ASL_2008_01_18,17,525,580,data/raw/videos/ASL_2008_01_18/scene17-camera1.mov
DIE,DIE,Liz,ASL_2008_01_18,17,720,755,data/raw/videos/ASL_2008_01_18/scene17-camera1.mov
DIM,DIM,Liz,ASL_2008_01_18,17,1775,1820,data/raw/videos/ASL_2008_01_18/scene17-camera1.mov
DIMPLE,DIMPLE,Liz,ASL_2008_01_18,17,2297,2325,data/raw/videos/ASL_2008_01_18/scene17-camera1.mov
DINNER,DINNER+,Liz,ASL_2008_01_18,18,785,821,data/raw/videos/ASL_2008_01_18/scene18-camera1.mov
DINNER++BOX/ROOM,DINNER++BOX/ROOM,Liz,ASL_2008_01_18,18,305,376,data/raw/videos/ASL_2008_01_18/scene18-camera1.mov
DINOSAUR,DINOSAUR++,Liz,ASL_2008_01_18,18,1082,1140,data/raw/videos/ASL_2008_01_18/scene18-camera1.mov
DIPLOMA,(O)DIPLOMA,Liz,ASL_2008_01_18,18,1535,1567,data/raw/videos/ASL_2008_01_18/scene18-camera1.mov
DIRECT,DIRECT+,Liz,ASL_2008_01_18,18,1772,1820,data/raw/videos/ASL_2008_01_18/scene18-camera1.mov
DIRECT+AGENT,DIRECT+AGENT,Liz,ASL_2008_01_18,18,1991,2052,data/raw/videos/ASL_2008_01_18/scene18-camera1.mov
DIRTY,DIRTY,Liz,ASL_2008_01_18,18,2410,2470,data/raw/videos/ASL_2008_01_18/scene18-camera1.mov
DISAGREE,DISAGREE,Tyler,ASL_2008_05_12b,17,2982,3002,data/raw/videos/ASL_2008_05_12b/scene17-camera1.mov
DISAPPEAR,DISAPPEAR,Liz,ASL_2008_01_18,19,435,455,data/raw/videos/ASL_2008_01_18/scene19-camera1.mov
DISAPPOINT,DISAPPOINT,Liz,ASL_2008_01_18,19,632,670,data/raw/videos/ASL_2008_01_18/scene19-camera1.mov
DISCIPLINE,DISCIPLINE,Liz,ASL_2008_01_18,19,880,925,data/raw/videos/ASL_2008_01_18/scene19-camera1.mov
DISCONNECT,DISCONNECT,Liz,ASL_2008_01_18,19,1115,1146,data/raw/videos/ASL_2008_01_18/scene19-camera1.mov
DISCRIMINATE,DISCRIMINATE,Liz,ASL_2008_01_18,19,1627,1667,data/raw/videos/ASL_2008_01_18/scene19-camera1.mov
DISCUSS,DISCUSS+,Liz,ASL_2008_01_18,13,251,290,data/raw/videos/ASL_2008_01_18/scene13-camera1.mov
DISGUST,DISGUST+,Liz,ASL_2008_01_18,19,2065,2150,data/raw/videos/ASL_2008_01_18/scene19-camera1.mov
DISH,DISH,Liz,ASL_2010_08_10_Liz_additional_lexicon_signs,2,165,221,data/raw/videos/ASL_2010_08_10_Liz_additional_lexicon_signs/scene2-camera1.mov
DISMISS,DISMISS,Liz,ASL_2008_01_18,19,2267,2295,data/raw/videos/ASL_2008_01_18/scene19-camera1.mov
DISTRIBUTE,DISTRIBUTE,Liz,ASL_2008_01_18,20,565,586,data/raw/videos/ASL_2008_01_18/scene20-camera1.mov
DIVE,DIVE,Liz,ASL_2008_01_18,20,1321,1355,data/raw/videos/ASL_2008_01_18/scene20-camera1.mov
DIVE-OFF-BOARD,DIVE-OFF-BOARD,Liz,ASL_2008_01_18,20,1551,1596,data/raw/videos/ASL_2008_01_18/scene20-camera1.mov
DIVIDE,DIVIDE,Liz,ASL_2008_01_18,20,1766,1789,data/raw/videos/ASL_2008_01_18/scene20-camera1.mov
DIVORCE,DIVORCE,Liz,ASL_2008_01_18,20,1986,2015,data/raw/videos/ASL_2008_01_18/scene20-camera1.mov
DIZZY,DIZZY++,Liz,ASL_2008_01_18,20,2180,2260,data/raw/videos/ASL_2008_01_18/scene20-camera1.mov
DO,DO++,Liz,ASL_2008_01_18,21,227,295,data/raw/videos/ASL_2008_01_18/scene21-camera1.mov
DO-DO,(1h)DO-DO+,Liz,ASL_2008_02_15,25,391,425,data/raw/videos/ASL_2008_02_15/scene25-camera1.mov
DO-DO+HAPPEN,DO-DO+HAPPEN,Brady,ASL_2011_07_22_Brady,28,678,708,data/raw/videos/ASL_2011_07_22_Brady/scene28-camera1.mov
DOCTOR,(D)DOCTOR+,Liz,ASL_2008_01_18,21,655,697,data/raw/videos/ASL_2008_01_18/scene21-camera1.mov
DOLLAR,DOLLAR+,Liz,ASL_2008_01_18,21,1500,1546,data/raw/videos/ASL_2008_01_18/scene21-camera1.mov
DON'T,DON'T,Liz,ASL_2008_01_18,22,445,476,data/raw/videos/ASL_2008_01_18/scene22-camera1.mov
DONKEY,DONKEY++,Brady,ASL_2011_06_08_Brady,37,2548,2594,data/raw/videos/ASL_2011_06_08_Brady/scene37-camera1.mov
DONUT,(R)DONUT,Liz,ASL_2008_01_18,23,587,627,data/raw/videos/ASL_2008_01_18/scene23-camera1.mov
DOOR,DOOR,Liz,ASL_2010_08_10_Liz_additional_lexicon_signs,2,539,591,data/raw/videos/ASL_2010_08_10_Liz_additional_lexicon_signs/scene2-camera1.mov
DOOR+SQUARE,SQUARE+DOOR,Brady,ASL_2011_06_14_Brady,3,10992,11046,data/raw/videos/ASL_2011_06_14_Brady/scene3-camera1.mov
DOORBELL,DOORBELL+,Liz,ASL_2008_01_18,22,1671,1706,data/raw/videos/ASL_2008_01_18/scene22-camera1.mov
DORM,DORM,Liz,ASL_2008_01_18,22,1895,1925,data/raw/videos/ASL_2008_01_18/scene22-camera1.mov
DOUBT,DOUBT+,Liz,ASL_2008_01_18,23,240,275,data/raw/videos/ASL_2008_01_18/scene23-camera1.mov
DOWN,DOWN,Liz,ASL_2008_01_18,23,790,820,data/raw/videos/ASL_2008_01_18/scene23-camera1.mov
DOWN-TO-EARTH,DOWN-TO-EARTH,Tyler,ASL_2008_06_10,12,2245,2268,data/raw/videos/ASL_2008_06_10/scene12-camera1.mov
DOWNSTAIRS,DOWNSTAIRS,Liz,ASL_2008_02_29,43,981,1030,data/raw/videos/ASL_2008_02_29/scene43-camera1.mov
DRAGON,DRAGON+,Liz,ASL_2008_02_29,41,950,995,data/raw/videos/ASL_2008_02_29/scene41-camera1.mov
DREAM,DREAM+,Liz,ASL_2008_01_18,23,2055,2091,data/raw/videos/ASL_2008_01_18/scene23-camera1.mov
DRESS/CLOTHES,DRESS/CLOTHES,Liz,ASL_2008_01_18,24,275,297,data/raw/videos/ASL_2008_01_18/scene24-camera1.mov
DRESSER,(S)DRESSER+,Liz,ASL_2008_01_18,24,502,560,data/raw/videos/ASL_2008_01_18/scene24-camera1.mov
DRIBBLE,DRIBBLE++,Liz,ASL_2008_01_11,52,275,320,data/raw/videos/ASL_2008_01_11/scene52-camera1.mov
DRILL,DRILL,Liz,ASL_2008_01_18,24,2582,2646,data/raw/videos/ASL_2008_01_18/scene24-camera1.mov
DRINK,COCKTAIL++,Liz,ASL_2008_01_11,81,2260,2301,data/raw/videos/ASL_2008_01_11/scene81-camera1.mov
DRIP,(1h)DRIP,Liz,ASL_2008_01_18,25,480,511,data/raw/videos/ASL_2008_01_18/scene25-camera1.mov
DRIVE,DRIVE,Liz,ASL_2008_01_18,24,3610,3650,data/raw/videos/ASL_2008_01_18/scene24-camera1.mov
DROOL,DROOL,Liz,ASL_2010_08_10_Liz_additional_lexicon_signs,12,2550,2616,data/raw/videos/ASL_2010_08_10_Liz_additional_lexicon_signs/scene12-camera1.mov
DROP,DROP,Liz,ASL_2008_01_18,25,285,310,data/raw/videos/ASL_2008_01_18/scene25-camera1.mov
DROWN,(V)DROWN,Liz,ASL_2008_01_18,25,685,726,data/raw/videos/ASL_2008_01_18/scene25-camera1.mov
DRUGS,DRUGS++,Liz,ASL_2008_01_18,25,1165,1220,data/raw/videos/ASL_2008_01_18/scene25-camera1.mov
DRUMS,DRUMS+,Liz,ASL_2008_01_18,25,1602,1655,data/raw/videos/ASL_2008_01_18/scene25-camera1.mov
DRUNK,DRUNK,Liz,ASL_2008_01_18,25,1810,1837,data/raw/videos/ASL_2008_01_18/scene25-camera1.mov
DRY,DRY,Liz,ASL_2008_01_18,25,2035,2080,data/raw/videos/ASL_2008_01_18/scene25-camera1.mov
DRY+(nd-C)SPIN,DRY+(nd-C)SPIN,Liz,ASL_2008_01_18,25,2390,2492,data/raw/videos/ASL_2008_01_18/scene25-camera1.mov
DRY+AREA,DRY+AREA,Liz,ASL_2008_01_18,15,1103,1170,data/raw/videos/ASL_2008_01_18/scene15-camera1.mov
DRY-CEREAL,DRY-CEREAL+,Liz,ASL_2010_08_10_Liz_additional_lexicon_signs,12,531,592,data/raw/videos/ASL_2010_08_10_Liz_additional_lexicon_signs/scene12-camera1.mov
DUCK,DUCK,Liz,ASL_2008_01_18,26,912,945,data/raw/videos/ASL_2008_01_18/scene26-camera1.mov
DURING/WHILE,DURING/WHILE,Liz,ASL_2008_01_18,26,1121,1155,data/raw/videos/ASL_2008_01_18/scene26-camera1.mov
DUSTING,DUSTING+,Liz,ASL_2008_01_18,26,1347,1415,data/raw/videos/ASL_2008_01_18/scene26-camera1.mov
DUTY,DUTY+,Liz,ASL_2008_01_18,26,1585,1620,data/raw/videos/ASL_2008_01_18/scene26-camera1.mov
DYE,DYE+,Liz,ASL_2008_01_18,26,1832,1905,data/raw/videos/ASL_2008_01_18/scene26-camera1.mov
E,E,Liz,ASL_2008_01_18,26,2070,2130,data/raw/videos/ASL_2008_01_18/scene26-camera1.mov
E-MAIL,(1)E-MAIL,Brady,ASL_2011_06_14_Brady,9,3103,3115,data/raw/videos/ASL_2011_06_14_Brady/scene9-camera1.mov
E-MAIL_2,E-MAIL_2,Liz,ASL_2010_08_10_Liz_additional_lexicon_signs,11,650,700,data/raw/videos/ASL_2010_08_10_Liz_additional_lexicon_signs/scene11-camera1.mov
EACH,EACH,Liz,ASL_2008_01_18,26,2670,2695,data/raw/videos/ASL_2008_01_18/scene26-camera1.mov
EACH+ONE,EACH+ONE,Liz,ASL_2008_01_18,34,2805,2860,data/raw/videos/ASL_2008_01_18/scene34-camera1.mov
EAGLE,EAGLE,Liz,ASL_2008_01_18,27,455,490,data/raw/videos/ASL_2008_01_18/scene27-camera1.mov
EAR+EAR-HURT,EAR+EAR-HURT,Naomi,ASL_2008_08_06,27,604,655,data/raw/videos/ASL_2008_08_06/scene27-camera1.mov
EAR-HURT,EAR-HURT+,Liz,ASL_2008_01_18,27,935,980,data/raw/videos/ASL_2008_01_18/scene27-camera1.mov
EARMUFF,EARMUFF,Liz,ASL_2008_01_18,27,1907,1960,data/raw/videos/ASL_2008_01_18/scene27-camera1.mov
EARRING,EARRING,Liz,ASL_2008_01_18,27,2161,2201,data/raw/videos/ASL_2008_01_18/scene27-camera1.mov
EARTH,EARTH,Liz,ASL_2008_01_18,27,2426,2489,data/raw/videos/ASL_2008_01_18/scene27-camera1.mov
EARTH+RUMBLE,EARTH+RUMBLE,Liz,ASL_2008_01_18,28,415,475,data/raw/videos/ASL_2008_01_18/scene28-camera1.mov
EARTH+SPHERE,EARTH+SPHERE,Brady,ASL_2011_06_14_Brady,26,5033,5089,data/raw/videos/ASL_2011_06_14_Brady/scene26-camera1.mov
EAR_2/BIRTHDAY_2,EAR_2/BIRTHDAY_2+,Liz,ASL_2008_01_11,43,915,966,data/raw/videos/ASL_2008_01_11/scene43-camera1.mov
EAST,EAST,Liz,ASL_2008_01_18,28,935,965,data/raw/videos/ASL_2008_01_18/scene28-camera1.mov
EASTER,EASTER,Liz,ASL_2008_01_18,28,1125,1156,data/raw/videos/ASL_2008_01_18/scene28-camera1.mov
EASY,EASY+,Liz,ASL_2008_01_11,12,845,880,data/raw/videos/ASL_2008_01_11/scene12-camera1.mov
EAT,(2h)alt.EAT+,Liz,ASL_2008_01_18,40,240,300,data/raw/videos/ASL_2008_01_18/scene40-camera1.mov
EAT++SELL,EAT++SELL+,Liz,ASL_2008_02_01,12,1665,1715,data/raw/videos/ASL_2008_02_01/scene12-camera1.mov
EAT+BOX/ROOM,EAT+BOX/ROOM,Liz,ASL_2008_01_18,17,2549,2624,data/raw/videos/ASL_2008_01_18/scene17-camera1.mov
EAT+BUY,EAT+BUY++,Brady,ASL_2011_06_14_Brady,29,5087,5140,data/raw/videos/ASL_2011_06_14_Brady/scene29-camera1.mov
EAT+MORNING,EAT+MORNING,Liz,ASL_2008_01_11,55,1371,1405,data/raw/videos/ASL_2008_01_11/scene55-camera1.mov
EAT+NIGHT,EAT+NIGHT,Liz,ASL_2008_01_18,18,561,595,data/raw/videos/ASL_2008_01_18/scene18-camera1.mov
EAT+NOON,EAT+NOON,Liz,ASL_2008_02_01,55,2290,2336,data/raw/videos/ASL_2008_02_01/scene55-camera1.mov
EAT-WITH-FORK,EAT-WITH-FORK,Brady,ASL_2011_06_14_Brady,22,781,800,data/raw/videos/ASL_2011_06_14_Brady/scene22-camera1.mov
ECONOMIC,ECONOMIC+,Liz,ASL_2008_01_18,28,1795,1835,data/raw/videos/ASL_2008_01_18/scene28-camera1.mov
EDGE/CLIFF,EDGE/CLIFF,Liz,ASL_2008_01_18,28,2340,2367,data/raw/videos/ASL_2008_01_18/scene28-camera1.mov
EFFORT,EFFORT,Liz,ASL_2008_01_18,28,2766,2800,data/raw/videos/ASL_2008_01_18/scene28-camera1.mov
EGG,EGG,Liz,ASL_2010_08_10_Liz_additional_lexicon_signs,2,892,925,data/raw/videos/ASL_2010_08_10_Liz_additional_lexicon_signs/scene2-camera1.mov
EGO,EGO,Liz,ASL_2008_01_18,29,267,300,data/raw/videos/ASL_2008_01_18/scene29-camera1.mov
EIGHT,EIGHT,Brady,ASL_2011_06_08_Brady,6,3545,3559,data/raw/videos/ASL_2011_06_08_Brady/scene6-camera1.mov
EIGHT+HOUR,EIGHT+HOUR,Liz,ASL_2010_08_10_Liz_additional_lexicon_signs,16,5210,5273,data/raw/videos/ASL_2010_08_10_Liz_additional_lexicon_signs/scene16-camera1.mov
EIGHT-HOURS,EIGHT-HOURS,Brady,ASL_2011_06_08_Brady,6,4406,4434,data/raw/videos/ASL_2011_06_08_Brady/scene6-camera1.mov
EIGHT-MONTHS,EIGHT-MONTHS,Liz,ASL_2010_08_10_Liz_additional_lexicon_signs,16,8006,8065,data/raw/videos/ASL_2010_08_10_Liz_additional_lexicon_signs/scene16-camera1.mov
EIGHT-WEEKS,EIGHT-WEEKS,Liz,ASL_2010_08_10_Liz_additional_lexicon_signs,16,6620,6670,data/raw/videos/ASL_2010_08_10_Liz_additional_lexicon_signs/scene16-camera1.mov
EIGHTEEN,EIGHTEEN,Liz,ASL_2010_08_10_Liz_additional_lexicon_signs,18,1386,1428,data/raw/videos/ASL_2010_08_10_Liz_additional_lexicon_signs/scene18-camera1.mov
EIGHTH,EIGHTH,Brady,ASL_2011_06_08_Brady,6,3862,3880,data/raw/videos/ASL_2011_06_08_Brady/scene6-camera1.mov
EIGHTH-PLACE,EIGHTH-PLACE,Liz,ASL_2010_08_10_Liz_additional_lexicon_signs,15,1215,1255,data/raw/videos/ASL_2010_08_10_Liz_additional_lexicon_signs/scene15-camera1.mov
EIGHTY-EIGHT,EIGHTY-EIGHT_2,Liz,ASL_2010_08_10_Liz_additional_lexicon_signs,19,1312,1352,data/raw/videos/ASL_2010_08_10_Liz_additional_lexicon_signs/scene19-camera1.mov
EIGHTY-NINE,EIGHTY-NINE,Liz,ASL_2010_08_10_Liz_additional_lexicon_signs,19,2542,2590,data/raw/videos/ASL_2010_08_10_Liz_additional_lexicon_signs/scene19-camera1.mov
EITHER,EITHER+,Liz,ASL_2008_01_18,6,2947,2980,data/raw/videos/ASL_2008_01_18/scene6-camera1.mov
ELASTIC,ELASTIC+,Liz,ASL_2008_01_18,29,2816,2880,data/raw/videos/ASL_2008_01_18/scene29-camera1.mov
ELBOW,ELBOW+,Liz,ASL_2008_01_18,29,3102,3125,data/raw/videos/ASL_2008_01_18/scene29-camera1.mov
ELBOW-PATCH,ELBOW-PATCH,Liz,ASL_2008_02_15,32,2171,2230,data/raw/videos/ASL_2008_02_15/scene32-camera1.mov
ELECTRIC,ELECTRIC+,Liz,ASL_2008_01_18,30,272,320,data/raw/videos/ASL_2008_01_18/scene30-camera1.mov
ELECTRIC+AGENT,ELECTRIC+AGENT,Liz,ASL_2008_01_18,30,486,555,data/raw/videos/ASL_2008_01_18/scene30-camera1.mov
ELEMENTARY,ELEMENTARY,Liz,ASL_2008_01_18,30,705,745,data/raw/videos/ASL_2008_01_18/scene30-camera1.mov
ELEPHANT,ELEPHANT,Liz,ASL_2008_01_18,30,906,955,data/raw/videos/ASL_2008_01_18/scene30-camera1.mov
ELEVATOR,ELEVATOR,Liz,ASL_2008_01_18,30,1090,1131,data/raw/videos/ASL_2008_01_18/scene30-camera1.mov
ELEVEN,ELEVEN+,Liz,ASL_2008_01_11,2,1276,1310,data/raw/videos/ASL_2008_01_11/scene2-camera1.mov
EMBARRASS,EMBARRASS+,Liz,ASL_2008_01_18,30,1472,1536,data/raw/videos/ASL_2008_01_18/scene30-camera1.mov
EMERGENCY,EMERGENCY++,Liz,ASL_2008_01_18,30,1652,1695,data/raw/videos/ASL_2008_01_18/scene30-camera1.mov
EMOTION,EMOTION_2+,Liz,ASL_2008_01_18,30,1906,1960,data/raw/videos/ASL_2008_01_18/scene30-camera1.mov
EMOTIONLESS,EMOTIONLESS,Liz,ASL_2008_01_18,50,1330,1350,data/raw/videos/ASL_2008_01_18/scene50-camera1.mov
EMPHASIZE,EMPHASIZE,Liz,ASL_2008_01_18,30,2151,2177,data/raw/videos/ASL_2008_01_18/scene30-camera1.mov
EMPTY/EARLY,EMPTY/EARLY_3,Liz,ASL_2008_01_18,27,1327,1362,data/raw/videos/ASL_2008_01_18/scene27-camera1.mov
EMPTY/NAKED,EMPTY/NAKED,Liz,ASL_2008_01_18,31,271,290,data/raw/videos/ASL_2008_01_18/scene31-camera1.mov
ENCOURAGE,ENCOURAGE+,Liz,ASL_2008_01_18,31,476,531,data/raw/videos/ASL_2008_01_18/scene31-camera1.mov
ENCYCLOPEDIA,ENCYCLOPEDIA+,Liz,ASL_2008_01_18,31,670,722,data/raw/videos/ASL_2008_01_18/scene31-camera1.mov
END,END,Tyler,ASL_2008_05_29a,11,1240,1270,data/raw/videos/ASL_2008_05_29a/scene11-camera1.mov
ENERGY,ENERGY,Liz,ASL_2008_01_18,31,1745,1776,data/raw/videos/ASL_2008_01_18/scene31-camera1.mov
ENGAGEMENT,ENGAGEMENT,Liz,ASL_2008_01_18,31,3445,3470,data/raw/videos/ASL_2008_01_18/scene31-camera1.mov
ENGINE,ENGINE+,Naomi,ASL_2008_08_06,31,3147,3200,data/raw/videos/ASL_2008_08_06/scene31-camera1.mov
ENGINEERING+AGENT,ENGINEERING+AGENT,Liz,ASL_2008_01_18,32,182,237,data/raw/videos/ASL_2008_01_18/scene32-camera1.mov
ENOUGH,ENOUGH+,Liz,ASL_2008_01_18,32,1385,1420,data/raw/videos/ASL_2008_01_18/scene32-camera1.mov
ENTER,ENTER,Liz,ASL_2008_01_11,6,3355,3390,data/raw/videos/ASL_2008_01_11/scene6-camera1.mov
ENVIRONMENT,ENVIRONMENT,Liz,ASL_2008_01_18,32,1781,1820,data/raw/videos/ASL_2008_01_18/scene32-camera1.mov
EPISCOPAL,EPISCOPAL,Liz,ASL_2008_01_18,32,1977,2010,data/raw/videos/ASL_2008_01_18/scene32-camera1.mov
EQUAL,EQUAL+,Liz,ASL_2008_01_18,32,2246,2290,data/raw/videos/ASL_2008_01_18/scene32-camera1.mov
EQUIPMENT,EQUIPMENT,Liz,ASL_2008_01_18,32,2535,2585,data/raw/videos/ASL_2008_01_18/scene32-camera1.mov
ERASE,ERASE,Liz,ASL_2008_01_18,33,236,285,data/raw/videos/ASL_2008_01_18/scene33-camera1.mov
ERASE-BOARD,ERASE-BOARD+,Liz,ASL_2008_01_18,33,490,585,data/raw/videos/ASL_2008_01_18/scene33-camera1.mov
ERECT,ERECT,Liz,ASL_2008_02_29,27,775,820,data/raw/videos/ASL_2008_02_29/scene27-camera1.mov
ESCAPE,ESCAPE,Liz,ASL_2008_01_18,33,700,720,data/raw/videos/ASL_2008_01_18/scene33-camera1.mov
ETCETERA,ETCETERA,Liz,ASL_2008_01_18,33,1075,1105,data/raw/videos/ASL_2008_01_18/scene33-camera1.mov
EVALUATE,EVALUATE+,Liz,ASL_2008_01_18,33,1515,1570,data/raw/videos/ASL_2008_01_18/scene33-camera1.mov
EVENING,EVENING,Liz,ASL_2008_01_18,33,1766,1797,data/raw/videos/ASL_2008_01_18/scene33-camera1.mov
EVERY+(2h)THING,EVERY+(2h)THING,Liz,ASL_2008_01_18,35,259,305,data/raw/videos/ASL_2008_01_18/scene35-camera1.mov
EVERY-FRIDAY,EVERY-FRIDAY,Liz,ASL_2008_01_18,33,2206,2235,data/raw/videos/ASL_2008_01_18/scene33-camera1.mov
EVERY-MONDAY,EVERY-MONDAY,Liz,ASL_2008_01_18,34,355,380,data/raw/videos/ASL_2008_01_18/scene34-camera1.mov
EVERY-MONTH/RENT,EVERY-MONTH/RENT+,Liz,ASL_2008_02_15,8,1465,1515,data/raw/videos/ASL_2008_02_15/scene8-camera1.mov
EVERY-SATURDAY,EVERY-SATURDAY,Liz,ASL_2008_01_18,34,580,611,data/raw/videos/ASL_2008_01_18/scene34-camera1.mov
EVERY-SUNDAY,EVERY-SUNDAY,Liz,ASL_2008_01_18,34,791,825,data/raw/videos/ASL_2008_01_18/scene34-camera1.mov
EVERY-THURSDAY,(H)EVERY-THURSDAY,Liz,ASL_2008_01_18,34,1190,1215,data/raw/videos/ASL_2008_01_18/scene34-camera1.mov
EVERY-TUESDAY,EVERY-TUESDAY,Liz,ASL_2008_01_18,34,1330,1355,data/raw/videos/ASL_2008_01_18/scene34-camera1.mov
EVERY-TWO-YEARS,EVERY-TWO-YEARS,Liz,ASL_2010_08_10_Liz_additional_lexicon_signs,16,1845,1881,data/raw/videos/ASL_2010_08_10_Liz_additional_lexicon_signs/scene16-camera1.mov
EVERY-WEDNESDAY,EVERY-WEDNESDAY,Liz,ASL_2008_01_18,34,1921,1950,data/raw/videos/ASL_2008_01_18/scene34-camera1.mov
EVERY-WEEK,EVERY-WEEK++,Liz,ASL_2008_03_28,38,1535,1610,data/raw/videos/ASL_2008_03_28/scene38-camera1.mov
EVERY-YEAR,EVERY-YEAR++,Liz,ASL_2008_03_28,47,1596,1647,data/raw/videos/ASL_2008_03_28/scene47-camera1.mov
EVERYDAY,EVERYDAY,Liz,ASL_2008_01_18,34,2547,2590,data/raw/videos/ASL_2008_01_18/scene34-camera1.mov
EXACT,(F)EXACT,Liz,ASL_2008_02_15,35,2220,2277,data/raw/videos/ASL_2008_02_15/scene35-camera1.mov
EXAGGERATE,EXAGGERATE+,Liz,ASL_2008_01_18,35,1110,1175,data/raw/videos/ASL_2008_01_18/scene35-camera1.mov
EXCEED,EXCEED,Liz,ASL_2008_01_11,5,1000,1031,data/raw/videos/ASL_2008_01_11/scene5-camera1.mov
EXCITED,EXCITED+,Liz,ASL_2008_01_18,35,2057,2112,data/raw/videos/ASL_2008_01_18/scene35-camera1.mov
EXCUSE,EXCUSE,Liz,ASL_2008_01_18,35,2310,2340,data/raw/videos/ASL_2008_01_18/scene35-camera1.mov
EXPAND,EXPAND,Liz,ASL_2008_01_18,36,961,996,data/raw/videos/ASL_2008_01_18/scene36-camera1.mov
EXPENSIVE,EXPENSIVE,Liz,ASL_2008_01_18,36,1165,1201,data/raw/videos/ASL_2008_01_18/scene36-camera1.mov
EXPERIENCE,EXPERIENCE+,Liz,ASL_2008_01_18,36,1365,1410,data/raw/videos/ASL_2008_01_18/scene36-camera1.mov
EXPERIMENT,EXPERIMENT+,Liz,ASL_2008_01_18,36,1582,1650,data/raw/videos/ASL_2008_01_18/scene36-camera1.mov
EXPERT,EXPERT,Liz,ASL_2008_01_18,11,2756,2781,data/raw/videos/ASL_2008_01_18/scene11-camera1.mov
EXPLAIN,EXPLAIN+,Liz,ASL_2008_01_18,36,2065,2110,data/raw/videos/ASL_2008_01_18/scene36-camera1.mov
EXPLOIT,EXPLOIT+,Liz,ASL_2008_02_29,24,3892,3932,data/raw/videos/ASL_2008_02_29/scene24-camera1.mov
EXPOSE,EXPOSE,Liz,ASL_2008_02_29,28,275,310,data/raw/videos/ASL_2008_02_29/scene28-camera1.mov
EXPRESS,EXPRESS,Liz,ASL_2008_01_18,36,2442,2480,data/raw/videos/ASL_2008_01_18/scene36-camera1.mov
EYE-MASK,EYE-MASK,Liz,ASL_2008_02_01,58,2191,2227,data/raw/videos/ASL_2008_02_01/scene58-camera1.mov
EYEBROW,EYEBROW,Liz,ASL_2008_01_18,37,320,360,data/raw/videos/ASL_2008_01_18/scene37-camera1.mov
EYEBROW-FROWN,EYEBROW-FROWN,Liz,ASL_2008_01_18,50,1751,1772,data/raw/videos/ASL_2008_01_18/scene50-camera1.mov
EYELASHES,EYELASHES,Liz,ASL_2008_01_18,37,527,545,data/raw/videos/ASL_2008_01_18/scene37-camera1.mov
EYES,EYES,Liz,ASL_2008_01_18,37,705,735,data/raw/videos/ASL_2008_01_18/scene37-camera1.mov
F,F,Liz,ASL_2008_01_18,37,932,945,data/raw/videos/ASL_2008_01_18/scene37-camera1.mov
FACE,(5)FACE+,Liz,ASL_2008_02_01,53,4165,4225,data/raw/videos/ASL_2008_02_01/scene53-camera1.mov
FACE+NICE/CLEAN,FACE+NICE/CLEAN,Liz,ASL_2008_02_01,16,2612,2661,data/raw/videos/ASL_2008_02_01/scene16-camera1.mov
FACE+SAME,FACE+SAME,Liz,ASL_2008_02_01,53,1121,1160,data/raw/videos/ASL_2008_02_01/scene53-camera1.mov
FACE+STRONG,FACE+STRONG,Liz,ASL_2008_02_01,53,828,892,data/raw/videos/ASL_2008_02_01/scene53-camera1.mov
FACIAL-EXPRESSION,FACIAL-EXPRESSION+,Liz,ASL_2008_01_18,37,1555,1597,data/raw/videos/ASL_2008_01_18/scene37-camera1.mov
FACULTY,FACULTY,Liz,ASL_2010_08_10_Liz_additional_lexicon_signs,27,1550,1596,data/raw/videos/ASL_2010_08_10_Liz_additional_lexicon_signs/scene27-camera1.mov
FAIL,FAIL,Liz,ASL_2008_01_18,45,1845,1865,data/raw/videos/ASL_2008_01_18/scene45-camera1.mov
FALL,FALL_2,Liz,ASL_2008_01_18,38,467,497,data/raw/videos/ASL_2008_01_18/scene38-camera1.mov
FALL-IN-LOVE,FALL-IN-LOVE+,Liz,ASL_2008_01_18,38,271,307,data/raw/videos/ASL_2008_01_18/scene38-camera1.mov
FALL-INTO-PLACE,FALL-INTO-PLACE,Liz,ASL_2008_03_28,44,2166,2220,data/raw/videos/ASL_2008_03_28/scene44-camera1.mov
FALSEHOOD,FALSEHOOD,Liz,ASL_2008_02_01,48,560,597,data/raw/videos/ASL_2008_02_01/scene48-camera1.mov
FAMILY,FAMILY,Liz,ASL_2008_01_18,38,875,912,data/raw/videos/ASL_2008_01_18/scene38-camera1.mov
FAMOUS,FAMOUS,Liz,ASL_2008_01_18,38,1095,1135,data/raw/videos/ASL_2008_01_18/scene38-camera1.mov
FANCY,FANCY++,Liz,ASL_2008_01_18,38,1325,1390,data/raw/videos/ASL_2008_01_18/scene38-camera1.mov
FANCY+BOX/ROOM,FANCY+BOX/ROOM,Liz,ASL_2008_02_01,51,1980,2047,data/raw/videos/ASL_2008_02_01/scene51-camera1.mov
FANTASY,FANTASY+,Liz,ASL_2008_01_18,38,1540,1595,data/raw/videos/ASL_2008_01_18/scene38-camera1.mov
FAR,FAR,Liz,ASL_2008_01_18,38,1775,1830,data/raw/videos/ASL_2008_01_18/scene38-camera1.mov
FARM,FARM,Liz,ASL_2008_01_18,38,1976,2005,data/raw/videos/ASL_2008_01_18/scene38-camera1.mov
FARM+AGENT,FARM+AGENT,Liz,ASL_2008_01_18,38,2177,2245,data/raw/videos/ASL_2008_01_18/scene38-camera1.mov
FASCINATE,FASCINATE,Liz,ASL_2010_08_10_Liz_additional_lexicon_signs,28,1137,1196,data/raw/videos/ASL_2010_08_10_Liz_additional_lexicon_signs/scene28-camera1.mov
FAST,FAST_2,Liz,ASL_2010_08_10_Liz_additional_lexicon_signs,23,149,183,data/raw/videos/ASL_2010_08_10_Liz_additional_lexicon_signs/scene23-camera1.mov
FASTING,FASTING,Liz,ASL_2008_01_18,39,435,467,data/raw/videos/ASL_2008_01_18/scene39-camera1.mov
FAST_3,FAST_3,Liz,ASL_2008_01_18,39,267,280,data/raw/videos/ASL_2008_01_18/scene39-camera1.mov
FAT,FAT,Liz,ASL_2008_01_18,39,835,855,data/raw/videos/ASL_2008_01_18/scene39-camera1.mov
FATHER,FATHER+,Liz,ASL_2008_01_18,39,1320,1345,data/raw/videos/ASL_2008_01_18/scene39-camera1.mov
FATHER+LAW,FATHER+LAW,Liz,ASL_2008_01_18,39,1067,1131,data/raw/videos/ASL_2008_01_18/scene39-camera1.mov
FAULT,FAULT,Liz,ASL_2008_01_18,39,1535,1565,data/raw/videos/ASL_2008_01_18/scene39-camera1.mov
FAVORITE/PREFER,FAVORITE/PREFER,Liz,ASL_2008_02_15,46,1660,1695,data/raw/videos/ASL_2008_02_15/scene46-camera1.mov
FAX,FAX,Liz,ASL_2008_01_18,39,1946,1975,data/raw/videos/ASL_2008_01_18/scene39-camera1.mov
FEATHER,FEATHER,Liz,ASL_2010_08_10_Liz_additional_lexicon_signs,28,1315,1350,data/raw/videos/ASL_2010_08_10_Liz_additional_lexicon_signs/scene28-camera1.mov
FED-UP/FULL,FED-UP/FULL,Liz,ASL_2008_02_01,1,1105,1150,data/raw/videos/ASL_2008_02_01/scene1-camera1.mov
FEDERAL,FEDERAL,Liz,ASL_2008_01_18,40,410,432,data/raw/videos/ASL_2008_01_18/scene40-camera1.mov
FEED,FEED+,Brady,ASL_2011_06_14_Brady,17,2326,2348,data/raw/videos/ASL_2011_06_14_Brady/scene17-camera1.mov
FEEDBACK,FEEDBACK_2,Liz,ASL_2010_08_10_Liz_additional_lexicon_signs,12,2890,2913,data/raw/videos/ASL_2010_08_10_Liz_additional_lexicon_signs/scene12-camera1.mov
FEEL,FEEL+,Liz,ASL_2008_01_18,40,765,801,data/raw/videos/ASL_2008_01_18/scene40-camera1.mov
FEEL+DEFLATE,FEEL+DEFLATE,Liz,ASL_2010_08_10_Liz_additional_lexicon_signs,24,1667,1703,data/raw/videos/ASL_2010_08_10_Liz_additional_lexicon_signs/scene24-camera1.mov
FEEL+GRIEF,FEEL+GRIEF,Brady,ASL_2011_06_14_Brady,29,3572,3614,data/raw/videos/ASL_2011_06_14_Brady/scene29-camera1.mov
FEEL+NONE/NOTHING,FEEL+NONE/NOTHING,Liz,ASL_2010_08_10_Liz_additional_lexicon_signs,6,2031,2105,data/raw/videos/ASL_2010_08_10_Liz_additional_lexicon_signs/scene6-camera1.mov
FEMALE-COUSIN,FEMALE-COUSIN,Liz,ASL_2008_01_18,7,1771,1813,data/raw/videos/ASL_2008_01_18/scene7-camera1.mov
FEMALE-FIGURE,FEMALE-FIGURE,Brady,ASL_2011_06_14_Brady,18,311,340,data/raw/videos/ASL_2011_06_14_Brady/scene18-camera1.mov
FENCE,FENCE,Liz,ASL_2008_01_18,40,1367,1395,data/raw/videos/ASL_2008_01_18/scene40-camera1.mov
FERRIS-WHEEL/FAIR,FERRIS-WHEEL/FAIR+,Brady,ASL_2011_06_08_Brady,27,14600,14650,data/raw/videos/ASL_2011_06_08_Brady/scene27-camera1.mov
FEW,FEW,Liz,ASL_2008_02_29,27,1185,1225,data/raw/videos/ASL_2008_02_29/scene27-camera1.mov
FEW/CLOSE,FEW/CLOSE,Liz,ASL_2010_08_10_Liz_additional_lexicon_signs,16,932,970,data/raw/videos/ASL_2010_08_10_Liz_additional_lexicon_signs/scene16-camera1.mov
FIANCE,FIANCE,Liz,ASL_2010_08_10_Liz_additional_lexicon_signs,28,1662,1720,data/raw/videos/ASL_2010_08_10_Liz_additional_lexicon_signs/scene28-camera1.mov
FIFTEEN,FIFTEEN,Liz,ASL_2008_01_11,2,305,346,data/raw/videos/ASL_2008_01_11/scene2-camera1.mov
FIFTH,FIFTH,Liz,ASL_2008_01_18,40,1592,1622,data/raw/videos/ASL_2008_01_18/scene40-camera1.mov
FIFTH-PLACE,FIFTH-PLACE,Liz,ASL_2010_08_10_Liz_additional_lexicon_signs,11,2985,3030,data/raw/videos/ASL_2010_08_10_Liz_additional_lexicon_signs/scene11-camera1.mov
FIFTY-FIVE,FIFTY-FIVE,Liz,ASL_2010_08_10_Liz_additional_lexicon_signs,19,885,930,data/raw/videos/ASL_2010_08_10_Liz_additional_lexicon_signs/scene19-camera1.mov
FIGHT,FIGHT,Liz,ASL_2008_01_18,40,2025,2052,data/raw/videos/ASL_2008_01_18/scene40-camera1.mov
FIGURE-OUT,FIGURE-OUT+,Liz,ASL_2008_02_15,12,1205,1275,data/raw/videos/ASL_2008_02_15/scene12-camera1.mov
FILE,(nd-B-L)FILE,Liz,ASL_2008_01_18,41,960,972,data/raw/videos/ASL_2008_01_18/scene41-camera1.mov
FILL-OUT,FILL-OUT,Liz,ASL_2008_02_29,11,1075,1107,data/raw/videos/ASL_2008_02_29/scene11-camera1.mov
FILTHY,FILTHY,Liz,ASL_2008_01_18,41,1220,1240,data/raw/videos/ASL_2008_01_18/scene41-camera1.mov
FINALLY,FINALLY,Liz,ASL_2008_01_18,41,1401,1425,data/raw/videos/ASL_2008_01_18/scene41-camera1.mov
FINANCIAL,FINANCIAL+,Liz,ASL_2008_01_18,41,1601,1636,data/raw/videos/ASL_2008_01_18/scene41-camera1.mov
FIND/FIND-OUT,FIND/FIND-OUT,Liz,ASL_2008_01_18,41,1806,1830,data/raw/videos/ASL_2008_01_18/scene41-camera1.mov
FINE,FINE+,Liz,ASL_2008_01_18,41,1985,2020,data/raw/videos/ASL_2008_01_18/scene41-camera1.mov
FINGER,FINGER,Liz,ASL_2008_01_18,41,2335,2405,data/raw/videos/ASL_2008_01_18/scene41-camera1.mov
FINGERPRINTS,FINGERPRINTS,Liz,ASL_2008_01_18,41,2601,2630,data/raw/videos/ASL_2008_01_18/scene41-camera1.mov
FINGERS,FINGERS,Liz,ASL_2008_01_18,42,286,330,data/raw/videos/ASL_2008_01_18/scene42-camera1.mov
FINGERSPELL,FINGERSPELL+,Liz,ASL_2008_01_11,66,555,595,data/raw/videos/ASL_2008_01_11/scene66-camera1.mov
FINISH,(1h)FINISH,Liz,ASL_2008_02_29,48,513,548,data/raw/videos/ASL_2008_02_29/scene48-camera1.mov
FIRE/BURN,(2h)alt.FIRE++,Liz,ASL_2008_01_18,42,1545,1622,data/raw/videos/ASL_2008_01_18/scene42-camera1.mov
FIRE/BURN+PLACE,FIRE/BURN+PLACE,Liz,ASL_2008_01_18,42,2254,2335,data/raw/videos/ASL_2008_01_18/scene42-camera1.mov
FIRED,FIRED,Liz,ASL_2008_01_18,42,1790,1815,data/raw/videos/ASL_2008_01_18/scene42-camera1.mov
FIREMAN,FIREMAN,Liz,ASL_2008_01_18,42,2025,2065,data/raw/videos/ASL_2008_01_18/scene42-camera1.mov
FIRST,FIRST,Liz,ASL_2010_08_10_Liz_additional_lexicon_signs,18,321,365,data/raw/videos/ASL_2010_08_10_Liz_additional_lexicon_signs/scene18-camera1.mov
FIRST-IN-LIST,FIRST-IN-LIST,Liz,ASL_2008_01_18,42,2475,2500,data/raw/videos/ASL_2008_01_18/scene42-camera1.mov
FIRST-PLACE,FIRST-PLACE,Liz,ASL_2010_08_10_Liz_additional_lexicon_signs,13,125,180,data/raw/videos/ASL_2010_08_10_Liz_additional_lexicon_signs/scene13-camera1.mov
FISH,(1h)FISH,Liz,ASL_2010_08_10_Liz_additional_lexicon_signs,11,3745,3790,data/raw/videos/ASL_2010_08_10_Liz_additional_lexicon_signs/scene11-camera1.mov
FISHING,FISHING+,Liz,ASL_2008_01_18,43,451,500,data/raw/videos/ASL_2008_01_18/scene43-camera1.mov
FIST,FIST,Naomi,ASL_2008_08_06,43,685,712,data/raw/videos/ASL_2008_08_06/scene43-camera1.mov
FIVE,FIVE,Liz,ASL_2008_01_11,3,2090,2135,data/raw/videos/ASL_2008_01_11/scene3-camera1.mov
FIVE-DOLLARS,FIVE-DOLLARS,Liz,ASL_2010_08_10_Liz_additional_lexicon_signs,11,2851,2880,data/raw/videos/ASL_2010_08_10_Liz_additional_lexicon_signs/scene11-camera1.mov
FIVE-HOURS,FIVE-HOURS,Brady,ASL_2011_06_14_Brady,19,2622,2649,data/raw/videos/ASL_2011_06_14_Brady/scene19-camera1.mov
FIVE-MONTHS,FIVE-MONTHS,Liz,ASL_2010_08_10_Liz_additional_lexicon_signs,16,7485,7545,data/raw/videos/ASL_2010_08_10_Liz_additional_lexicon_signs/scene16-camera1.mov
FIVE-WEEKS,FIVE-WEEKS,Liz,ASL_2010_08_10_Liz_additional_lexicon_signs,16,6126,6180,data/raw/videos/ASL_2010_08_10_Liz_additional_lexicon_signs/scene16-camera1.mov
FIVE_2+HOUR,FIVE_2+HOUR,Liz,ASL_2010_08_10_Liz_additional_lexicon_signs,16,4629,4713,data/raw/videos/ASL_2010_08_10_Liz_additional_lexicon_signs/scene16-camera1.mov
FIX,FIX++,Brady,ASL_2011_06_14_Brady,19,3793,3834,data/raw/videos/ASL_2011_06_14_Brady/scene19-camera1.mov
FLAG,FLAG+,Liz,ASL_2008_01_18,43,2045,2120,data/raw/videos/ASL_2008_01_18/scene43-camera1.mov
FLAG_2,FLAG_2+,Liz,ASL_2008_01_18,43,2291,2352,data/raw/videos/ASL_2008_01_18/scene43-camera1.mov
FLASHLIGHT,FLASHLIGHT+,Liz,ASL_2008_01_18,44,265,330,data/raw/videos/ASL_2008_01_18/scene44-camera1.mov
FLASHLIGHT_2,FLASHLIGHT_2++,Tyler,ASL_2008_05_29a,23,3205,3261,data/raw/videos/ASL_2008_05_29a/scene23-camera1.mov
FLAT-TIRE,FLAT-TIRE,Liz,ASL_2008_01_18,13,2561,2585,data/raw/videos/ASL_2008_01_18/scene13-camera1.mov
FLAT/FLOOR,FLAT/FLOOR,Liz,ASL_2008_01_18,44,690,715,data/raw/videos/ASL_2008_01_18/scene44-camera1.mov
FLAT/LEVEL,FLAT/LEVEL,Liz,ASL_2008_01_18,4,390,491,data/raw/videos/ASL_2008_01_18/scene4-camera1.mov
FLEXIBLE,FLEXIBLE+,Liz,ASL_2008_01_18,44,1076,1145,data/raw/videos/ASL_2008_01_18/scene44-camera1.mov
FLIP-FLOP,FLIP-FLOP,Liz,ASL_2008_02_29,21,3505,3545,data/raw/videos/ASL_2008_02_29/scene21-camera1.mov
FLIP-OVER,FLIP-OVER,Naomi,ASL_2008_08_06,44,2057,2085,data/raw/videos/ASL_2008_08_06/scene44-camera1.mov
FLIRT,FLIRT,Liz,ASL_2008_01_18,44,2230,2275,data/raw/videos/ASL_2008_01_18/scene44-camera1.mov
FLOAT,FLOAT+,Liz,ASL_2008_01_18,45,375,465,data/raw/videos/ASL_2008_01_18/scene45-camera1.mov
FLOW,FLOW++,Brady,ASL_2011_06_14_Brady,20,3219,3266,data/raw/videos/ASL_2011_06_14_Brady/scene20-camera1.mov
FLOWER,(R)FLOWER,Liz,ASL_2008_02_29,18,4910,4945,data/raw/videos/ASL_2008_02_29/scene18-camera1.mov
FLUNK,FLUNK,Liz,ASL_2008_01_18,45,1580,1610,data/raw/videos/ASL_2008_01_18/scene45-camera1.mov
FLUTE,FLUTE_2,Liz,ASL_2008_01_18,45,2135,2175,data/raw/videos/ASL_2008_01_18/scene45-camera1.mov
FLY-BY-PLANE,FLY-BY-PLANE,Liz,ASL_2008_01_18,45,2570,2600,data/raw/videos/ASL_2008_01_18/scene45-camera1.mov
FLY-BY-WINGS,FLY-BY-WINGS,Tyler,ASL_2008_05_29a,25,3432,3470,data/raw/videos/ASL_2008_05_29a/scene25-camera1.mov
FLY-KITE,FLY-KITE,Liz,ASL_2008_01_18,45,2370,2437,data/raw/videos/ASL_2008_01_18/scene45-camera1.mov
FOCUS/NARROW,FOCUS/NARROW,Liz,ASL_2008_02_15,15,725,780,data/raw/videos/ASL_2008_02_15/scene15-camera1.mov
FOLD,FOLD+,Brady,ASL_2011_06_14_Brady,20,6851,6884,data/raw/videos/ASL_2011_06_14_Brady/scene20-camera1.mov
FOLLOW,FOLLOW,Liz,ASL_2008_01_18,46,935,972,data/raw/videos/ASL_2008_01_18/scene46-camera1.mov
FOOT,FOOT,Liz,ASL_2008_01_18,46,2635,2656,data/raw/videos/ASL_2008_01_18/scene46-camera1.mov
FOOTBALL,FOOTBALL+,Liz,ASL_2008_01_18,46,2810,2845,data/raw/videos/ASL_2008_01_18/scene46-camera1.mov
FOOTSTEP,FOOTSTEP,Liz,ASL_2008_01_18,47,307,355,data/raw/videos/ASL_2008_01_18/scene47-camera1.mov
FOR,FOR,Liz,ASL_2008_01_18,47,521,545,data/raw/videos/ASL_2008_01_18/scene47-camera1.mov
FOR-FOR,FOR-FOR+,Liz,ASL_2008_03_28,39,1036,1062,data/raw/videos/ASL_2008_03_28/scene39-camera1.mov
FORCE,(1h)FORCE,Liz,ASL_2008_01_18,47,921,946,data/raw/videos/ASL_2008_01_18/scene47-camera1.mov
FOREHEAD,FOREHEAD,Liz,ASL_2008_01_18,47,1167,1195,data/raw/videos/ASL_2008_01_18/scene47-camera1.mov
FOREIGN,FOREIGN+,Liz,ASL_2008_01_18,47,1670,1730,data/raw/videos/ASL_2008_01_18/scene47-camera1.mov
FOREVER,FOREVER,Liz,ASL_2008_03_28,20,537,580,data/raw/videos/ASL_2008_03_28/scene20-camera1.mov
FORGET,FORGET,Liz,ASL_2008_01_18,47,2170,2200,data/raw/videos/ASL_2008_01_18/scene47-camera1.mov
FORK,FORK+,Liz,ASL_2008_01_18,48,509,571,data/raw/videos/ASL_2008_01_18/scene48-camera1.mov
FORK-IN-ROAD,FORK-IN-ROAD,Liz,ASL_2008_01_11,54,510,540,data/raw/videos/ASL_2008_01_11/scene54-camera1.mov
FORK-IN-ROAD_3,FORK-IN-ROAD_3,Brady,ASL_2011_06_08_Brady,23,4418,4439,data/raw/videos/ASL_2011_06_08_Brady/scene23-camera1.mov
FORM,FORM,Liz,ASL_2008_01_18,48,1435,1500,data/raw/videos/ASL_2008_01_18/scene48-camera1.mov
FORMERLY,FORMERLY+,Liz,ASL_2008_03_28,29,2260,2301,data/raw/videos/ASL_2008_03_28/scene29-camera1.mov
FORTY,FORTY,Liz,ASL_2008_01_18,48,1881,1900,data/raw/videos/ASL_2008_01_18/scene48-camera1.mov
FORTY-FOUR,FORTY-FOUR,Liz,ASL_2010_08_10_Liz_additional_lexicon_signs,19,740,780,data/raw/videos/ASL_2010_08_10_Liz_additional_lexicon_signs/scene19-camera1.mov
FOUNDATION,FOUNDATION_2,Liz,ASL_2008_01_18,48,2420,2460,data/raw/videos/ASL_2008_01_18/scene48-camera1.mov
FOUNTAIN,FOUNTAIN,Liz,ASL_2008_01_18,48,2830,2886,data/raw/videos/ASL_2008_01_18/scene48-camera1.mov
FOUR,FOUR,Liz,ASL_2008_01_11,2,2125,2155,data/raw/videos/ASL_2008_01_11/scene2-camera1.mov
FOUR-DOLLARS,FOUR-DOLLARS,Liz,ASL_2010_08_10_Liz_additional_lexicon_signs,15,655,692,data/raw/videos/ASL_2010_08_10_Liz_additional_lexicon_signs/scene15-camera1.mov
FOUR-HOURS,FOUR-HOURS,Brady,ASL_2011_06_14_Brady,22,4785,4814,data/raw/videos/ASL_2011_06_14_Brady/scene22-camera1.mov
FOUR-MONTHS,FOUR-MONTHS,Liz,ASL_2010_08_10_Liz_additional_lexicon_signs,16,7305,7370,data/raw/videos/ASL_2010_08_10_Liz_additional_lexicon_signs/scene16-camera1.mov
FOUR-WEEKS,FOUR-WEEKS,Liz,ASL_2010_08_10_Liz_additional_lexicon_signs,16,5955,6015,data/raw/videos/ASL_2010_08_10_Liz_additional_lexicon_signs/scene16-camera1.mov
FOURTEEN,FOURTEEN+,Liz,ASL_2008_01_11,2,515,550,data/raw/videos/ASL_2008_01_11/scene2-camera1.mov
FOURTH-PLACE,FOURTH-PLACE,Liz,ASL_2010_08_10_Liz_additional_lexicon_signs,13,560,610,data/raw/videos/ASL_2010_08_10_Liz_additional_lexicon_signs/scene13-camera1.mov
FOUR_2+HOUR,FOUR_2+HOUR,Liz,ASL_2010_08_10_Liz_additional_lexicon_signs,16,4441,4514,data/raw/videos/ASL_2010_08_10_Liz_additional_lexicon_signs/scene16-camera1.mov
FOX,FOX+,Liz,ASL_2008_01_18,49,350,385,data/raw/videos/ASL_2008_01_18/scene49-camera1.mov
FRACTION,(1h)FRACTION,Liz,ASL_2010_08_10_Liz_additional_lexicon_signs,28,2997,3050,data/raw/videos/ASL_2010_08_10_Liz_additional_lexicon_signs/scene28-camera1.mov
FRAME,FRAME,Liz,ASL_2008_01_18,49,620,680,data/raw/videos/ASL_2008_01_18/scene49-camera1.mov
FRECKLES,(1h)FRECKLES,Liz,ASL_2008_01_18,49,1220,1265,data/raw/videos/ASL_2008_01_18/scene49-camera1.mov
FREE,FREE,Liz,ASL_2008_01_18,49,1405,1435,data/raw/videos/ASL_2008_01_18/scene49-camera1.mov
FREEZE,FREEZE,Liz,ASL_2008_01_18,49,1567,1595,data/raw/videos/ASL_2008_01_18/scene49-camera1.mov
FRESHMAN,FRESHMAN++,Liz,ASL_2008_01_18,49,2335,2395,data/raw/videos/ASL_2008_01_18/scene49-camera1.mov
FRESHMAN_2,FRESHMAN_2++,Liz,ASL_2008_01_18,49,2591,2631,data/raw/videos/ASL_2008_01_18/scene49-camera1.mov
FRESHMAN_3,FRESHMAN_3+,Brady,ASL_2011_06_14_Brady,23,1709,1743,data/raw/videos/ASL_2011_06_14_Brady/scene23-camera1.mov
FRESHMAN_4,FRESHMAN_4,Liz,ASL_2008_01_18,49,2895,2935,data/raw/videos/ASL_2008_01_18/scene49-camera1.mov
FRIDAY,FRIDAY+,Liz,ASL_2008_01_18,50,255,301,data/raw/videos/ASL_2008_01_18/scene50-camera1.mov
FRIEND,FRIEND,Liz,ASL_2008_01_18,50,455,490,data/raw/videos/ASL_2008_01_18/scene50-camera1.mov
FRIENDLY,FRIENDLY,Liz,ASL_2008_02_15,42,826,858,data/raw/videos/ASL_2008_02_15/scene42-camera1.mov
FROG,FROG+,Liz,ASL_2008_01_18,50,704,741,data/raw/videos/ASL_2008_01_18/scene50-camera1.mov
FROM,FROM,Liz,ASL_2008_01_18,50,916,945,data/raw/videos/ASL_2008_01_18/scene50-camera1.mov
FROM-NOW-ON,FROM-NOW-ON,Liz,ASL_2008_01_18,50,1127,1157,data/raw/videos/ASL_2008_01_18/scene50-camera1.mov
FRONT,FRONT+,Tyler,ASL_2008_05_29a,31,970,1005,data/raw/videos/ASL_2008_05_29a/scene31-camera1.mov
FRUIT,FRUIT+,Liz,ASL_2008_01_18,50,1957,1980,data/raw/videos/ASL_2008_01_18/scene50-camera1.mov
FRUSTRATE,FRUSTRATE+,Brady,ASL_2011_06_14_Brady,23,4593,4612,data/raw/videos/ASL_2011_06_14_Brady/scene23-camera1.mov
FRUSTRATED/THWARTED,FRUSTRATED/THWARTED,Liz,ASL_2008_01_18,50,2140,2157,data/raw/videos/ASL_2008_01_18/scene50-camera1.mov
FULL,FULL,Liz,ASL_2008_01_18,2,775,810,data/raw/videos/ASL_2008_01_18/scene2-camera1.mov
FUN,FUN,Liz,ASL_2008_02_01,1,1660,1700,data/raw/videos/ASL_2008_02_01/scene1-camera1.mov
FUNCTION,FUNCTION+,Liz,ASL_2008_02_01,1,1956,2005,data/raw/videos/ASL_2008_02_01/scene1-camera1.mov
FUNERAL,FUNERAL+,Liz,ASL_2008_02_01,1,2221,2275,data/raw/videos/ASL_2008_02_01/scene1-camera1.mov
FUNNY,FUNNY+,Liz,ASL_2008_02_01,1,2506,2540,data/raw/videos/ASL_2008_02_01/scene1-camera1.mov
FURNITURE,FURNITURE,Liz,ASL_2008_02_01,1,2780,2830,data/raw/videos/ASL_2008_02_01/scene1-camera1.mov
FUTURE,FUTURE,Liz,ASL_2008_02_01,1,3106,3151,data/raw/videos/ASL_2008_02_01/scene1-camera1.mov
False,FALSE+,Liz,ASL_2008_01_18,38,662,702,data/raw/videos/ASL_2008_01_18/scene38-camera1.mov
G,G,Liz,ASL_2008_02_01,2,401,455,data/raw/videos/ASL_2008_02_01/scene2-camera1.mov
GAMBLE,GAMBLE,Liz,ASL_2008_02_01,2,810,855,data/raw/videos/ASL_2008_02_01/scene2-camera1.mov
GAME,GAME+,Liz,ASL_2008_02_01,2,1035,1080,data/raw/videos/ASL_2008_02_01/scene2-camera1.mov
GANG,GANG+,Liz,ASL_2008_02_01,2,1286,1350,data/raw/videos/ASL_2008_02_01/scene2-camera1.mov
"GANG+++SCL:C""group go together""","GANG+++SCL:C""group go together""",Liz,ASL_2008_02_01,2,1940,2008,data/raw/videos/ASL_2008_02_01/scene2-camera1.mov
GARAGE/SUBMARINE,GARAGE/SUBMARINE+,Liz,ASL_2008_02_01,2,2680,2740,data/raw/videos/ASL_2008_02_01/scene2-camera1.mov
GAS/GAS-UP,GAS/GAS-UP,Liz,ASL_2008_02_29,3,1056,1111,data/raw/videos/ASL_2008_02_29/scene3-camera1.mov
GATE,GATE+,Liz,ASL_2008_02_01,2,3530,3600,data/raw/videos/ASL_2008_02_01/scene2-camera1.mov
GAY,GAY,Liz,ASL_2008_02_01,3,295,340,data/raw/videos/ASL_2008_02_01/scene3-camera1.mov
GENERAL,GENERAL,Liz,ASL_2008_02_01,3,530,575,data/raw/videos/ASL_2008_02_01/scene3-camera1.mov
GENERATION,GENERATION+,Liz,ASL_2008_02_01,3,750,830,data/raw/videos/ASL_2008_02_01/scene3-camera1.mov
GENERATIONS-AGO,GENERATIONS-AGO+,Liz,ASL_2008_01_11,14,765,825,data/raw/videos/ASL_2008_01_11/scene14-camera1.mov
GEOMETRY,GEOMETRY+,Liz,ASL_2008_02_01,3,1256,1307,data/raw/videos/ASL_2008_02_01/scene3-camera1.mov
GET,GET,Liz,ASL_2008_02_29,7,462,496,data/raw/videos/ASL_2008_02_29/scene7-camera1.mov
GET-BIGGER,GET-BIGGER,Liz,ASL_2008_03_28,2,1055,1130,data/raw/videos/ASL_2008_03_28/scene2-camera1.mov
GET-CLOSE,GET-CLOSE,Liz,ASL_2008_01_11,19,1845,1890,data/raw/videos/ASL_2008_01_11/scene19-camera1.mov
GET-IN,GET-IN,Liz,ASL_2008_02_01,3,2795,2861,data/raw/videos/ASL_2008_02_01/scene3-camera1.mov
GET-ON,GET-ON,Brady,ASL_2011_06_14_Brady,25,2773,2802,data/raw/videos/ASL_2011_06_14_Brady/scene25-camera1.mov
GET-OUT,GET-OUT,Liz,ASL_2008_02_29,12,1353,1391,data/raw/videos/ASL_2008_02_29/scene12-camera1.mov
GET-RID-OF,GET-RID-OF,Liz,ASL_2008_03_28,16,1097,1126,data/raw/videos/ASL_2008_03_28/scene16-camera1.mov
GET-TICKET,GET-TICKET,Liz,ASL_2008_02_01,3,1985,2040,data/raw/videos/ASL_2008_02_01/scene3-camera1.mov
GET-UP,GET-UP,Liz,ASL_2008_02_01,4,1005,1061,data/raw/videos/ASL_2008_02_01/scene4-camera1.mov
GHOST,GHOST,Liz,ASL_2008_02_01,4,1266,1311,data/raw/videos/ASL_2008_02_01/scene4-camera1.mov
GIFT,(1h)GIFT,Liz,ASL_2008_02_01,5,770,800,data/raw/videos/ASL_2008_02_01/scene5-camera1.mov
GIGGLE,GIGGLE,Liz,ASL_2008_01_11,76,1375,1400,data/raw/videos/ASL_2008_01_11/scene76-camera1.mov
GIRAFFE,GIRAFFE,Liz,ASL_2010_08_10_Liz_additional_lexicon_signs,2,1211,1260,data/raw/videos/ASL_2010_08_10_Liz_additional_lexicon_signs/scene2-camera1.mov
GIRL,GIRL+,Liz,ASL_2008_02_01,4,2365,2395,data/raw/videos/ASL_2008_02_01/scene4-camera1.mov
GIRL+BABY_2,GIRL+BABY_2,Liz,ASL_2008_01_18,12,1886,1918,data/raw/videos/ASL_2008_01_18/scene12-camera1.mov
GIRL+CORRECT,GIRL+ALSO,Liz,ASL_2010_08_10_Liz_additional_lexicon_signs,3,3115,3170,data/raw/videos/ASL_2010_08_10_Liz_additional_lexicon_signs/scene3-camera1.mov
GIRL+CORRECT+LAW,GIRL+CORRECT+LAW,Liz,ASL_2008_02_29,33,561,624,data/raw/videos/ASL_2008_02_29/scene33-camera1.mov
GIRL+FRIEND,GIRL+FRIEND,Liz,ASL_2008_02_01,4,2625,2676,data/raw/videos/ASL_2008_02_01/scene4-camera1.mov
GIRL+MARRY,GIRL+MARRY,Liz,ASL_2008_03_28,42,306,348,data/raw/videos/ASL_2008_03_28/scene42-camera1.mov
GIRL-SCOUT,GIRL-SCOUT,Liz,ASL_2008_02_29,24,1925,1952,data/raw/videos/ASL_2008_02_29/scene24-camera1.mov
GIVE,(2h)GIVE,Liz,ASL_2008_01_18,40,585,606,data/raw/videos/ASL_2008_01_18/scene40-camera1.mov
GIVE-UP,GIVE-UP,Liz,ASL_2008_02_01,5,501,545,data/raw/videos/ASL_2008_02_01/scene5-camera1.mov
GLASSES,GLASSES+,Liz,ASL_2008_02_01,6,1295,1340,data/raw/videos/ASL_2008_02_01/scene6-camera1.mov
GLASSES_2,GLASSES_2+,Brady,ASL_2011_06_14_Brady,26,2295,2317,data/raw/videos/ASL_2011_06_14_Brady/scene26-camera1.mov
GLOBE,GLOBE,Liz,ASL_2008_02_01,6,1666,1737,data/raw/videos/ASL_2008_02_01/scene6-camera1.mov
GLORY,GLORY,Liz,ASL_2008_02_01,7,246,311,data/raw/videos/ASL_2008_02_01/scene7-camera1.mov
GLOVES,GLOVES,Liz,ASL_2008_02_01,7,500,580,data/raw/videos/ASL_2008_02_01/scene7-camera1.mov
GLOVES_2,GLOVES_2,Naomi,ASL_2008_08_13,6,267,317,data/raw/videos/ASL_2008_08_13/scene6-camera1.mov
GLUE,GLUE,Liz,ASL_2008_02_01,7,1202,1251,data/raw/videos/ASL_2008_02_01/scene7-camera1.mov
GO,(1h)GO,Liz,ASL_2008_02_01,7,1445,1495,data/raw/videos/ASL_2008_02_01/scene7-camera1.mov
GO-AWAY,GO-AWAY,Liz,ASL_2008_01_11,27,755,780,data/raw/videos/ASL_2008_01_11/scene27-camera1.mov
GO-BY-BOAT,GO-BY-BOAT,Liz,ASL_2008_02_01,7,2071,2140,data/raw/videos/ASL_2008_02_01/scene7-camera1.mov
GO-OUT,GO-OUT+,Brady,ASL_2011_07_19_Brady,23,2914,2944,data/raw/videos/ASL_2011_07_19_Brady/scene23-camera1.mov
GO-TO-IT,GO-TO-IT,Liz,ASL_2008_02_01,8,645,670,data/raw/videos/ASL_2008_02_01/scene8-camera1.mov
GOAL,GOAL,Liz,ASL_2008_02_01,8,886,931,data/raw/videos/ASL_2008_02_01/scene8-camera1.mov
GOAT,GOAT,Liz,ASL_2008_02_01,8,1090,1127,data/raw/videos/ASL_2008_02_01/scene8-camera1.mov
GOD,GOD,Liz,ASL_2008_02_01,8,1305,1346,data/raw/videos/ASL_2008_02_01/scene8-camera1.mov
GOLD/ns-CALIFORNIA,GOLD/ns-CALIFORNIA,Liz,ASL_2008_01_11,61,2045,2065,data/raw/videos/ASL_2008_01_11/scene61-camera1.mov
GOLD/ns-CALIFORNIA+YELLOW,GOLD/ns-CALIFORNIA+YELLOW,Liz,ASL_2008_02_01,8,1507,1560,data/raw/videos/ASL_2008_02_01/scene8-camera1.mov
GOLF,GOLF,Liz,ASL_2008_02_01,8,1785,1842,data/raw/videos/ASL_2008_02_01/scene8-camera1.mov
GONE,GONE,Liz,ASL_2008_02_01,8,1987,2026,data/raw/videos/ASL_2008_02_01/scene8-camera1.mov
GOOD+ENOUGH,GOOD+ENOUGH,Lana,ASL_2006_10_10,12,578,602,data/raw/videos/ASL_2006_10_10/scene12-camera1.mov
GOOD+LUCKY,GOOD+LUCKY,Liz,ASL_2008_02_01,9,464,497,data/raw/videos/ASL_2008_02_01/scene9-camera1.mov
GOOD+MORNING,(1h)GOOD/THANK-YOU+(1h)MORNING,Liz,ASL_2008_02_01,9,893,920,data/raw/videos/ASL_2008_02_01/scene9-camera1.mov
GOOD+NIGHT,(1h)GOOD/THANK-YOU+NIGHT,Liz,ASL_2008_02_01,9,1107,1146,data/raw/videos/ASL_2008_02_01/scene9-camera1.mov
GOOSEBUMPS,GOOSEBUMPS,Brady,ASL_2011_07_19_Brady,70,1430,1464,data/raw/videos/ASL_2011_07_19_Brady/scene70-camera1.mov
GORILLA,GORILLA+,Liz,ASL_2010_08_10_Liz_additional_lexicon_signs,12,155,207,data/raw/videos/ASL_2010_08_10_Liz_additional_lexicon_signs/scene12-camera1.mov
GOSSIP,GOSSIP+,Liz,ASL_2008_02_01,9,1390,1457,data/raw/videos/ASL_2008_02_01/scene9-camera1.mov
GOVERNMENT,GOVERNMENT,Liz,ASL_2008_01_11,64,1175,1210,data/raw/videos/ASL_2008_01_11/scene64-camera1.mov
GOVERNMENT+AGENT,GOVERNMENT+AGENT,Liz,ASL_2008_02_01,10,107,180,data/raw/videos/ASL_2008_02_01/scene10-camera1.mov
GRAB,GRAB,Liz,ASL_2008_02_01,10,826,870,data/raw/videos/ASL_2008_02_01/scene10-camera1.mov
GRAB-CHANCE,GRAB-CHANCE,Liz,ASL_2008_02_01,10,1065,1112,data/raw/videos/ASL_2008_02_01/scene10-camera1.mov
GRAD,GRAD+,Liz,ASL_2010_08_10_Liz_additional_lexicon_signs,30,575,631,data/raw/videos/ASL_2010_08_10_Liz_additional_lexicon_signs/scene30-camera1.mov
GRADUAL-DECLINE-A-LOT,GRADUAL-DECLINE++,Liz,ASL_2008_01_18,16,357,425,data/raw/videos/ASL_2008_01_18/scene16-camera1.mov
GRADUAL-IMPROVE,GRADUAL-IMPROVE,Liz,ASL_2008_02_01,30,950,1015,data/raw/videos/ASL_2008_02_01/scene30-camera1.mov
GRADUATE,GRADUATE,Liz,ASL_2008_02_01,11,257,330,data/raw/videos/ASL_2008_02_01/scene11-camera1.mov
GRAMMAR,GRAMMAR,Liz,ASL_2008_02_01,11,740,792,data/raw/videos/ASL_2008_02_01/scene11-camera1.mov
GRANDFATHER,GRANDFATHER,Liz,ASL_2008_02_01,11,965,1005,data/raw/videos/ASL_2008_02_01/scene11-camera1.mov
GRANDMOTHER,GRANDMOTHER,Liz,ASL_2008_02_01,11,1215,1257,data/raw/videos/ASL_2008_02_01/scene11-camera1.mov
GRAPES,GRAPES++,Liz,ASL_2008_02_01,11,1437,1486,data/raw/videos/ASL_2008_02_01/scene11-camera1.mov
GRASS,GRASS+,Liz,ASL_2008_02_01,11,1690,1720,data/raw/videos/ASL_2008_02_01/scene11-camera1.mov
GRAY,GRAY++,Liz,ASL_2008_02_01,11,2796,2845,data/raw/videos/ASL_2008_02_01/scene11-camera1.mov
GREAT,GREAT+,Liz,ASL_2008_03_28,8,780,815,data/raw/videos/ASL_2008_03_28/scene8-camera1.mov
GREEDY,GREEDY,Liz,ASL_2010_08_10_Liz_additional_lexicon_signs,29,1015,1055,data/raw/videos/ASL_2010_08_10_Liz_additional_lexicon_signs/scene29-camera1.mov
GREEN,GREEN,Liz,ASL_2008_02_01,12,505,536,data/raw/videos/ASL_2008_02_01/scene12-camera1.mov
GRIEF,GRIEF,Liz,ASL_2008_02_01,12,1132,1187,data/raw/videos/ASL_2008_02_01/scene12-camera1.mov
GRIP,GRIP,Liz,ASL_2008_02_01,12,1345,1385,data/raw/videos/ASL_2008_02_01/scene12-camera1.mov
GROUCHY,GROUCHY+,Liz,ASL_2008_02_01,12,1868,1902,data/raw/videos/ASL_2008_02_01/scene12-camera1.mov
GROUND,GROUND+,Liz,ASL_2008_01_18,18,2235,2302,data/raw/videos/ASL_2008_01_18/scene18-camera1.mov
GROUND+AREA_2,GROUND+AREA,Liz,ASL_2008_02_29,6,2359,2432,data/raw/videos/ASL_2008_02_29/scene6-camera1.mov
GROUP,GROUP,Liz,ASL_2008_02_01,12,2150,2196,data/raw/videos/ASL_2008_02_01/scene12-camera1.mov
GROUP/TOGETHER,GROUP/TOGETHER,Liz,ASL_2008_02_01,12,2341,2377,data/raw/videos/ASL_2008_02_01/scene12-camera1.mov
GROW,GROW,Liz,ASL_2008_02_01,13,246,290,data/raw/videos/ASL_2008_02_01/scene13-camera1.mov
GROW++COLLECT,GROW+++COLLECT,Brady,ASL_2011_06_14_Brady,32,2266,2343,data/raw/videos/ASL_2011_06_14_Brady/scene32-camera1.mov
GROW-UP,GROW-UP,Liz,ASL_2008_02_29,5,2775,2835,data/raw/videos/ASL_2008_02_29/scene5-camera1.mov
GUILTY,GUILTY+,Liz,ASL_2008_01_11,19,1541,1590,data/raw/videos/ASL_2008_01_11/scene19-camera1.mov
GUITAR,GUITAR++,Liz,ASL_2008_01_11,21,246,290,data/raw/videos/ASL_2008_01_11/scene21-camera1.mov
GUM,GUM+,Liz,ASL_2008_01_11,74,560,601,data/raw/videos/ASL_2008_01_11/scene74-camera1.mov
GUN,GUN,Liz,ASL_2008_02_01,13,2765,2797,data/raw/videos/ASL_2008_02_01/scene13-camera1.mov
GYM,GYM+,Liz,ASL_2008_02_01,15,240,290,data/raw/videos/ASL_2008_02_01/scene15-camera1.mov
GYMNASTICS,GYMNASTICS,Liz,ASL_2010_08_10_Liz_additional_lexicon_signs,29,1390,1455,data/raw/videos/ASL_2010_08_10_Liz_additional_lexicon_signs/scene29-camera1.mov
H,H,Liz,ASL_2008_02_01,15,660,705,data/raw/videos/ASL_2008_02_01/scene15-camera1.mov
HABIT,HABIT,Liz,ASL_2008_02_01,15,991,1030,data/raw/videos/ASL_2008_02_01/scene15-camera1.mov
HAIR,HAIR,Liz,ASL_2008_02_01,15,1465,1500,data/raw/videos/ASL_2008_02_01/scene15-camera1.mov
HAIRBRUSH,HAIRBRUSH+,Liz,ASL_2008_02_01,15,1625,1680,data/raw/videos/ASL_2008_02_01/scene15-camera1.mov
HAIRCUT,HAIRCUT_2+,Liz,ASL_2008_02_01,57,1365,1422,data/raw/videos/ASL_2008_02_01/scene57-camera1.mov
HAIRCUT+AGENT,(1h)HAIRCUT++AGENT,Liz,ASL_2008_01_11,32,525,588,data/raw/videos/ASL_2008_01_11/scene32-camera1.mov
HAIRCUT/TRIM,HAIRCUT/TRIM,Liz,ASL_2008_03_28,30,3161,3190,data/raw/videos/ASL_2008_03_28/scene30-camera1.mov
HAIR_2+BLOND,HAIR_2+BLOND,Liz,ASL_2008_01_11,47,805,832,data/raw/videos/ASL_2008_01_11/scene47-camera1.mov
HALF,HALF,Liz,ASL_2008_02_01,15,2247,2290,data/raw/videos/ASL_2008_02_01/scene15-camera1.mov
HALF-HALF,HALF-HALF,Liz,ASL_2010_08_10_Liz_additional_lexicon_signs,16,1115,1157,data/raw/videos/ASL_2010_08_10_Liz_additional_lexicon_signs/scene16-camera1.mov
HALL,HALL,Liz,ASL_2008_02_01,16,800,840,data/raw/videos/ASL_2008_02_01/scene16-camera1.mov
HALLOWEEN,HALLOWEEN,Liz,ASL_2008_02_01,58,2470,2500,data/raw/videos/ASL_2008_02_01/scene58-camera1.mov
HALLOWEEN_2,HALLOWEEN_2+,Liz,ASL_2008_02_01,16,1245,1285,data/raw/videos/ASL_2008_02_01/scene16-camera1.mov
HALLUCINATE,HALLUCINATE+,Tyler,ASL_2008_05_29a,50,475,515,data/raw/videos/ASL_2008_05_29a/scene50-camera1.mov
HAMBURGER,HAMBURGER,Liz,ASL_2008_01_18,46,682,720,data/raw/videos/ASL_2008_01_18/scene46-camera1.mov
HAMMER,HAMMER,Liz,ASL_2008_02_01,16,1795,1850,data/raw/videos/ASL_2008_02_01/scene16-camera1.mov
HANDS,HANDS,Liz,ASL_2008_02_01,16,2326,2361,data/raw/videos/ASL_2008_02_01/scene16-camera1.mov
HANDSOME/ns-HAWAII_2,HANDSOME/ns-HAWAII_2+,Liz,ASL_2008_02_01,19,1095,1157,data/raw/videos/ASL_2008_02_01/scene19-camera1.mov
HANG-UP-PHONE,HANG-UP-PHONE,Liz,ASL_2008_02_01,16,2870,2910,data/raw/videos/ASL_2008_02_01/scene16-camera1.mov
HANGER,HANGER,Liz,ASL_2008_02_01,18,1241,1305,data/raw/videos/ASL_2008_02_01/scene18-camera1.mov
HANUKKAH,HANUKKAH,Liz,ASL_2008_02_01,18,1785,1827,data/raw/videos/ASL_2008_02_01/scene18-camera1.mov
HAPPEN,HAPPEN,Liz,ASL_2008_02_01,18,2005,2045,data/raw/videos/ASL_2008_02_01/scene18-camera1.mov
HAPPY,(1h)HAPPY+,Liz,ASL_2008_02_01,18,2245,2297,data/raw/videos/ASL_2008_02_01/scene18-camera1.mov
HARD,HARD,Liz,ASL_2008_02_01,18,2655,2692,data/raw/videos/ASL_2008_02_01/scene18-camera1.mov
HARD-OF-HEARING,HARD-OF-HEARING,Liz,ASL_2008_02_01,18,2470,2516,data/raw/videos/ASL_2008_02_01/scene18-camera1.mov
HARMONICA,HARMONICA+,Liz,ASL_2010_08_10_Liz_additional_lexicon_signs,20,596,650,data/raw/videos/ASL_2010_08_10_Liz_additional_lexicon_signs/scene20-camera1.mov
HARP,HARP+,Liz,ASL_2008_02_01,18,3411,3525,data/raw/videos/ASL_2008_02_01/scene18-camera1.mov
HAT,HAT+,Liz,ASL_2008_02_01,19,547,576,data/raw/videos/ASL_2008_02_01/scene19-camera1.mov
HATE,HATE,Liz,ASL_2008_02_01,19,715,736,data/raw/videos/ASL_2008_02_01/scene19-camera1.mov
HAVE,HAVE,Liz,ASL_2008_02_01,19,900,940,data/raw/videos/ASL_2008_02_01/scene19-camera1.mov
HEAD,HEAD,Liz,ASL_2008_02_01,19,1543,1582,data/raw/videos/ASL_2008_02_01/scene19-camera1.mov
HEAD-COLD,HEAD-COLD,Liz,ASL_2008_01_11,82,1815,1850,data/raw/videos/ASL_2008_01_11/scene82-camera1.mov
HEADACHE,HEADACHE+,Liz,ASL_2008_02_01,19,1801,1860,data/raw/videos/ASL_2008_02_01/scene19-camera1.mov
HEADLINE,HEADLINE,Liz,ASL_2008_02_01,19,2220,2257,data/raw/videos/ASL_2008_02_01/scene19-camera1.mov
HEAR+NOISE,HEAR+NOISE+,Liz,ASL_2008_02_15,20,522,577,data/raw/videos/ASL_2008_02_15/scene20-camera1.mov
HEAR+RUMBLE,HEAR+RUMBLE+,Liz,ASL_2008_02_01,54,1821,1874,data/raw/videos/ASL_2008_02_01/scene54-camera1.mov
HEAR+SHUT,HEAR+SHUT,Liz,ASL_2008_01_18,12,2555,2625,data/raw/videos/ASL_2008_01_18/scene12-camera1.mov
HEAR/LISTEN,HEAR/LISTEN,Liz,ASL_2008_02_01,51,1112,1156,data/raw/videos/ASL_2008_02_01/scene51-camera1.mov
HEAR/LISTEN+RUMBLE,HEAR/LISTEN+RUMBLE,Dana,ASL_2007_05_24,19,1389,1444,data/raw/videos/ASL_2007_05_24/scene19-camera1.mov
HEARING,HEARING++,Liz,ASL_2008_02_01,20,567,611,data/raw/videos/ASL_2008_02_01/scene20-camera1.mov
HEARING-AID,HEARING-AID+,Liz,ASL_2008_02_01,19,2565,2595,data/raw/videos/ASL_2008_02_01/scene19-camera1.mov
HEART,HEART+,Liz,ASL_2008_02_01,20,1056,1107,data/raw/videos/ASL_2008_02_01/scene20-camera1.mov
HEART+ATTACK,HEART+ATTACK,Liz,ASL_2008_02_01,20,884,933,data/raw/videos/ASL_2008_02_01/scene20-camera1.mov
HEART+HEART-BEAT,HEART+BEAT_4+,Liz,ASL_2008_02_01,20,1892,1963,data/raw/videos/ASL_2008_02_01/scene20-camera1.mov
HEART-BEAT,HEART-BEAT++,Brady,ASL_2011_06_14_Brady,33,1305,1366,data/raw/videos/ASL_2011_06_14_Brady/scene33-camera1.mov
HEAVEN,HEAVEN,Liz,ASL_2008_02_01,20,2180,2235,data/raw/videos/ASL_2008_02_01/scene20-camera1.mov
HEAVEN_2,HEAVEN_2,Tyler,ASL_2008_05_29a,48,1850,1890,data/raw/videos/ASL_2008_05_29a/scene48-camera1.mov
HEAVEN_3,HEAVEN_3,Naomi,ASL_2008_08_13,16,4558,4592,data/raw/videos/ASL_2008_08_13/scene16-camera1.mov
HEAVY,HEAVY,Liz,ASL_2008_02_01,20,2430,2495,data/raw/videos/ASL_2008_02_01/scene20-camera1.mov
HEIGHT,HEIGHT++,Liz,ASL_2008_02_01,20,2716,2766,data/raw/videos/ASL_2008_02_01/scene20-camera1.mov
HEIGHT_2,HEIGHT_2+,Liz,ASL_2008_02_01,21,460,520,data/raw/videos/ASL_2008_02_01/scene21-camera1.mov
HELICOPTER,HELICOPTER,Liz,ASL_2008_02_01,21,731,790,data/raw/videos/ASL_2008_02_01/scene21-camera1.mov
HELL,HELL,Liz,ASL_2008_02_01,21,930,960,data/raw/videos/ASL_2008_02_01/scene21-camera1.mov
HELLO,HELLO,Liz,ASL_2008_02_01,12,835,880,data/raw/videos/ASL_2008_02_01/scene12-camera1.mov
HELMET,HELMET,Liz,ASL_2008_01_18,9,1686,1729,data/raw/videos/ASL_2008_01_18/scene9-camera1.mov
HERE,HERE+,Liz,ASL_2008_02_01,21,2447,2485,data/raw/videos/ASL_2008_02_01/scene21-camera1.mov
HEREDITY,HEREDITY+,Liz,ASL_2010_08_10_Liz_additional_lexicon_signs,29,2785,2851,data/raw/videos/ASL_2010_08_10_Liz_additional_lexicon_signs/scene29-camera1.mov
HIDE,HIDE,Dana,ASL_2007_05_24,16,2786,2827,data/raw/videos/ASL_2007_05_24/scene16-camera1.mov
HIGH,HIGH,Liz,ASL_2008_02_01,22,1492,1531,data/raw/videos/ASL_2008_02_01/scene22-camera1.mov
HIGH-HEELS,HIGH-HEELS+,Liz,ASL_2008_02_29,41,1950,2010,data/raw/videos/ASL_2008_02_29/scene41-camera1.mov
HIGH-ON-DRUGS,HIGH-ON-DRUGS,Liz,ASL_2008_02_01,22,826,881,data/raw/videos/ASL_2008_02_01/scene22-camera1.mov
HIGHWAY,HIGHWAY+,Liz,ASL_2008_02_01,22,1771,1825,data/raw/videos/ASL_2008_02_01/scene22-camera1.mov
HILL,HILL,Liz,ASL_2010_08_10_Liz_additional_lexicon_signs,2,1856,1908,data/raw/videos/ASL_2010_08_10_Liz_additional_lexicon_signs/scene2-camera1.mov
HISTORY,HISTORY++,Liz,ASL_2008_02_01,23,246,300,data/raw/videos/ASL_2008_02_01/scene23-camera1.mov
HIT,HIT,Liz,ASL_2008_01_11,36,260,286,data/raw/videos/ASL_2008_01_11/scene36-camera1.mov
HITCHHIKE,HITCHHIKE+,Liz,ASL_2010_08_10_Liz_additional_lexicon_signs,20,1035,1080,data/raw/videos/ASL_2010_08_10_Liz_additional_lexicon_signs/scene20-camera1.mov
HOCKEY,HOCKEY++,Liz,ASL_2008_02_01,23,435,500,data/raw/videos/ASL_2008_02_01/scene23-camera1.mov
HOLD,HOLD,Liz,ASL_2008_02_01,23,640,675,data/raw/videos/ASL_2008_02_01/scene23-camera1.mov
HOLY,HOLY,Liz,ASL_2008_02_01,23,2027,2085,data/raw/videos/ASL_2008_02_01/scene23-camera1.mov
HOME,HOME,Liz,ASL_2008_02_01,23,2780,2820,data/raw/videos/ASL_2008_02_01/scene23-camera1.mov
HOME+WORK,HOME+WORK+,Liz,ASL_2008_02_01,23,3020,3071,data/raw/videos/ASL_2008_02_01/scene23-camera1.mov
HOMEWORK,HOMEWORK,Brady,ASL_2011_06_14_Brady,35,2718,2737,data/raw/videos/ASL_2011_06_14_Brady/scene35-camera1.mov
HONEST,HONEST,Liz,ASL_2008_03_28,24,527,569,data/raw/videos/ASL_2008_03_28/scene24-camera1.mov
HONEY/DEAR,HONEY/DEAR,Brady,ASL_2011_06_14_Brady,35,2956,2981,data/raw/videos/ASL_2011_06_14_Brady/scene35-camera1.mov
HONEYMOON,HONEYMOON,Liz,ASL_2010_08_10_Liz_additional_lexicon_signs,20,1190,1255,data/raw/videos/ASL_2010_08_10_Liz_additional_lexicon_signs/scene20-camera1.mov
HONOR,(1h)HONOR,Liz,ASL_2008_02_01,24,1220,1255,data/raw/videos/ASL_2008_02_01/scene24-camera1.mov
HOPE,HOPE+,Liz,ASL_2008_02_01,24,1470,1500,data/raw/videos/ASL_2008_02_01/scene24-camera1.mov
HORSE,HORSE++,Liz,ASL_2008_02_01,24,1905,1931,data/raw/videos/ASL_2008_02_01/scene24-camera1.mov
"HORSE+ICL:S""holding moving pole""","HORSE+ICL:S""holding moving pole""+",Liz,ASL_2008_02_15,3,315,441,data/raw/videos/ASL_2008_02_15/scene3-camera1.mov
HORSE+RIDE-ON,HORSE+RIDE-ON+,Liz,ASL_2008_02_01,24,2163,2255,data/raw/videos/ASL_2008_02_01/scene24-camera1.mov
HOSPITAL,(10)HOSPITAL,Liz,ASL_2010_08_10_Liz_additional_lexicon_signs,6,1492,1577,data/raw/videos/ASL_2010_08_10_Liz_additional_lexicon_signs/scene6-camera1.mov
HOT,HOT,Liz,ASL_2008_02_01,25,222,255,data/raw/videos/ASL_2008_02_01/scene25-camera1.mov
HOT-SPICY,HOT-SPICY++,Liz,ASL_2008_02_29,41,696,740,data/raw/videos/ASL_2008_02_29/scene41-camera1.mov
HOTEL,HOTEL,Liz,ASL_2010_08_10_Liz_additional_lexicon_signs,2,2317,2360,data/raw/videos/ASL_2010_08_10_Liz_additional_lexicon_signs/scene2-camera1.mov
HOUR,HOUR_2,Liz,ASL_2008_02_01,25,635,695,data/raw/videos/ASL_2008_02_01/scene25-camera1.mov
HOUSE,HOUSE,Liz,ASL_2010_08_10_Liz_additional_lexicon_signs,2,2644,2672,data/raw/videos/ASL_2010_08_10_Liz_additional_lexicon_signs/scene2-camera1.mov
HOUSE+(P)PAY,HOUSE+(P)PAY,Liz,ASL_2010_08_10_Liz_additional_lexicon_signs,15,3825,3892,data/raw/videos/ASL_2010_08_10_Liz_additional_lexicon_signs/scene15-camera1.mov
HOW,HOW+,Liz,ASL_2008_02_01,25,3595,3625,data/raw/videos/ASL_2008_02_01/scene25-camera1.mov
HOW-MANY/MANY,(1h)HOW-MANY/MANY,Liz,ASL_2008_02_01,25,2420,2447,data/raw/videos/ASL_2008_02_01/scene25-camera1.mov
HUG,HUG_2,Liz,ASL_2008_02_01,26,321,365,data/raw/videos/ASL_2008_02_01/scene26-camera1.mov
HUMBLE,HUMBLE,Liz,ASL_2008_02_01,26,772,810,data/raw/videos/ASL_2008_02_01/scene26-camera1.mov
HUNDRED,HUNDRED,Liz,ASL_2008_02_01,26,1920,1970,data/raw/videos/ASL_2008_02_01/scene26-camera1.mov
HUNGRY/WISH,HUNGRY/WISH,Liz,ASL_2008_02_01,26,2726,2780,data/raw/videos/ASL_2008_02_01/scene26-camera1.mov
HUNTING,HUNTING,Liz,ASL_2008_02_01,26,2957,2995,data/raw/videos/ASL_2008_02_01/scene26-camera1.mov
HURRICANE,HURRICANE,Liz,ASL_2008_02_01,26,3161,3224,data/raw/videos/ASL_2008_02_01/scene26-camera1.mov
HURRY,HURRY++,Liz,ASL_2008_02_01,27,420,445,data/raw/videos/ASL_2008_02_01/scene27-camera1.mov
HURT,HURT,Liz,ASL_2008_02_29,32,1013,1060,data/raw/videos/ASL_2008_02_29/scene32-camera1.mov
HUSBAND,HUSBAND,Liz,ASL_2008_02_01,27,1204,1232,data/raw/videos/ASL_2008_02_01/scene27-camera1.mov
HYPOCRITE,HYPOCRITE,Liz,ASL_2008_02_01,27,1405,1447,data/raw/videos/ASL_2008_02_01/scene27-camera1.mov
I,I,Liz,ASL_2008_02_01,27,1620,1680,data/raw/videos/ASL_2008_02_01/scene27-camera1.mov
I-LOVE-YOU,I-LOVE-YOU,Liz,ASL_2008_02_01,27,1840,1875,data/raw/videos/ASL_2008_02_01/scene27-camera1.mov
ICE-CREAM,ICE-CREAM+,Liz,ASL_2008_02_01,27,2606,2660,data/raw/videos/ASL_2008_02_01/scene27-camera1.mov
ICE-SKATE,ICE-SKATE+,Liz,ASL_2008_02_29,33,1191,1275,data/raw/videos/ASL_2008_02_29/scene33-camera1.mov
"ICL""peeling an orange""","ICL""peeling an orange""+",Liz,ASL_2008_02_15,34,645,710,data/raw/videos/ASL_2008_02_15/scene34-camera1.mov
"ICL""peeling skin""","ICL""peeling skin""+",Liz,ASL_2008_02_15,34,1210,1285,data/raw/videos/ASL_2008_02_15/scene34-camera1.mov
"ICL""peeling with knife""","ICL""peeling with knife""+",Liz,ASL_2008_02_15,34,375,461,data/raw/videos/ASL_2008_02_15/scene34-camera1.mov
"ICL""shaking out""","ICL""shaking out""+",Liz,ASL_2008_02_15,45,3070,3118,data/raw/videos/ASL_2008_02_15/scene45-camera1.mov
"ICL""squeezing small object""","ICL""squeezing small object""",Liz,ASL_2008_03_28,26,2126,2160,data/raw/videos/ASL_2008_03_28/scene26-camera1.mov
"ICL:C""pouring over""","ICL:C""pouring over""",Liz,ASL_2008_02_15,45,2760,2863,data/raw/videos/ASL_2008_02_15/scene45-camera1.mov
"ICL:F""peeling paint""","ICL:F""peeling paint""+",Liz,ASL_2008_02_15,34,935,1000,data/raw/videos/ASL_2008_02_15/scene34-camera1.mov
"ICL:S""handling something long and narrow""","ICL:S""handling something long and narrow""+",Liz,ASL_2008_02_01,2,2972,3047,data/raw/videos/ASL_2008_02_01/scene2-camera1.mov
IDEA,IDEA,Liz,ASL_2008_02_01,29,1040,1075,data/raw/videos/ASL_2008_02_01/scene29-camera1.mov
IDENTIFICATION,IDENTIFICATION,Tyler,ASL_2008_05_29b,4,1245,1277,data/raw/videos/ASL_2008_05_29b/scene4-camera1.mov
IDENTIFY,IDENTIFY,Liz,ASL_2008_02_01,29,1515,1560,data/raw/videos/ASL_2008_02_01/scene29-camera1.mov
IF,IF++,Liz,ASL_2008_02_29,53,2980,3015,data/raw/videos/ASL_2008_02_29/scene53-camera1.mov
IGNITION-OFF,IGNITION-OFF,Liz,ASL_2008_03_28,25,431,460,data/raw/videos/ASL_2008_03_28/scene25-camera1.mov
IGNITION-ON,IGNITION-ON,Liz,ASL_2008_03_28,25,650,690,data/raw/videos/ASL_2008_03_28/scene25-camera1.mov
IGNORE,IGNORE,Liz,ASL_2008_02_01,29,2060,2096,data/raw/videos/ASL_2008_02_01/scene29-camera1.mov
ILLEGAL,ILLEGAL,Liz,ASL_2008_01_18,47,730,752,data/raw/videos/ASL_2008_01_18/scene47-camera1.mov
IMAGINE,IMAGINE+,Liz,ASL_2008_02_01,29,2236,2295,data/raw/videos/ASL_2008_02_01/scene29-camera1.mov
IMMATURE,IMMATURE+,Liz,ASL_2008_02_01,29,2645,2682,data/raw/videos/ASL_2008_02_01/scene29-camera1.mov
IMPORTANT,IMPORTANT,Liz,ASL_2008_02_01,29,2891,2940,data/raw/videos/ASL_2008_02_01/scene29-camera1.mov
IMPOSSIBLE,IMPOSSIBLE+,Liz,ASL_2008_02_01,30,250,320,data/raw/videos/ASL_2008_02_01/scene30-camera1.mov
IMPRESS-1p,IMPRESS-1p,Liz,ASL_2008_02_01,30,452,486,data/raw/videos/ASL_2008_02_01/scene30-camera1.mov
IMPRESS-MEMORY,IMPRESS-MEMORY,Liz,ASL_2008_02_29,10,2722,2772,data/raw/videos/ASL_2008_02_29/scene10-camera1.mov
IMPROVE-A-LOT,IMPROVE,Liz,ASL_2008_02_01,30,2200,2261,data/raw/videos/ASL_2008_02_01/scene30-camera1.mov
IN,IN,Liz,ASL_2008_02_01,30,3212,3250,data/raw/videos/ASL_2008_02_01/scene30-camera1.mov
IN-FIVE-YEARS,IN-FIVE-YEARS,Liz,ASL_2010_08_10_Liz_additional_lexicon_signs,16,2300,2335,data/raw/videos/ASL_2010_08_10_Liz_additional_lexicon_signs/scene16-camera1.mov
IN-FOUR-YEARS,IN-FOUR-YEARS,Liz,ASL_2010_08_10_Liz_additional_lexicon_signs,16,2151,2187,data/raw/videos/ASL_2010_08_10_Liz_additional_lexicon_signs/scene16-camera1.mov
IN-THREE-YEARS,IN-THREE-YEARS,Liz,ASL_2010_08_10_Liz_additional_lexicon_signs,16,1995,2025,data/raw/videos/ASL_2010_08_10_Liz_additional_lexicon_signs/scene16-camera1.mov
INCLUDE/INVOLVE,INCLUDE/INVOLVE,Liz,ASL_2008_02_01,30,3447,3492,data/raw/videos/ASL_2008_02_01/scene30-camera1.mov
INCOMPETENT,INCOMPETENT_2,Lana,ASL_2006_10_10,15,217,265,data/raw/videos/ASL_2006_10_10/scene15-camera1.mov
INCREASE,INCREASE,Liz,ASL_2008_02_01,30,3655,3715,data/raw/videos/ASL_2008_02_01/scene30-camera1.mov
INDEPENDENT,INDEPENDENT,Liz,ASL_2008_02_01,31,265,305,data/raw/videos/ASL_2008_02_01/scene31-camera1.mov
INDIVIDUAL,INDIVIDUAL,Liz,ASL_2008_02_01,31,650,690,data/raw/videos/ASL_2008_02_01/scene31-camera1.mov
INDUSTRY,INDUSTRY+,Liz,ASL_2008_02_01,31,1182,1235,data/raw/videos/ASL_2008_02_01/scene31-camera1.mov
INFLATE,INFLATE,Liz,ASL_2008_01_18,29,477,506,data/raw/videos/ASL_2008_01_18/scene29-camera1.mov
INFORM,INFORM,Liz,ASL_2008_02_01,31,2156,2185,data/raw/videos/ASL_2008_02_01/scene31-camera1.mov
INJECT,INJECT,Liz,ASL_2008_02_01,32,290,330,data/raw/videos/ASL_2008_02_01/scene32-camera1.mov
INNOCENT,INNOCENT,Liz,ASL_2008_02_01,32,695,720,data/raw/videos/ASL_2008_02_01/scene32-camera1.mov
INSPIRE,INSPIRE,Liz,ASL_2008_02_01,32,1200,1235,data/raw/videos/ASL_2008_02_01/scene32-camera1.mov
INSTEAD,INSTEAD,Liz,ASL_2010_08_10_Liz_additional_lexicon_signs,30,2689,2775,data/raw/videos/ASL_2010_08_10_Liz_additional_lexicon_signs/scene30-camera1.mov
INSTITUTE,INSTITUTE+,Liz,ASL_2008_02_29,12,1130,1185,data/raw/videos/ASL_2008_02_29/scene12-camera1.mov
INSULT,INSULT,Liz,ASL_2008_02_01,33,271,297,data/raw/videos/ASL_2008_02_01/scene33-camera1.mov
INSURANCE/INFECTION,INSURANCE/INFECTION,Liz,ASL_2008_02_01,33,525,565,data/raw/videos/ASL_2008_02_01/scene33-camera1.mov
INTERCOURSE,INTERCOURSE+,Liz,ASL_2008_02_01,33,2116,2160,data/raw/videos/ASL_2008_02_01/scene33-camera1.mov
INTERESTING,INTERESTING,Liz,ASL_2008_02_01,34,276,310,data/raw/videos/ASL_2008_02_01/scene34-camera1.mov
INTERNATIONAL,INTERNATIONAL,Liz,ASL_2008_02_01,34,920,975,data/raw/videos/ASL_2008_02_01/scene34-camera1.mov
INTERNET,INTERNET,Liz,ASL_2008_02_15,17,3710,3755,data/raw/videos/ASL_2008_02_15/scene17-camera1.mov
INTERPRET,INTERPRET+,Liz,ASL_2008_02_01,34,1391,1425,data/raw/videos/ASL_2008_02_01/scene34-camera1.mov
INTERPRET++AGENT,INTERPRET++AGENT,Liz,ASL_2008_02_01,34,1165,1210,data/raw/videos/ASL_2008_02_01/scene34-camera1.mov
INTERRUPT,INTERRUPT,Liz,ASL_2008_02_01,34,1627,1665,data/raw/videos/ASL_2008_02_01/scene34-camera1.mov
INTERVIEW,INTERVIEW++,Liz,ASL_2008_02_01,34,1865,1925,data/raw/videos/ASL_2008_02_01/scene34-camera1.mov
INTRODUCE,INTRODUCE,Liz,ASL_2008_02_01,34,2092,2135,data/raw/videos/ASL_2008_02_01/scene34-camera1.mov
INVEST,INVEST+,Liz,ASL_2008_02_29,47,1857,1932,data/raw/videos/ASL_2008_02_29/scene47-camera1.mov
INVITE/HIRE,INVITE/HIRE,Naomi,ASL_2008_08_13,18,4332,4355,data/raw/videos/ASL_2008_08_13/scene18-camera1.mov
IRON-CLOTHES,IRON-CLOTHES++,Liz,ASL_2008_02_01,35,3080,3145,data/raw/videos/ASL_2008_02_01/scene35-camera1.mov
ISLAND/INTEREST,(nd-B)ISLAND/INTEREST+,Liz,ASL_2008_02_01,33,2535,2585,data/raw/videos/ASL_2008_02_01/scene33-camera1.mov
ISOLATED,ISOLATED_2+,Liz,ASL_2008_02_01,31,1425,1490,data/raw/videos/ASL_2008_02_01/scene31-camera1.mov
IX-1p,IX-1p,Liz,ASL_2008_02_01,27,2335,2371,data/raw/videos/ASL_2008_02_01/scene27-camera1.mov
IX-2p-pl-arc,IX-2p,Liz,ASL_2008_03_28,48,630,657,data/raw/videos/ASL_2008_03_28/scene48-camera1.mov
IX-honorific:i,IX-honorific:i,Liz,ASL_2008_03_28,9,2325,2345,data/raw/videos/ASL_2008_03_28/scene9-camera1.mov
IX:i,IX-pl-3:i/j/k++,Liz,ASL_2008_03_28,15,895,930,data/raw/videos/ASL_2008_03_28/scene15-camera1.mov
J,J,Liz,ASL_2008_02_01,36,1405,1450,data/raw/videos/ASL_2008_02_01/scene36-camera1.mov
JACK-O-LANTERN,JACK-O-LANTERN++,Liz,ASL_2010_08_10_Liz_additional_lexicon_signs,20,425,485,data/raw/videos/ASL_2010_08_10_Liz_additional_lexicon_signs/scene20-camera1.mov
JAW,JAW,Liz,ASL_2008_02_01,36,2260,2312,data/raw/videos/ASL_2008_02_01/scene36-camera1.mov
JEALOUS,JEALOUS,Liz,ASL_2008_02_01,36,2550,2582,data/raw/videos/ASL_2008_02_01/scene36-camera1.mov
JELLY,JELLY+,Liz,ASL_2008_02_01,37,956,1016,data/raw/videos/ASL_2008_02_01/scene37-camera1.mov
JELLYFISH,JELLYFISH,Liz,ASL_2008_02_01,37,555,650,data/raw/videos/ASL_2008_02_01/scene37-camera1.mov
JEWELRY,JEWELRY+,Liz,ASL_2008_02_01,37,1921,1964,data/raw/videos/ASL_2008_02_01/scene37-camera1.mov
JEWISH,JEWISH+,Liz,ASL_2008_02_01,36,255,282,data/raw/videos/ASL_2008_02_01/scene36-camera1.mov
JOIN,JOIN,Liz,ASL_2008_02_15,31,1895,1931,data/raw/videos/ASL_2008_02_15/scene31-camera1.mov
JUDGE,JUDGE,Brady,ASL_2011_06_14_Brady,43,8741,8764,data/raw/videos/ASL_2011_06_14_Brady/scene43-camera1.mov
JUGGLE,JUGGLE+,Brady,ASL_2011_06_14_Brady,25,1846,1900,data/raw/videos/ASL_2011_06_14_Brady/scene25-camera1.mov
JUMP,JUMP,Liz,ASL_2008_02_01,38,2430,2495,data/raw/videos/ASL_2008_02_01/scene38-camera1.mov
JUMP-FORWARD,JUMP-FORWARD,Liz,ASL_2008_02_01,38,2955,3005,data/raw/videos/ASL_2008_02_01/scene38-camera1.mov
JUMPROPE,JUMPROPE+,Liz,ASL_2008_02_01,38,3300,3362,data/raw/videos/ASL_2008_02_01/scene38-camera1.mov
JUNIOR,JUNIOR+,Liz,ASL_2008_02_01,38,3622,3687,data/raw/videos/ASL_2008_02_01/scene38-camera1.mov
JUNIOR_2,JUNIOR_2++,Brady,ASL_2011_06_14_Brady,44,789,821,data/raw/videos/ASL_2011_06_14_Brady/scene44-camera1.mov
JUNIOR_3,JUNIOR_3+,Liz,ASL_2008_02_01,38,4041,4110,data/raw/videos/ASL_2008_02_01/scene38-camera1.mov
K,K,Liz,ASL_2008_02_01,40,1235,1300,data/raw/videos/ASL_2008_02_01/scene40-camera1.mov
KANGAROO,KANGAROO++,Liz,ASL_2008_02_01,38,5006,5066,data/raw/videos/ASL_2008_02_01/scene38-camera1.mov
KARATE,KARATE,Liz,ASL_2008_02_01,39,540,580,data/raw/videos/ASL_2008_02_01/scene39-camera1.mov
KEEP,KEEP,Liz,ASL_2008_02_01,39,810,855,data/raw/videos/ASL_2008_02_01/scene39-camera1.mov
KEEP-IN-MIND,KEEP-IN-MIND++,Liz,ASL_2008_01_11,28,550,580,data/raw/videos/ASL_2008_01_11/scene28-camera1.mov
KETCHUP,KETCHUP++,Liz,ASL_2008_02_01,39,2075,2130,data/raw/videos/ASL_2008_02_01/scene39-camera1.mov
KEY,KEY+,Liz,ASL_2008_02_01,40,845,900,data/raw/videos/ASL_2008_02_01/scene40-camera1.mov
KICK,KICK,Liz,ASL_2008_02_01,40,1480,1516,data/raw/videos/ASL_2008_02_01/scene40-camera1.mov
KICK-OFF,KICK-OFF,Liz,ASL_2010_08_10_Liz_additional_lexicon_signs,17,5826,5871,data/raw/videos/ASL_2010_08_10_Liz_additional_lexicon_signs/scene17-camera1.mov
KID,KID,Liz,ASL_2008_02_01,41,260,295,data/raw/videos/ASL_2008_02_01/scene41-camera1.mov
KIDNEY,KIDNEY+,Liz,ASL_2010_08_10_Liz_additional_lexicon_signs,20,2195,2260,data/raw/videos/ASL_2010_08_10_Liz_additional_lexicon_signs/scene20-camera1.mov
KILL,(K)KILL,Liz,ASL_2008_02_01,41,505,547,data/raw/videos/ASL_2008_02_01/scene41-camera1.mov
KIND,KIND,Liz,ASL_2008_02_01,41,1320,1382,data/raw/videos/ASL_2008_02_01/scene41-camera1.mov
KINDERGARTEN,(2h)KINDERGARTEN,Liz,ASL_2010_08_10_Liz_additional_lexicon_signs,11,5216,5275,data/raw/videos/ASL_2010_08_10_Liz_additional_lexicon_signs/scene11-camera1.mov
KING,KING,Liz,ASL_2008_02_01,41,1900,1956,data/raw/videos/ASL_2008_02_01/scene41-camera1.mov
KING+AREA_2,KING+AREA_2,Liz,ASL_2008_02_01,41,2195,2270,data/raw/videos/ASL_2008_02_01/scene41-camera1.mov
KISS,KISS,Liz,ASL_2008_02_01,41,2420,2460,data/raw/videos/ASL_2008_02_01/scene41-camera1.mov
KITE,(rd)KITE,Liz,ASL_2008_02_01,41,3045,3120,data/raw/videos/ASL_2008_02_01/scene41-camera1.mov
KNEEL,KNEEL,Liz,ASL_2008_02_01,42,252,300,data/raw/videos/ASL_2008_02_01/scene42-camera1.mov
KNEELING,KNEELING,Liz,ASL_2008_02_01,42,483,535,data/raw/videos/ASL_2008_02_01/scene42-camera1.mov
KNIFE,(U)KNIFE+,Liz,ASL_2008_02_01,42,1051,1091,data/raw/videos/ASL_2008_02_01/scene42-camera1.mov
KNOCK,KNOCK+,Liz,ASL_2008_02_01,42,1332,1372,data/raw/videos/ASL_2008_02_01/scene42-camera1.mov
KNOW,KNOW+,Liz,ASL_2008_02_01,42,1550,1580,data/raw/videos/ASL_2008_02_01/scene42-camera1.mov
KNOW+(1h)NEG,KNOW+(1h)NEG,Liz,ASL_2008_01_18,22,919,955,data/raw/videos/ASL_2008_01_18/scene22-camera1.mov
KNOW++THAT,KNOW++THAT,Tyler,ASL_2008_05_29b,15,1417,1445,data/raw/videos/ASL_2008_05_29b/scene15-camera1.mov
KNOW-NOTHING,KNOW-NOTHING++,Liz,ASL_2010_08_10_Liz_additional_lexicon_signs,31,125,200,data/raw/videos/ASL_2010_08_10_Liz_additional_lexicon_signs/scene31-camera1.mov
KNOW-THAT,KNOW-THAT,Liz,ASL_2008_02_01,42,1800,1835,data/raw/videos/ASL_2008_02_01/scene42-camera1.mov
L,L,Liz,ASL_2008_02_01,42,3760,3805,data/raw/videos/ASL_2008_02_01/scene42-camera1.mov
LABEL,LABEL,Liz,ASL_2010_08_10_Liz_additional_lexicon_signs,31,316,385,data/raw/videos/ASL_2010_08_10_Liz_additional_lexicon_signs/scene31-camera1.mov
LACROSSE,LACROSSE,Liz,ASL_2010_08_10_Liz_additional_lexicon_signs,31,675,755,data/raw/videos/ASL_2010_08_10_Liz_additional_lexicon_signs/scene31-camera1.mov
LADDER,LADDER+,Liz,ASL_2008_02_29,17,1385,1487,data/raw/videos/ASL_2008_02_29/scene17-camera1.mov
LAID-UP,LAID-UP,Liz,ASL_2008_02_01,43,1372,1441,data/raw/videos/ASL_2008_02_01/scene43-camera1.mov
LANGUAGE,LANGUAGE,Liz,ASL_2010_08_10_Liz_additional_lexicon_signs,2,2988,3030,data/raw/videos/ASL_2010_08_10_Liz_additional_lexicon_signs/scene2-camera1.mov
LANTERN,(Y)LANTERN,Liz,ASL_2008_02_01,43,2585,2662,data/raw/videos/ASL_2008_02_01/scene43-camera1.mov
LAP,LAP+,Liz,ASL_2008_02_01,43,2927,3014,data/raw/videos/ASL_2008_02_01/scene43-camera1.mov
LAPTOP,LAPTOP+,Liz,ASL_2008_02_01,43,3261,3320,data/raw/videos/ASL_2008_02_01/scene43-camera1.mov
LAST,LAST,Liz,ASL_2008_02_01,44,895,935,data/raw/videos/ASL_2008_02_01/scene44-camera1.mov
LAST-WEEK,LAST-WEEK,Liz,ASL_2008_02_01,44,450,486,data/raw/videos/ASL_2008_02_01/scene44-camera1.mov
LATCH,LATCH,Brady,ASL_2011_06_14_Brady,50,4552,4579,data/raw/videos/ASL_2011_06_14_Brady/scene50-camera1.mov
LATE,LATE,Tyler,ASL_2008_05_29b,17,1255,1275,data/raw/videos/ASL_2008_05_29b/scene17-camera1.mov
LATER,LATER,Brady,ASL_2011_06_14_Brady,47,1533,1543,data/raw/videos/ASL_2011_06_14_Brady/scene47-camera1.mov
LATER_2,LATER_2,Liz,ASL_2008_02_01,44,1385,1410,data/raw/videos/ASL_2008_02_01/scene44-camera1.mov
LAUGH,LAUGH+,Liz,ASL_2008_02_01,44,1595,1630,data/raw/videos/ASL_2008_02_01/scene44-camera1.mov
LAW,LAW,Liz,ASL_2010_08_10_Liz_additional_lexicon_signs,2,3305,3345,data/raw/videos/ASL_2010_08_10_Liz_additional_lexicon_signs/scene2-camera1.mov
LAW+AGENT,LAW+AGENT,Liz,ASL_2008_02_01,44,1905,1976,data/raw/videos/ASL_2008_02_01/scene44-camera1.mov
LAZY,LAZY+,Liz,ASL_2008_02_01,44,2482,2535,data/raw/videos/ASL_2008_02_01/scene44-camera1.mov
"LCL""path-turn-around""","(1h)LCL""path-turn-around""",Liz,ASL_2008_03_28,24,2548,2584,data/raw/videos/ASL_2008_03_28/scene24-camera1.mov
"LCL:B-L""receive from heaven""+BOOK","LCL:B-L""receive from heaven""+BOOK",Liz,ASL_2010_08_10_Liz_additional_lexicon_signs,9,312,397,data/raw/videos/ASL_2010_08_10_Liz_additional_lexicon_signs/scene9-camera1.mov
LEAD,LEAD,Liz,ASL_2008_02_01,13,1485,1537,data/raw/videos/ASL_2008_02_01/scene13-camera1.mov
LEAD+AGENT,LEAD+AGENT,Liz,ASL_2010_08_10_Liz_additional_lexicon_signs,31,1059,1138,data/raw/videos/ASL_2010_08_10_Liz_additional_lexicon_signs/scene31-camera1.mov
LEAF,LEAF+,Liz,ASL_2008_02_01,45,346,407,data/raw/videos/ASL_2008_02_01/scene45-camera1.mov
LEAK,LEAK+++,Liz,ASL_2008_02_29,20,1080,1142,data/raw/videos/ASL_2008_02_29/scene20-camera1.mov
LEARN,LEARN,Liz,ASL_2008_02_01,45,592,627,data/raw/videos/ASL_2008_02_01/scene45-camera1.mov
LEARN+AGENT,LEARN+AGENT,Liz,ASL_2008_02_29,50,1681,1728,data/raw/videos/ASL_2008_02_29/scene50-camera1.mov
LEATHER,LEATHER+,Liz,ASL_2008_02_01,45,1330,1385,data/raw/videos/ASL_2008_02_01/scene45-camera1.mov
LEAVE,LEAVE,Liz,ASL_2008_02_01,45,1657,1690,data/raw/videos/ASL_2008_02_01/scene45-camera1.mov
LEAVE-THERE,LEAVE-THERE,Liz,ASL_2008_02_01,45,3315,3345,data/raw/videos/ASL_2008_02_01/scene45-camera1.mov
LECTURE,LECTURE+,Liz,ASL_2008_02_01,45,2787,2820,data/raw/videos/ASL_2008_02_01/scene45-camera1.mov
LEFT,LEFT,Liz,ASL_2008_02_01,45,3560,3595,data/raw/videos/ASL_2008_02_01/scene45-camera1.mov
LEFT-ARM,LEFT-ARM,Liz,ASL_2008_02_01,45,3060,3095,data/raw/videos/ASL_2008_02_01/scene45-camera1.mov
LEG,LEG,Liz,ASL_2008_02_01,46,302,345,data/raw/videos/ASL_2008_02_01/scene46-camera1.mov
LEGAL-RIGHT,LEGAL-RIGHT,Liz,ASL_2008_02_29,15,2521,2550,data/raw/videos/ASL_2008_02_29/scene15-camera1.mov
LEGISLATURE,LEGISLATURE,Liz,ASL_2008_02_01,46,560,600,data/raw/videos/ASL_2008_02_01/scene46-camera1.mov
LEMON,LEMON+,Liz,ASL_2008_02_01,46,895,925,data/raw/videos/ASL_2008_02_01/scene46-camera1.mov
LEND,LEND,Liz,ASL_2008_02_01,46,1171,1207,data/raw/videos/ASL_2008_02_01/scene46-camera1.mov
LESBIAN,LESBIAN+,Liz,ASL_2008_02_01,46,1630,1670,data/raw/videos/ASL_2008_02_01/scene46-camera1.mov
LESS,LESS,Liz,ASL_2008_02_01,47,412,445,data/raw/videos/ASL_2008_02_01/scene47-camera1.mov
LESS-THAN,LESS-THAN,Liz,ASL_2008_01_11,40,495,520,data/raw/videos/ASL_2008_01_11/scene40-camera1.mov
LETTER/MAIL,LETTER/MAIL,Liz,ASL_2008_02_01,47,1680,1720,data/raw/videos/ASL_2008_02_01/scene47-camera1.mov
LIBRARY,LIBRARY+,Liz,ASL_2008_02_01,48,1460,1505,data/raw/videos/ASL_2008_02_01/scene48-camera1.mov
LIBRARY+AGENT,LIBRARY+AGENT,Liz,ASL_2008_02_01,48,1200,1255,data/raw/videos/ASL_2008_02_01/scene48-camera1.mov
LICENSE,LICENSE+,Liz,ASL_2008_02_01,48,1745,1780,data/raw/videos/ASL_2008_02_01/scene48-camera1.mov
LICK,LICK++,Liz,ASL_2008_02_01,48,2095,2141,data/raw/videos/ASL_2008_02_01/scene48-camera1.mov
LID,LID+,Liz,ASL_2008_02_01,48,2611,2651,data/raw/videos/ASL_2008_02_01/scene48-camera1.mov
LIE,LIE,Liz,ASL_2008_02_01,48,910,930,data/raw/videos/ASL_2008_02_01/scene48-camera1.mov
LIE-DOWN,LIE-DOWN,Liz,ASL_2008_02_01,48,2975,3025,data/raw/videos/ASL_2008_02_01/scene48-camera1.mov
LIFT,LIFT,Liz,ASL_2008_02_01,49,986,1027,data/raw/videos/ASL_2008_02_01/scene49-camera1.mov
LIGHT,LIGHT+,Liz,ASL_2008_02_01,49,1440,1480,data/raw/videos/ASL_2008_02_01/scene49-camera1.mov
LIGHT+HOUSE,LIGHT+HOUSE,Liz,ASL_2008_02_01,49,2299,2352,data/raw/videos/ASL_2008_02_01/scene49-camera1.mov
LIGHT+LIGHT-ON,LIGHT+LIGHT-ON,Liz,ASL_2008_02_01,49,3049,3101,data/raw/videos/ASL_2008_02_01/scene49-camera1.mov
LIGHT+LIGHT-OUT,LIGHT+LIGHT-OUT,Liz,ASL_2008_02_01,50,576,663,data/raw/videos/ASL_2008_02_01/scene50-camera1.mov
LIGHT-FLASH,LIGHT-FLASH,Liz,ASL_2008_02_01,49,1195,1240,data/raw/videos/ASL_2008_02_01/scene49-camera1.mov
LIGHT-MATCH,(nd-B-L)LIGHT-MATCH,Liz,ASL_2008_02_01,58,3135,3170,data/raw/videos/ASL_2008_02_01/scene58-camera1.mov
LIGHT-WEIGHT,LIGHT-WEIGHT+,Tyler,ASL_2008_06_10,2,523,562,data/raw/videos/ASL_2008_06_10/scene2-camera1.mov
LIGHTHOUSE,LIGHTHOUSE,Liz,ASL_2008_02_01,49,1990,2040,data/raw/videos/ASL_2008_02_01/scene49-camera1.mov
LIGHTNING,LIGHTNING,Liz,ASL_2008_02_01,49,2645,2690,data/raw/videos/ASL_2008_02_01/scene49-camera1.mov
LIKE,LIKE,Liz,ASL_2008_02_01,50,1140,1172,data/raw/videos/ASL_2008_02_01/scene50-camera1.mov
LIKE+(1h)NEG,LIKE+(1h)NEG,Liz,ASL_2008_01_18,22,1104,1142,data/raw/videos/ASL_2008_01_18/scene22-camera1.mov
LIMIT,LIMIT,Liz,ASL_2008_02_01,50,1510,1555,data/raw/videos/ASL_2008_02_01/scene50-camera1.mov
LINE,(1h)LINE,Liz,ASL_2008_03_28,27,1750,1797,data/raw/videos/ASL_2008_03_28/scene27-camera1.mov
LINE-UP,LINE-UP,Liz,ASL_2008_02_01,50,2505,2541,data/raw/videos/ASL_2008_02_01/scene50-camera1.mov
LINED-PAPER,LINED-PAPER++,Liz,ASL_2008_02_01,50,2197,2281,data/raw/videos/ASL_2008_02_01/scene50-camera1.mov
LINGUISTICS,LINGUISTICS,Liz,ASL_2010_08_10_Liz_additional_lexicon_signs,20,2870,2915,data/raw/videos/ASL_2010_08_10_Liz_additional_lexicon_signs/scene20-camera1.mov
LION,LION,Liz,ASL_2008_02_01,50,2760,2805,data/raw/videos/ASL_2008_02_01/scene50-camera1.mov
LIP/MOUTH,LIP/MOUTH+,Liz,ASL_2008_02_01,50,3195,3237,data/raw/videos/ASL_2008_02_01/scene50-camera1.mov
LIPREAD,LIPREAD+,Liz,ASL_2008_02_01,50,3050,3096,data/raw/videos/ASL_2008_02_01/scene50-camera1.mov
LIPSTICK,LIPSTICK+,Liz,ASL_2008_02_01,51,315,365,data/raw/videos/ASL_2008_02_01/scene51-camera1.mov
LIST,LIST,Liz,ASL_2008_02_01,47,1130,1170,data/raw/videos/ASL_2008_02_01/scene47-camera1.mov
LIST+DO-DO,LIST+DO-DO,Liz,ASL_2010_08_10_Liz_additional_lexicon_signs,6,609,692,data/raw/videos/ASL_2010_08_10_Liz_additional_lexicon_signs/scene6-camera1.mov
LIST-ORDER-IX,LIST-ORDER-IX+,Liz,ASL_2010_08_10_Liz_additional_lexicon_signs,18,1987,2066,data/raw/videos/ASL_2010_08_10_Liz_additional_lexicon_signs/scene18-camera1.mov
LIST-ORDER-MIDDLE,LIST-ORDER-MIDDLE,Liz,ASL_2010_08_10_Liz_additional_lexicon_signs,18,2190,2262,data/raw/videos/ASL_2010_08_10_Liz_additional_lexicon_signs/scene18-camera1.mov
LIST-ORDER-PINKY,LIST-ORDER-PINKY+,Liz,ASL_2010_08_10_Liz_additional_lexicon_signs,18,2561,2612,data/raw/videos/ASL_2010_08_10_Liz_additional_lexicon_signs/scene18-camera1.mov
LIST-ORDER-RING,LIST-ORDER-RING+,Liz,ASL_2010_08_10_Liz_additional_lexicon_signs,18,2383,2442,data/raw/videos/ASL_2010_08_10_Liz_additional_lexicon_signs/scene18-camera1.mov
LIST-ORDER-THUMB,LIST-ORDER-THUMB+,Liz,ASL_2010_08_10_Liz_additional_lexicon_signs,18,1777,1855,data/raw/videos/ASL_2010_08_10_Liz_additional_lexicon_signs/scene18-camera1.mov
LITTLE,LITTLE,Tyler,ASL_2008_06_10,3,1355,1385,data/raw/videos/ASL_2008_06_10/scene3-camera1.mov
LITTLE-BIT,LITTLE-BIT,Liz,ASL_2008_01_11,4,3030,3056,data/raw/videos/ASL_2008_01_11/scene4-camera1.mov
LIVE,(L)LIVE,Liz,ASL_2008_02_01,49,727,771,data/raw/videos/ASL_2008_02_01/scene49-camera1.mov
LOBSTER,LOBSTER+,Liz,ASL_2008_02_01,51,3010,3055,data/raw/videos/ASL_2008_02_01/scene51-camera1.mov
LOCAL,LOCAL,Liz,ASL_2010_08_10_Liz_additional_lexicon_signs,8,2515,2571,data/raw/videos/ASL_2010_08_10_Liz_additional_lexicon_signs/scene8-camera1.mov
LOCK,LOCK,Liz,ASL_2008_02_01,52,307,347,data/raw/videos/ASL_2008_02_01/scene52-camera1.mov
LOLLIPOP,LOLLIPOP+,Liz,ASL_2008_02_29,51,3115,3165,data/raw/videos/ASL_2008_02_29/scene51-camera1.mov
LONELY,LONELY+,Liz,ASL_2008_02_01,52,751,805,data/raw/videos/ASL_2008_02_01/scene52-camera1.mov
LONG,LONG,Liz,ASL_2008_02_01,52,1405,1457,data/raw/videos/ASL_2008_02_01/scene52-camera1.mov
LONG-AGO,(2h)alt.LONG-AGO+,Liz,ASL_2008_02_01,22,2715,2800,data/raw/videos/ASL_2008_02_01/scene22-camera1.mov
LONG-SLEEVE,LONG-SLEEVE,Liz,ASL_2008_02_29,35,396,447,data/raw/videos/ASL_2008_02_29/scene35-camera1.mov
LOOK,(2h)LOOK-DOWN,Liz,ASL_2008_02_01,52,2930,2965,data/raw/videos/ASL_2008_02_01/scene52-camera1.mov
LOOK-BY-EYE,LOOK-BY-EYE+,Brady,ASL_2011_06_14_Brady,26,1770,1800,data/raw/videos/ASL_2011_06_14_Brady/scene26-camera1.mov
LOOSE,LOOSE+,Liz,ASL_2008_02_01,53,4775,4840,data/raw/videos/ASL_2008_02_01/scene53-camera1.mov
LORD,LORD,Liz,ASL_2008_02_01,54,275,325,data/raw/videos/ASL_2008_02_01/scene54-camera1.mov
LORD-GOD,LORD-GOD,Liz,ASL_2008_02_01,54,590,636,data/raw/videos/ASL_2008_02_01/scene54-camera1.mov
LOSE,LOSE,Liz,ASL_2008_02_01,54,1275,1315,data/raw/videos/ASL_2008_02_01/scene54-camera1.mov
LOSE-COMPETITION,LOSE-COMPETITION,Liz,ASL_2008_02_01,54,1035,1080,data/raw/videos/ASL_2008_02_01/scene54-camera1.mov
LOSE-WEIGHT,LOSE-WEIGHT,Liz,ASL_2008_01_18,17,925,955,data/raw/videos/ASL_2008_01_18/scene17-camera1.mov
LOTION,LOTION++,Naomi,ASL_2008_08_13_session2,9,2111,2180,data/raw/videos/ASL_2008_08_13_session2/scene9-camera1.mov
LOUDSPEAKER,LOUDSPEAKER+,Liz,ASL_2008_02_01,54,2266,2355,data/raw/videos/ASL_2008_02_01/scene54-camera1.mov
LOUSY,LOUSY,Liz,ASL_2008_02_01,54,5454,5505,data/raw/videos/ASL_2008_02_01/scene54-camera1.mov
LOW,LOW,Liz,ASL_2008_02_01,55,1040,1105,data/raw/videos/ASL_2008_02_01/scene55-camera1.mov
LOWERCASE/TINY,LOWERCASE/TINY,Liz,ASL_2008_02_01,55,1272,1325,data/raw/videos/ASL_2008_02_01/scene55-camera1.mov
LUCKY,LUCKY,Liz,ASL_2008_02_01,55,1510,1545,data/raw/videos/ASL_2008_02_01/scene55-camera1.mov
LUNCH,LUNCH+,Liz,ASL_2008_02_01,55,2025,2060,data/raw/videos/ASL_2008_02_01/scene55-camera1.mov
LUNGS,LUNGS+,Liz,ASL_2008_02_01,55,2560,2615,data/raw/videos/ASL_2008_02_01/scene55-camera1.mov
LUTHERAN,LUTHERAN+,Brady,ASL_2011_07_22_Brady,47,162,181,data/raw/videos/ASL_2011_07_22_Brady/scene47-camera1.mov
LUTHERAN++AGENT,LUTHERAN++AGENT,Liz,ASL_2008_02_01,55,2812,2893,data/raw/videos/ASL_2008_02_01/scene55-camera1.mov
M,M,Liz,ASL_2008_02_01,55,3095,3136,data/raw/videos/ASL_2008_02_01/scene55-camera1.mov
MACHINE,MACHINE+,Liz,ASL_2008_02_01,56,1805,1860,data/raw/videos/ASL_2008_02_01/scene56-camera1.mov
MAD,MAD,Liz,ASL_2008_01_18,50,1565,1590,data/raw/videos/ASL_2008_01_18/scene50-camera1.mov
MAGAZINE,MAGAZINE+,Liz,ASL_2008_02_01,56,2380,2420,data/raw/videos/ASL_2008_02_01/scene56-camera1.mov
MAGIC,MAGIC,Liz,ASL_2008_02_01,56,2675,2707,data/raw/videos/ASL_2008_02_01/scene56-camera1.mov
MAGNET,MAGNET,Liz,ASL_2008_02_01,56,3085,3126,data/raw/videos/ASL_2008_02_01/scene56-camera1.mov
MAGNET_2,MAGNET_2+,Brady,ASL_2011_06_14_Brady,53,4166,4200,data/raw/videos/ASL_2011_06_14_Brady/scene53-camera1.mov
MAGNET_3,MAGNET_3,Tyler,ASL_2008_06_10,8,2057,2095,data/raw/videos/ASL_2008_06_10/scene8-camera1.mov
MAJOR,MAJOR,Liz,ASL_2008_02_01,56,3400,3435,data/raw/videos/ASL_2008_02_01/scene56-camera1.mov
MAKE,MAKE,Liz,ASL_2008_02_01,57,285,325,data/raw/videos/ASL_2008_02_01/scene57-camera1.mov
MAKE-BUBBLES,MAKE-BUBBLES+,Brady,ASL_2011_07_19_Brady,46,1230,1294,data/raw/videos/ASL_2011_07_19_Brady/scene46-camera1.mov
MALE-COUSIN,MALE-COUSIN,Liz,ASL_2008_01_18,7,1535,1550,data/raw/videos/ASL_2008_01_18/scene7-camera1.mov
MAN,(5)MAN,Liz,ASL_2008_02_01,57,1660,1715,data/raw/videos/ASL_2008_02_01/scene57-camera1.mov
MANAGE/CONTROL,MANAGE/CONTROL+,Liz,ASL_2008_02_01,57,1960,2005,data/raw/videos/ASL_2008_02_01/scene57-camera1.mov
MANAGE/CONTROL+AGENT,MANAGE/CONTROL+AGENT,Liz,ASL_2008_01_18,17,253,322,data/raw/videos/ASL_2008_01_18/scene17-camera1.mov
MANY,MANY,Liz,ASL_2008_02_01,57,2866,2900,data/raw/videos/ASL_2008_02_01/scene57-camera1.mov
MAN_2,MAN_2,Brady,ASL_2011_06_14_Brady,53,5691,5722,data/raw/videos/ASL_2011_06_14_Brady/scene53-camera1.mov
MARCHING,MARCHING+,Liz,ASL_2008_02_01,57,3170,3222,data/raw/videos/ASL_2008_02_01/scene57-camera1.mov
MARIJUANA,MARIJUANA++,Liz,ASL_2008_02_01,58,575,625,data/raw/videos/ASL_2008_02_01/scene58-camera1.mov
MARIONETTE,MARIONETTE+,Liz,ASL_2008_02_15,52,2413,2483,data/raw/videos/ASL_2008_02_15/scene52-camera1.mov
MARRY,MARRY,Liz,ASL_2008_02_01,58,799,853,data/raw/videos/ASL_2008_02_01/scene58-camera1.mov
MASK,MASK,Tyler,ASL_2008_06_10,10,2118,2151,data/raw/videos/ASL_2008_06_10/scene10-camera1.mov
MATCH,MATCH,Liz,ASL_2008_01_18,43,1055,1075,data/raw/videos/ASL_2008_01_18/scene43-camera1.mov
MATERIAL,(M)MATERIAL,Liz,ASL_2008_02_01,58,3406,3450,data/raw/videos/ASL_2008_02_01/scene58-camera1.mov
MATH,MATH+,Liz,ASL_2008_02_15,1,215,265,data/raw/videos/ASL_2008_02_15/scene1-camera1.mov
MAXIMUM,MAXIMUM,Liz,ASL_2008_02_15,5,2655,2710,data/raw/videos/ASL_2008_02_15/scene5-camera1.mov
MAYBE,MAYBE+,Liz,ASL_2008_02_15,1,850,907,data/raw/videos/ASL_2008_02_15/scene1-camera1.mov
MEASLES,MEASLES,Liz,ASL_2008_02_15,1,3350,3405,data/raw/videos/ASL_2008_02_15/scene1-camera1.mov
MEAT,MEAT+,Liz,ASL_2008_02_15,1,3895,3937,data/raw/videos/ASL_2008_02_15/scene1-camera1.mov
MEDICAL-PATIENT,MEDICAL-PATIENT,Liz,ASL_2008_02_15,32,2766,2810,data/raw/videos/ASL_2008_02_15/scene32-camera1.mov
MEDICINE,MEDICINE,Liz,ASL_2008_01_18,25,1396,1467,data/raw/videos/ASL_2008_01_18/scene25-camera1.mov
MEDITATE,MEDITATE,Liz,ASL_2008_02_15,2,581,617,data/raw/videos/ASL_2008_02_15/scene2-camera1.mov
MEET,MEET,Liz,ASL_2008_02_15,2,1295,1330,data/raw/videos/ASL_2008_02_15/scene2-camera1.mov
MEETING,MEETING+,Liz,ASL_2008_02_15,2,1035,1085,data/raw/videos/ASL_2008_02_15/scene2-camera1.mov
MELON/PUMPKIN,MELON/PUMPKIN+,Liz,ASL_2008_02_15,52,1155,1176,data/raw/videos/ASL_2008_02_15/scene52-camera1.mov
MELT/SOLVE,MELT/SOLVE,Liz,ASL_2008_01_18,10,1115,1146,data/raw/videos/ASL_2008_01_18/scene10-camera1.mov
MEMBER,MEMBER,Liz,ASL_2008_01_11,56,265,290,data/raw/videos/ASL_2008_01_11/scene56-camera1.mov
MEMORIZE,MEMORIZE,Liz,ASL_2008_02_15,2,1830,1881,data/raw/videos/ASL_2008_02_15/scene2-camera1.mov
MENSTRUATE,MENSTRUATE+,Liz,ASL_2008_02_15,2,2605,2650,data/raw/videos/ASL_2008_02_15/scene2-camera1.mov
MENTAL-SCAR,MENTAL-SCAR,Liz,ASL_2008_02_29,23,832,881,data/raw/videos/ASL_2008_02_29/scene23-camera1.mov
MENTALLY-RETARDED,MENTALLY-RETARDED,Liz,ASL_2008_02_01,56,315,361,data/raw/videos/ASL_2008_02_01/scene56-camera1.mov
MERGE/MAINSTREAM,MERGE/MAINSTREAM,Liz,ASL_2008_01_18,45,1346,1400,data/raw/videos/ASL_2008_01_18/scene45-camera1.mov
MESSED-UP,MESSED-UP,Liz,ASL_2008_01_18,48,2157,2195,data/raw/videos/ASL_2008_01_18/scene48-camera1.mov
METAL,METAL+,Liz,ASL_2008_02_15,3,1875,1905,data/raw/videos/ASL_2008_02_15/scene3-camera1.mov
METHOD,METHOD,Liz,ASL_2008_02_15,3,3195,3235,data/raw/videos/ASL_2008_02_15/scene3-camera1.mov
MICROPHONE,MICROPHONE,Liz,ASL_2008_02_15,4,2400,2425,data/raw/videos/ASL_2008_02_15/scene4-camera1.mov
MICROWAVE,MICROWAVE+,Liz,ASL_2008_02_15,4,2915,2955,data/raw/videos/ASL_2008_02_15/scene4-camera1.mov
MIDDLE,MIDDLE,Liz,ASL_2008_01_11,67,1320,1360,data/raw/videos/ASL_2008_01_11/scene67-camera1.mov
MIDDLE+WEST,MIDDLE+WEST,Brady,ASL_2011_06_14_Brady,53,2881,2914,data/raw/videos/ASL_2011_06_14_Brady/scene53-camera1.mov
MIDNIGHT,MIDNIGHT_2+,Liz,ASL_2008_02_15,4,3647,3686,data/raw/videos/ASL_2008_02_15/scene4-camera1.mov
MILITARY,MILITARY+,Liz,ASL_2008_02_29,38,755,812,data/raw/videos/ASL_2008_02_29/scene38-camera1.mov
MILK,MILK+,Liz,ASL_2008_02_15,5,302,336,data/raw/videos/ASL_2008_02_15/scene5-camera1.mov
MILK-COW,MILK-COW+,Liz,ASL_2008_02_15,5,525,600,data/raw/videos/ASL_2008_02_15/scene5-camera1.mov
MILLION,MILLION,Liz,ASL_2008_02_15,5,1287,1330,data/raw/videos/ASL_2008_02_15/scene5-camera1.mov
MILLION+AGENT,MILLION+AGENT,Liz,ASL_2008_02_15,5,962,1040,data/raw/videos/ASL_2008_02_15/scene5-camera1.mov
MILLION_2+AGENT,MILLION_2+AGENT,Tyler,ASL_2008_06_10,15,498,558,data/raw/videos/ASL_2008_06_10/scene15-camera1.mov
MIND,MIND+,Liz,ASL_2008_01_11,53,1446,1480,data/raw/videos/ASL_2008_01_11/scene53-camera1.mov
MIND+BLOW-UP,MIND+BLOW-UP,Brady,ASL_2011_06_08_Brady,22,3105,3141,data/raw/videos/ASL_2011_06_08_Brady/scene22-camera1.mov
MIND+OFF-COURSE,MIND+OFF-COURSE,Liz,ASL_2008_01_18,44,1991,2047,data/raw/videos/ASL_2008_01_18/scene44-camera1.mov
MINOR,MINOR,Liz,ASL_2008_02_15,5,5992,6032,data/raw/videos/ASL_2008_02_15/scene5-camera1.mov
MINUTE,(nd-B-L)MINUTE,Liz,ASL_2008_02_15,6,510,547,data/raw/videos/ASL_2008_02_15/scene6-camera1.mov
MIRROR,MIRROR,Liz,ASL_2008_02_15,6,750,790,data/raw/videos/ASL_2008_02_15/scene6-camera1.mov
MISCOMMUNICATE,MISCOMMUNICATE,Liz,ASL_2008_02_15,6,3990,4045,data/raw/videos/ASL_2008_02_15/scene6-camera1.mov
MISS/ASSUME,MISS/ASSUME,Liz,ASL_2008_02_01,13,1192,1236,data/raw/videos/ASL_2008_02_01/scene13-camera1.mov
MISTAKE,MISTAKE,Liz,ASL_2008_02_15,7,1740,1775,data/raw/videos/ASL_2008_02_15/scene7-camera1.mov
MISUNDERSTAND,(1h)MISUNDERSTAND,Liz,ASL_2008_02_15,7,2245,2300,data/raw/videos/ASL_2008_02_15/scene7-camera1.mov
MIX-UP,MIX-UP,Liz,ASL_2010_08_10_Liz_additional_lexicon_signs,25,386,455,data/raw/videos/ASL_2010_08_10_Liz_additional_lexicon_signs/scene25-camera1.mov
MOLD,MOLD,Liz,ASL_2008_02_15,7,3825,3870,data/raw/videos/ASL_2008_02_15/scene7-camera1.mov
MONDAY,MONDAY+,Liz,ASL_2008_02_15,7,4082,4125,data/raw/videos/ASL_2008_02_15/scene7-camera1.mov
MONEY,(M)MONEY+,Liz,ASL_2008_02_15,8,317,370,data/raw/videos/ASL_2008_02_15/scene8-camera1.mov
MONEY++TRADE,MONEY++TRADE+,Liz,ASL_2008_03_28,22,2532,2612,data/raw/videos/ASL_2008_03_28/scene22-camera1.mov
MONKEY,MONKEY+,Liz,ASL_2008_02_15,8,531,586,data/raw/videos/ASL_2008_02_15/scene8-camera1.mov
MOOCH,MOOCH,Dana,ASL_2007_05_24,19,834,859,data/raw/videos/ASL_2007_05_24/scene19-camera1.mov
MOON,MOON,Liz,ASL_2008_02_15,9,1745,1786,data/raw/videos/ASL_2008_02_15/scene9-camera1.mov
MOOSE,MOOSE,Brady,ASL_2011_06_08_Brady,32,12387,12407,data/raw/videos/ASL_2011_06_08_Brady/scene32-camera1.mov
MOP,(X-over-thumb)MOP,Liz,ASL_2008_02_15,9,2092,2190,data/raw/videos/ASL_2008_02_15/scene9-camera1.mov
MORE,MORE+,Liz,ASL_2008_02_15,9,2326,2371,data/raw/videos/ASL_2008_02_15/scene9-camera1.mov
MORE-THAN,MORE-THAN,Naomi,ASL_2008_08_04,4,2657,2675,data/raw/videos/ASL_2008_08_04/scene4-camera1.mov
MORNING,MORNING,Liz,ASL_2008_02_15,9,2556,2595,data/raw/videos/ASL_2008_02_15/scene9-camera1.mov
MOSQUE,MOSQUE+,Liz,ASL_2008_02_15,7,776,800,data/raw/videos/ASL_2008_02_15/scene7-camera1.mov
MOSQUITO,MOSQUITO,Liz,ASL_2008_02_15,10,2582,2626,data/raw/videos/ASL_2008_02_15/scene10-camera1.mov
MOST,MOST,Liz,ASL_2008_02_15,10,3242,3272,data/raw/videos/ASL_2008_02_15/scene10-camera1.mov
MOTHER,MOTHER+,Liz,ASL_2008_02_15,10,3491,3530,data/raw/videos/ASL_2008_02_15/scene10-camera1.mov
MOTHER+FATHER,MOTHER+FATHER,Liz,ASL_2008_02_15,31,900,946,data/raw/videos/ASL_2008_02_15/scene31-camera1.mov
MOTHER+LAW,MOTHER+LAW,Liz,ASL_2008_02_15,10,3762,3820,data/raw/videos/ASL_2008_02_15/scene10-camera1.mov
MOTIVATE,MOTIVATE+++,Liz,ASL_2008_01_18,27,261,325,data/raw/videos/ASL_2008_01_18/scene27-camera1.mov
MOTIVATE++AGENT,MOTIVATE++AGENT,Liz,ASL_2008_02_15,3,4110,4191,data/raw/videos/ASL_2008_02_15/scene3-camera1.mov
MOTOR,MOTOR,Tyler,ASL_2008_06_10,19,5010,5068,data/raw/videos/ASL_2008_06_10/scene19-camera1.mov
MOTORCYCLE,MOTORCYCLE+,Liz,ASL_2008_02_15,11,540,595,data/raw/videos/ASL_2008_02_15/scene11-camera1.mov
MOUNTAIN,(nd-B)MOUNTAIN,Liz,ASL_2008_02_15,11,775,816,data/raw/videos/ASL_2008_02_15/scene11-camera1.mov
MOUSE/FICTION,MOUSE/FICTION+,Liz,ASL_2008_02_15,11,1245,1285,data/raw/videos/ASL_2008_02_15/scene11-camera1.mov
MOVE,MOVE,Liz,ASL_2008_02_15,11,1950,2010,data/raw/videos/ASL_2008_02_15/scene11-camera1.mov
MOVE-AROUND,MOVE-AROUND,Liz,ASL_2008_02_15,11,2235,2305,data/raw/videos/ASL_2008_02_15/scene11-camera1.mov
MOVE-AWAY,MOVE-AWAY,Liz,ASL_2008_02_15,11,1691,1725,data/raw/videos/ASL_2008_02_15/scene11-camera1.mov
MOVIE,(nd-1)MOVIE+,Liz,ASL_2008_02_15,12,295,335,data/raw/videos/ASL_2008_02_15/scene12-camera1.mov
MOVIE+SQUARE,MOVIE+SQUARE,Liz,ASL_2008_02_29,24,3265,3355,data/raw/videos/ASL_2008_02_29/scene24-camera1.mov
MOW,MOW+,Liz,ASL_2008_02_15,12,555,612,data/raw/videos/ASL_2008_02_15/scene12-camera1.mov
MUMPS,MUMPS,Liz,ASL_2008_02_15,12,1515,1560,data/raw/videos/ASL_2008_02_15/scene12-camera1.mov
MUSEUM,MUSEUM,Tyler,ASL_2008_06_10,21,1820,1853,data/raw/videos/ASL_2008_06_10/scene21-camera1.mov
MUSIC,MUSIC++,Liz,ASL_2008_02_15,12,2495,2562,data/raw/videos/ASL_2008_02_15/scene12-camera1.mov
MUSIC++AGENT,MUSIC++AGENT,Liz,ASL_2008_02_29,32,2338,2398,data/raw/videos/ASL_2008_02_29/scene32-camera1.mov
MUSIC++GROUP/TOGETHER,MUSIC++GROUP/TOGETHER,Liz,ASL_2008_02_15,27,2776,2859,data/raw/videos/ASL_2008_02_15/scene27-camera1.mov
MUSIC-RECORD,MUSIC-RECORD+,Liz,ASL_2008_02_29,7,1610,1675,data/raw/videos/ASL_2008_02_29/scene7-camera1.mov
MUSLIM,MUSLIM,Liz,ASL_2008_02_15,22,315,360,data/raw/videos/ASL_2008_02_15/scene22-camera1.mov
MUST,MUST,Liz,ASL_2008_02_15,12,3385,3415,data/raw/videos/ASL_2008_02_15/scene12-camera1.mov
MUSTACHE,MUSTACHE_2,Liz,ASL_2008_02_15,12,3630,3670,data/raw/videos/ASL_2008_02_15/scene12-camera1.mov
MYSTERY,MYSTERY,Liz,ASL_2008_02_29,3,3093,3110,data/raw/videos/ASL_2008_02_29/scene3-camera1.mov
N,N,Liz,ASL_2008_02_15,14,1495,1555,data/raw/videos/ASL_2008_02_15/scene14-camera1.mov
NAB,(V)NAB,Liz,ASL_2010_08_10_Liz_additional_lexicon_signs,5,709,742,data/raw/videos/ASL_2010_08_10_Liz_additional_lexicon_signs/scene5-camera1.mov
NAKED,NAKED,Tyler,ASL_2008_06_10,22,1602,1638,data/raw/videos/ASL_2008_06_10/scene22-camera1.mov
NAME,NAME,Liz,ASL_2008_02_15,2,2833,2890,data/raw/videos/ASL_2008_02_15/scene2-camera1.mov
NAPKIN,NAPKIN+,Liz,ASL_2008_02_15,14,3590,3665,data/raw/videos/ASL_2008_02_15/scene14-camera1.mov
NARROW-STREET,NARROW-STREET,Liz,ASL_2008_02_15,15,1020,1081,data/raw/videos/ASL_2008_02_15/scene15-camera1.mov
NATIVE,NATIVE+,Liz,ASL_2008_02_15,15,1785,1855,data/raw/videos/ASL_2008_02_15/scene15-camera1.mov
NAVY,NAVY,Liz,ASL_2008_02_15,15,2996,3060,data/raw/videos/ASL_2008_02_15/scene15-camera1.mov
NEAR,NEAR+,Brady,ASL_2011_06_08_Brady,28,5397,5430,data/raw/videos/ASL_2011_06_08_Brady/scene28-camera1.mov
NEAT,NEAT,Liz,ASL_2008_02_15,16,390,426,data/raw/videos/ASL_2008_02_15/scene16-camera1.mov
NECK,NECK+,Liz,ASL_2008_02_15,16,665,707,data/raw/videos/ASL_2008_02_15/scene16-camera1.mov
NECKLACE,BEADED-NECKLACE,Liz,ASL_2008_02_15,33,2940,2992,data/raw/videos/ASL_2008_02_15/scene33-camera1.mov
NECKTIE,NECKTIE,Liz,ASL_2008_02_15,16,2220,2265,data/raw/videos/ASL_2008_02_15/scene16-camera1.mov
NEGATIVE,NEGATIVE,Liz,ASL_2008_02_15,16,2745,2805,data/raw/videos/ASL_2008_02_15/scene16-camera1.mov
NEPHEW,NEPHEW+,Liz,ASL_2008_02_15,17,305,351,data/raw/videos/ASL_2008_02_15/scene17-camera1.mov
NERVE/VEIN,NERVE/VEIN,Liz,ASL_2008_02_15,17,1277,1307,data/raw/videos/ASL_2008_02_15/scene17-camera1.mov
NERVOUS,NERVOUS,Liz,ASL_2008_02_15,17,2475,2530,data/raw/videos/ASL_2008_02_15/scene17-camera1.mov
NERVY,NERVY,Liz,ASL_2008_02_15,17,640,685,data/raw/videos/ASL_2008_02_15/scene17-camera1.mov
NET,NET,Liz,ASL_2008_02_15,17,2990,3065,data/raw/videos/ASL_2008_02_15/scene17-camera1.mov
NEUTRAL,NEUTRAL+,Liz,ASL_2008_02_15,17,3995,4037,data/raw/videos/ASL_2008_02_15/scene17-camera1.mov
NEVER,NEVER,Liz,ASL_2008_02_15,17,4270,4296,data/raw/videos/ASL_2008_02_15/scene17-camera1.mov
NEW,NEW,Liz,ASL_2008_02_15,18,270,312,data/raw/videos/ASL_2008_02_15/scene18-camera1.mov
NEW+TESTAMENT,NEW+TESTAMENT,Liz,ASL_2008_02_15,18,988,1066,data/raw/videos/ASL_2008_02_15/scene18-camera1.mov
NEXT,NEXT,Liz,ASL_2008_02_15,18,2480,2540,data/raw/videos/ASL_2008_02_15/scene18-camera1.mov
NEXT+AGENT,NEXT+AGENT,Liz,ASL_2008_02_15,16,3140,3236,data/raw/videos/ASL_2008_02_15/scene16-camera1.mov
NEXT-TO,NEXT-TO,Liz,ASL_2008_01_11,40,1371,1396,data/raw/videos/ASL_2008_01_11/scene40-camera1.mov
NEXT-WEEK_2,NEXT-WEEK_2,Liz,ASL_2008_02_15,18,2750,2800,data/raw/videos/ASL_2008_02_15/scene18-camera1.mov
NEXT-YEAR,NEXT-YEAR,Liz,ASL_2008_02_15,18,3020,3060,data/raw/videos/ASL_2008_02_15/scene18-camera1.mov
NIBBLE,NIBBLE++,Liz,ASL_2008_02_15,19,535,582,data/raw/videos/ASL_2008_02_15/scene19-camera1.mov
NICE/CLEAN,NICE/CLEAN,Liz,ASL_2008_01_11,78,920,945,data/raw/videos/ASL_2008_01_11/scene78-camera1.mov
NIECE,NIECE+,Liz,ASL_2008_02_15,19,1862,1901,data/raw/videos/ASL_2008_02_15/scene19-camera1.mov
NIGHT,NIGHT,Liz,ASL_2008_02_15,19,2381,2420,data/raw/videos/ASL_2008_02_15/scene19-camera1.mov
NINE,NINE,Liz,ASL_2008_01_11,2,3250,3275,data/raw/videos/ASL_2008_01_11/scene2-camera1.mov
NINE+HOUR,NINE+HOUR,Liz,ASL_2010_08_10_Liz_additional_lexicon_signs,16,5400,5459,data/raw/videos/ASL_2010_08_10_Liz_additional_lexicon_signs/scene16-camera1.mov
NINE-MONTHS,NINE-MONTHS,Liz,ASL_2010_08_10_Liz_additional_lexicon_signs,16,8165,8210,data/raw/videos/ASL_2010_08_10_Liz_additional_lexicon_signs/scene16-camera1.mov
NINE-WEEKS,NINE-WEEKS,Liz,ASL_2010_08_10_Liz_additional_lexicon_signs,16,6780,6830,data/raw/videos/ASL_2010_08_10_Liz_additional_lexicon_signs/scene16-camera1.mov
NINETEEN,NINETEEN+,Liz,ASL_2008_01_11,2,2935,2980,data/raw/videos/ASL_2008_01_11/scene2-camera1.mov
NINETY-EIGHT,NINETY-EIGHT,Liz,ASL_2010_08_10_Liz_additional_lexicon_signs,19,2840,2895,data/raw/videos/ASL_2010_08_10_Liz_additional_lexicon_signs/scene19-camera1.mov
NINETY-NINE,NINETY-NINE,Liz,ASL_2010_08_10_Liz_additional_lexicon_signs,19,1447,1465,data/raw/videos/ASL_2010_08_10_Liz_additional_lexicon_signs/scene19-camera1.mov
NINETY-SEVEN,NINETY-SEVEN,Liz,ASL_2010_08_10_Liz_additional_lexicon_signs,19,2696,2745,data/raw/videos/ASL_2010_08_10_Liz_additional_lexicon_signs/scene19-camera1.mov
NINTH,NINTH,Liz,ASL_2010_08_10_Liz_additional_lexicon_signs,15,1373,1400,data/raw/videos/ASL_2010_08_10_Liz_additional_lexicon_signs/scene15-camera1.mov
NIPPLES,NIPPLES,Liz,ASL_2008_02_15,19,3485,3532,data/raw/videos/ASL_2008_02_15/scene19-camera1.mov
NO-PROBLEM,NO-PROBLEM+,Liz,ASL_2008_02_15,6,282,320,data/raw/videos/ASL_2008_02_15/scene6-camera1.mov
NOISE,NOISE+,Liz,ASL_2008_02_15,20,296,335,data/raw/videos/ASL_2008_02_15/scene20-camera1.mov
NOISE+RUMBLE,NOISE+RUMBLE,Brady,ASL_2011_06_14_Brady,52,5459,5480,data/raw/videos/ASL_2011_06_14_Brady/scene52-camera1.mov
NONE,NONE,Liz,ASL_2008_02_15,20,787,816,data/raw/videos/ASL_2008_02_15/scene20-camera1.mov
NOON,NOON+,Liz,ASL_2008_02_15,20,1232,1295,data/raw/videos/ASL_2008_02_15/scene20-camera1.mov
NORTH,NORTH,Liz,ASL_2008_02_15,20,1470,1510,data/raw/videos/ASL_2008_02_15/scene20-camera1.mov
NOSE,NOSE,Liz,ASL_2008_02_15,20,2680,2720,data/raw/videos/ASL_2008_02_15/scene20-camera1.mov
NOSE+OPPOSITE,NOSE+OPPOSITE,Liz,ASL_2010_08_10_Liz_additional_lexicon_signs,6,774,843,data/raw/videos/ASL_2010_08_10_Liz_additional_lexicon_signs/scene6-camera1.mov
NOT,NOT,Liz,ASL_2008_02_15,20,2937,2975,data/raw/videos/ASL_2008_02_15/scene20-camera1.mov
NOT+SATISFIED,NOT+SATISFIED,Brady,ASL_2011_06_14_Brady,5,2364,2386,data/raw/videos/ASL_2011_06_14_Brady/scene5-camera1.mov
NOT-CARE,NOT-CARE,Liz,ASL_2008_01_18,22,677,700,data/raw/videos/ASL_2008_01_18/scene22-camera1.mov
NOT-MIND,NOT-MIND,Liz,ASL_2008_01_18,22,1275,1300,data/raw/videos/ASL_2008_01_18/scene22-camera1.mov
NOT-MY-PROBLEM,NOT-MY-PROBLEM,Liz,ASL_2010_08_10_Liz_additional_lexicon_signs,21,832,892,data/raw/videos/ASL_2010_08_10_Liz_additional_lexicon_signs/scene21-camera1.mov
NOT-YET,NOT-YET+,Liz,ASL_2008_02_15,21,1362,1411,data/raw/videos/ASL_2008_02_15/scene21-camera1.mov
NOTHING,NOTHING,Liz,ASL_2008_02_15,21,1911,1946,data/raw/videos/ASL_2008_02_15/scene21-camera1.mov
NOTHING-AT-ALL,NOTHING-AT-ALL,Liz,ASL_2010_08_10_Liz_additional_lexicon_signs,13,1492,1509,data/raw/videos/ASL_2010_08_10_Liz_additional_lexicon_signs/scene13-camera1.mov
NOTICE,NOTICE,Liz,ASL_2008_02_15,21,2275,2321,data/raw/videos/ASL_2008_02_15/scene21-camera1.mov
NOW,(bent-B-L)NOW+,Liz,ASL_2008_02_15,21,2775,2832,data/raw/videos/ASL_2008_02_15/scene21-camera1.mov
NOW+(D)DAY,NOW+(D)DAY,Liz,ASL_2008_03_28,19,1168,1214,data/raw/videos/ASL_2008_03_28/scene19-camera1.mov
NUMBER,NUMBER,Liz,ASL_2008_02_15,21,3040,3100,data/raw/videos/ASL_2008_02_15/scene21-camera1.mov
NUN,NUN,Brady,ASL_2011_07_19_Brady,17,1048,1079,data/raw/videos/ASL_2011_07_19_Brady/scene17-camera1.mov
NURSE,NURSE++,Liz,ASL_2008_02_15,22,560,612,data/raw/videos/ASL_2008_02_15/scene22-camera1.mov
NUT,NUT+,Liz,ASL_2008_02_15,22,735,772,data/raw/videos/ASL_2008_02_15/scene22-camera1.mov
O,O,Liz,ASL_2008_02_15,22,926,1002,data/raw/videos/ASL_2008_02_15/scene22-camera1.mov
OBESE,OBESE++,Liz,ASL_2008_01_18,39,635,692,data/raw/videos/ASL_2008_01_18/scene39-camera1.mov
OBSCURE,OBSCURE,Liz,ASL_2008_01_18,7,2485,2517,data/raw/videos/ASL_2008_01_18/scene7-camera1.mov
OCEAN,OCEAN,Liz,ASL_2008_02_15,22,1716,1786,data/raw/videos/ASL_2008_02_15/scene22-camera1.mov
OCTOPUS,OCTOPUS+,Liz,ASL_2008_02_15,22,2032,2135,data/raw/videos/ASL_2008_02_15/scene22-camera1.mov
OF-COURSE,OF-COURSE,Liz,ASL_2008_02_15,15,2620,2670,data/raw/videos/ASL_2008_02_15/scene15-camera1.mov
OFF,OFF,Liz,ASL_2008_02_15,23,512,542,data/raw/videos/ASL_2008_02_15/scene23-camera1.mov
OFFICE,OFFICE,Liz,ASL_2008_02_15,23,1152,1185,data/raw/videos/ASL_2008_02_15/scene23-camera1.mov
OFTEN,OFTEN,Brady,ASL_2011_07_19_Brady,18,2364,2384,data/raw/videos/ASL_2011_07_19_Brady/scene18-camera1.mov
OH-I-SEE,OH-I-SEE++,Liz,ASL_2008_02_15,23,1870,1915,data/raw/videos/ASL_2008_02_15/scene23-camera1.mov
OIL,OIL+,Liz,ASL_2008_02_01,11,2140,2182,data/raw/videos/ASL_2008_02_01/scene11-camera1.mov
OLD,(S)OLD,Liz,ASL_2008_02_15,23,2115,2150,data/raw/videos/ASL_2008_02_15/scene23-camera1.mov
OLD+LESS-THAN,(S)OLD+LESS-THAN,Liz,ASL_2008_02_15,5,6445,6519,data/raw/videos/ASL_2008_02_15/scene5-camera1.mov
ON,ON,Liz,ASL_2008_02_15,24,1385,1415,data/raw/videos/ASL_2008_02_15/scene24-camera1.mov
ONCE,ONCE,Liz,ASL_2008_02_15,24,1596,1630,data/raw/videos/ASL_2008_02_15/scene24-camera1.mov
ONCE-IN-A-WHILE,ONCE-IN-A-WHILE+,Liz,ASL_2008_02_15,24,1850,1940,data/raw/videos/ASL_2008_02_15/scene24-camera1.mov
ONE,ONE,Liz,ASL_2008_01_11,4,2145,2185,data/raw/videos/ASL_2008_01_11/scene4-camera1.mov
ONE+HUNDRED,ONE+HUNDRED,Liz,ASL_2008_01_11,2,1510,1530,data/raw/videos/ASL_2008_01_11/scene2-camera1.mov
ONE+MILLION,ONE+MILLION,Liz,ASL_2008_02_15,24,3260,3304,data/raw/videos/ASL_2008_02_15/scene24-camera1.mov
ONE+MORE,ONE+MORE++,Brady,ASL_2011_07_19_Brady,20,1098,1140,data/raw/videos/ASL_2011_07_19_Brady/scene20-camera1.mov
ONE+THOUSAND,ONE+THOUSAND,Liz,ASL_2008_02_15,25,1340,1391,data/raw/videos/ASL_2008_02_15/scene25-camera1.mov
ONE-FOURTH,ONE-FOURTH,Liz,ASL_2008_02_15,24,2405,2450,data/raw/videos/ASL_2008_02_15/scene24-camera1.mov
ONE-MONTH,ONE-MONTH,Liz,ASL_2008_02_15,8,1210,1241,data/raw/videos/ASL_2008_02_15/scene8-camera1.mov
ONE-MORE,ONE-MORE++,Liz,ASL_2008_02_15,25,725,755,data/raw/videos/ASL_2008_02_15/scene25-camera1.mov
ONE-NIGHT-STAND,ONE-NIGHT-STAND,Liz,ASL_2010_08_10_Liz_additional_lexicon_signs,29,2455,2500,data/raw/videos/ASL_2010_08_10_Liz_additional_lexicon_signs/scene29-camera1.mov
ONE-THIRD,ONE-THIRD,Liz,ASL_2008_02_15,25,1125,1170,data/raw/videos/ASL_2008_02_15/scene25-camera1.mov
ONE-WEEK,ONE-WEEK,Liz,ASL_2008_03_28,38,1037,1071,data/raw/videos/ASL_2008_03_28/scene38-camera1.mov
ONION,ONION+,Liz,ASL_2008_02_15,25,1585,1617,data/raw/videos/ASL_2008_02_15/scene25-camera1.mov
OPEN,OPEN,Liz,ASL_2008_02_15,25,2745,2782,data/raw/videos/ASL_2008_02_15/scene25-camera1.mov
OPEN-DOOR,OPEN-DOOR,Liz,ASL_2008_02_15,25,3155,3200,data/raw/videos/ASL_2008_02_15/scene25-camera1.mov
OPEN-WINDOW,OPEN-WINDOW,Liz,ASL_2008_02_15,26,560,605,data/raw/videos/ASL_2008_02_15/scene26-camera1.mov
OPINION,OPINION+,Liz,ASL_2008_02_15,26,2822,2865,data/raw/videos/ASL_2008_02_15/scene26-camera1.mov
OPPORTUNITY,OPPORTUNITY,Liz,ASL_2010_08_10_Liz_additional_lexicon_signs,2,3977,4030,data/raw/videos/ASL_2010_08_10_Liz_additional_lexicon_signs/scene2-camera1.mov
OPPOSITE,OPPOSITE,Liz,ASL_2008_02_15,26,3312,3360,data/raw/videos/ASL_2008_02_15/scene26-camera1.mov
OPPOSITE+AGENT,OPPOSITE+AGENT,Liz,ASL_2008_01_18,31,1395,1450,data/raw/videos/ASL_2008_01_18/scene31-camera1.mov
OPTION,OPTION,Liz,ASL_2008_01_11,75,1250,1301,data/raw/videos/ASL_2008_01_11/scene75-camera1.mov
ORANGE,ORANGE+,Liz,ASL_2008_02_15,27,707,750,data/raw/videos/ASL_2008_02_15/scene27-camera1.mov
ORBIT,ORBIT+,Liz,ASL_2008_01_11,21,1240,1310,data/raw/videos/ASL_2008_01_11/scene21-camera1.mov
ORDER,ORDER,Liz,ASL_2008_02_15,27,3085,3125,data/raw/videos/ASL_2008_02_15/scene27-camera1.mov
ORGAN-MUSIC,ORGAN-MUSIC+,Liz,ASL_2008_02_15,27,3365,3450,data/raw/videos/ASL_2008_02_15/scene27-camera1.mov
ORGANIZATION,ORGANIZATION,Liz,ASL_2008_02_15,27,3580,3625,data/raw/videos/ASL_2008_02_15/scene27-camera1.mov
ORTHODOX,ORTHODOX,Liz,ASL_2008_02_15,27,4090,4125,data/raw/videos/ASL_2008_02_15/scene27-camera1.mov
OTHER,OTHER,Liz,ASL_2008_01_11,15,640,666,data/raw/videos/ASL_2008_01_11/scene15-camera1.mov
OUT,OUT,Liz,ASL_2008_02_15,28,685,710,data/raw/videos/ASL_2008_02_15/scene28-camera1.mov
OVER/AFTER,OVER/AFTER,Liz,ASL_2008_01_11,6,1320,1360,data/raw/videos/ASL_2008_01_11/scene6-camera1.mov
OVERFLOW,OVERFLOW,Liz,ASL_2008_02_15,28,1742,1807,data/raw/videos/ASL_2008_02_15/scene28-camera1.mov
OVERHEAD-PROJECTOR,OVERHEAD-PROJECTOR,Liz,ASL_2008_02_15,28,2755,2814,data/raw/videos/ASL_2008_02_15/scene28-camera1.mov
OVERLOOK,OVERLOOK,Brady,ASL_2011_06_14_Brady,23,3547,3577,data/raw/videos/ASL_2011_06_14_Brady/scene23-camera1.mov
OVERWHELMED,OVERWHELMED,Liz,ASL_2008_03_28,30,1871,1910,data/raw/videos/ASL_2008_03_28/scene30-camera1.mov
OWL,OWL+,Liz,ASL_2008_02_15,28,3271,3325,data/raw/videos/ASL_2008_02_15/scene28-camera1.mov
P,P,Liz,ASL_2008_02_15,37,1030,1093,data/raw/videos/ASL_2008_02_15/scene37-camera1.mov
PACK,PACK+,Liz,ASL_2008_02_15,29,303,369,data/raw/videos/ASL_2008_02_15/scene29-camera1.mov
PADDLE/CANOE,PADDLE/CANOE,Liz,ASL_2008_01_11,64,255,325,data/raw/videos/ASL_2008_01_11/scene64-camera1.mov
PAGER,PAGER+,Liz,ASL_2008_02_15,29,677,708,data/raw/videos/ASL_2008_02_15/scene29-camera1.mov
PAINT,PAINT+,Liz,ASL_2008_02_15,29,1187,1250,data/raw/videos/ASL_2008_02_15/scene29-camera1.mov
PAINT+AGENT,PAINT+AGENT,Liz,ASL_2008_02_15,29,1709,1780,data/raw/videos/ASL_2008_02_15/scene29-camera1.mov
PANCAKE,PANCAKE,Liz,ASL_2008_02_15,30,2221,2266,data/raw/videos/ASL_2008_02_15/scene30-camera1.mov
PANTS,PANTS+,Liz,ASL_2008_02_15,30,2449,2492,data/raw/videos/ASL_2008_02_15/scene30-camera1.mov
PAPER,PAPER+,Liz,ASL_2008_02_15,30,2661,2698,data/raw/videos/ASL_2008_02_15/scene30-camera1.mov
PAPER++CLIP,PAPER++CLIP,Liz,ASL_2008_02_15,30,3050,3133,data/raw/videos/ASL_2008_02_15/scene30-camera1.mov
PAPER++SQUARE,PAPER++SQUARE,Liz,ASL_2008_01_18,48,1120,1227,data/raw/videos/ASL_2008_01_18/scene48-camera1.mov
PAPER-CHECK/CARD,PAPER-CHECK/CARD,Liz,ASL_2008_01_11,72,720,751,data/raw/videos/ASL_2008_01_11/scene72-camera1.mov
PARACHUTE,PARACHUTE,Liz,ASL_2010_08_10_Liz_additional_lexicon_signs,21,1798,1883,data/raw/videos/ASL_2010_08_10_Liz_additional_lexicon_signs/scene21-camera1.mov
PARAGRAPH,PARAGRAPH+,Liz,ASL_2008_02_15,30,4433,4475,data/raw/videos/ASL_2008_02_15/scene30-camera1.mov
PARALLEL,PARALLEL,Liz,ASL_2008_02_15,31,280,327,data/raw/videos/ASL_2008_02_15/scene31-camera1.mov
PARENTHESES,PARENTHESES,Liz,ASL_2010_08_10_Liz_additional_lexicon_signs,21,1649,1684,data/raw/videos/ASL_2010_08_10_Liz_additional_lexicon_signs/scene21-camera1.mov
PARK,PARK,Liz,ASL_2008_02_15,31,1385,1432,data/raw/videos/ASL_2008_02_15/scene31-camera1.mov
PARK++DROP-COINS,PARK++DROP-COINS++,Brady,ASL_2011_06_14_Brady,56,2621,2673,data/raw/videos/ASL_2011_06_14_Brady/scene56-camera1.mov
PARLIAMENT,PARLIAMENT,Liz,ASL_2008_02_15,31,1645,1701,data/raw/videos/ASL_2008_02_15/scene31-camera1.mov
PARTY,(P)PARTY+,Liz,ASL_2008_02_15,32,747,805,data/raw/videos/ASL_2008_02_15/scene32-camera1.mov
PASS,PASS,Liz,ASL_2008_02_15,32,991,1020,data/raw/videos/ASL_2008_02_15/scene32-camera1.mov
PASS-DOWN,PASS-DOWN+,Liz,ASL_2010_08_10_Liz_additional_lexicon_signs,20,1390,1440,data/raw/videos/ASL_2010_08_10_Liz_additional_lexicon_signs/scene20-camera1.mov
PASS-OUT,PASS-OUT,Brady,ASL_2011_06_14_Brady,15,6150,6165,data/raw/videos/ASL_2011_06_14_Brady/scene15-camera1.mov
PAST,PAST+,Liz,ASL_2008_01_11,28,1320,1350,data/raw/videos/ASL_2008_01_11/scene28-camera1.mov
PAST+NIGHT,PAST+NIGHT,Liz,ASL_2008_02_01,44,235,280,data/raw/videos/ASL_2008_02_01/scene44-camera1.mov
PAST+YEAR,PAST+YEAR,Brady,ASL_2011_06_14_Brady,47,772,812,data/raw/videos/ASL_2011_06_14_Brady/scene47-camera1.mov
PAT-ON-BACK,PAT-ON-BACK++,Liz,ASL_2008_02_15,32,1430,1482,data/raw/videos/ASL_2008_02_15/scene32-camera1.mov
PATIENT,PATIENT,Liz,ASL_2008_02_15,32,2480,2512,data/raw/videos/ASL_2008_02_15/scene32-camera1.mov
PATRONIZE/FREQUENT,PATRONIZE/FREQUENT++,Lana,ASL_2006_10_10,11,1563,1602,data/raw/videos/ASL_2006_10_10/scene11-camera1.mov
PAY,(P)PAY,Liz,ASL_2008_02_15,33,335,362,data/raw/videos/ASL_2008_02_15/scene33-camera1.mov
PAY++FINISH,(P)PAY++FINISH,Liz,ASL_2010_08_10_Liz_additional_lexicon_signs,15,1828,1881,data/raw/videos/ASL_2010_08_10_Liz_additional_lexicon_signs/scene15-camera1.mov
PAY-ATTENTION,PAY-ATTENTION+,Liz,ASL_2008_01_11,24,1451,1481,data/raw/videos/ASL_2008_01_11/scene24-camera1.mov
PAY-IN-FULL,PAY-IN-FULL,Liz,ASL_2010_08_10_Liz_additional_lexicon_signs,15,2055,2095,data/raw/videos/ASL_2010_08_10_Liz_additional_lexicon_signs/scene15-camera1.mov
"PCL:5""coming in""","PCL:5""coming in""",Tyler,ASL_2008_05_29a,52,2820,2860,data/raw/videos/ASL_2008_05_29a/scene52-camera1.mov
"PCL:5-C-L""crowd""","PCL:5-C-L""crowd""",Liz,ASL_2008_02_01,24,1702,1750,data/raw/videos/ASL_2008_02_01/scene24-camera1.mov
PEA-BRAIN,PEA-BRAIN,Liz,ASL_2008_01_11,47,436,470,data/raw/videos/ASL_2008_01_11/scene47-camera1.mov
PEACH,PEACH+,Liz,ASL_2008_02_15,33,1715,1747,data/raw/videos/ASL_2008_02_15/scene33-camera1.mov
PEAK-MOUNTAIN,PEAK-MOUNTAIN,Liz,ASL_2008_02_29,45,575,660,data/raw/videos/ASL_2008_02_29/scene45-camera1.mov
PEAR,PEAR+,Liz,ASL_2008_02_15,33,2605,2646,data/raw/videos/ASL_2008_02_15/scene33-camera1.mov
PEAS,PEAS,Liz,ASL_2008_02_15,33,3220,3282,data/raw/videos/ASL_2008_02_15/scene33-camera1.mov
PEEK-AROUND,PEEK-AROUND,Liz,ASL_2008_02_15,33,3615,3712,data/raw/videos/ASL_2008_02_15/scene33-camera1.mov
PENCIL,PENCIL+,Liz,ASL_2008_02_15,34,1727,1765,data/raw/videos/ASL_2008_02_15/scene34-camera1.mov
PENGUIN,PENGUIN+,Liz,ASL_2008_02_15,34,2051,2127,data/raw/videos/ASL_2008_02_15/scene34-camera1.mov
PEOPLE,PEOPLE+,Liz,ASL_2008_02_15,35,316,380,data/raw/videos/ASL_2008_02_15/scene35-camera1.mov
PEOPLE+AUDIENCE,PEOPLE+AUDIENCE,Liz,ASL_2008_01_11,25,720,787,data/raw/videos/ASL_2008_01_11/scene25-camera1.mov
PERCEIVE,PERCEIVE+,Liz,ASL_2010_08_10_Liz_additional_lexicon_signs,22,300,355,data/raw/videos/ASL_2010_08_10_Liz_additional_lexicon_signs/scene22-camera1.mov
PERCENT,PERCENT,Liz,ASL_2008_02_15,35,1911,1955,data/raw/videos/ASL_2008_02_15/scene35-camera1.mov
PERFECT,(P)PERFECT,Liz,ASL_2008_02_15,35,2460,2512,data/raw/videos/ASL_2008_02_15/scene35-camera1.mov
PERFUME,PERFUME+,Liz,ASL_2008_02_15,35,3510,3555,data/raw/videos/ASL_2008_02_15/scene35-camera1.mov
PERIOD,PERIOD,Liz,ASL_2008_02_15,35,4581,4625,data/raw/videos/ASL_2008_02_15/scene35-camera1.mov
PERIOD-ON-PAGE,PERIOD-ON-PAGE,Liz,ASL_2008_02_15,36,515,556,data/raw/videos/ASL_2008_02_15/scene36-camera1.mov
PERMIT,PERMIT,Liz,ASL_2008_02_15,36,752,785,data/raw/videos/ASL_2008_02_15/scene36-camera1.mov
PERSON,PERSON,Liz,ASL_2008_02_15,36,980,1004,data/raw/videos/ASL_2008_02_15/scene36-camera1.mov
PERSONALITY,PERSONALITY,Liz,ASL_2008_02_15,36,1245,1320,data/raw/videos/ASL_2008_02_15/scene36-camera1.mov
PERSPECTIVE,PERSPECTIVE_2,Liz,ASL_2008_02_15,36,1550,1600,data/raw/videos/ASL_2008_02_15/scene36-camera1.mov
PET/SPOILED,PET/SPOILED+,Liz,ASL_2008_02_15,36,3602,3660,data/raw/videos/ASL_2008_02_15/scene36-camera1.mov
PHONE,PHONE+,Liz,ASL_2008_03_28,6,4450,4475,data/raw/videos/ASL_2008_03_28/scene6-camera1.mov
PHONE+PUSH-BUTTONS,PHONE+PUSH-BUTTONS,Liz,ASL_2008_01_18,16,2975,3077,data/raw/videos/ASL_2008_01_18/scene16-camera1.mov
PHYSICAL,PHYSICAL,Liz,ASL_2008_02_15,37,3320,3360,data/raw/videos/ASL_2008_02_15/scene37-camera1.mov
PHYSICS,PHYSICS+,Liz,ASL_2008_02_15,37,3590,3652,data/raw/videos/ASL_2008_02_15/scene37-camera1.mov
PIANO,PIANO+,Liz,ASL_2008_02_15,38,256,350,data/raw/videos/ASL_2008_02_15/scene38-camera1.mov
PICK/CHOOSE,PICK/CHOOSE,Liz,ASL_2008_01_11,76,670,695,data/raw/videos/ASL_2008_01_11/scene76-camera1.mov
PICKLE,PICKLE+,Liz,ASL_2008_02_15,38,920,985,data/raw/videos/ASL_2008_02_15/scene38-camera1.mov
PICNIC,PICNIC,Liz,ASL_2010_08_10_Liz_additional_lexicon_signs,7,2402,2437,data/raw/videos/ASL_2010_08_10_Liz_additional_lexicon_signs/scene7-camera1.mov
PICTURE,PICTURE,Liz,ASL_2008_02_15,38,2385,2430,data/raw/videos/ASL_2008_02_15/scene38-camera1.mov
PIE,PIE,Liz,ASL_2008_02_15,38,2920,2986,data/raw/videos/ASL_2008_02_15/scene38-camera1.mov
PIG,PIG++,Liz,ASL_2008_02_15,38,3220,3252,data/raw/videos/ASL_2008_02_15/scene38-camera1.mov
PILGRIM,PILGRIM,Liz,ASL_2010_08_10_Liz_additional_lexicon_signs,22,450,540,data/raw/videos/ASL_2010_08_10_Liz_additional_lexicon_signs/scene22-camera1.mov
PILLOW,PILLOW+,Liz,ASL_2008_02_15,38,3975,4025,data/raw/videos/ASL_2008_02_15/scene38-camera1.mov
PIMPLES,PIMPLES,Liz,ASL_2008_02_15,39,746,811,data/raw/videos/ASL_2008_02_15/scene39-camera1.mov
PIN,PIN,Liz,ASL_2008_02_15,39,1510,1550,data/raw/videos/ASL_2008_02_15/scene39-camera1.mov
PINEAPPLE,PINEAPPLE+,Liz,ASL_2008_02_15,39,3406,3465,data/raw/videos/ASL_2008_02_15/scene39-camera1.mov
PING-PONG/TENNIS,PING-PONG/TENNIS,Liz,ASL_2008_01_11,30,325,380,data/raw/videos/ASL_2008_01_11/scene30-camera1.mov
PINK,PINK,Liz,ASL_2008_02_15,39,5570,5595,data/raw/videos/ASL_2008_02_15/scene39-camera1.mov
PIPE,PIPE+,Liz,ASL_2008_02_15,40,705,767,data/raw/videos/ASL_2008_02_15/scene40-camera1.mov
PIRATE,PIRATE+,Liz,ASL_2008_02_15,32,1705,1746,data/raw/videos/ASL_2008_02_15/scene32-camera1.mov
PISS-OFF,PISS-OFF_2,Liz,ASL_2010_08_10_Liz_additional_lexicon_signs,22,634,691,data/raw/videos/ASL_2010_08_10_Liz_additional_lexicon_signs/scene22-camera1.mov
PITCH-A-BALL,PITCH-A-BALL+,Brady,ASL_2011_07_19_Brady,34,980,1031,data/raw/videos/ASL_2011_07_19_Brady/scene34-camera1.mov
PITCHER,PITCHER+,Liz,ASL_2008_02_15,40,2478,2585,data/raw/videos/ASL_2008_02_15/scene40-camera1.mov
PITCHER_2,PITCHER_2+,Liz,ASL_2008_02_15,40,2775,2875,data/raw/videos/ASL_2008_02_15/scene40-camera1.mov
PITY,PITY+,Liz,ASL_2008_02_15,40,3275,3365,data/raw/videos/ASL_2008_02_15/scene40-camera1.mov
PIZZA,PIZZA,Liz,ASL_2008_02_15,41,985,1038,data/raw/videos/ASL_2008_02_15/scene41-camera1.mov
PIZZA_2,PIZZA_2+,Liz,ASL_2008_02_15,41,710,762,data/raw/videos/ASL_2008_02_15/scene41-camera1.mov
PIZZA_3,PIZZA_3,Liz,ASL_2010_08_10_Liz_additional_lexicon_signs,7,2617,2685,data/raw/videos/ASL_2010_08_10_Liz_additional_lexicon_signs/scene7-camera1.mov
PLACE,(A)PLACE,Liz,ASL_2008_01_11,20,1915,1970,data/raw/videos/ASL_2008_01_11/scene20-camera1.mov
PLAN,PLAN,Liz,ASL_2008_02_15,41,1925,1970,data/raw/videos/ASL_2008_02_15/scene41-camera1.mov
PLANT-SEEDS,PLANT-SEEDS,Liz,ASL_2008_02_15,41,2152,2168,data/raw/videos/ASL_2008_02_15/scene41-camera1.mov
PLASTIC,PLASTIC+,Liz,ASL_2008_01_18,44,1310,1370,data/raw/videos/ASL_2008_01_18/scene44-camera1.mov
PLAY,PLAY+,Liz,ASL_2008_02_15,41,2374,2425,data/raw/videos/ASL_2008_02_15/scene41-camera1.mov
PLAY+AGENT,PLAY+AGENT,Liz,ASL_2008_02_15,41,2775,2815,data/raw/videos/ASL_2008_02_15/scene41-camera1.mov
PLAY+GROUND,PLAY+GROUND,Liz,ASL_2008_02_15,42,602,662,data/raw/videos/ASL_2008_02_15/scene42-camera1.mov
PLAY-AROUND,PLAY-AROUND+,Liz,ASL_2008_02_15,42,339,408,data/raw/videos/ASL_2008_02_15/scene42-camera1.mov
PLEASE/(1h)ENJOY,PLEASE/(1h)ENJOY+,Liz,ASL_2008_01_18,32,1080,1172,data/raw/videos/ASL_2008_01_18/scene32-camera1.mov
PLENTY,PLENTY,Liz,ASL_2008_02_15,42,1671,1701,data/raw/videos/ASL_2008_02_15/scene42-camera1.mov
PLUG,PLUG+,Liz,ASL_2008_02_15,42,2675,2733,data/raw/videos/ASL_2008_02_15/scene42-camera1.mov
PLUS,PLUS+,Liz,ASL_2008_02_15,44,3142,3172,data/raw/videos/ASL_2008_02_15/scene44-camera1.mov
PNEUMONIA,PNEUMONIA+,Liz,ASL_2008_02_15,42,3202,3268,data/raw/videos/ASL_2008_02_15/scene42-camera1.mov
POCKET,POCKET+,Liz,ASL_2008_02_15,43,440,495,data/raw/videos/ASL_2008_02_15/scene43-camera1.mov
POEM,POEM,Liz,ASL_2008_02_15,43,642,688,data/raw/videos/ASL_2008_02_15/scene43-camera1.mov
POETRY,POETRY+,Liz,ASL_2008_02_15,43,811,867,data/raw/videos/ASL_2008_02_15/scene43-camera1.mov
POINT-TO,POINT-TO,Liz,ASL_2008_02_15,43,1425,1450,data/raw/videos/ASL_2008_02_15/scene43-camera1.mov
POKE,POKE,Liz,ASL_2008_02_15,43,2236,2260,data/raw/videos/ASL_2008_02_15/scene43-camera1.mov
POLICY,POLICY,Liz,ASL_2008_02_15,44,422,465,data/raw/videos/ASL_2008_02_15/scene44-camera1.mov
POLITE,POLITE++,Liz,ASL_2008_02_15,44,615,661,data/raw/videos/ASL_2008_02_15/scene44-camera1.mov
POLITICS,POLITICS,Liz,ASL_2008_02_15,44,850,905,data/raw/videos/ASL_2008_02_15/scene44-camera1.mov
PONDER,(1h)PONDER+,Liz,ASL_2008_02_15,12,785,836,data/raw/videos/ASL_2008_02_15/scene12-camera1.mov
POOR,POOR+,Liz,ASL_2008_02_15,44,1460,1520,data/raw/videos/ASL_2008_02_15/scene44-camera1.mov
POP-CORK,POP-CORK,Liz,ASL_2008_01_11,69,645,666,data/raw/videos/ASL_2008_01_11/scene69-camera1.mov
POP-UP,POP-UP,Liz,ASL_2008_01_11,16,635,665,data/raw/videos/ASL_2008_01_11/scene16-camera1.mov
POPCORN,POPCORN+,Liz,ASL_2008_02_15,44,2484,2537,data/raw/videos/ASL_2008_02_15/scene44-camera1.mov
POPE,POPE,Liz,ASL_2010_08_10_Liz_additional_lexicon_signs,22,800,861,data/raw/videos/ASL_2010_08_10_Liz_additional_lexicon_signs/scene22-camera1.mov
POSS+:i,POSS+:i,Liz,ASL_2008_02_01,21,2170,2206,data/raw/videos/ASL_2008_02_01/scene21-camera1.mov
POSS-1p,POSS-1p,Liz,ASL_2008_02_15,14,217,260,data/raw/videos/ASL_2008_02_15/scene14-camera1.mov
POSS-2p,POSS-2p,Liz,ASL_2008_03_28,48,1095,1120,data/raw/videos/ASL_2008_03_28/scene48-camera1.mov
POSTER,POSTER,Liz,ASL_2010_08_10_Liz_additional_lexicon_signs,2,4390,4445,data/raw/videos/ASL_2010_08_10_Liz_additional_lexicon_signs/scene2-camera1.mov
POSTPONE,POSTPONE,Liz,ASL_2008_02_15,45,2055,2095,data/raw/videos/ASL_2008_02_15/scene45-camera1.mov
POTATO,POTATO+,Liz,ASL_2008_02_15,45,2320,2350,data/raw/videos/ASL_2008_02_15/scene45-camera1.mov
POUND/WEIGH,POUND/WEIGH+,Liz,ASL_2008_03_28,38,1806,1866,data/raw/videos/ASL_2008_03_28/scene38-camera1.mov
POUR,POUR,Brady,ASL_2011_07_19_Brady,39,2091,2106,data/raw/videos/ASL_2011_07_19_Brady/scene39-camera1.mov
POWER,POWER,Liz,ASL_2008_02_15,45,3895,3941,data/raw/videos/ASL_2008_02_15/scene45-camera1.mov
POWERFUL,POWERFUL,Liz,ASL_2008_02_15,46,286,330,data/raw/videos/ASL_2008_02_15/scene46-camera1.mov
PRACTICE,PRACTICE++,Liz,ASL_2008_02_15,46,470,520,data/raw/videos/ASL_2008_02_15/scene46-camera1.mov
PRAY,(B-L)PRAY+,Liz,ASL_2008_02_15,46,801,852,data/raw/videos/ASL_2008_02_15/scene46-camera1.mov
PREACH,PREACH+,Liz,ASL_2008_02_15,46,1005,1050,data/raw/videos/ASL_2008_02_15/scene46-camera1.mov
PREACH++AGENT,PREACH++AGENT,Liz,ASL_2008_02_15,46,1185,1241,data/raw/videos/ASL_2008_02_15/scene46-camera1.mov
PREDICT,PREDICT,Liz,ASL_2008_02_15,46,1407,1440,data/raw/videos/ASL_2008_02_15/scene46-camera1.mov
PREDICT+AGENT,PREDICT+AGENT,Liz,ASL_2008_02_15,50,1342,1392,data/raw/videos/ASL_2008_02_15/scene50-camera1.mov
PREGNANT,(1h)PREGNANT,Liz,ASL_2008_02_15,46,2876,2905,data/raw/videos/ASL_2008_02_15/scene46-camera1.mov
PRESBYTERIAN,PRESBYTERIAN+,Liz,ASL_2008_02_15,47,756,800,data/raw/videos/ASL_2008_02_15/scene47-camera1.mov
PRESIDENT,PRESIDENT,Liz,ASL_2008_02_15,47,1940,1971,data/raw/videos/ASL_2008_02_15/scene47-camera1.mov
PRESS-BUTTONS,PRESS-BUTTONS,Liz,ASL_2008_03_28,19,130,177,data/raw/videos/ASL_2008_03_28/scene19-camera1.mov
PRESSURE,PRESSURE,Liz,ASL_2008_02_29,53,3210,3245,data/raw/videos/ASL_2008_02_29/scene53-camera1.mov
PREVENT,PREVENT,Liz,ASL_2008_02_15,48,265,307,data/raw/videos/ASL_2008_02_15/scene48-camera1.mov
PRICE,PRICE,Liz,ASL_2008_01_11,70,1981,2005,data/raw/videos/ASL_2008_01_11/scene70-camera1.mov
PRIEST,PRIEST+,Liz,ASL_2008_02_15,48,426,472,data/raw/videos/ASL_2008_02_15/scene48-camera1.mov
PRINCE,PRINCE,Liz,ASL_2008_02_15,48,2005,2045,data/raw/videos/ASL_2008_02_15/scene48-camera1.mov
PRINCESS,PRINCESS,Liz,ASL_2008_02_15,48,2250,2310,data/raw/videos/ASL_2008_02_15/scene48-camera1.mov
PRINCIPAL,PRINCIPAL,Liz,ASL_2008_02_15,48,2485,2520,data/raw/videos/ASL_2008_02_15/scene48-camera1.mov
PRINT,PRINT,Liz,ASL_2008_02_15,48,2687,2722,data/raw/videos/ASL_2008_02_15/scene48-camera1.mov
PRINT+AGENT,PRINT+AGENT,Liz,ASL_2008_02_15,48,2866,2915,data/raw/videos/ASL_2008_02_15/scene48-camera1.mov
PRIORITY,PRIORITY,Liz,ASL_2008_02_15,48,3245,3300,data/raw/videos/ASL_2008_02_15/scene48-camera1.mov
PRISON,PRISON,Liz,ASL_2008_02_15,48,3506,3535,data/raw/videos/ASL_2008_02_15/scene48-camera1.mov
PRISON++AGENT,PRISON++AGENT,Liz,ASL_2008_02_15,49,610,672,data/raw/videos/ASL_2008_02_15/scene49-camera1.mov
PRIZE-DRAWING,PRIZE-DRAWING,Liz,ASL_2010_08_10_Liz_additional_lexicon_signs,15,4942,5021,data/raw/videos/ASL_2010_08_10_Liz_additional_lexicon_signs/scene15-camera1.mov
PROBLEM,PROBLEM+,Liz,ASL_2008_02_01,18,3052,3110,data/raw/videos/ASL_2008_02_01/scene18-camera1.mov
PROCEED,PROCEED,Liz,ASL_2008_02_01,3,2230,2275,data/raw/videos/ASL_2008_02_01/scene3-camera1.mov
PROGRAM,PROGRAM,Liz,ASL_2008_02_15,49,2135,2179,data/raw/videos/ASL_2008_02_15/scene49-camera1.mov
PROGRESS,PROGRESS+,Liz,ASL_2008_02_15,49,1645,1691,data/raw/videos/ASL_2008_02_15/scene49-camera1.mov
PROJECT,PROJECT,Liz,ASL_2008_02_15,50,240,285,data/raw/videos/ASL_2008_02_15/scene50-camera1.mov
PROMISCUOUS,PROMISCUOUS,Liz,ASL_2010_08_10_Liz_additional_lexicon_signs,22,1308,1370,data/raw/videos/ASL_2010_08_10_Liz_additional_lexicon_signs/scene22-camera1.mov
PROMISE,PROMISE,Liz,ASL_2008_02_15,50,805,846,data/raw/videos/ASL_2008_02_15/scene50-camera1.mov
PROPORTION,PROPORTION,Liz,ASL_2008_02_15,50,1875,1930,data/raw/videos/ASL_2008_02_15/scene50-camera1.mov
PROTEST,PROTEST,Liz,ASL_2008_01_18,20,382,412,data/raw/videos/ASL_2008_01_18/scene20-camera1.mov
PROTESTANT,PROTESTANT+,Liz,ASL_2008_02_15,50,2565,2630,data/raw/videos/ASL_2008_02_15/scene50-camera1.mov
PROUD,PROUD,Liz,ASL_2008_02_15,50,2770,2820,data/raw/videos/ASL_2008_02_15/scene50-camera1.mov
PROVE,PROVE,Liz,ASL_2008_02_15,50,993,1010,data/raw/videos/ASL_2008_02_15/scene50-camera1.mov
PSYCHIATRY,PSYCHIATRY+,Liz,ASL_2008_02_15,51,695,732,data/raw/videos/ASL_2008_02_15/scene51-camera1.mov
PSYCHIATRY++AGENT,PSYCHIATRY++AGENT,Liz,ASL_2008_02_15,51,478,524,data/raw/videos/ASL_2008_02_15/scene51-camera1.mov
PSYCHOLOGY,PSYCHOLOGY+,Liz,ASL_2008_02_15,51,1092,1132,data/raw/videos/ASL_2008_02_15/scene51-camera1.mov
PSYCHOLOGY++AGENT,PSYCHOLOGY++AGENT,Liz,ASL_2008_02_15,51,881,940,data/raw/videos/ASL_2008_02_15/scene51-camera1.mov
PUFF-SMOKE,PUFF-SMOKE,Liz,ASL_2008_02_15,51,2793,2837,data/raw/videos/ASL_2008_02_15/scene51-camera1.mov
PULL,PULL,Liz,ASL_2008_01_18,23,1202,1245,data/raw/videos/ASL_2008_01_18/scene23-camera1.mov
PULSATE,PULSATE++,Liz,ASL_2008_03_28,31,2425,2517,data/raw/videos/ASL_2008_03_28/scene31-camera1.mov
PUMPS,PUMPS,Liz,ASL_2008_02_15,52,1415,1481,data/raw/videos/ASL_2008_02_15/scene52-camera1.mov
PUNCH,PUNCH,Liz,ASL_2008_01_18,43,712,731,data/raw/videos/ASL_2008_01_18/scene43-camera1.mov
PUNISH,PUNISH,Liz,ASL_2008_02_15,52,1897,1935,data/raw/videos/ASL_2008_02_15/scene52-camera1.mov
PUPPET,PUPPET+,Liz,ASL_2010_08_10_Liz_additional_lexicon_signs,7,2801,2860,data/raw/videos/ASL_2010_08_10_Liz_additional_lexicon_signs/scene7-camera1.mov
PURPLE,PURPLE+,Liz,ASL_2008_02_15,52,2650,2687,data/raw/videos/ASL_2008_02_15/scene52-camera1.mov
PURSE,PURSE+,Liz,ASL_2008_02_15,52,3127,3185,data/raw/videos/ASL_2008_02_15/scene52-camera1.mov
PUSH,PUSH,Liz,ASL_2008_02_29,3,127,155,data/raw/videos/ASL_2008_02_29/scene3-camera1.mov
PUT,PUT,Liz,ASL_2008_02_29,3,400,425,data/raw/videos/ASL_2008_02_29/scene3-camera1.mov
PUT-ON-GLOVES,PUT-ON-GLOVES,Brady,ASL_2011_06_14_Brady,26,7420,7460,data/raw/videos/ASL_2011_06_14_Brady/scene26-camera1.mov
PUT-ON-HEARING-AID,PUT-ON-HEARING-AID,Liz,ASL_2008_02_29,3,1590,1635,data/raw/videos/ASL_2008_02_29/scene3-camera1.mov
PUT-ON-RING,PUT-ON-RING,Liz,ASL_2008_02_29,3,2160,2192,data/raw/videos/ASL_2008_02_29/scene3-camera1.mov
PUZZLE/PUSH-BUTTONS,PUZZLE/PUSH-BUTTONS++,Liz,ASL_2008_02_29,3,2710,2812,data/raw/videos/ASL_2008_02_29/scene3-camera1.mov
Q,Q,Liz,ASL_2008_02_29,3,3345,3400,data/raw/videos/ASL_2008_02_29/scene3-camera1.mov
Q-TIP,Q-TIP+,Liz,ASL_2008_02_01,20,305,362,data/raw/videos/ASL_2008_02_01/scene20-camera1.mov
QMwg,QMwg,Liz,ASL_2008_02_01,26,526,555,data/raw/videos/ASL_2008_02_01/scene26-camera1.mov
QUADRUPLE,QUADRUPLE,Liz,ASL_2010_08_10_Liz_additional_lexicon_signs,16,447,480,data/raw/videos/ASL_2010_08_10_Liz_additional_lexicon_signs/scene16-camera1.mov
QUEEN,QUEEN,Liz,ASL_2008_02_29,4,1055,1105,data/raw/videos/ASL_2008_02_29/scene4-camera1.mov
QUESTION,QUESTION,Liz,ASL_2008_02_29,4,1295,1335,data/raw/videos/ASL_2008_02_29/scene4-camera1.mov
QUIET,QUIET,Liz,ASL_2008_02_29,4,1545,1596,data/raw/videos/ASL_2008_02_29/scene4-camera1.mov
QUINTUPLE,QUINTUPLE,Liz,ASL_2010_08_10_Liz_additional_lexicon_signs,16,595,630,data/raw/videos/ASL_2010_08_10_Liz_additional_lexicon_signs/scene16-camera1.mov
QUIT,QUIT,Liz,ASL_2008_02_29,4,1806,1836,data/raw/videos/ASL_2008_02_29/scene4-camera1.mov
QUOTE/TOPIC,QUOTE/TOPIC,Liz,ASL_2008_02_29,4,2033,2062,data/raw/videos/ASL_2008_02_29/scene4-camera1.mov
R,R,Liz,ASL_2008_02_29,4,2255,2320,data/raw/videos/ASL_2008_02_29/scene4-camera1.mov
RABBI,(crvd-L)RABBI+,Liz,ASL_2008_02_29,4,2792,2855,data/raw/videos/ASL_2008_02_29/scene4-camera1.mov
RABBIT,RABBIT+,Liz,ASL_2008_02_29,5,600,645,data/raw/videos/ASL_2008_02_29/scene5-camera1.mov
RABBI_2,(R)RABBI_2,Liz,ASL_2008_02_29,5,284,335,data/raw/videos/ASL_2008_02_29/scene5-camera1.mov
RACCOON,RACCOON+,Liz,ASL_2008_02_29,5,860,910,data/raw/videos/ASL_2008_02_29/scene5-camera1.mov
RADIO,RADIO,Liz,ASL_2008_01_18,8,2296,2340,data/raw/videos/ASL_2008_01_18/scene8-camera1.mov
RAIN,DRIZZLE,Liz,ASL_2008_02_29,42,1105,1151,data/raw/videos/ASL_2008_02_29/scene42-camera1.mov
RAINBOW,RAINBOW,Liz,ASL_2008_02_29,5,2240,2305,data/raw/videos/ASL_2008_02_29/scene5-camera1.mov
RAKE,RAKE+,Liz,ASL_2008_02_29,5,3040,3086,data/raw/videos/ASL_2008_02_29/scene5-camera1.mov
RAM,(R)RAM,Liz,ASL_2008_02_29,6,300,380,data/raw/videos/ASL_2008_02_29/scene6-camera1.mov
RAT,RAT+,Liz,ASL_2008_02_29,6,2670,2700,data/raw/videos/ASL_2008_02_29/scene6-camera1.mov
RATTLE,RATTLE,Liz,ASL_2008_02_29,6,3082,3145,data/raw/videos/ASL_2008_02_29/scene6-camera1.mov
READ,READ,Liz,ASL_2008_02_29,6,5390,5423,data/raw/videos/ASL_2008_02_29/scene6-camera1.mov
READY,READY_2++,Liz,ASL_2008_02_29,6,5930,5955,data/raw/videos/ASL_2008_02_29/scene6-camera1.mov
REALLY,REALLY,Liz,ASL_2008_03_28,23,4174,4201,data/raw/videos/ASL_2008_03_28/scene23-camera1.mov
REALLY+NICE/CLEAN,REALLY+NICE/CLEAN,Liz,ASL_2008_02_15,41,1526,1577,data/raw/videos/ASL_2008_02_15/scene41-camera1.mov
REALLY+POSS:i,REALLY+POSS:i+,Liz,ASL_2008_01_11,40,297,346,data/raw/videos/ASL_2008_01_11/scene40-camera1.mov
REASON,REASON+,Liz,ASL_2008_02_29,7,252,300,data/raw/videos/ASL_2008_02_29/scene7-camera1.mov
RECENT-PAST,RECENT-PAST,Liz,ASL_2008_02_29,7,645,680,data/raw/videos/ASL_2008_02_29/scene7-camera1.mov
RECLINE/ROCKING-CHAIR,RECLINE/ROCKING-CHAIR,Liz,ASL_2008_02_29,7,877,919,data/raw/videos/ASL_2008_02_29/scene7-camera1.mov
RECORD,RECORD,Liz,ASL_2008_02_29,7,1350,1390,data/raw/videos/ASL_2008_02_29/scene7-camera1.mov
RECORD/BREAK-RECORD,RECORD/BREAK-RECORD,Liz,ASL_2008_01_11,55,275,305,data/raw/videos/ASL_2008_01_11/scene55-camera1.mov
RECYCLE,RECYCLE,Liz,ASL_2008_02_29,14,1155,1195,data/raw/videos/ASL_2008_02_29/scene14-camera1.mov
RED,RED+,Liz,ASL_2008_02_29,7,2050,2075,data/raw/videos/ASL_2008_02_29/scene7-camera1.mov
RED+BLACK+CHECKERS,RED+BLACK+CHECKERS,Tyler,ASL_2008_05_12a,44,3575,3687,data/raw/videos/ASL_2008_05_12a/scene44-camera1.mov
RED+BLOOD,RED+BLOOD,Liz,ASL_2008_01_11,47,1018,1079,data/raw/videos/ASL_2008_01_11/scene47-camera1.mov
RED+BLUSH,RED+BLUSH,Liz,ASL_2008_01_11,48,1370,1445,data/raw/videos/ASL_2008_01_11/scene48-camera1.mov
"RED+DCL""face""","RED+DCL""face""",Naomi,ASL_2008_08_04,31,1982,2016,data/raw/videos/ASL_2008_08_04/scene31-camera1.mov
RED+SLICE,RED+SLICE,Brady,ASL_2011_07_19_Brady,87,1904,1926,data/raw/videos/ASL_2011_07_19_Brady/scene87-camera1.mov
RED+fs-BERRY,RED+fs-BERRY,Liz,ASL_2008_02_29,7,2435,2495,data/raw/videos/ASL_2008_02_29/scene7-camera1.mov
REDUCE,REDUCE,Liz,ASL_2010_08_10_Liz_additional_lexicon_signs,27,840,885,data/raw/videos/ASL_2010_08_10_Liz_additional_lexicon_signs/scene27-camera1.mov
REFER,(R)REFER,Liz,ASL_2008_02_29,8,903,943,data/raw/videos/ASL_2008_02_29/scene8-camera1.mov
REFLECT,REFLECT,Liz,ASL_2008_02_29,8,1872,1923,data/raw/videos/ASL_2008_02_29/scene8-camera1.mov
REFUSE,REFUSE,Liz,ASL_2008_02_29,8,2470,2526,data/raw/videos/ASL_2008_02_29/scene8-camera1.mov
REGISTER,REGISTER+,Liz,ASL_2008_02_29,8,2807,2845,data/raw/videos/ASL_2008_02_29/scene8-camera1.mov
REGULAR,REGULAR++,Liz,ASL_2008_02_29,8,3331,3400,data/raw/videos/ASL_2008_02_29/scene8-camera1.mov
REINS,REINS,Liz,ASL_2008_02_29,9,1076,1157,data/raw/videos/ASL_2008_02_29/scene9-camera1.mov
REJECT,REJECT,Liz,ASL_2008_02_29,9,1347,1385,data/raw/videos/ASL_2008_02_29/scene9-camera1.mov
RELATIONSHIP,1p-RELATIONSHIP,Liz,ASL_2008_02_29,9,1570,1617,data/raw/videos/ASL_2008_02_29/scene9-camera1.mov
RELATIONSHIP-OFF,RELATIONSHIP-OFF,Liz,ASL_2008_02_29,9,2211,2260,data/raw/videos/ASL_2008_02_29/scene9-camera1.mov
RELATIVE,(R)RELATIVE,Liz,ASL_2008_02_29,9,2521,2565,data/raw/videos/ASL_2008_02_29/scene9-camera1.mov
RELAY-OPERATOR,RELAY-OPERATOR+,Liz,ASL_2008_02_15,26,2550,2610,data/raw/videos/ASL_2008_02_15/scene26-camera1.mov
RELIGION,RELIGION,Liz,ASL_2008_02_29,10,1842,1887,data/raw/videos/ASL_2008_02_29/scene10-camera1.mov
REMEMBER,REMEMBER,Liz,ASL_2008_02_29,10,2270,2320,data/raw/videos/ASL_2008_02_29/scene10-camera1.mov
REMIND,REMIND++,Liz,ASL_2008_02_29,10,2985,3031,data/raw/videos/ASL_2008_02_29/scene10-camera1.mov
REMIND-2p,REMIND-2p+,Liz,ASL_2008_02_29,10,2476,2523,data/raw/videos/ASL_2008_02_29/scene10-camera1.mov
REMOVE,REMOVE,Liz,ASL_2008_02_29,10,3280,3316,data/raw/videos/ASL_2008_02_29/scene10-camera1.mov
RENOVATION++AGENT,RENOVATION++AGENT,Brady,ASL_2011_06_14_Brady,3,5393,5438,data/raw/videos/ASL_2011_06_14_Brady/scene3-camera1.mov
REPAIR,REPAIR+,Liz,ASL_2008_01_18,43,1631,1676,data/raw/videos/ASL_2008_01_18/scene43-camera1.mov
REPLACE,EXCHANGE,Liz,ASL_2008_01_18,35,1815,1855,data/raw/videos/ASL_2008_01_18/scene35-camera1.mov
REPORT,REPORT,Liz,ASL_2008_02_29,11,834,876,data/raw/videos/ASL_2008_02_29/scene11-camera1.mov
REPORT+AGENT,REPORT+AGENT,Liz,ASL_2008_02_29,11,1329,1378,data/raw/videos/ASL_2008_02_29/scene11-camera1.mov
REPUBLICAN,REPUBLICAN,Liz,ASL_2008_02_29,12,175,225,data/raw/videos/ASL_2008_02_29/scene12-camera1.mov
REQUEST,REQUEST,Liz,ASL_2008_01_11,23,480,520,data/raw/videos/ASL_2008_01_11/scene23-camera1.mov
REQUIRE,REQUIRE,Liz,ASL_2008_01_18,14,742,765,data/raw/videos/ASL_2008_01_18/scene14-camera1.mov
RESEARCH,(R)RESEARCH++,Liz,ASL_2008_02_29,12,410,460,data/raw/videos/ASL_2008_02_29/scene12-camera1.mov
RESPECT,(1h)RESPECT,Liz,ASL_2008_02_29,12,1815,1847,data/raw/videos/ASL_2008_02_29/scene12-camera1.mov
RESPONSIBILITY,(R)RESPONSIBILITY+,Liz,ASL_2008_02_29,12,2035,2075,data/raw/videos/ASL_2008_02_29/scene12-camera1.mov
REST,REST,Liz,ASL_2008_02_29,12,2435,2495,data/raw/videos/ASL_2008_02_29/scene12-camera1.mov
RESTAURANT,RESTAURANT,Liz,ASL_2008_02_29,13,40,70,data/raw/videos/ASL_2008_02_29/scene13-camera1.mov
RESTLESS,(nd-U)RESTLESS++,Liz,ASL_2008_02_29,13,1145,1210,data/raw/videos/ASL_2008_02_29/scene13-camera1.mov
RESULT,RESULT,Liz,ASL_2008_02_29,13,1580,1625,data/raw/videos/ASL_2008_02_29/scene13-camera1.mov
RETIRE,(R)RETIRE,Liz,ASL_2008_02_29,13,2531,2575,data/raw/videos/ASL_2008_02_29/scene13-camera1.mov
REVENGE,REVENGE,Liz,ASL_2008_02_29,14,582,612,data/raw/videos/ASL_2008_02_29/scene14-camera1.mov
REVIEW,REVIEW,Liz,ASL_2008_02_29,14,920,955,data/raw/videos/ASL_2008_02_29/scene14-camera1.mov
RIB,RIB,Liz,ASL_2008_02_29,14,1797,1860,data/raw/videos/ASL_2008_02_29/scene14-camera1.mov
RIBS,RIBS,Liz,ASL_2008_02_29,14,2502,2560,data/raw/videos/ASL_2008_02_29/scene14-camera1.mov
RICH,RICH,Liz,ASL_2008_02_29,14,2775,2800,data/raw/videos/ASL_2008_02_29/scene14-camera1.mov
RIDE,RIDE,Liz,ASL_2008_02_29,15,650,690,data/raw/videos/ASL_2008_02_29/scene15-camera1.mov
RIDE-ON,RIDE-ON,Liz,ASL_2008_02_29,15,1075,1115,data/raw/videos/ASL_2008_02_29/scene15-camera1.mov
RIFLE,RIFLE,Liz,ASL_2008_02_29,15,1832,1880,data/raw/videos/ASL_2008_02_29/scene15-camera1.mov
RIGHT,RIGHT,Liz,ASL_2008_02_29,16,580,607,data/raw/videos/ASL_2008_02_29/scene16-camera1.mov
RING,RING+,Liz,ASL_2008_02_29,16,870,907,data/raw/videos/ASL_2008_02_29/scene16-camera1.mov
RIP,RIP,Liz,ASL_2008_02_29,17,250,281,data/raw/videos/ASL_2008_02_29/scene17-camera1.mov
RIVER,RIVER,Dana,ASL_2007_05_24,10,1667,1720,data/raw/videos/ASL_2007_05_24/scene10-camera1.mov
ROAD,ROAD,Liz,ASL_2010_08_10_Liz_additional_lexicon_signs,3,1635,1680,data/raw/videos/ASL_2010_08_10_Liz_additional_lexicon_signs/scene3-camera1.mov
ROCK,ROCK+,Liz,ASL_2008_02_29,17,1060,1102,data/raw/videos/ASL_2008_02_29/scene17-camera1.mov
ROCKET,ROCKET,Liz,ASL_2008_02_29,17,1680,1730,data/raw/videos/ASL_2008_02_29/scene17-camera1.mov
ROLLER-BLADE,ROLLER-BLADE,Liz,ASL_2008_02_29,18,654,710,data/raw/videos/ASL_2008_02_29/scene18-camera1.mov
ROLLER-SKATE,ROLLER-SKATE+,Liz,ASL_2008_02_29,18,416,477,data/raw/videos/ASL_2008_02_29/scene18-camera1.mov
ROLLING,ROLLING+,Liz,ASL_2008_02_29,18,180,240,data/raw/videos/ASL_2008_02_29/scene18-camera1.mov
ROOMMATE,ROOMMATE+,Liz,ASL_2008_02_29,18,3521,3580,data/raw/videos/ASL_2008_02_29/scene18-camera1.mov
ROOSTER,ROOSTER+,Liz,ASL_2008_02_29,18,3879,3925,data/raw/videos/ASL_2008_02_29/scene18-camera1.mov
ROPE,ROPE,Liz,ASL_2008_02_29,18,4621,4662,data/raw/videos/ASL_2008_02_29/scene18-camera1.mov
ROUGH,ROUGH,Liz,ASL_2008_02_29,19,770,788,data/raw/videos/ASL_2008_02_29/scene19-camera1.mov
ROWING,ROWING+,Liz,ASL_2010_08_10_Liz_additional_lexicon_signs,9,832,915,data/raw/videos/ASL_2010_08_10_Liz_additional_lexicon_signs/scene9-camera1.mov
ROYAL,ROYAL,Liz,ASL_2008_02_29,19,1460,1525,data/raw/videos/ASL_2008_02_29/scene19-camera1.mov
RUB,RUB+,Liz,ASL_2008_02_29,19,2030,2090,data/raw/videos/ASL_2008_02_29/scene19-camera1.mov
RUBBER,RUBBER+,Liz,ASL_2008_02_29,19,2517,2555,data/raw/videos/ASL_2008_02_29/scene19-camera1.mov
RUDE,RUDE,Liz,ASL_2008_02_29,26,852,876,data/raw/videos/ASL_2008_02_29/scene26-camera1.mov
RUIN,RUIN,Liz,ASL_2008_02_29,19,3137,3165,data/raw/videos/ASL_2008_02_29/scene19-camera1.mov
RULE,RULE,Liz,ASL_2010_08_10_Liz_additional_lexicon_signs,3,2360,2406,data/raw/videos/ASL_2010_08_10_Liz_additional_lexicon_signs/scene3-camera1.mov
RUN,(parallel)RUN,Liz,ASL_2008_02_01,37,2780,2845,data/raw/videos/ASL_2008_02_01/scene37-camera1.mov
RUN-MACHINE,RUN-MACHINE+++,Liz,ASL_2008_02_29,20,822,880,data/raw/videos/ASL_2008_02_29/scene20-camera1.mov
RUN-OUT,RUN-OUT,Liz,ASL_2008_01_11,11,950,980,data/raw/videos/ASL_2008_01_11/scene11-camera1.mov
RUNNY-NOSE,RUNNY-NOSE++,Liz,ASL_2008_02_29,20,1317,1371,data/raw/videos/ASL_2008_02_29/scene20-camera1.mov
S,S,Liz,ASL_2008_02_29,20,2020,2082,data/raw/videos/ASL_2008_02_29/scene20-camera1.mov
SAD,SAD,Liz,ASL_2008_02_15,11,1016,1067,data/raw/videos/ASL_2008_02_15/scene11-camera1.mov
SAFE,SAFE_2,Liz,ASL_2008_02_29,20,2235,2267,data/raw/videos/ASL_2008_02_29/scene20-camera1.mov
SAFE+AGENT,SAFE+AGENT,Brady,ASL_2011_07_19_Brady,72,2701,2732,data/raw/videos/ASL_2011_07_19_Brady/scene72-camera1.mov
SAFE_2+AGENT,SAFE_2+AGENT,Liz,ASL_2008_02_29,22,2620,2680,data/raw/videos/ASL_2008_02_29/scene22-camera1.mov
SAILBOAT,SAILBOAT,Liz,ASL_2008_02_29,20,2550,2585,data/raw/videos/ASL_2008_02_29/scene20-camera1.mov
SALAD,SALAD+,Liz,ASL_2008_02_29,21,240,294,data/raw/videos/ASL_2008_02_29/scene21-camera1.mov
SALT,SALT,Liz,ASL_2008_02_29,21,470,515,data/raw/videos/ASL_2008_02_29/scene21-camera1.mov
SAME,(2h)SAME+,Liz,ASL_2008_02_29,32,494,566,data/raw/videos/ASL_2008_02_29/scene32-camera1.mov
SAME-OLD,SAME-OLD+,Liz,ASL_2008_01_18,3,2560,2675,data/raw/videos/ASL_2008_01_18/scene3-camera1.mov
SAME-TIME,SAME-TIME,Liz,ASL_2008_02_29,21,700,741,data/raw/videos/ASL_2008_02_29/scene21-camera1.mov
SANDWICH,SANDWICH,Liz,ASL_2008_02_15,38,2121,2171,data/raw/videos/ASL_2008_02_15/scene38-camera1.mov
SARCASM,SARCASM,Liz,ASL_2008_03_28,22,2796,2842,data/raw/videos/ASL_2008_03_28/scene22-camera1.mov
SATISFIED,SATISFIED,Liz,ASL_2008_02_29,22,440,490,data/raw/videos/ASL_2008_02_29/scene22-camera1.mov
SATURDAY,SATURDAY+,Liz,ASL_2008_02_29,22,761,825,data/raw/videos/ASL_2008_02_29/scene22-camera1.mov
SAUCE,SAUCE+,Liz,ASL_2008_02_29,22,1095,1155,data/raw/videos/ASL_2008_02_29/scene22-camera1.mov
SAUSAGE/HOT-DOG,SAUSAGE/HOT-DOG,Liz,ASL_2008_01_11,31,339,385,data/raw/videos/ASL_2008_01_11/scene31-camera1.mov
SAVE,SAVE_2,Liz,ASL_2008_02_29,22,2125,2180,data/raw/videos/ASL_2008_02_29/scene22-camera1.mov
SAVE-MONEY,SAVE-MONEY++,Liz,ASL_2008_02_29,22,2355,2435,data/raw/videos/ASL_2008_02_29/scene22-camera1.mov
SAW,SAW+,Liz,ASL_2008_02_29,22,2950,3020,data/raw/videos/ASL_2008_02_29/scene22-camera1.mov
SAY,SAY+,Liz,ASL_2008_02_29,22,3245,3290,data/raw/videos/ASL_2008_02_29/scene22-camera1.mov
SCARF,SCARF_2,Liz,ASL_2008_02_29,23,1652,1740,data/raw/videos/ASL_2008_02_29/scene23-camera1.mov
SCHEDULE,SCHEDULE,Liz,ASL_2008_02_29,23,1950,2000,data/raw/videos/ASL_2008_02_29/scene23-camera1.mov
SCHOOL,SCHOOL+,Liz,ASL_2008_02_29,23,2190,2235,data/raw/videos/ASL_2008_02_29/scene23-camera1.mov
SCIENCE,SCIENCE+,Liz,ASL_2008_02_29,23,2435,2490,data/raw/videos/ASL_2008_02_29/scene23-camera1.mov
SCIENCE+AGENT,SCIENCE+AGENT,Liz,ASL_2008_02_29,23,2673,2726,data/raw/videos/ASL_2008_02_29/scene23-camera1.mov
"SCL:3""vehicle""++DCL:1""speedometer""","SCL:3""vehicle""++DCL:1""speedometer""",Brady,ASL_2011_06_14_Brady,56,2951,3024,data/raw/videos/ASL_2011_06_14_Brady/scene56-camera1.mov
"SCL:F""small circle""","SCL:F""small circle""",Liz,ASL_2008_02_01,23,1052,1090,data/raw/videos/ASL_2008_02_01/scene23-camera1.mov
"SCL:V""person falling forward""","SCL:V""person falling forward""",Liz,ASL_2008_02_29,51,685,735,data/raw/videos/ASL_2008_02_29/scene51-camera1.mov
"SCL:V""person falling in place""","SCL:V""person falling in place""",Liz,ASL_2008_02_29,35,1370,1430,data/raw/videos/ASL_2008_02_29/scene35-camera1.mov
"SCL:V""person rolling around""","SCL:V""person rolling around""",Liz,ASL_2008_02_29,17,2725,2797,data/raw/videos/ASL_2008_02_29/scene17-camera1.mov
"SCL:V""person walking up ladder""","SCL:V""person walking up ladder""",Liz,ASL_2008_02_01,43,840,896,data/raw/videos/ASL_2008_02_01/scene43-camera1.mov
"SCL:V""person walking""","SCL:V""person walking""",Liz,ASL_2008_03_28,34,1890,1945,data/raw/videos/ASL_2008_03_28/scene34-camera1.mov
SCOLD,SCOLD+,Liz,ASL_2008_02_29,23,3483,3532,data/raw/videos/ASL_2008_02_29/scene23-camera1.mov
SCOOTER,SCOOTER++,Brady,ASL_2011_07_19_Brady,74,1176,1220,data/raw/videos/ASL_2011_07_19_Brady/scene74-camera1.mov
SCOUT,SCOUT+,Brady,ASL_2011_07_19_Brady,74,1736,1768,data/raw/videos/ASL_2011_07_19_Brady/scene74-camera1.mov
SCRAPE,SCRAPE+,Liz,ASL_2008_02_29,24,2297,2347,data/raw/videos/ASL_2008_02_29/scene24-camera1.mov
SCREAM,SCREAM,Liz,ASL_2008_02_29,24,2605,2641,data/raw/videos/ASL_2008_02_29/scene24-camera1.mov
SCREEN/FILTER,SCREEN/FILTER+,Liz,ASL_2008_02_29,24,2905,2965,data/raw/videos/ASL_2008_02_29/scene24-camera1.mov
SCREEN/FILTER++WINDOW,SCREEN/FILTER++WINDOW+,Brady,ASL_2011_06_14_Brady,56,1363,1409,data/raw/videos/ASL_2011_06_14_Brady/scene56-camera1.mov
SCREWDRIVER,SCREWDRIVER++,Liz,ASL_2008_02_29,24,3595,3660,data/raw/videos/ASL_2008_02_29/scene24-camera1.mov
SCUBA,SCUBA+,Liz,ASL_2008_02_29,24,4341,4385,data/raw/videos/ASL_2008_02_29/scene24-camera1.mov
SEARCH-FOR,SEARCH-FOR++,Liz,ASL_2008_02_01,53,275,355,data/raw/videos/ASL_2008_02_01/scene53-camera1.mov
SEAT-BELT,SEAT-BELT,Brady,ASL_2011_06_08_Brady,19,6113,6139,data/raw/videos/ASL_2011_06_08_Brady/scene19-camera1.mov
SECOND,SECOND,Liz,ASL_2010_08_10_Liz_additional_lexicon_signs,15,380,420,data/raw/videos/ASL_2010_08_10_Liz_additional_lexicon_signs/scene15-camera1.mov
SECOND-IN-LIST_2,SECOND-IN-LIST_2,Brady,ASL_2011_07_19_Brady,75,1861,1874,data/raw/videos/ASL_2011_07_19_Brady/scene75-camera1.mov
SECOND-OF-TIME,SECOND-OF-TIME,Liz,ASL_2008_02_29,25,901,980,data/raw/videos/ASL_2008_02_29/scene25-camera1.mov
SECOND-PLACE,SECOND-PLACE,Liz,ASL_2010_08_10_Liz_additional_lexicon_signs,13,266,315,data/raw/videos/ASL_2010_08_10_Liz_additional_lexicon_signs/scene13-camera1.mov
SECRET,SECRET++,Liz,ASL_2008_02_29,25,1637,1675,data/raw/videos/ASL_2008_02_29/scene25-camera1.mov
SECRET+HIDE,SECRET+HIDE,Liz,ASL_2008_02_01,22,560,611,data/raw/videos/ASL_2008_02_01/scene22-camera1.mov
SECRETARY,SECRETARY,Liz,ASL_2008_02_29,25,1876,1915,data/raw/videos/ASL_2008_02_29/scene25-camera1.mov
SEE,SEE,Liz,ASL_2008_02_29,25,2115,2136,data/raw/videos/ASL_2008_02_29/scene25-camera1.mov
SEE-SAW,SEE-SAW+,Liz,ASL_2008_02_29,25,2791,2855,data/raw/videos/ASL_2008_02_29/scene25-camera1.mov
SEE-SEE,SEE-SEE++,Liz,ASL_2008_02_15,23,1632,1680,data/raw/videos/ASL_2008_02_15/scene23-camera1.mov
SEEM,SEEM,Liz,ASL_2008_02_29,25,2340,2375,data/raw/videos/ASL_2008_02_29/scene25-camera1.mov
SELF+:i,SELF+++:i/j/k/l,Liz,ASL_2008_03_28,48,1817,1870,data/raw/videos/ASL_2008_03_28/scene48-camera1.mov
SELF-1p,(A)SELF-1p+,Liz,ASL_2008_02_15,14,966,1015,data/raw/videos/ASL_2008_02_15/scene14-camera1.mov
SELF-2p,SELF-2p,Liz,ASL_2008_03_28,48,1571,1600,data/raw/videos/ASL_2008_03_28/scene48-camera1.mov
SELL,SELL,Liz,ASL_2008_02_29,26,197,221,data/raw/videos/ASL_2008_02_29/scene26-camera1.mov
SEMESTER,SEMESTER,Liz,ASL_2010_08_10_Liz_additional_lexicon_signs,13,1250,1306,data/raw/videos/ASL_2010_08_10_Liz_additional_lexicon_signs/scene13-camera1.mov
SENATE,SENATE,Liz,ASL_2008_02_29,26,422,455,data/raw/videos/ASL_2008_02_29/scene26-camera1.mov
SEND,SEND,Liz,ASL_2008_02_29,26,1330,1355,data/raw/videos/ASL_2008_02_29/scene26-camera1.mov
SEND/MAIL,SEND/MAIL,Liz,ASL_2008_02_29,26,1115,1150,data/raw/videos/ASL_2008_02_29/scene26-camera1.mov
SENIOR,SENIOR+,Liz,ASL_2008_02_29,26,1546,1585,data/raw/videos/ASL_2008_02_29/scene26-camera1.mov
SENIOR-CITIZEN,SENIOR-CITIZEN,Liz,ASL_2008_02_29,26,1795,1830,data/raw/videos/ASL_2008_02_29/scene26-camera1.mov
SENSITIVE,SENSITIVE,Liz,ASL_2008_02_29,26,2040,2071,data/raw/videos/ASL_2008_02_29/scene26-camera1.mov
SENTENCE,SENTENCE,Liz,ASL_2010_08_10_Liz_additional_lexicon_signs,1,5435,5505,data/raw/videos/ASL_2010_08_10_Liz_additional_lexicon_signs/scene1-camera1.mov
SEPARATE,SEPARATE,Liz,ASL_2008_02_29,26,2261,2295,data/raw/videos/ASL_2008_02_29/scene26-camera1.mov
SERIOUS,SERIOUS,Liz,ASL_2008_02_29,39,2255,2295,data/raw/videos/ASL_2008_02_29/scene39-camera1.mov
SERVICE,SERVICE,Liz,ASL_2008_02_29,27,530,585,data/raw/videos/ASL_2008_02_29/scene27-camera1.mov
SERVICE+AGENT,SERVICE+AGENT,Liz,ASL_2008_02_29,27,236,286,data/raw/videos/ASL_2008_02_29/scene27-camera1.mov
SET-UP,SET-UP,Liz,ASL_2008_01_18,33,865,901,data/raw/videos/ASL_2008_01_18/scene33-camera1.mov
SEVEN,SEVEN,Liz,ASL_2008_01_11,3,1511,1555,data/raw/videos/ASL_2008_01_11/scene3-camera1.mov
SEVEN+HOUR,SEVEN+HOUR,Liz,ASL_2010_08_10_Liz_additional_lexicon_signs,16,5022,5080,data/raw/videos/ASL_2010_08_10_Liz_additional_lexicon_signs/scene16-camera1.mov
SEVEN-HOURS,SEVEN-HOURS,Brady,ASL_2011_07_19_Brady,78,239,271,data/raw/videos/ASL_2011_07_19_Brady/scene78-camera1.mov
SEVEN-MONTHS,SEVEN-MONTHS,Liz,ASL_2010_08_10_Liz_additional_lexicon_signs,16,7840,7900,data/raw/videos/ASL_2010_08_10_Liz_additional_lexicon_signs/scene16-camera1.mov
SEVEN-WEEKS,SEVEN-WEEKS,Liz,ASL_2010_08_10_Liz_additional_lexicon_signs,16,6450,6500,data/raw/videos/ASL_2010_08_10_Liz_additional_lexicon_signs/scene16-camera1.mov
SEVENTEEN,SEVENTEEN+,Liz,ASL_2008_01_11,4,685,730,data/raw/videos/ASL_2008_01_11/scene4-camera1.mov
SEVENTH,SEVENTH,Liz,ASL_2010_08_10_Liz_additional_lexicon_signs,15,1070,1102,data/raw/videos/ASL_2010_08_10_Liz_additional_lexicon_signs/scene15-camera1.mov
SEVENTY-EIGHT,SEVENTY-EIGHT,Liz,ASL_2010_08_10_Liz_additional_lexicon_signs,19,2230,2297,data/raw/videos/ASL_2010_08_10_Liz_additional_lexicon_signs/scene19-camera1.mov
SEVENTY-NINE,SEVENTY-NINE,Liz,ASL_2010_08_10_Liz_additional_lexicon_signs,19,2385,2441,data/raw/videos/ASL_2010_08_10_Liz_additional_lexicon_signs/scene19-camera1.mov
SEVENTY-SEVEN,SEVENTY-SEVEN,Liz,ASL_2010_08_10_Liz_additional_lexicon_signs,19,1190,1232,data/raw/videos/ASL_2010_08_10_Liz_additional_lexicon_signs/scene19-camera1.mov
SEVENTY-SIX,SEVENTY-SIX_2,Liz,ASL_2010_08_10_Liz_additional_lexicon_signs,19,2047,2117,data/raw/videos/ASL_2010_08_10_Liz_additional_lexicon_signs/scene19-camera1.mov
SEW,SEW++,Liz,ASL_2008_02_29,27,1430,1495,data/raw/videos/ASL_2008_02_29/scene27-camera1.mov
SEX/GENDER,SEX/GENDER,Liz,ASL_2008_02_29,27,2535,2585,data/raw/videos/ASL_2008_02_29/scene27-camera1.mov
SHAKE-BY-HANDS,SHAKE-BY-HANDS+,Liz,ASL_2008_02_29,28,1240,1325,data/raw/videos/ASL_2008_02_29/scene28-camera1.mov
SHAME,(2h)SHAME,Liz,ASL_2008_01_11,22,1345,1380,data/raw/videos/ASL_2008_01_11/scene22-camera1.mov
SHAMPOO,SHAMPOO,Liz,ASL_2008_02_29,28,1745,1806,data/raw/videos/ASL_2008_02_29/scene28-camera1.mov
SHAPE/STATUE,SHAPE/STATUE,Liz,ASL_2008_01_18,41,285,345,data/raw/videos/ASL_2008_01_18/scene41-camera1.mov
SHARP,SHARP,Liz,ASL_2008_02_29,28,2990,3020,data/raw/videos/ASL_2008_02_29/scene28-camera1.mov
SHAVE,(Y)SHAVE+,Liz,ASL_2008_02_29,28,4275,4331,data/raw/videos/ASL_2008_02_29/scene28-camera1.mov
SHEARS/SHAVE,SHEARS/SHAVE+,Liz,ASL_2008_02_29,23,3187,3240,data/raw/videos/ASL_2008_02_29/scene23-camera1.mov
SHEEP,SHEEP+,Liz,ASL_2008_02_29,29,16,63,data/raw/videos/ASL_2008_02_29/scene29-camera1.mov
SHEET-CAKE,SHEET-CAKE,Liz,ASL_2008_01_11,61,1615,1645,data/raw/videos/ASL_2008_01_11/scene61-camera1.mov
SHELF/FLOOR,SHELF/FLOOR,Liz,ASL_2008_01_18,45,860,882,data/raw/videos/ASL_2008_01_18/scene45-camera1.mov
SHH+CONFIDENTIAL,SHH+CONFIDENTIAL,Liz,ASL_2010_08_10_Liz_additional_lexicon_signs,26,1731,1786,data/raw/videos/ASL_2010_08_10_Liz_additional_lexicon_signs/scene26-camera1.mov
SHINE,SHINE,Liz,ASL_2008_02_29,29,1093,1134,data/raw/videos/ASL_2008_02_29/scene29-camera1.mov
SHIP,SHIP,Liz,ASL_2008_02_29,29,1368,1434,data/raw/videos/ASL_2008_02_29/scene29-camera1.mov
SHOE,SHOE+,Liz,ASL_2008_02_29,29,2746,2773,data/raw/videos/ASL_2008_02_29/scene29-camera1.mov
SHOE+HALF-LIMB,SHOE++HALF-LIMB+,Brady,ASL_2011_06_14_Brady,3,2112,2151,data/raw/videos/ASL_2011_06_14_Brady/scene3-camera1.mov
SHOE-HEEL,SHOE-HEEL,Liz,ASL_2008_02_01,22,1186,1252,data/raw/videos/ASL_2008_02_01/scene22-camera1.mov
SHOOT,SHOOT,Liz,ASL_2008_02_29,29,2997,3045,data/raw/videos/ASL_2008_02_29/scene29-camera1.mov
SHOOT-ARROW,SHOOT-ARROW_2,Liz,ASL_2008_01_11,20,1590,1635,data/raw/videos/ASL_2008_01_11/scene20-camera1.mov
SHORE,SHORE+,Tyler,ASL_2008_05_12a,22,2795,2867,data/raw/videos/ASL_2008_05_12a/scene22-camera1.mov
SHORT,SHORT,Liz,ASL_2008_02_15,32,436,477,data/raw/videos/ASL_2008_02_15/scene32-camera1.mov
SHORT-HEIGHT,SHORT-HEIGHT,Liz,ASL_2008_02_29,30,637,670,data/raw/videos/ASL_2008_02_29/scene30-camera1.mov
SHORT-SLEEVE,SHORT-SLEEVE,Liz,ASL_2008_02_29,35,641,690,data/raw/videos/ASL_2008_02_29/scene35-camera1.mov
SHORTS,SHORTS+,Liz,ASL_2008_02_29,30,1081,1147,data/raw/videos/ASL_2008_02_29/scene30-camera1.mov
SHOULD,SHOULD+,Liz,ASL_2008_02_15,16,2485,2525,data/raw/videos/ASL_2008_02_15/scene16-camera1.mov
SHOVEL/DIG,SHOVEL/DIG,Liz,ASL_2008_02_29,30,1870,1928,data/raw/videos/ASL_2008_02_29/scene30-camera1.mov
SHOW,(M)SHOW,Liz,ASL_2008_02_15,7,3455,3505,data/raw/videos/ASL_2008_02_15/scene7-camera1.mov
SHOW+AGENT,(R)SHOW+AGENT,Liz,ASL_2008_02_29,11,2330,2386,data/raw/videos/ASL_2008_02_29/scene11-camera1.mov
SHOWER,SHOWER+,Liz,ASL_2008_02_29,30,2337,2370,data/raw/videos/ASL_2008_02_29/scene30-camera1.mov
SHUT,SHUT,Liz,ASL_2008_01_11,81,1045,1076,data/raw/videos/ASL_2008_01_11/scene81-camera1.mov
SHUT-UP,SHUT-UP,Liz,ASL_2008_02_29,30,2568,2608,data/raw/videos/ASL_2008_02_29/scene30-camera1.mov
SHY,SHY,Liz,ASL_2008_02_29,31,631,664,data/raw/videos/ASL_2008_02_29/scene31-camera1.mov
SICK,SICK,Liz,ASL_2008_02_29,31,887,929,data/raw/videos/ASL_2008_02_29/scene31-camera1.mov
SICK/SILLY,SICK/SILLY,Liz,ASL_2008_02_15,21,265,292,data/raw/videos/ASL_2008_02_15/scene21-camera1.mov
SIDE,SIDE,Liz,ASL_2008_02_29,31,1527,1573,data/raw/videos/ASL_2008_02_29/scene31-camera1.mov
SIGN,SIGN+,Lana,ASL_2006_10_10,25,1146,1186,data/raw/videos/ASL_2006_10_10/scene25-camera1.mov
SIGN+LANGUAGE,SIGN+LANGUAGE,Brady,ASL_2011_07_19_Brady,82,2358,2386,data/raw/videos/ASL_2011_07_19_Brady/scene82-camera1.mov
SIGNATURE,SIGNATURE,Liz,ASL_2008_02_29,8,3020,3077,data/raw/videos/ASL_2008_02_29/scene8-camera1.mov
SILLY,SILLY,Liz,ASL_2008_01_18,46,1590,1615,data/raw/videos/ASL_2008_01_18/scene46-camera1.mov
SILVER,SILVER,Liz,ASL_2008_02_29,31,3229,3265,data/raw/videos/ASL_2008_02_29/scene31-camera1.mov
SIMMER,SIMMER,Liz,ASL_2008_01_11,49,885,951,data/raw/videos/ASL_2008_01_11/scene49-camera1.mov
SIMPLE,SIMPLE,Liz,ASL_2008_02_29,32,749,776,data/raw/videos/ASL_2008_02_29/scene32-camera1.mov
SISTER,SISTER,Dana,ASL_2007_05_24,27,1447,1478,data/raw/videos/ASL_2007_05_24/scene27-camera1.mov
SIT,SIT,Liz,ASL_2008_02_29,33,755,789,data/raw/videos/ASL_2008_02_29/scene33-camera1.mov
"SIT++DCL:crvd-B""couch shaped object""","SIT++DCL:crvd-B""couch shaped object""",Liz,ASL_2008_01_18,6,1420,1501,data/raw/videos/ASL_2008_01_18/scene6-camera1.mov
SITUATION,SITUATION,Liz,ASL_2008_02_29,33,939,987,data/raw/videos/ASL_2008_02_29/scene33-camera1.mov
SIX,SIX,Liz,ASL_2008_01_11,3,1820,1865,data/raw/videos/ASL_2008_01_11/scene3-camera1.mov
SIX+HOUR,SIX+HOUR,Liz,ASL_2010_08_10_Liz_additional_lexicon_signs,16,4809,4880,data/raw/videos/ASL_2010_08_10_Liz_additional_lexicon_signs/scene16-camera1.mov
SIX-DOLLARS,SIX-DOLLARS,Brady,ASL_2011_06_08_Brady,6,2182,2212,data/raw/videos/ASL_2011_06_08_Brady/scene6-camera1.mov
SIX-HOURS,SIX-HOURS,Brady,ASL_2011_07_19_Brady,85,542,573,data/raw/videos/ASL_2011_07_19_Brady/scene85-camera1.mov
SIX-MONTHS,SIX-MONTHS,Liz,ASL_2010_08_10_Liz_additional_lexicon_signs,16,7646,7706,data/raw/videos/ASL_2010_08_10_Liz_additional_lexicon_signs/scene16-camera1.mov
SIX-WEEKS,SIX-WEEKS,Liz,ASL_2010_08_10_Liz_additional_lexicon_signs,16,6285,6340,data/raw/videos/ASL_2010_08_10_Liz_additional_lexicon_signs/scene16-camera1.mov
SIXTEEN,SIXTEEN_2+,Liz,ASL_2008_01_11,4,1175,1211,data/raw/videos/ASL_2008_01_11/scene4-camera1.mov
SIXTH,SIXTH,Liz,ASL_2010_08_10_Liz_additional_lexicon_signs,15,930,965,data/raw/videos/ASL_2010_08_10_Liz_additional_lexicon_signs/scene15-camera1.mov
SIXTY-EIGHT,SIXTY-EIGHT,Liz,ASL_2010_08_10_Liz_additional_lexicon_signs,19,1745,1805,data/raw/videos/ASL_2010_08_10_Liz_additional_lexicon_signs/scene19-camera1.mov
SIXTY-NINE,SIXTY-NINE,Liz,ASL_2010_08_10_Liz_additional_lexicon_signs,19,1887,1935,data/raw/videos/ASL_2010_08_10_Liz_additional_lexicon_signs/scene19-camera1.mov
SIXTY-SEVEN,SIXTY-SEVEN,Liz,ASL_2010_08_10_Liz_additional_lexicon_signs,19,1585,1635,data/raw/videos/ASL_2010_08_10_Liz_additional_lexicon_signs/scene19-camera1.mov
SIXTY-SIX,SIXTY-SIX_2,Liz,ASL_2010_08_10_Liz_additional_lexicon_signs,19,1055,1100,data/raw/videos/ASL_2010_08_10_Liz_additional_lexicon_signs/scene19-camera1.mov
SIZE,SIZE++,Liz,ASL_2008_02_15,1,3617,3675,data/raw/videos/ASL_2008_02_15/scene1-camera1.mov
SKI,SKI++,Liz,ASL_2008_02_29,33,2013,2080,data/raw/videos/ASL_2008_02_29/scene33-camera1.mov
SKILL,SKILL,Liz,ASL_2008_02_29,33,2275,2295,data/raw/videos/ASL_2008_02_29/scene33-camera1.mov
SKIN,SKIN,Liz,ASL_2008_01_11,73,200,245,data/raw/videos/ASL_2008_01_11/scene73-camera1.mov
SKIRT,SKIRT,Liz,ASL_2008_02_29,34,730,785,data/raw/videos/ASL_2008_02_29/scene34-camera1.mov
SKUNK,(8)SKUNK,Liz,ASL_2008_02_29,34,1990,2031,data/raw/videos/ASL_2008_02_29/scene34-camera1.mov
SKY,SKY,Liz,ASL_2008_02_29,34,2517,2556,data/raw/videos/ASL_2008_02_29/scene34-camera1.mov
SKYSCRAPER,SKYSCRAPER,Liz,ASL_2008_02_29,34,3060,3132,data/raw/videos/ASL_2008_02_29/scene34-camera1.mov
SLAVE,SLAVE+,Liz,ASL_2008_02_29,34,3385,3452,data/raw/videos/ASL_2008_02_29/scene34-camera1.mov
SLEEP,SLEEP,Liz,ASL_2008_02_29,34,3811,3850,data/raw/videos/ASL_2008_02_29/scene34-camera1.mov
SLEEP+DRESS/CLOTHES,SLEEP+DRESS/CLOTHES,Liz,ASL_2008_02_15,29,1950,2007,data/raw/videos/ASL_2008_02_15/scene29-camera1.mov
SLICE,SLICE,Liz,ASL_2008_02_29,35,930,970,data/raw/videos/ASL_2008_02_29/scene35-camera1.mov
SLIDING-DOORS,SLIDING-DOORS,Liz,ASL_2008_02_29,35,1820,1890,data/raw/videos/ASL_2008_02_29/scene35-camera1.mov
SLIM,SLIM_2,Liz,ASL_2008_03_28,10,5690,5735,data/raw/videos/ASL_2008_03_28/scene10-camera1.mov
SLIPPER,SLIPPERS,Liz,ASL_2008_02_29,35,2166,2247,data/raw/videos/ASL_2008_02_29/scene35-camera1.mov
SLIPPERY,SLIPPERY,Liz,ASL_2008_02_29,35,2480,2525,data/raw/videos/ASL_2008_02_29/scene35-camera1.mov
SLOW,SLOW,Liz,ASL_2008_02_29,35,2726,2782,data/raw/videos/ASL_2008_02_29/scene35-camera1.mov
SMALL,SMALL+,Liz,ASL_2008_02_01,51,1475,1520,data/raw/videos/ASL_2008_02_01/scene51-camera1.mov
SMELL,SMELL+,Liz,ASL_2008_02_29,35,3780,3815,data/raw/videos/ASL_2008_02_29/scene35-camera1.mov
SMELLY,SMELLY++,Liz,ASL_2008_02_29,47,378,440,data/raw/videos/ASL_2008_02_29/scene47-camera1.mov
SMILE,SMILE,Liz,ASL_2008_02_29,36,320,355,data/raw/videos/ASL_2008_02_29/scene36-camera1.mov
SMOKE,SMOKE+,Liz,ASL_2008_02_29,36,1095,1150,data/raw/videos/ASL_2008_02_29/scene36-camera1.mov
SMOOTH,SMOOTH,Liz,ASL_2008_02_29,36,1310,1351,data/raw/videos/ASL_2008_02_29/scene36-camera1.mov
SMOOTH-SURFACE,SMOOTH-SURFACE,Liz,ASL_2008_02_29,36,1535,1560,data/raw/videos/ASL_2008_02_29/scene36-camera1.mov
SNAKE,SNAKE,Liz,ASL_2008_02_29,36,2032,2067,data/raw/videos/ASL_2008_02_29/scene36-camera1.mov
SNAKE+WAG,SNAKE+WAG++,Liz,ASL_2008_02_29,6,3415,3476,data/raw/videos/ASL_2008_02_29/scene6-camera1.mov
SNEEZE,SNEEZE,Liz,ASL_2008_02_29,36,2255,2292,data/raw/videos/ASL_2008_02_29/scene36-camera1.mov
SNOB,SNOB++,Liz,ASL_2010_08_10_Liz_additional_lexicon_signs,22,978,1030,data/raw/videos/ASL_2010_08_10_Liz_additional_lexicon_signs/scene22-camera1.mov
SNORKEL,SNORKEL+,Liz,ASL_2008_02_29,36,2601,2640,data/raw/videos/ASL_2008_02_29/scene36-camera1.mov
SNOW,SNOW,Liz,ASL_2008_02_29,36,2885,2936,data/raw/videos/ASL_2008_02_29/scene36-camera1.mov
SNOW+MOTORCYCLE,SNOW+MOTORCYCLE,Brady,ASL_2011_07_19_Brady,89,1678,1710,data/raw/videos/ASL_2011_07_19_Brady/scene89-camera1.mov
SNOWBOARD,SNOWBOARD++,Liz,ASL_2010_08_10_Liz_additional_lexicon_signs,7,3575,3615,data/raw/videos/ASL_2010_08_10_Liz_additional_lexicon_signs/scene7-camera1.mov
SNOWMOBILE,SNOWMOBILE,Liz,ASL_2008_02_29,37,810,865,data/raw/videos/ASL_2008_02_29/scene37-camera1.mov
SO-SO,SO-SO,Liz,ASL_2008_01_18,37,2175,2200,data/raw/videos/ASL_2008_01_18/scene37-camera1.mov
SOAP,SOAP++,Liz,ASL_2008_02_29,37,1073,1120,data/raw/videos/ASL_2008_02_29/scene37-camera1.mov
SOCIAL-WORK,SOCIAL-WORK,Liz,ASL_2008_02_29,37,1742,1785,data/raw/videos/ASL_2008_02_29/scene37-camera1.mov
SOCIAL/INTERACT,SOCIAL/INTERACT+,Liz,ASL_2008_01_11,23,1075,1125,data/raw/videos/ASL_2008_01_11/scene23-camera1.mov
SOCIETY,SOCIETY,Liz,ASL_2008_02_29,37,1970,2015,data/raw/videos/ASL_2008_02_29/scene37-camera1.mov
SOCKS,SOCKS+,Liz,ASL_2008_02_29,37,2197,2236,data/raw/videos/ASL_2008_02_29/scene37-camera1.mov
SODA,SODA,Liz,ASL_2008_02_29,37,2425,2456,data/raw/videos/ASL_2008_02_29/scene37-camera1.mov
SOFT,SOFT+,Liz,ASL_2008_02_29,38,431,500,data/raw/videos/ASL_2008_02_29/scene38-camera1.mov
SOME,SOME,Liz,ASL_2008_02_29,38,1002,1032,data/raw/videos/ASL_2008_02_29/scene38-camera1.mov
SOMETHING/ONE,SOMETHING/ONE,Liz,ASL_2008_02_29,38,1230,1272,data/raw/videos/ASL_2008_02_29/scene38-camera1.mov
SOMETIMES,SOMETIMES++,Liz,ASL_2008_02_29,38,1430,1490,data/raw/videos/ASL_2008_02_29/scene38-camera1.mov
SON,SON,Brady,ASL_2011_07_19_Brady,91,420,446,data/raw/videos/ASL_2011_07_19_Brady/scene91-camera1.mov
SOON,SOON,Liz,ASL_2008_02_29,38,2318,2354,data/raw/videos/ASL_2008_02_29/scene38-camera1.mov
SOPHISTICATED,SOPHISTICATED++,Liz,ASL_2008_02_29,38,2940,3010,data/raw/videos/ASL_2008_02_29/scene38-camera1.mov
SOPHOMORE,SOPHOMORE++,Liz,ASL_2008_02_29,39,825,880,data/raw/videos/ASL_2008_02_29/scene39-camera1.mov
SOPHOMORE_2,SOPHOMORE_2,Liz,ASL_2008_02_29,39,1160,1195,data/raw/videos/ASL_2008_02_29/scene39-camera1.mov
SORRY,SORRY+,Liz,ASL_2008_02_29,39,1461,1545,data/raw/videos/ASL_2008_02_29/scene39-camera1.mov
SOUP,SOUP++,Liz,ASL_2008_02_29,39,1925,1985,data/raw/videos/ASL_2008_02_29/scene39-camera1.mov
SOUTH,SOUTH++,Liz,ASL_2008_02_29,39,3915,3970,data/raw/videos/ASL_2008_02_29/scene39-camera1.mov
SOUTH+(A)ns-AFRICA,SOUTH+(A)ns-AFRICA,Liz,ASL_2008_02_29,39,2735,2825,data/raw/videos/ASL_2008_02_29/scene39-camera1.mov
SPAGHETTI,SPAGHETTI+,Liz,ASL_2008_02_29,40,285,345,data/raw/videos/ASL_2008_02_29/scene40-camera1.mov
SPANK,SPANK,Liz,ASL_2008_02_29,40,1081,1145,data/raw/videos/ASL_2008_02_29/scene40-camera1.mov
SPEAKERS,SPEAKERS+,Liz,ASL_2008_02_01,54,5105,5172,data/raw/videos/ASL_2008_02_01/scene54-camera1.mov
SPECIAL/EXCEPT,SPECIAL/EXCEPT,Liz,ASL_2008_02_29,40,1342,1375,data/raw/videos/ASL_2008_02_29/scene40-camera1.mov
SPECIALTY,SPECIALTY,Liz,ASL_2008_02_01,56,3990,4035,data/raw/videos/ASL_2008_02_01/scene56-camera1.mov
SPEECH/ORAL,(O)SPEECH/ORAL+,Liz,ASL_2008_02_15,27,395,455,data/raw/videos/ASL_2008_02_15/scene27-camera1.mov
SPELL,SPELL,Liz,ASL_2008_01_18,42,652,672,data/raw/videos/ASL_2008_01_18/scene42-camera1.mov
SPEND,SPEND,Liz,ASL_2008_02_29,41,266,290,data/raw/videos/ASL_2008_02_29/scene41-camera1.mov
SPICY,SPICY+,Liz,ASL_2008_02_29,41,1221,1275,data/raw/videos/ASL_2008_02_29/scene41-camera1.mov
SPIDER,SPIDER,Liz,ASL_2008_02_29,41,1505,1545,data/raw/videos/ASL_2008_02_29/scene41-camera1.mov
SPILL,SPILL,Liz,ASL_2008_02_29,18,4271,4325,data/raw/videos/ASL_2008_02_29/scene18-camera1.mov
SPIN,SPIN+,Liz,ASL_2008_02_29,41,2196,2247,data/raw/videos/ASL_2008_02_29/scene41-camera1.mov
SPIT,SPIT,Liz,ASL_2008_02_29,41,2400,2430,data/raw/videos/ASL_2008_02_29/scene41-camera1.mov
SPREAD,SPREAD,Tyler,ASL_2008_05_29b,6,1980,2017,data/raw/videos/ASL_2008_05_29b/scene6-camera1.mov
SPRINKLER,SPRINKLER+,Liz,ASL_2008_02_29,41,3045,3140,data/raw/videos/ASL_2008_02_29/scene41-camera1.mov
SQUARE,SQUARE,Liz,ASL_2008_02_15,45,1471,1525,data/raw/videos/ASL_2008_02_15/scene45-camera1.mov
SQUARED,SQUARED_2,Liz,ASL_2010_08_10_Liz_additional_lexicon_signs,19,160,190,data/raw/videos/ASL_2010_08_10_Liz_additional_lexicon_signs/scene19-camera1.mov
SQUIRREL,SQUIRREL++,Liz,ASL_2008_02_29,42,1581,1610,data/raw/videos/ASL_2008_02_29/scene42-camera1.mov
STAB,STAB,Liz,ASL_2008_02_29,42,4502,4535,data/raw/videos/ASL_2008_02_29/scene42-camera1.mov
STAGE,STAGE,Liz,ASL_2008_02_29,43,291,330,data/raw/videos/ASL_2008_02_29/scene43-camera1.mov
STAMP,STAMP,Liz,ASL_2008_02_29,43,2065,2135,data/raw/videos/ASL_2008_02_29/scene43-camera1.mov
STAMP-SEAL,STAMP-SEAL,Liz,ASL_2008_02_29,25,45,80,data/raw/videos/ASL_2008_02_29/scene25-camera1.mov
STAND,STAND+,Liz,ASL_2008_02_29,43,3551,3590,data/raw/videos/ASL_2008_02_29/scene43-camera1.mov
STAND-UP,STAND-UP,Liz,ASL_2008_01_11,21,450,490,data/raw/videos/ASL_2008_01_11/scene21-camera1.mov
STAND-UP+ASCEND,STAND-UP+ASCEND,Liz,ASL_2008_02_29,13,2255,2318,data/raw/videos/ASL_2008_02_29/scene13-camera1.mov
STAR,STAR+,Liz,ASL_2008_02_29,44,585,625,data/raw/videos/ASL_2008_02_29/scene44-camera1.mov
START,START,Liz,ASL_2008_02_29,44,1519,1560,data/raw/videos/ASL_2008_02_29/scene44-camera1.mov
STATE,STATE,Liz,ASL_2008_02_29,44,1745,1795,data/raw/videos/ASL_2008_02_29/scene44-camera1.mov
STATISTICS,STATISTICS+,Liz,ASL_2010_08_10_Liz_additional_lexicon_signs,18,2750,2801,data/raw/videos/ASL_2010_08_10_Liz_additional_lexicon_signs/scene18-camera1.mov
STEAL,STEAL,Liz,ASL_2008_02_29,44,2175,2205,data/raw/videos/ASL_2008_02_29/scene44-camera1.mov
STEALTHY,STEALTHY+,Liz,ASL_2008_02_29,44,2635,2700,data/raw/videos/ASL_2008_02_29/scene44-camera1.mov
STEAM,STEAM+,Liz,ASL_2008_02_29,36,561,630,data/raw/videos/ASL_2008_02_29/scene36-camera1.mov
STEEP,STEEP,Liz,ASL_2008_02_29,45,290,340,data/raw/videos/ASL_2008_02_29/scene45-camera1.mov
STEPLADDER,STEPLADDER++,Liz,ASL_2008_02_01,43,390,445,data/raw/videos/ASL_2008_02_01/scene43-camera1.mov
STEPS,STEPS++,Liz,ASL_2008_02_29,45,1725,1785,data/raw/videos/ASL_2008_02_29/scene45-camera1.mov
STICKY,(1h)STICKY++,Liz,ASL_2008_02_29,39,320,355,data/raw/videos/ASL_2008_02_29/scene39-camera1.mov
STILL,STILL,Liz,ASL_2008_02_29,45,3421,3465,data/raw/videos/ASL_2008_02_29/scene45-camera1.mov
STIMULATE,STIMULATE,Liz,ASL_2008_02_29,45,3945,3990,data/raw/videos/ASL_2008_02_29/scene45-camera1.mov
STING,STING,Liz,ASL_2008_02_29,46,458,494,data/raw/videos/ASL_2008_02_29/scene46-camera1.mov
STING-FACE,STING-FACE,Liz,ASL_2008_02_29,46,248,286,data/raw/videos/ASL_2008_02_29/scene46-camera1.mov
STINK,STINK,Liz,ASL_2008_02_29,47,683,722,data/raw/videos/ASL_2008_02_29/scene47-camera1.mov
STIR,STIR++,Liz,ASL_2008_02_29,47,945,1040,data/raw/videos/ASL_2008_02_29/scene47-camera1.mov
STITCH,STITCH++,Liz,ASL_2008_02_29,27,1975,2045,data/raw/videos/ASL_2008_02_29/scene27-camera1.mov
STOMACH,STOMACH,Liz,ASL_2008_02_29,47,2170,2212,data/raw/videos/ASL_2008_02_29/scene47-camera1.mov
STOP,STOP,Liz,ASL_2008_02_29,47,2415,2443,data/raw/videos/ASL_2008_02_29/scene47-camera1.mov
STOPLIGHT,STOPLIGHT,Liz,ASL_2008_02_29,48,1010,1070,data/raw/videos/ASL_2008_02_29/scene48-camera1.mov
STORM/CLOUDS,CLOUD,Liz,ASL_2010_08_10_Liz_additional_lexicon_signs,1,6600,6635,data/raw/videos/ASL_2010_08_10_Liz_additional_lexicon_signs/scene1-camera1.mov
STORY,(crvd-B)STORY+,Liz,ASL_2008_02_29,48,1896,1962,data/raw/videos/ASL_2008_02_29/scene48-camera1.mov
STORY++AGENT,STORY++AGENT,Brady,ASL_2011_06_14_Brady,56,1906,1936,data/raw/videos/ASL_2011_06_14_Brady/scene56-camera1.mov
STORY-TELL,STORY-TELL+,Liz,ASL_2010_08_10_Liz_additional_lexicon_signs,29,150,215,data/raw/videos/ASL_2010_08_10_Liz_additional_lexicon_signs/scene29-camera1.mov
STRAIGHT,STRAIGHT,Liz,ASL_2008_02_29,48,2433,2470,data/raw/videos/ASL_2008_02_29/scene48-camera1.mov
STRANGE,STRANGE,Liz,ASL_2008_02_15,22,2280,2312,data/raw/videos/ASL_2008_02_15/scene22-camera1.mov
STRANGLE,STRANGLE,Liz,ASL_2008_02_29,28,990,1045,data/raw/videos/ASL_2008_02_29/scene28-camera1.mov
STRAW,STRAW,Liz,ASL_2008_03_28,29,2750,2797,data/raw/videos/ASL_2008_03_28/scene29-camera1.mov
STRAWBERRY,STRAWBERRY,Liz,ASL_2008_02_29,48,3085,3117,data/raw/videos/ASL_2008_02_29/scene48-camera1.mov
STRAY/DEVIATE,STRAY/DEVIATE,Liz,ASL_2008_02_29,49,528,575,data/raw/videos/ASL_2008_02_29/scene49-camera1.mov
STRICT,STRICT,Liz,ASL_2008_02_29,49,1629,1650,data/raw/videos/ASL_2008_02_29/scene49-camera1.mov
STRING,STRING,Liz,ASL_2008_02_29,49,2412,2452,data/raw/videos/ASL_2008_02_29/scene49-camera1.mov
STRIP,STRIP+,Liz,ASL_2008_03_28,27,2870,2930,data/raw/videos/ASL_2008_03_28/scene27-camera1.mov
STRIP-PAINT,STRIP-PAINT++,Liz,ASL_2008_02_29,49,2645,2715,data/raw/videos/ASL_2008_02_29/scene49-camera1.mov
STRIPES,(4)STRIPES,Liz,ASL_2008_02_29,50,207,280,data/raw/videos/ASL_2008_02_29/scene50-camera1.mov
STRONG,STRONG,Liz,ASL_2008_02_29,50,455,490,data/raw/videos/ASL_2008_02_29/scene50-camera1.mov
STRUCTURE,STRUCTURE,Liz,ASL_2008_02_29,50,875,938,data/raw/videos/ASL_2008_02_29/scene50-camera1.mov
STRUGGLE,STRUGGLE+,Liz,ASL_2008_02_29,50,1074,1162,data/raw/videos/ASL_2008_02_29/scene50-camera1.mov
STUBBORN,STUBBORN,Liz,ASL_2008_02_29,50,1287,1322,data/raw/videos/ASL_2008_02_29/scene50-camera1.mov
STUCK,STUCK,Liz,ASL_2008_02_29,50,1468,1518,data/raw/videos/ASL_2008_02_29/scene50-camera1.mov
STUDY,STUDY,Liz,ASL_2008_02_29,51,455,500,data/raw/videos/ASL_2008_02_29/scene51-camera1.mov
STUPID,STUPID,Liz,ASL_2008_02_29,51,915,942,data/raw/videos/ASL_2008_02_29/scene51-camera1.mov
STUPID_3,STUPID_3,Liz,ASL_2008_02_29,51,1110,1130,data/raw/videos/ASL_2008_02_29/scene51-camera1.mov
SUBSCRIBE,SUBSCRIBE+,Liz,ASL_2010_08_10_Liz_additional_lexicon_signs,6,954,1009,data/raw/videos/ASL_2010_08_10_Liz_additional_lexicon_signs/scene6-camera1.mov
SUBTRACT,SUBTRACT,Liz,ASL_2008_02_29,51,1815,1847,data/raw/videos/ASL_2008_02_29/scene51-camera1.mov
SUBWAY,SUBWAY+,Liz,ASL_2008_02_29,51,2310,2365,data/raw/videos/ASL_2008_02_29/scene51-camera1.mov
SUCCEED,SUCCEED,Liz,ASL_2008_02_29,51,2705,2750,data/raw/videos/ASL_2008_02_29/scene51-camera1.mov
SUFFER,SUFFER,Liz,ASL_2008_02_29,52,797,845,data/raw/videos/ASL_2008_02_29/scene52-camera1.mov
SUGAR/SWEET,SUGAR/SWEET+,Liz,ASL_2008_02_29,52,1260,1295,data/raw/videos/ASL_2008_02_29/scene52-camera1.mov
SUGGEST,(1h)SUGGEST,Liz,ASL_2008_02_29,52,2570,2610,data/raw/videos/ASL_2008_02_29/scene52-camera1.mov
SUITCASE,SUITCASE++,Liz,ASL_2008_02_01,55,1760,1807,data/raw/videos/ASL_2008_02_01/scene55-camera1.mov
SULK,SULK+,Liz,ASL_2008_02_29,52,1490,1530,data/raw/videos/ASL_2008_02_29/scene52-camera1.mov
SUMMARIZE,SUMMARIZE,Liz,ASL_2008_02_29,52,1820,1860,data/raw/videos/ASL_2008_02_29/scene52-camera1.mov
SUMMER,SUMMER+,Liz,ASL_2008_02_29,52,2045,2072,data/raw/videos/ASL_2008_02_29/scene52-camera1.mov
SUMMON,SUMMON,Liz,ASL_2008_02_29,52,2355,2390,data/raw/videos/ASL_2008_02_29/scene52-camera1.mov
SUN,SUN_2,Liz,ASL_2008_02_29,52,3185,3226,data/raw/videos/ASL_2008_02_29/scene52-camera1.mov
SUNDAY,SUNDAY+,Liz,ASL_2008_02_29,53,247,292,data/raw/videos/ASL_2008_02_29/scene53-camera1.mov
SUNRISE,(F)SUNRISE,Liz,ASL_2010_08_10_Liz_additional_lexicon_signs,9,1630,1675,data/raw/videos/ASL_2010_08_10_Liz_additional_lexicon_signs/scene9-camera1.mov
SUNSET,(F)SUNSET,Liz,ASL_2010_08_10_Liz_additional_lexicon_signs,9,1825,1890,data/raw/videos/ASL_2010_08_10_Liz_additional_lexicon_signs/scene9-camera1.mov
SUNSHINE,SUNSHINE,Brady,ASL_2011_07_19_Brady,105,1378,1397,data/raw/videos/ASL_2011_07_19_Brady/scene105-camera1.mov
SUPERIOR,(1h)SUPERIOR,Liz,ASL_2008_01_11,51,460,480,data/raw/videos/ASL_2008_01_11/scene51-camera1.mov
SUPERVISE,SUPERVISE,Liz,ASL_2008_02_29,53,1701,1781,data/raw/videos/ASL_2008_02_29/scene53-camera1.mov
SUPERVISE+AGENT,SUPERVISE+AGENT,Liz,ASL_2008_02_29,53,2401,2453,data/raw/videos/ASL_2008_02_29/scene53-camera1.mov
SUPPORT,(R)SUPPORT+,Liz,ASL_2008_02_29,9,655,713,data/raw/videos/ASL_2008_02_29/scene9-camera1.mov
SUPPORT++AGENT,SUPPORT++AGENT,Liz,ASL_2010_08_10_Liz_additional_lexicon_signs,6,1137,1207,data/raw/videos/ASL_2010_08_10_Liz_additional_lexicon_signs/scene6-camera1.mov
SURFACE,SURFACE+,Liz,ASL_2008_02_29,54,385,450,data/raw/videos/ASL_2008_02_29/scene54-camera1.mov
SURGERY,SURGERY,Liz,ASL_2008_02_15,26,2310,2367,data/raw/videos/ASL_2008_02_15/scene26-camera1.mov
SURPRISE,SURPRISE,Liz,ASL_2008_02_29,54,805,855,data/raw/videos/ASL_2008_02_29/scene54-camera1.mov
SURROUND,SURROUND,Liz,ASL_2008_02_29,54,1080,1152,data/raw/videos/ASL_2008_02_29/scene54-camera1.mov
SUSPECT,SUSPECT+,Liz,ASL_2008_02_29,54,1385,1422,data/raw/videos/ASL_2008_02_29/scene54-camera1.mov
SUSPEND,SUSPEND,Liz,ASL_2008_02_01,23,820,877,data/raw/videos/ASL_2008_02_01/scene23-camera1.mov
SWALLOW,SWALLOW,Liz,ASL_2008_02_29,54,1976,2050,data/raw/videos/ASL_2008_02_29/scene54-camera1.mov
SWEAR,SWEAR,Liz,ASL_2008_01_18,10,2770,2790,data/raw/videos/ASL_2008_01_18/scene10-camera1.mov
SWEAT,SWEAT,Liz,ASL_2008_02_29,54,2255,2295,data/raw/videos/ASL_2008_02_29/scene54-camera1.mov
SWEATER,SWEATER,Liz,ASL_2008_02_29,54,3150,3190,data/raw/videos/ASL_2008_02_29/scene54-camera1.mov
SWEETHEART,SWEETHEART,Liz,ASL_2008_03_28,2,835,880,data/raw/videos/ASL_2008_03_28/scene2-camera1.mov
SWIM,SWIM++,Liz,ASL_2008_03_28,2,1320,1380,data/raw/videos/ASL_2008_03_28/scene2-camera1.mov
SWING,SWING+,Liz,ASL_2008_03_28,2,4345,4426,data/raw/videos/ASL_2008_03_28/scene2-camera1.mov
SWITCH,SWITCH,Liz,ASL_2008_03_28,21,2727,2770,data/raw/videos/ASL_2008_03_28/scene21-camera1.mov
SYMBOL,SYMBOL+,Liz,ASL_2008_03_28,3,665,707,data/raw/videos/ASL_2008_03_28/scene3-camera1.mov
SYSTEM,SYSTEM,Liz,ASL_2008_03_28,3,1092,1125,data/raw/videos/ASL_2008_03_28/scene3-camera1.mov
T,T,Liz,ASL_2008_03_28,3,1370,1421,data/raw/videos/ASL_2008_03_28/scene3-camera1.mov
TABLE,TABLE+,Liz,ASL_2008_03_28,3,2001,2037,data/raw/videos/ASL_2008_03_28/scene3-camera1.mov
TAIL,TAIL+++++,Liz,ASL_2008_03_28,3,2290,2335,data/raw/videos/ASL_2008_03_28/scene3-camera1.mov
TAKE,TAKE,Liz,ASL_2008_03_28,3,3215,3255,data/raw/videos/ASL_2008_03_28/scene3-camera1.mov
TAKE-A-HIKE,TAKE-A-HIKE,Liz,ASL_2008_02_01,4,505,532,data/raw/videos/ASL_2008_02_01/scene4-camera1.mov
TAKE-ADVANTAGE,TAKE-ADVANTAGE,Liz,ASL_2008_02_29,17,545,585,data/raw/videos/ASL_2008_02_29/scene17-camera1.mov
TAKE-BREAK,TAKE-BREAK,Liz,ASL_2008_01_11,55,650,690,data/raw/videos/ASL_2008_01_11/scene55-camera1.mov
TAKE-NOTES,TAKE-NOTES++,Liz,ASL_2008_02_15,28,1150,1205,data/raw/videos/ASL_2008_02_15/scene28-camera1.mov
TAKE-OFF,TAKE-OFF,Liz,ASL_2008_03_28,4,1965,1985,data/raw/videos/ASL_2008_03_28/scene4-camera1.mov
TAKE-PICTURE,TAKE-PICTURE,Brady,ASL_2011_06_08_Brady,25,1522,1539,data/raw/videos/ASL_2011_06_08_Brady/scene25-camera1.mov
TAKE-PILL,TAKE-PILL+,Liz,ASL_2008_02_15,39,310,342,data/raw/videos/ASL_2008_02_15/scene39-camera1.mov
TAKE-SUBWAY,TAKE-SUBWAY,Liz,ASL_2008_02_01,7,2380,2426,data/raw/videos/ASL_2008_02_01/scene7-camera1.mov
TAKE-TRAIN,TAKE-TRAIN,Liz,ASL_2008_02_01,7,2802,2852,data/raw/videos/ASL_2008_02_01/scene7-camera1.mov
TAKE-UP,TAKE-UP,Liz,ASL_2008_01_11,7,785,825,data/raw/videos/ASL_2008_01_11/scene7-camera1.mov
TALK,TALK+,Liz,ASL_2008_03_28,4,2500,2530,data/raw/videos/ASL_2008_03_28/scene4-camera1.mov
TALK-OVER,TALK-OVER++,Liz,ASL_2008_02_15,1,4195,4281,data/raw/videos/ASL_2008_02_15/scene1-camera1.mov
TALK-TO-SELF,TALK-TO-SELF+,Liz,ASL_2008_02_01,35,3945,4012,data/raw/videos/ASL_2008_02_01/scene35-camera1.mov
TALL,TALL,Liz,ASL_2008_03_28,4,3016,3060,data/raw/videos/ASL_2008_03_28/scene4-camera1.mov
TAN,TAN,Liz,ASL_2008_03_28,4,3281,3315,data/raw/videos/ASL_2008_03_28/scene4-camera1.mov
TANK-TOP,TANK-TOP+,Liz,ASL_2008_03_28,4,3645,3685,data/raw/videos/ASL_2008_03_28/scene4-camera1.mov
TAP-DANCE,TAP-DANCE+,Liz,ASL_2008_03_28,5,357,405,data/raw/videos/ASL_2008_03_28/scene5-camera1.mov
TAPE,TAPE,Liz,ASL_2008_03_28,5,1015,1041,data/raw/videos/ASL_2008_03_28/scene5-camera1.mov
TAPE-RECORDING,TAPE-RECORDING+,Liz,ASL_2008_03_28,5,715,787,data/raw/videos/ASL_2008_03_28/scene5-camera1.mov
TASTE,TASTE++,Liz,ASL_2008_03_28,5,1795,1820,data/raw/videos/ASL_2008_03_28/scene5-camera1.mov
TATTLE,(1h)TATTLE++,Liz,ASL_2008_03_28,5,2035,2080,data/raw/videos/ASL_2008_03_28/scene5-camera1.mov
TATTOO,TATTOO+,Liz,ASL_2008_03_28,5,4021,4102,data/raw/videos/ASL_2008_03_28/scene5-camera1.mov
TEA,TEA+,Liz,ASL_2008_03_28,5,4975,5035,data/raw/videos/ASL_2008_03_28/scene5-camera1.mov
TEACH,TEACH+,Liz,ASL_2008_03_28,6,495,532,data/raw/videos/ASL_2008_03_28/scene6-camera1.mov
TEACH++AGENT,TEACH++AGENT,Liz,ASL_2008_03_28,6,948,1008,data/raw/videos/ASL_2008_03_28/scene6-camera1.mov
TEAM,TEAM,Liz,ASL_2008_03_28,6,1733,1765,data/raw/videos/ASL_2008_03_28/scene6-camera1.mov
TEASE,TEASE++,Liz,ASL_2008_03_28,6,1956,1999,data/raw/videos/ASL_2008_03_28/scene6-camera1.mov
TECHNOLOGY++AGENT,TECHNOLOGY++AGENT,Liz,ASL_2008_03_28,6,2191,2240,data/raw/videos/ASL_2008_03_28/scene6-camera1.mov
TEENAGER,TEENAGER,Liz,ASL_2010_08_10_Liz_additional_lexicon_signs,5,2136,2182,data/raw/videos/ASL_2010_08_10_Liz_additional_lexicon_signs/scene5-camera1.mov
TEETH,TEETH_2+,Liz,ASL_2008_03_28,6,2640,2701,data/raw/videos/ASL_2008_03_28/scene6-camera1.mov
TELESCOPE,TELESCOPE,Liz,ASL_2008_03_28,7,250,315,data/raw/videos/ASL_2008_03_28/scene7-camera1.mov
TELL:i,TELL-1p,Liz,ASL_2008_03_28,7,705,740,data/raw/videos/ASL_2008_03_28/scene7-camera1.mov
TEMPERATURE,(1)TEMPERATURE/PITCH+,Liz,ASL_2008_03_28,7,1312,1361,data/raw/videos/ASL_2008_03_28/scene7-camera1.mov
TEMPLE,TEMPLE+,Liz,ASL_2008_03_28,7,1870,1910,data/raw/videos/ASL_2008_03_28/scene7-camera1.mov
TEMPT,TEMPT+,Liz,ASL_2008_03_28,7,2150,2180,data/raw/videos/ASL_2008_03_28/scene7-camera1.mov
TEN,TEN,Liz,ASL_2008_01_11,2,1840,1865,data/raw/videos/ASL_2008_01_11/scene2-camera1.mov
TEN+EIGHT,TEN+EIGHT,Liz,ASL_2008_01_11,3,3260,3294,data/raw/videos/ASL_2008_01_11/scene3-camera1.mov
TEND,TEND,Liz,ASL_2008_03_28,7,2605,2645,data/raw/videos/ASL_2008_03_28/scene7-camera1.mov
TEST,TEST+,Liz,ASL_2008_03_28,8,1000,1040,data/raw/videos/ASL_2008_03_28/scene8-camera1.mov
TEST_2,TEST_2,Liz,ASL_2008_01_18,35,1345,1376,data/raw/videos/ASL_2008_01_18/scene35-camera1.mov
TEXTING,TEXTING_2+,Liz,ASL_2008_02_15,29,948,1001,data/raw/videos/ASL_2008_02_15/scene29-camera1.mov
THAN,THAN,Liz,ASL_2008_03_28,8,2316,2329,data/raw/videos/ASL_2008_03_28/scene8-camera1.mov
THANKSGIVING,THANKSGIVING,Liz,ASL_2008_03_28,8,2770,2807,data/raw/videos/ASL_2008_03_28/scene8-camera1.mov
THAT,THAT,Liz,ASL_2008_03_28,9,645,670,data/raw/videos/ASL_2008_03_28/scene9-camera1.mov
THEN,THEN,Liz,ASL_2008_02_15,26,3525,3555,data/raw/videos/ASL_2008_02_15/scene26-camera1.mov
THEORY,THEORY+,Liz,ASL_2008_03_28,9,1860,1912,data/raw/videos/ASL_2008_03_28/scene9-camera1.mov
THEREFORE,THEREFORE,Liz,ASL_2008_03_28,9,2625,2660,data/raw/videos/ASL_2008_03_28/scene9-camera1.mov
THERMOMETER,THERMOMETER,Liz,ASL_2008_03_28,10,235,280,data/raw/videos/ASL_2008_03_28/scene10-camera1.mov
THESE,THESE,Liz,ASL_2008_03_28,10,1196,1247,data/raw/videos/ASL_2008_03_28/scene10-camera1.mov
THIEF,THIEF,Liz,ASL_2010_08_10_Liz_additional_lexicon_signs,11,170,215,data/raw/videos/ASL_2010_08_10_Liz_additional_lexicon_signs/scene11-camera1.mov
THIN,THIN,Liz,ASL_2008_02_29,34,302,355,data/raw/videos/ASL_2008_02_29/scene34-camera1.mov
THING,(2h)THING,Liz,ASL_2008_03_28,10,6020,6056,data/raw/videos/ASL_2008_03_28/scene10-camera1.mov
THINK,THINK,Liz,ASL_2008_03_28,11,105,150,data/raw/videos/ASL_2008_03_28/scene11-camera1.mov
THINK+(2h)PASS-OUT,THINK+(2h)PASS-OUT,Liz,ASL_2008_01_18,37,1898,1973,data/raw/videos/ASL_2008_01_18/scene37-camera1.mov
THINK+AGREE,THINK+AGREE,Liz,ASL_2008_01_11,10,656,700,data/raw/videos/ASL_2008_01_11/scene10-camera1.mov
THINK+DECIDE,THINK+DECIDE,Liz,ASL_2008_01_18,13,1220,1273,data/raw/videos/ASL_2008_01_18/scene13-camera1.mov
THINK+FAITH,THINK+FAITH,Liz,ASL_2010_08_10_Liz_additional_lexicon_signs,27,1910,1976,data/raw/videos/ASL_2010_08_10_Liz_additional_lexicon_signs/scene27-camera1.mov
THINK+FOCUS/NARROW,THINK+FOCUS/NARROW,Tyler,ASL_2008_06_10,23,944,987,data/raw/videos/ASL_2008_06_10/scene23-camera1.mov
THINK+GENERAL,THINK+GENERAL,Liz,ASL_2008_02_15,26,345,409,data/raw/videos/ASL_2008_02_15/scene26-camera1.mov
THINK+GRAB-CHANCE,THINK+GRAB-CHANCE,Brady,ASL_2011_06_14_Brady,20,1280,1311,data/raw/videos/ASL_2011_06_14_Brady/scene20-camera1.mov
THINK+MARRY,THINK+MARRY,Liz,ASL_2008_01_11,39,492,531,data/raw/videos/ASL_2008_01_11/scene39-camera1.mov
THINK+MEAN,(V)THINK+MEAN,Liz,ASL_2008_02_01,33,797,855,data/raw/videos/ASL_2008_02_01/scene33-camera1.mov
THINK+MESSED-UP,THINK+MESSED-UP,Liz,ASL_2008_01_18,20,965,1020,data/raw/videos/ASL_2008_01_18/scene20-camera1.mov
THINK+MIX-UP,THINK+MIX-UP,Liz,ASL_2008_01_18,3,938,1017,data/raw/videos/ASL_2008_01_18/scene3-camera1.mov
THINK+OPPOSITE,THINK+OPPOSITE,Liz,ASL_2008_01_18,19,215,265,data/raw/videos/ASL_2008_01_18/scene19-camera1.mov
THINK+SHOCK,THINK+SHOCK,Liz,ASL_2008_02_29,29,2211,2267,data/raw/videos/ASL_2008_02_29/scene29-camera1.mov
THINK+TALK-TO-SELF,THINK+TALK-TO-SELF++,Brady,ASL_2011_06_14_Brady,42,2785,2826,data/raw/videos/ASL_2011_06_14_Brady/scene42-camera1.mov
THINK-ABOUT,THINK-ABOUT+,Liz,ASL_2008_03_28,11,320,373,data/raw/videos/ASL_2008_03_28/scene11-camera1.mov
THINK-OVER,THINK-OVER+,Liz,ASL_2008_01_18,3,2305,2350,data/raw/videos/ASL_2008_01_18/scene3-camera1.mov
THIRD,THIRD,Liz,ASL_2008_03_28,11,767,802,data/raw/videos/ASL_2008_03_28/scene11-camera1.mov
THIRD-IN-LIST,THIRD-IN-LIST,Liz,ASL_2008_03_28,11,550,585,data/raw/videos/ASL_2008_03_28/scene11-camera1.mov
THIRD-PLACE,THIRD-PLACE,Liz,ASL_2010_08_10_Liz_additional_lexicon_signs,13,406,450,data/raw/videos/ASL_2010_08_10_Liz_additional_lexicon_signs/scene13-camera1.mov
THIRSTY,THIRSTY,Liz,ASL_2008_03_28,11,1000,1035,data/raw/videos/ASL_2008_03_28/scene11-camera1.mov
THIRTEEN,THIRTEEN,Liz,ASL_2008_01_11,2,786,815,data/raw/videos/ASL_2008_01_11/scene2-camera1.mov
THIRTY,THIRTY,Liz,ASL_2008_03_28,11,1280,1298,data/raw/videos/ASL_2008_03_28/scene11-camera1.mov
THIRTY-THREE,THIRTY-THREE,Liz,ASL_2010_08_10_Liz_additional_lexicon_signs,19,595,640,data/raw/videos/ASL_2010_08_10_Liz_additional_lexicon_signs/scene19-camera1.mov
THIS-PLACE,(1h)THIS-PLACE,Liz,ASL_2008_03_28,11,1510,1545,data/raw/videos/ASL_2008_03_28/scene11-camera1.mov
THOUSAND,THOUSAND,Liz,ASL_2008_03_28,15,1760,1780,data/raw/videos/ASL_2008_03_28/scene15-camera1.mov
THREE,THREE,Liz,ASL_2008_01_11,2,2411,2435,data/raw/videos/ASL_2008_01_11/scene2-camera1.mov
THREE-FOURTHS,THREE-FOURTHS,Liz,ASL_2008_03_28,15,2200,2240,data/raw/videos/ASL_2008_03_28/scene15-camera1.mov
THREE-HOUR,THREE-HOUR,Brady,ASL_2011_07_19_Brady,117,428,460,data/raw/videos/ASL_2011_07_19_Brady/scene117-camera1.mov
THREE-MONTHS,THREE-MONTHS,Liz,ASL_2010_08_10_Liz_additional_lexicon_signs,16,7145,7200,data/raw/videos/ASL_2010_08_10_Liz_additional_lexicon_signs/scene16-camera1.mov
THREE-MORE,THREE-MORE,Liz,ASL_2010_08_10_Liz_additional_lexicon_signs,16,766,790,data/raw/videos/ASL_2010_08_10_Liz_additional_lexicon_signs/scene16-camera1.mov
THREE-WEEKS,THREE-WEEKS,Liz,ASL_2010_08_10_Liz_additional_lexicon_signs,16,5800,5845,data/raw/videos/ASL_2010_08_10_Liz_additional_lexicon_signs/scene16-camera1.mov
THREE_2+HOUR,THREE_2+HOUR,Liz,ASL_2010_08_10_Liz_additional_lexicon_signs,16,4252,4321,data/raw/videos/ASL_2010_08_10_Liz_additional_lexicon_signs/scene16-camera1.mov
THRILL/WHAT'S-UP,THRILL/WHAT'S-UP,Liz,ASL_2008_01_18,33,1951,1976,data/raw/videos/ASL_2008_01_18/scene33-camera1.mov
THROAT,THROAT+,Liz,ASL_2008_03_28,15,2440,2486,data/raw/videos/ASL_2008_03_28/scene15-camera1.mov
THROAT-HURT,THROAT-HURT++,Liz,ASL_2008_03_28,16,595,645,data/raw/videos/ASL_2008_03_28/scene16-camera1.mov
THROUGH,THROUGH,Liz,ASL_2008_03_28,16,855,885,data/raw/videos/ASL_2008_03_28/scene16-camera1.mov
THROW,(1)THROW,Liz,ASL_2008_03_28,16,2201,2230,data/raw/videos/ASL_2008_03_28/scene16-camera1.mov
THROW-AWAY,THROW-AWAY,Naomi,ASL_2008_08_04,3,2768,2786,data/raw/videos/ASL_2008_08_04/scene3-camera1.mov
THROW-BALL,THROW-BALL,Liz,ASL_2008_03_28,16,2936,2966,data/raw/videos/ASL_2008_03_28/scene16-camera1.mov
THROW-BASKETBALL,THROW-BASKETBALL,Liz,ASL_2008_03_28,16,1955,2005,data/raw/videos/ASL_2008_03_28/scene16-camera1.mov
THROW-SOFTBALL,THROW-SOFTBALL,Liz,ASL_2008_03_28,16,2690,2740,data/raw/videos/ASL_2008_03_28/scene16-camera1.mov
THUMB,THUMB,Liz,ASL_2008_03_28,17,336,375,data/raw/videos/ASL_2008_03_28/scene17-camera1.mov
THUMBTACK/BUTTON,THUMBTACK/BUTTON+,Liz,ASL_2008_03_28,17,1996,2035,data/raw/videos/ASL_2008_03_28/scene17-camera1.mov
THURSDAY,THURSDAY,Liz,ASL_2008_03_28,17,2741,2776,data/raw/videos/ASL_2008_03_28/scene17-camera1.mov
TICKLE,TICKLE,Liz,ASL_2008_03_28,17,4276,4318,data/raw/videos/ASL_2008_03_28/scene17-camera1.mov
TIE,TIE,Liz,ASL_2008_03_28,17,4503,4540,data/raw/videos/ASL_2008_03_28/scene17-camera1.mov
TIGER,TIGER+,Liz,ASL_2008_03_28,18,1155,1200,data/raw/videos/ASL_2008_03_28/scene18-camera1.mov
TIME,TIME++,Liz,ASL_2008_03_28,18,1440,1470,data/raw/videos/ASL_2008_03_28/scene18-camera1.mov
"TIME++(1h)""WHAT""","TIME++(1h)""WHAT""",Liz,ASL_2008_03_28,39,1262,1299,data/raw/videos/ASL_2008_03_28/scene39-camera1.mov
"TIME++DCL""circular object""","TIME++DCL""circular object""",Liz,ASL_2008_01_11,79,1911,1970,data/raw/videos/ASL_2008_01_11/scene79-camera1.mov
TIME-PERIOD,TIME-PERIOD,Liz,ASL_2008_03_28,18,1725,1760,data/raw/videos/ASL_2008_03_28/scene18-camera1.mov
TIPTOE,(bent-1)TIPTOE+,Liz,ASL_2008_03_28,18,1965,2035,data/raw/videos/ASL_2008_03_28/scene18-camera1.mov
TIRED,TIRED,Liz,ASL_2008_03_28,18,2445,2495,data/raw/videos/ASL_2008_03_28/scene18-camera1.mov
TO-FOOL,TO-FOOL,Liz,ASL_2008_01_18,46,1385,1405,data/raw/videos/ASL_2008_01_18/scene46-camera1.mov
TO/UNTIL,TO/UNTIL,Liz,ASL_2008_03_28,18,3310,3340,data/raw/videos/ASL_2008_03_28/scene18-camera1.mov
TOAST,TOAST,Liz,ASL_2008_03_28,19,490,530,data/raw/videos/ASL_2008_03_28/scene19-camera1.mov
TOBACCO,TOBACCO+,Liz,ASL_2008_03_28,19,740,795,data/raw/videos/ASL_2008_03_28/scene19-camera1.mov
TOGETHER/GO-STEADY,ALL-TOGETHER,Liz,ASL_2008_01_11,12,1510,1555,data/raw/videos/ASL_2008_01_11/scene12-camera1.mov
TOILET,TOILET+,Liz,ASL_2008_01_11,34,1050,1075,data/raw/videos/ASL_2008_01_11/scene34-camera1.mov
TOMATO,TOMATO,Liz,ASL_2008_03_28,19,2016,2050,data/raw/videos/ASL_2008_03_28/scene19-camera1.mov
TOMORROW,TOMORROW,Liz,ASL_2008_03_28,19,2731,2757,data/raw/videos/ASL_2008_03_28/scene19-camera1.mov
TONGUE,TONGUE,Liz,ASL_2008_03_28,20,296,336,data/raw/videos/ASL_2008_03_28/scene20-camera1.mov
TOOTH/GLASS,TOOTH/GLASS,Liz,ASL_2008_03_28,20,775,840,data/raw/videos/ASL_2008_03_28/scene20-camera1.mov
TOOTHBRUSH,TOOTHBRUSH++,Liz,ASL_2008_03_28,20,988,1055,data/raw/videos/ASL_2008_03_28/scene20-camera1.mov
TOOTHPASTE,(A)TOOTHPASTE,Liz,ASL_2008_03_28,20,1610,1670,data/raw/videos/ASL_2008_03_28/scene20-camera1.mov
TOP,TOP,Liz,ASL_2008_03_28,20,2036,2070,data/raw/videos/ASL_2008_03_28/scene20-camera1.mov
TORNADO,(1)TORNADO+,Liz,ASL_2008_03_28,20,2500,2552,data/raw/videos/ASL_2008_03_28/scene20-camera1.mov
TORTURE,TORTURE+,Liz,ASL_2008_03_28,21,560,667,data/raw/videos/ASL_2008_03_28/scene21-camera1.mov
TOSS,TOSS,Liz,ASL_2008_02_15,40,995,1045,data/raw/videos/ASL_2008_02_15/scene40-camera1.mov
TOTAL,TOTAL_2,Liz,ASL_2008_01_11,13,1681,1725,data/raw/videos/ASL_2008_01_11/scene13-camera1.mov
TOUCH,TOUCH_2,Liz,ASL_2008_03_28,21,867,890,data/raw/videos/ASL_2008_03_28/scene21-camera1.mov
TOUCH-HEART,TOUCH-HEART,Liz,ASL_2008_02_01,27,847,901,data/raw/videos/ASL_2008_02_01/scene27-camera1.mov
TOUGH,TOUGH,Liz,ASL_2008_03_28,21,1067,1094,data/raw/videos/ASL_2008_03_28/scene21-camera1.mov
TOURNAMENT,TOURNAMENT+,Liz,ASL_2008_03_28,21,1315,1369,data/raw/videos/ASL_2008_03_28/scene21-camera1.mov
TOWEL,TOWEL+,Liz,ASL_2008_03_28,21,1760,1820,data/raw/videos/ASL_2008_03_28/scene21-camera1.mov
TRACE-HEART,(1)TRACE-HEART,Liz,ASL_2008_02_01,20,1335,1385,data/raw/videos/ASL_2008_02_01/scene20-camera1.mov
TRADITION,TRADITION,Liz,ASL_2008_03_28,22,350,385,data/raw/videos/ASL_2008_03_28/scene22-camera1.mov
TRAFFIC,TRAFFIC+,Liz,ASL_2008_03_28,22,651,690,data/raw/videos/ASL_2008_03_28/scene22-camera1.mov
TRAIN,TRAIN++,Liz,ASL_2008_03_28,22,878,935,data/raw/videos/ASL_2008_03_28/scene22-camera1.mov
TRANSFER,TRANSFER,Liz,ASL_2008_03_28,23,2634,2673,data/raw/videos/ASL_2008_03_28/scene23-camera1.mov
TRANSLATE,TRANSLATE,Liz,ASL_2008_03_28,22,1110,1162,data/raw/videos/ASL_2008_03_28/scene22-camera1.mov
TRANSPORTATION,TRANSPORTATION+,Liz,ASL_2008_03_28,22,1381,1449,data/raw/videos/ASL_2008_03_28/scene22-camera1.mov
TRAP,TRAP,Liz,ASL_2008_03_28,22,1746,1797,data/raw/videos/ASL_2008_03_28/scene22-camera1.mov
TRASH/BAG,(G)TRASH/BAG,Liz,ASL_2010_08_10_Liz_additional_lexicon_signs,28,3185,3255,data/raw/videos/ASL_2010_08_10_Liz_additional_lexicon_signs/scene28-camera1.mov
TRAVEL,(1)TRAVEL,Liz,ASL_2008_03_28,23,3153,3198,data/raw/videos/ASL_2008_03_28/scene23-camera1.mov
TREAT,TREAT,Liz,ASL_2010_08_10_Liz_additional_lexicon_signs,15,4028,4085,data/raw/videos/ASL_2010_08_10_Liz_additional_lexicon_signs/scene15-camera1.mov
"TREE+DCL""branch""","TREE+DCL""branch""",Liz,ASL_2010_08_10_Liz_additional_lexicon_signs,1,3266,3349,data/raw/videos/ASL_2010_08_10_Liz_additional_lexicon_signs/scene1-camera1.mov
TREE-pl,TREE,Liz,ASL_2010_08_10_Liz_additional_lexicon_signs,3,4935,4965,data/raw/videos/ASL_2010_08_10_Liz_additional_lexicon_signs/scene3-camera1.mov
TRIGONOMETRY,TRIGONOMETRY+,Liz,ASL_2008_03_28,23,288,340,data/raw/videos/ASL_2008_03_28/scene23-camera1.mov
TRIM,TRIM,Liz,ASL_2008_02_15,30,3725,3822,data/raw/videos/ASL_2008_02_15/scene30-camera1.mov
TRIM-HEDGE,TRIM-HEDGE,Liz,ASL_2008_01_11,78,1565,1616,data/raw/videos/ASL_2008_01_11/scene78-camera1.mov
TRIP,TRIP+,Liz,ASL_2008_03_28,22,2002,2062,data/raw/videos/ASL_2008_03_28/scene22-camera1.mov
TRIPLE,TRIPLE,Liz,ASL_2010_08_10_Liz_additional_lexicon_signs,16,165,207,data/raw/videos/ASL_2010_08_10_Liz_additional_lexicon_signs/scene16-camera1.mov
TROMBONE,TROMBONE+,Liz,ASL_2008_03_28,23,3430,3511,data/raw/videos/ASL_2008_03_28/scene23-camera1.mov
TROPHY,TROPHY+,Liz,ASL_2008_03_28,23,3736,3781,data/raw/videos/ASL_2008_03_28/scene23-camera1.mov
TROUBLE,TROUBLE+,Liz,ASL_2008_03_28,23,3967,4009,data/raw/videos/ASL_2008_03_28/scene23-camera1.mov
TRUMPET,TRUMPET,Liz,ASL_2008_02_15,11,295,346,data/raw/videos/ASL_2008_02_15/scene11-camera1.mov
TRY,TRY,Liz,ASL_2008_03_28,24,730,775,data/raw/videos/ASL_2008_03_28/scene24-camera1.mov
TUESDAY,TUESDAY+,Liz,ASL_2008_03_28,24,1438,1489,data/raw/videos/ASL_2008_03_28/scene24-camera1.mov
TUNNEL,TUNNEL,Liz,ASL_2010_08_10_Liz_additional_lexicon_signs,3,5438,5464,data/raw/videos/ASL_2010_08_10_Liz_additional_lexicon_signs/scene3-camera1.mov
TURN,TURN,Liz,ASL_2008_02_15,18,3275,3322,data/raw/videos/ASL_2008_02_15/scene18-camera1.mov
TURN+BROTHER,TURN+BOY_2+CORRECT,Liz,ASL_2008_02_29,45,930,996,data/raw/videos/ASL_2008_02_29/scene45-camera1.mov
TURN+FATHERwg,TURN+FATHERwg,Liz,ASL_2008_02_29,45,1224,1275,data/raw/videos/ASL_2008_02_29/scene45-camera1.mov
TURN+GIRL+CORRECT,TURN+GIRL+CORRECT,Liz,ASL_2008_02_29,45,2776,2847,data/raw/videos/ASL_2008_02_29/scene45-camera1.mov
TURN+MOTHER,TURN+MOTHER+,Liz,ASL_2008_02_29,45,1470,1530,data/raw/videos/ASL_2008_02_29/scene45-camera1.mov
TURN+SISTER,TURN+SISTER,Brady,ASL_2011_07_19_Brady,98,422,457,data/raw/videos/ASL_2011_07_19_Brady/scene98-camera1.mov
TURN-DOWN,TURN-DOWN,Liz,ASL_2008_03_28,24,2830,2857,data/raw/videos/ASL_2008_03_28/scene24-camera1.mov
TURN-PAGE,TURN-PAGE,Liz,ASL_2008_01_18,44,1781,1840,data/raw/videos/ASL_2008_01_18/scene44-camera1.mov
TURN-PAGE_2,TURN-PAGE_2,Tyler,ASL_2008_05_29a,24,2711,2750,data/raw/videos/ASL_2008_05_29a/scene24-camera1.mov
TURTLE,TURTLE++,Liz,ASL_2008_03_28,25,1385,1420,data/raw/videos/ASL_2008_03_28/scene25-camera1.mov
TUTOR,TUTOR+,Liz,ASL_2008_03_28,25,1645,1690,data/raw/videos/ASL_2008_03_28/scene25-camera1.mov
TWELVE,TWELVE+,Liz,ASL_2008_01_11,2,1050,1080,data/raw/videos/ASL_2008_01_11/scene2-camera1.mov
TWENTY,TWENTY+,Liz,ASL_2008_01_11,2,2635,2661,data/raw/videos/ASL_2008_01_11/scene2-camera1.mov
TWENTY-FIVE,TWENTY-FIVE,Brady,ASL_2011_07_22_Brady,14,127,181,data/raw/videos/ASL_2011_07_22_Brady/scene14-camera1.mov
TWENTY-ONE,TWENTY-ONE+,Liz,ASL_2008_03_28,25,2992,3012,data/raw/videos/ASL_2008_03_28/scene25-camera1.mov
TWENTY-THREE,TWENTY-THREE++,Liz,ASL_2010_08_10_Liz_additional_lexicon_signs,19,457,501,data/raw/videos/ASL_2010_08_10_Liz_additional_lexicon_signs/scene19-camera1.mov
TWENTY-TWO,TWENTY-TWO,Liz,ASL_2008_03_28,25,3245,3277,data/raw/videos/ASL_2008_03_28/scene25-camera1.mov
TWICE,TWICE,Liz,ASL_2008_01_18,22,2217,2251,data/raw/videos/ASL_2008_01_18/scene22-camera1.mov
TWINS,(T)TWINS,Liz,ASL_2008_03_28,25,3492,3530,data/raw/videos/ASL_2008_03_28/scene25-camera1.mov
TWIST,TWIST,Liz,ASL_2008_03_28,26,1035,1070,data/raw/videos/ASL_2008_03_28/scene26-camera1.mov
TWO,TWO,Liz,ASL_2008_01_11,4,1720,1745,data/raw/videos/ASL_2008_01_11/scene4-camera1.mov
TWO-HOURS,TWO-HOURS,Brady,ASL_2011_07_22_Brady,14,3566,3601,data/raw/videos/ASL_2011_07_22_Brady/scene14-camera1.mov
TWO-MONTHS,TWO-MONTHS,Liz,ASL_2010_08_10_Liz_additional_lexicon_signs,16,6985,7040,data/raw/videos/ASL_2010_08_10_Liz_additional_lexicon_signs/scene16-camera1.mov
TWO-MORE,TWO-MORE,Liz,ASL_2008_03_28,26,2625,2652,data/raw/videos/ASL_2008_03_28/scene26-camera1.mov
TWO-WEEKS,TWO-WEEKS,Liz,ASL_2010_08_10_Liz_additional_lexicon_signs,16,5656,5700,data/raw/videos/ASL_2010_08_10_Liz_additional_lexicon_signs/scene16-camera1.mov
TWO_2+HOUR,TWO_2+HOUR,Liz,ASL_2010_08_10_Liz_additional_lexicon_signs,16,4062,4144,data/raw/videos/ASL_2010_08_10_Liz_additional_lexicon_signs/scene16-camera1.mov
TYPE,TYPE,Liz,ASL_2008_03_28,24,1233,1276,data/raw/videos/ASL_2008_03_28/scene24-camera1.mov
TYPEWRITER,TYPEWRITER,Brady,ASL_2011_07_22_Brady,7,535,587,data/raw/videos/ASL_2011_07_22_Brady/scene7-camera1.mov
U,U,Liz,ASL_2008_03_28,26,3810,3850,data/raw/videos/ASL_2008_03_28/scene26-camera1.mov
UGLY,UGLY,Liz,ASL_2008_03_28,26,4051,4075,data/raw/videos/ASL_2008_03_28/scene26-camera1.mov
UMBRELLA,UMBRELLA,Liz,ASL_2008_03_28,27,417,465,data/raw/videos/ASL_2008_03_28/scene27-camera1.mov
UNCLE,UNCLE,Liz,ASL_2008_03_28,27,1130,1170,data/raw/videos/ASL_2008_03_28/scene27-camera1.mov
UNDER,UNDER,Liz,ASL_2008_03_28,27,1360,1390,data/raw/videos/ASL_2008_03_28/scene27-camera1.mov
UNDERPANTS,UNDERPANTS,Liz,ASL_2008_03_28,27,2310,2360,data/raw/videos/ASL_2008_03_28/scene27-camera1.mov
UNDERSTAND,UNDERSTAND,Liz,ASL_2008_03_28,27,2000,2045,data/raw/videos/ASL_2008_03_28/scene27-camera1.mov
UNDERWEAR/PRECIOUS,UNDERWEAR/PRECIOUS,Brady,ASL_2011_07_22_Brady,10,1964,2001,data/raw/videos/ASL_2011_07_22_Brady/scene10-camera1.mov
UNIFORM,UNIFORM,Liz,ASL_2008_03_28,28,305,345,data/raw/videos/ASL_2008_03_28/scene28-camera1.mov
UNIVERSE,UNIVERSE,Liz,ASL_2008_03_28,28,1260,1315,data/raw/videos/ASL_2008_03_28/scene28-camera1.mov
UNIVERSITY,UNIVERSITY,Liz,ASL_2008_03_28,28,1510,1547,data/raw/videos/ASL_2008_03_28/scene28-camera1.mov
UP,UP,Liz,ASL_2008_03_28,28,2035,2065,data/raw/videos/ASL_2008_03_28/scene28-camera1.mov
UP-AHEAD,UP-AHEAD,Tyler,ASL_2008_05_12a,8,3067,3095,data/raw/videos/ASL_2008_05_12a/scene8-camera1.mov
UP-TO-NOW,UP-TO-NOW,Liz,ASL_2008_02_29,32,1230,1296,data/raw/videos/ASL_2008_02_29/scene32-camera1.mov
UPPER,UPPER,Liz,ASL_2008_03_28,28,2505,2535,data/raw/videos/ASL_2008_03_28/scene28-camera1.mov
UPSET,UPSET,Liz,ASL_2008_03_28,28,2805,2860,data/raw/videos/ASL_2008_03_28/scene28-camera1.mov
UPSIDE-DOWN,UPSIDE-DOWN,Liz,ASL_2008_03_28,28,3230,3287,data/raw/videos/ASL_2008_03_28/scene28-camera1.mov
UPSTAIRS,UPSTAIRS,Liz,ASL_2008_02_29,43,731,791,data/raw/videos/ASL_2008_02_29/scene43-camera1.mov
URGE,URGE+,Liz,ASL_2008_02_15,36,2080,2128,data/raw/videos/ASL_2008_02_15/scene36-camera1.mov
USE,USE+,Liz,ASL_2008_03_28,29,1765,1802,data/raw/videos/ASL_2008_03_28/scene29-camera1.mov
USE++AGENT,USE++AGENT,Liz,ASL_2008_01_18,4,1185,1246,data/raw/videos/ASL_2008_01_18/scene4-camera1.mov
USED-TO,USED-TO,Liz,ASL_2008_03_28,29,2495,2530,data/raw/videos/ASL_2008_03_28/scene29-camera1.mov
V,V,Liz,ASL_2008_03_28,29,3065,3118,data/raw/videos/ASL_2008_03_28/scene29-camera1.mov
VACATION,VACATION,Liz,ASL_2008_02_01,51,2761,2815,data/raw/videos/ASL_2008_02_01/scene51-camera1.mov
VACUUM,VACUUM+,Liz,ASL_2008_03_28,30,350,440,data/raw/videos/ASL_2008_03_28/scene30-camera1.mov
VACUUM-UP,VACUUM-UP,Liz,ASL_2008_02_29,52,475,532,data/raw/videos/ASL_2008_02_29/scene52-camera1.mov
VAGINA,VAGINA+,Liz,ASL_2008_03_28,30,1095,1131,data/raw/videos/ASL_2008_03_28/scene30-camera1.mov
VAGUE,VAGUE+,Liz,ASL_2008_02_01,54,1477,1535,data/raw/videos/ASL_2008_02_01/scene54-camera1.mov
VAIN,VAIN,Brady,ASL_2011_07_22_Brady,20,401,429,data/raw/videos/ASL_2011_07_22_Brady/scene20-camera1.mov
VALLEY,VALLEY,Liz,ASL_2008_03_28,30,2182,2235,data/raw/videos/ASL_2008_03_28/scene30-camera1.mov
VANILLA,(1h)VANILLA+,Liz,ASL_2008_03_28,30,2890,2927,data/raw/videos/ASL_2008_03_28/scene30-camera1.mov
VARY,VARY_2,Liz,ASL_2008_03_28,30,3595,3635,data/raw/videos/ASL_2008_03_28/scene30-camera1.mov
VEGETABLE,VEGETABLE,Liz,ASL_2008_03_28,31,335,365,data/raw/videos/ASL_2008_03_28/scene31-camera1.mov
VERY,VERY,Liz,ASL_2008_03_28,31,1790,1835,data/raw/videos/ASL_2008_03_28/scene31-camera1.mov
VERY-FAST,VERY-FAST,Dana,ASL_2007_05_24,13,2507,2555,data/raw/videos/ASL_2007_05_24/scene13-camera1.mov
VETO/REJECT,VETO/REJECT,Brady,ASL_2011_06_14_Brady,21,3925,3945,data/raw/videos/ASL_2011_06_14_Brady/scene21-camera1.mov
VIBRATE,VIBRATE,Liz,ASL_2008_03_28,31,2167,2207,data/raw/videos/ASL_2008_03_28/scene31-camera1.mov
VICE-PRESIDENT,VICE-PRESIDENT,Liz,ASL_2008_03_28,31,2830,2878,data/raw/videos/ASL_2008_03_28/scene31-camera1.mov
VIDEO-CAMERA,VIDEO-CAMERA,Liz,ASL_2008_01_18,44,490,520,data/raw/videos/ASL_2008_01_18/scene44-camera1.mov
VIDEOTAPE_2,VIDEOTAPE_2,Liz,ASL_2008_03_28,31,3087,3121,data/raw/videos/ASL_2008_03_28/scene31-camera1.mov
VINEGAR,VINEGAR+,Liz,ASL_2008_03_28,32,1410,1455,data/raw/videos/ASL_2008_03_28/scene32-camera1.mov
VIOLIN,VIOLIN,Liz,ASL_2008_03_28,32,1671,1740,data/raw/videos/ASL_2008_03_28/scene32-camera1.mov
VIRGIN,VIRGIN,Liz,ASL_2008_03_28,32,1955,1995,data/raw/videos/ASL_2008_03_28/scene32-camera1.mov
VIRGIN+fs-MARY,VIRGIN+fs-MARY,Brady,ASL_2011_06_14_Brady,54,4402,4440,data/raw/videos/ASL_2011_06_14_Brady/scene54-camera1.mov
VIRGIN-MARY,VIRGIN-MARY,Liz,ASL_2008_02_01,58,1630,1697,data/raw/videos/ASL_2008_02_01/scene58-camera1.mov
VISIT+AGENT,VISIT+AGENT,Liz,ASL_2008_03_28,32,2708,2764,data/raw/videos/ASL_2008_03_28/scene32-camera1.mov
VISIT:i,VISIT:i,Liz,ASL_2008_03_28,32,2456,2505,data/raw/videos/ASL_2008_03_28/scene32-camera1.mov
VISUALIZE,VISUALIZE,Liz,ASL_2008_03_28,32,2210,2270,data/raw/videos/ASL_2008_03_28/scene32-camera1.mov
VOCABULARY,VOCABULARY+,Liz,ASL_2008_03_28,32,3080,3125,data/raw/videos/ASL_2008_03_28/scene32-camera1.mov
VODKA,(V)VODKA+,Liz,ASL_2008_03_28,32,4416,4465,data/raw/videos/ASL_2008_03_28/scene32-camera1.mov
VOICE,VOICE,Liz,ASL_2008_03_28,33,861,895,data/raw/videos/ASL_2008_03_28/scene33-camera1.mov
VOICE++(1)TEMPERATURE/PITCH,VOICE++(1)TEMPERATURE/PITCH,Liz,ASL_2008_02_15,40,1841,1933,data/raw/videos/ASL_2008_02_15/scene40-camera1.mov
VOLLEYBALL,VOLLEYBALL+,Liz,ASL_2008_03_28,33,1115,1150,data/raw/videos/ASL_2008_03_28/scene33-camera1.mov
VOLUNTEER/SHIRT,(2h)SHIRT,Liz,ASL_2008_02_29,29,1934,1985,data/raw/videos/ASL_2008_02_29/scene29-camera1.mov
VOMIT,VOMIT,Liz,ASL_2008_03_28,33,1340,1385,data/raw/videos/ASL_2008_03_28/scene33-camera1.mov
VOTE,VOTE,Liz,ASL_2008_03_28,33,1750,1786,data/raw/videos/ASL_2008_03_28/scene33-camera1.mov
W,W,Liz,ASL_2008_03_28,33,2010,2052,data/raw/videos/ASL_2008_03_28/scene33-camera1.mov
WAG,WAG++++,Liz,ASL_2008_03_28,33,2300,2355,data/raw/videos/ASL_2008_03_28/scene33-camera1.mov
WAIST,(bent-B-L)WAIST+,Liz,ASL_2008_03_28,33,2682,2732,data/raw/videos/ASL_2008_03_28/scene33-camera1.mov
WAIT,WAIT+,Liz,ASL_2008_03_28,34,635,700,data/raw/videos/ASL_2008_03_28/scene34-camera1.mov
WAIT-A-MINUTE,WAIT-A-MINUTE,Liz,ASL_2008_03_28,34,375,412,data/raw/videos/ASL_2008_03_28/scene34-camera1.mov
WAKE-UP,WAKE-UP,Liz,ASL_2008_01_11,27,395,420,data/raw/videos/ASL_2008_01_11/scene27-camera1.mov
WALK,(3)WALK+,Liz,ASL_2008_03_28,34,2365,2425,data/raw/videos/ASL_2008_03_28/scene34-camera1.mov
WALL,WALL,Liz,ASL_2008_03_28,34,2640,2675,data/raw/videos/ASL_2008_03_28/scene34-camera1.mov
WALLET,WALLET+,Liz,ASL_2008_03_28,34,3285,3355,data/raw/videos/ASL_2008_03_28/scene34-camera1.mov
WANT,WANT,Liz,ASL_2008_03_28,35,350,390,data/raw/videos/ASL_2008_03_28/scene35-camera1.mov
WANT+NEG,WANT+NEG,Liz,ASL_2008_01_18,22,1452,1487,data/raw/videos/ASL_2008_01_18/scene22-camera1.mov
WARM,WARM,Liz,ASL_2008_03_28,35,1512,1548,data/raw/videos/ASL_2008_03_28/scene35-camera1.mov
WARN,WARN++,Liz,ASL_2008_03_28,35,1780,1821,data/raw/videos/ASL_2008_03_28/scene35-camera1.mov
WASH,WASH+,Liz,ASL_2008_03_28,35,3275,3335,data/raw/videos/ASL_2008_03_28/scene35-camera1.mov
WASH+DISH-pl,WASH+DISH-pl,Brady,ASL_2011_07_22_Brady,23,3424,3466,data/raw/videos/ASL_2011_07_22_Brady/scene23-camera1.mov
WASH-DISH,WASH-DISH+,Liz,ASL_2008_03_28,35,2280,2346,data/raw/videos/ASL_2008_03_28/scene35-camera1.mov
WASH-FACE,(B-L)WASH-FACE+,Liz,ASL_2008_03_28,35,2571,2622,data/raw/videos/ASL_2008_03_28/scene35-camera1.mov
WASH-HANDS,(B-L)WASH-HANDS+,Liz,ASL_2008_03_28,35,3052,3092,data/raw/videos/ASL_2008_03_28/scene35-camera1.mov
WASHING-MACHINE,WASHING-MACHINE++,Liz,ASL_2008_03_28,36,295,355,data/raw/videos/ASL_2008_03_28/scene36-camera1.mov
WASHING-MACHINE+SOAP,WASHING-MACHINE+SOAP+,Liz,ASL_2008_01_18,15,2425,2507,data/raw/videos/ASL_2008_01_18/scene15-camera1.mov
WASTE,WASTE,Liz,ASL_2008_03_28,36,1040,1070,data/raw/videos/ASL_2008_03_28/scene36-camera1.mov
WATCH,WATCH,Liz,ASL_2008_03_28,36,3271,3340,data/raw/videos/ASL_2008_03_28/scene36-camera1.mov
WATER,WATER+,Liz,ASL_2008_03_28,36,3590,3624,data/raw/videos/ASL_2008_03_28/scene36-camera1.mov
WATER++MELON/PUMPKIN,WATER++MELON/PUMPKIN+,Liz,ASL_2008_03_28,37,1175,1235,data/raw/videos/ASL_2008_03_28/scene37-camera1.mov
"WATER++SCL:5""waterfall""","WATER++SCL:5""waterfall""",Liz,ASL_2008_03_28,37,650,713,data/raw/videos/ASL_2008_03_28/scene37-camera1.mov
WATER++SPRINKLER,WATER++SPRINKLER++,Brady,ASL_2011_07_22_Brady,53,3704,3783,data/raw/videos/ASL_2011_07_22_Brady/scene53-camera1.mov
"WATER+BCL""drinking from a water fountain""","WATER+BCL""drinking from a water fountain""",Liz,ASL_2008_03_28,37,365,436,data/raw/videos/ASL_2008_03_28/scene37-camera1.mov
"WATER+DCL""round flat""","WATER+DCL""round flat""",Liz,ASL_2008_02_01,43,1785,1861,data/raw/videos/ASL_2008_02_01/scene43-camera1.mov
WATER+FLOW_2,WATER+FLOW_2,Liz,ASL_2008_01_18,8,3616,3690,data/raw/videos/ASL_2008_01_18/scene8-camera1.mov
WATER+OCEAN,WATER+OCEAN,Lana,ASL_2006_10_10,19,2438,2494,data/raw/videos/ASL_2006_10_10/scene19-camera1.mov
WATER+RIVER,WATER+RIVER_2,Tyler,ASL_2008_05_12b,8,4323,4380,data/raw/videos/ASL_2008_05_12b/scene8-camera1.mov
WATER+WATER-RISE,WATER+WATER-RISE,Liz,ASL_2008_01_18,45,591,647,data/raw/videos/ASL_2008_01_18/scene45-camera1.mov
WATER-PUMP,(1h)WATER-PUMP+,Liz,ASL_2008_02_15,52,935,1027,data/raw/videos/ASL_2008_02_15/scene52-camera1.mov
WATER-RISE,WATER-RISE,Brady,ASL_2011_06_14_Brady,20,2425,2456,data/raw/videos/ASL_2011_06_14_Brady/scene20-camera1.mov
WATERMELON,WATERMELON,Liz,ASL_2008_03_28,37,961,1035,data/raw/videos/ASL_2008_03_28/scene37-camera1.mov
WAVE-GOODBYE,WAVE-GOODBYE,Liz,ASL_2008_03_28,37,1435,1485,data/raw/videos/ASL_2008_03_28/scene37-camera1.mov
WEAK,WEAK+,Liz,ASL_2008_03_28,37,2155,2220,data/raw/videos/ASL_2008_03_28/scene37-camera1.mov
WEALTHY,WEALTHY,Liz,ASL_2008_02_29,15,70,92,data/raw/videos/ASL_2008_02_29/scene15-camera1.mov
WEATHER,WEATHER++,Liz,ASL_2008_03_28,37,2625,2685,data/raw/videos/ASL_2008_03_28/scene37-camera1.mov
WEAVE,WEAVE,Liz,ASL_2008_03_28,38,336,385,data/raw/videos/ASL_2008_03_28/scene38-camera1.mov
WEDDING,WEDDING,Liz,ASL_2008_03_28,38,585,617,data/raw/videos/ASL_2008_03_28/scene38-camera1.mov
WEDNESDAY,WEDNESDAY+,Liz,ASL_2008_03_28,38,802,855,data/raw/videos/ASL_2008_03_28/scene38-camera1.mov
WEEKEND,WEEKEND,Liz,ASL_2008_01_18,2,2085,2120,data/raw/videos/ASL_2008_01_18/scene2-camera1.mov
WELCOME,WELCOME,Liz,ASL_2008_02_01,22,2455,2496,data/raw/videos/ASL_2008_02_01/scene22-camera1.mov
WEST,WEST,Liz,ASL_2008_03_28,39,295,326,data/raw/videos/ASL_2008_03_28/scene39-camera1.mov
WET,WET+,Liz,ASL_2008_03_28,39,527,575,data/raw/videos/ASL_2008_03_28/scene39-camera1.mov
WHALE,(1h)WHALE,Liz,ASL_2010_08_10_Liz_additional_lexicon_signs,11,326,375,data/raw/videos/ASL_2010_08_10_Liz_additional_lexicon_signs/scene11-camera1.mov
WHALE_2,WHALE_2+,Brady,ASL_2011_07_22_Brady,27,2450,2500,data/raw/videos/ASL_2011_07_22_Brady/scene27-camera1.mov
WHAT,WHAT,Liz,ASL_2008_03_28,38,2485,2520,data/raw/videos/ASL_2008_03_28/scene38-camera1.mov
WHEEL,WHEEL+,Liz,ASL_2008_03_28,40,432,492,data/raw/videos/ASL_2008_03_28/scene40-camera1.mov
WHEEL+CART,WHEEL+CART,Brady,ASL_2011_07_22_Brady,28,1447,1501,data/raw/videos/ASL_2011_07_22_Brady/scene28-camera1.mov
WHEELBARROW,WHEELBARROW,Liz,ASL_2008_03_28,40,711,763,data/raw/videos/ASL_2008_03_28/scene40-camera1.mov
WHEELCHAIR,WHEELCHAIR+,Liz,ASL_2008_03_28,40,1219,1311,data/raw/videos/ASL_2008_03_28/scene40-camera1.mov
WHEELCHAIR_2,WHEELCHAIR_2+,Liz,ASL_2008_03_28,40,1842,1907,data/raw/videos/ASL_2008_03_28/scene40-camera1.mov
WHEN,WHEN,Liz,ASL_2008_03_28,40,2080,2129,data/raw/videos/ASL_2008_03_28/scene40-camera1.mov
WHERE,WHERE,Liz,ASL_2008_02_29,38,1795,1830,data/raw/videos/ASL_2008_02_29/scene38-camera1.mov
WHEW/RELIEVED,WHEW/RELIEVED,Liz,ASL_2008_02_29,10,1580,1650,data/raw/videos/ASL_2008_02_29/scene10-camera1.mov
WHICH,WHICH+,Liz,ASL_2008_03_28,40,2497,2551,data/raw/videos/ASL_2008_03_28/scene40-camera1.mov
WHIP,WHIP_2,Liz,ASL_2008_03_28,40,2888,2946,data/raw/videos/ASL_2008_03_28/scene40-camera1.mov
WHISKERS,WHISKERS,Brady,ASL_2011_07_22_Brady,57,3221,3273,data/raw/videos/ASL_2011_07_22_Brady/scene57-camera1.mov
WHISPER,WHISPER,Liz,ASL_2008_03_28,41,375,435,data/raw/videos/ASL_2008_03_28/scene41-camera1.mov
WHISPER_3,WHISPER_2,Liz,ASL_2008_03_28,41,650,694,data/raw/videos/ASL_2008_03_28/scene41-camera1.mov
WHISTLE,(F/9)WHISTLE,Liz,ASL_2008_03_28,41,1396,1447,data/raw/videos/ASL_2008_03_28/scene41-camera1.mov
WHITE,WHITE+,Liz,ASL_2008_03_28,41,1642,1685,data/raw/videos/ASL_2008_03_28/scene41-camera1.mov
WHITE+(5)FACE,WHITE+(5)FACE,Liz,ASL_2008_02_15,29,2673,2715,data/raw/videos/ASL_2008_02_15/scene29-camera1.mov
WHITE+CHALK,WHITE+CHALK,Brady,ASL_2011_06_14_Brady,3,5988,6041,data/raw/videos/ASL_2011_06_14_Brady/scene3-camera1.mov
WHO,WHO,Liz,ASL_2008_03_28,41,2340,2380,data/raw/videos/ASL_2008_03_28/scene41-camera1.mov
WHY,(25)WHY+,Liz,ASL_2008_03_28,41,2576,2595,data/raw/videos/ASL_2008_03_28/scene41-camera1.mov
WIDE,WIDE,Liz,ASL_2008_03_28,41,3065,3090,data/raw/videos/ASL_2008_03_28/scene41-camera1.mov
WIFE,WIFE,Brady,ASL_2011_07_22_Brady,30,1109,1125,data/raw/videos/ASL_2011_07_22_Brady/scene30-camera1.mov
WILD-ABOUT,WILD-ABOUT,Liz,ASL_2008_01_18,8,1402,1420,data/raw/videos/ASL_2008_01_18/scene8-camera1.mov
WILD_2,WILD_2,Tyler,ASL_2008_05_12b,8,3390,3415,data/raw/videos/ASL_2008_05_12b/scene8-camera1.mov
WIN,WIN,Liz,ASL_2008_03_28,42,1905,1940,data/raw/videos/ASL_2008_03_28/scene42-camera1.mov
WIND,STORM/WIND++,Liz,ASL_2008_02_29,48,1645,1740,data/raw/videos/ASL_2008_02_29/scene48-camera1.mov
WINDOW,WINDOW+,Liz,ASL_2008_03_28,42,4707,4757,data/raw/videos/ASL_2008_03_28/scene42-camera1.mov
WINE,WINE++,Liz,ASL_2008_03_28,42,5147,5208,data/raw/videos/ASL_2008_03_28/scene42-camera1.mov
WINE+POP-CORK,WINE+POP-CORK,Tyler,ASL_2008_05_12a,43,585,652,data/raw/videos/ASL_2008_05_12a/scene43-camera1.mov
WINE-BOTTLE,WINE-BOTTLE,Brady,ASL_2011_06_08_Brady,22,24183,24201,data/raw/videos/ASL_2011_06_08_Brady/scene22-camera1.mov
WISDOM,WISDOM+,Liz,ASL_2008_03_28,43,285,315,data/raw/videos/ASL_2008_03_28/scene43-camera1.mov
WITCH,(1h)WITCH,Liz,ASL_2008_03_28,43,1187,1205,data/raw/videos/ASL_2008_03_28/scene43-camera1.mov
WITH,WITH,Liz,ASL_2008_03_28,43,1400,1440,data/raw/videos/ASL_2008_03_28/scene43-camera1.mov
WITH+NEG,WITH+NEG,Liz,ASL_2008_03_28,44,326,354,data/raw/videos/ASL_2008_03_28/scene44-camera1.mov
WOLF,WOLF,Liz,ASL_2010_08_10_Liz_additional_lexicon_signs,4,1048,1085,data/raw/videos/ASL_2010_08_10_Liz_additional_lexicon_signs/scene4-camera1.mov
WOMAN,WOMAN,Liz,ASL_2008_02_01,43,1075,1115,data/raw/videos/ASL_2008_02_01/scene43-camera1.mov
WONDER,WONDER+,Liz,ASL_2008_03_28,44,530,595,data/raw/videos/ASL_2008_03_28/scene44-camera1.mov
WOOD,WOOD++,Liz,ASL_2008_03_28,44,815,880,data/raw/videos/ASL_2008_03_28/scene44-camera1.mov
WORD,WORD+,Liz,ASL_2010_08_10_Liz_additional_lexicon_signs,4,1667,1700,data/raw/videos/ASL_2010_08_10_Liz_additional_lexicon_signs/scene4-camera1.mov
WORK,WORK+,Liz,ASL_2008_02_01,37,2425,2466,data/raw/videos/ASL_2008_02_01/scene37-camera1.mov
WORK-OUT,WORK-OUT+,Liz,ASL_2008_01_18,36,501,552,data/raw/videos/ASL_2008_01_18/scene36-camera1.mov
WORKSHOP,WORKSHOP,Liz,ASL_2008_03_28,44,2415,2451,data/raw/videos/ASL_2008_03_28/scene44-camera1.mov
WORLD,WORLD,Liz,ASL_2008_03_28,44,2671,2727,data/raw/videos/ASL_2008_03_28/scene44-camera1.mov
WORM,WORM+++,Liz,ASL_2008_03_28,44,2920,2982,data/raw/videos/ASL_2008_03_28/scene44-camera1.mov
WORRY,WORRY++,Liz,ASL_2008_03_28,45,320,390,data/raw/videos/ASL_2008_03_28/scene45-camera1.mov
WORSE,WORSE,Tyler,ASL_2008_06_10,21,877,898,data/raw/videos/ASL_2008_06_10/scene21-camera1.mov
WORTH,WORTH+,Liz,ASL_2008_02_01,25,3245,3307,data/raw/videos/ASL_2008_02_01/scene25-camera1.mov
WORTH+NEG,WORTH+NEG,Liz,ASL_2008_03_28,45,1386,1413,data/raw/videos/ASL_2008_03_28/scene45-camera1.mov
WOW,WOW+,Liz,ASL_2008_03_28,45,1945,2005,data/raw/videos/ASL_2008_03_28/scene45-camera1.mov
WOW/AWFUL,WOW/AWFUL,Liz,ASL_2008_01_11,27,931,950,data/raw/videos/ASL_2008_01_11/scene27-camera1.mov
WRAP,WRAP,Liz,ASL_2008_03_28,45,2295,2352,data/raw/videos/ASL_2008_03_28/scene45-camera1.mov
WRENCH/PLUMBING,WRENCH/PLUMBING+,Liz,ASL_2008_02_15,42,2957,3003,data/raw/videos/ASL_2008_02_15/scene42-camera1.mov
WRESTLE++AGENT,WRESTLE++AGENT,Liz,ASL_2008_03_28,46,383,447,data/raw/videos/ASL_2008_03_28/scene46-camera1.mov
WRIST,WRIST+,Liz,ASL_2008_03_28,46,1125,1181,data/raw/videos/ASL_2008_03_28/scene46-camera1.mov
WRITE,WRITE+,Liz,ASL_2008_02_15,34,1450,1470,data/raw/videos/ASL_2008_02_15/scene34-camera1.mov
WRITE+AGENT,WRITE++AGENT,Liz,ASL_2008_03_28,46,1675,1730,data/raw/videos/ASL_2008_03_28/scene46-camera1.mov
WRONG,WRONG,Liz,ASL_2008_03_28,46,1935,1965,data/raw/videos/ASL_2008_03_28/scene46-camera1.mov
X,X,Liz,ASL_2008_03_28,46,2215,2280,data/raw/videos/ASL_2008_03_28/scene46-camera1.mov
XYLOPHONE,XYLOPHONE+++,Liz,ASL_2008_03_28,46,2480,2546,data/raw/videos/ASL_2008_03_28/scene46-camera1.mov
Y,Y,Liz,ASL_2008_03_28,46,2720,2795,data/raw/videos/ASL_2008_03_28/scene46-camera1.mov
YAWN,(Y)YAWN,Liz,ASL_2008_03_28,47,1077,1140,data/raw/videos/ASL_2008_03_28/scene47-camera1.mov
YAWN_2,YAWN_2,Brady,ASL_2011_07_22_Brady,35,1143,1179,data/raw/videos/ASL_2011_07_22_Brady/scene35-camera1.mov
YEAR,YEAR,Liz,ASL_2008_03_28,47,1381,1430,data/raw/videos/ASL_2008_03_28/scene47-camera1.mov
YELLOW,YELLOW++,Liz,ASL_2008_03_28,47,1840,1871,data/raw/videos/ASL_2008_03_28/scene47-camera1.mov
YES,YES+,Liz,ASL_2008_03_28,47,2300,2330,data/raw/videos/ASL_2008_03_28/scene47-camera1.mov
YESTERDAY,YESTERDAY,Liz,ASL_2008_03_28,47,2795,2832,data/raw/videos/ASL_2008_03_28/scene47-camera1.mov
YOM-KIPPUR,YOM-KIPPUR,Liz,ASL_2008_03_28,47,3892,3960,data/raw/videos/ASL_2008_03_28/scene47-camera1.mov
YOUNG,YOUNG+,Liz,ASL_2008_03_28,48,853,900,data/raw/videos/ASL_2008_03_28/scene48-camera1.mov
Z,Z,Liz,ASL_2008_03_28,48,2460,2495,data/raw/videos/ASL_2008_03_28/scene48-camera1.mov
ZERO,ZERO,Liz,ASL_2008_01_11,4,1926,1955,data/raw/videos/ASL_2008_01_11/scene4-camera1.mov
ZIPPER,ZIPPER+,Liz,ASL_2008_03_28,48,2690,2740,data/raw/videos/ASL_2008_03_28/scene48-camera1.mov
ZITS,ZITS+,Liz,ASL_2008_02_15,39,966,1017,data/raw/videos/ASL_2008_02_15/scene39-camera1.mov
fs-BEAVER,fs-BEAVER,Brady,ASL_2011_06_08_Brady,18,1425,1474,data/raw/videos/ASL_2011_06_08_Brady/scene18-camera1.mov
fs-BLOUSE,fs-BLOUSE,Brady,ASL_2011_06_08_Brady,22,1185,1228,data/raw/videos/ASL_2011_06_08_Brady/scene22-camera1.mov
fs-CHECKERS,fs-CHECKERS,Brady,ASL_2011_06_08_Brady,27,1666,1709,data/raw/videos/ASL_2011_06_08_Brady/scene27-camera1.mov
fs-FEATHER,fs-FEATHER,Brady,ASL_2011_06_14_Brady,17,1408,1446,data/raw/videos/ASL_2011_06_14_Brady/scene17-camera1.mov
fs-FEET,fs-FEET,Brady,ASL_2011_06_14_Brady,17,3464,3489,data/raw/videos/ASL_2011_06_14_Brady/scene17-camera1.mov
fs-GRAVITY,fs-GRAVITY,Brady,ASL_2011_06_14_Brady,28,10180,10225,data/raw/videos/ASL_2011_06_14_Brady/scene28-camera1.mov
fs-HALL,fs-HALL,Liz,ASL_2008_02_01,16,502,545,data/raw/videos/ASL_2008_02_01/scene16-camera1.mov
fs-HELL,fs-HELL,Brady,ASL_2011_06_14_Brady,33,4063,4077,data/raw/videos/ASL_2011_06_14_Brady/scene33-camera1.mov
fs-HOLY,fs-HOLY,Brady,ASL_2011_06_14_Brady,35,2102,2125,data/raw/videos/ASL_2011_06_14_Brady/scene35-camera1.mov
fs-I+PHONE,fs-I+PHONE,Liz,ASL_2010_08_10_Liz_additional_lexicon_signs,12,2180,2250,data/raw/videos/ASL_2010_08_10_Liz_additional_lexicon_signs/scene12-camera1.mov
fs-ICE+ICE-SKATE,fs-ICE+ICE-SKATE,Liz,ASL_2010_08_10_Liz_additional_lexicon_signs,30,1896,2000,data/raw/videos/ASL_2010_08_10_Liz_additional_lexicon_signs/scene30-camera1.mov
fs-JELLY,fs-JELLY,Brady,ASL_2011_06_14_Brady,42,10155,10179,data/raw/videos/ASL_2011_06_14_Brady/scene42-camera1.mov
fs-JELLY+FISH,fs-JELLY+FISH,Brady,ASL_2011_06_14_Brady,42,10709,10751,data/raw/videos/ASL_2011_06_14_Brady/scene42-camera1.mov
fs-JEWELRY,fs-JEWELRY,Brady,ASL_2011_06_14_Brady,43,2782,2838,data/raw/videos/ASL_2011_06_14_Brady/scene43-camera1.mov
fs-LAKE,fs-LAKE,Tyler,ASL_2008_05_29b,16,1110,1145,data/raw/videos/ASL_2008_05_29b/scene16-camera1.mov
fs-MAYO,fs-MAYO,Liz,ASL_2008_02_15,1,2370,2397,data/raw/videos/ASL_2008_02_15/scene1-camera1.mov
"fs-MAYO+ICL""spread with knife""","fs-MAYO+ICL""spread with knife""",Tyler,ASL_2008_06_10,11,840,931,data/raw/videos/ASL_2008_06_10/scene11-camera1.mov
fs-PICKLE,fs-PICKLE,Brady,ASL_2011_07_19_Brady,32,1113,1166,data/raw/videos/ASL_2011_07_19_Brady/scene32-camera1.mov
fs-REHAB,fs-REHAB,Liz,ASL_2008_02_29,9,106,166,data/raw/videos/ASL_2008_02_29/scene9-camera1.mov
fs-TATTOO,fs-TATTOO,Brady,ASL_2011_07_19_Brady,110,463,500,data/raw/videos/ASL_2011_07_19_Brady/scene110-camera1.mov
fs-WART,fs-WART,Brady,ASL_2011_07_22_Brady,23,2124,2169,data/raw/videos/ASL_2011_07_22_Brady/scene23-camera1.mov
ns-#FLA,ns-#FLA,Liz,ASL_2008_01_18,43,1840,1860,data/raw/videos/ASL_2008_01_18/scene43-camera1.mov
ns-#HI,ns-#HI,Liz,ASL_2008_02_01,15,1810,1836,data/raw/videos/ASL_2008_02_01/scene15-camera1.mov
ns-#KC,ns-#KC,Liz,ASL_2008_02_01,38,5480,5521,data/raw/videos/ASL_2008_02_01/scene38-camera1.mov
ns-#LA,ns-#LA,Liz,ASL_2008_02_01,54,816,846,data/raw/videos/ASL_2008_02_01/scene54-camera1.mov
ns-#SD,ns-#SD,Liz,ASL_2008_02_29,21,2325,2375,data/raw/videos/ASL_2008_02_29/scene21-camera1.mov
ns-#SF,ns-#SF,Liz,ASL_2008_02_29,21,2565,2606,data/raw/videos/ASL_2008_02_29/scene21-camera1.mov
ns-#US,ns-#US,Liz,ASL_2008_03_28,28,970,1020,data/raw/videos/ASL_2008_03_28/scene28-camera1.mov
ns-AFRICA,ns-AFRICA,Liz,ASL_2008_01_11,8,1770,1815,data/raw/videos/ASL_2008_01_11/scene8-camera1.mov
ns-AFRICA+ns-AMERICA+AGENT,(A)ns-AFRICA+ns-AMERICA+AGENT,Liz,ASL_2008_01_11,8,2145,2269,data/raw/videos/ASL_2008_01_11/scene8-camera1.mov
ns-AMERICA,ns-AMERICA+,Liz,ASL_2008_01_11,13,770,830,data/raw/videos/ASL_2008_01_11/scene13-camera1.mov
ns-AMERICA+SIGN+LANGUAGE,ns-AMERICA+SIGN+LANGUAGE,Brady,ASL_2011_06_08_Brady,11,6381,6421,data/raw/videos/ASL_2011_06_08_Brady/scene11-camera1.mov
ns-AMERICAN-INDIAN,ns-AMERICAN-INDIAN,Liz,ASL_2008_02_15,15,2220,2272,data/raw/videos/ASL_2008_02_15/scene15-camera1.mov
ns-ARIZONA,ns-ARIZONA,Liz,ASL_2008_01_11,21,695,730,data/raw/videos/ASL_2008_01_11/scene21-camera1.mov
ns-ASIA,ns-ASIA_2,Liz,ASL_2008_01_11,23,225,295,data/raw/videos/ASL_2008_01_11/scene23-camera1.mov
ns-ATHENS,ns-ATHENS,Liz,ASL_2008_01_11,24,335,370,data/raw/videos/ASL_2008_01_11/scene24-camera1.mov
ns-ATLANTA,ns-ATLANTA,Liz,ASL_2008_01_11,24,555,595,data/raw/videos/ASL_2008_01_11/scene24-camera1.mov
ns-AUSTRALIA,ns-AUSTRALIA,Liz,ASL_2008_01_11,25,1810,1835,data/raw/videos/ASL_2008_01_11/scene25-camera1.mov
ns-BALTIMORE,ns-BALTIMORE,Liz,ASL_2008_01_11,31,550,585,data/raw/videos/ASL_2008_01_11/scene31-camera1.mov
ns-BANGLADESH,ns-BANGLADESH,Brady,ASL_2011_06_08_Brady,16,4558,4588,data/raw/videos/ASL_2011_06_08_Brady/scene16-camera1.mov
ns-BELGIUM,ns-BELGIUM,Liz,ASL_2008_01_11,39,310,345,data/raw/videos/ASL_2008_01_11/scene39-camera1.mov
ns-BOSTON,ns-BOSTON,Liz,ASL_2008_01_11,51,845,891,data/raw/videos/ASL_2008_01_11/scene51-camera1.mov
ns-BRITAIN,ns-BRITAIN,Liz,ASL_2008_01_18,32,821,855,data/raw/videos/ASL_2008_01_18/scene32-camera1.mov
ns-BULGARIA,ns-BULGARIA_2,Liz,ASL_2008_01_11,58,3266,3305,data/raw/videos/ASL_2008_01_11/scene58-camera1.mov
ns-BURGER-KING,ns-BURGER-KING,Liz,ASL_2010_08_10_Liz_additional_lexicon_signs,25,905,976,data/raw/videos/ASL_2010_08_10_Liz_additional_lexicon_signs/scene25-camera1.mov
ns-CENTRAL-AMERICA,ns-CENTRAL-AMERICA,Liz,ASL_2008_01_11,68,335,395,data/raw/videos/ASL_2008_01_11/scene68-camera1.mov
ns-CHARLOTTE,ns-CHARLOTTE,Liz,ASL_2008_01_11,71,285,320,data/raw/videos/ASL_2008_01_11/scene71-camera1.mov
ns-CHICAGO,ns-CHICAGO,Liz,ASL_2008_01_11,74,805,840,data/raw/videos/ASL_2008_01_11/scene74-camera1.mov
ns-CHINA,ns-CHINA,Liz,ASL_2008_01_11,75,715,755,data/raw/videos/ASL_2008_01_11/scene75-camera1.mov
ns-COKE,ns-COKE,Liz,ASL_2008_01_11,82,1400,1443,data/raw/videos/ASL_2008_01_11/scene82-camera1.mov
ns-COLOR+fs-DO,ns-COLOR+fs-DO,Liz,ASL_2008_01_11,83,1390,1455,data/raw/videos/ASL_2008_01_11/scene83-camera1.mov
ns-COLORADO,ns-COLORADO,Brady,ASL_2011_06_08_Brady,28,16312,16367,data/raw/videos/ASL_2011_06_08_Brady/scene28-camera1.mov
ns-COLORADO_2,ns-COLORADO_2,Liz,ASL_2008_01_11,84,261,315,data/raw/videos/ASL_2008_01_11/scene84-camera1.mov
ns-COLUMBIA,ns-COLUMBIA,Liz,ASL_2008_01_11,84,505,531,data/raw/videos/ASL_2008_01_11/scene84-camera1.mov
ns-COSTA-RICA,ns-COSTA-RICA,Brady,ASL_2011_06_08_Brady,30,8367,8398,data/raw/videos/ASL_2011_06_08_Brady/scene30-camera1.mov
ns-DALLAS,ns-DALLAS,Liz,ASL_2008_01_18,11,2085,2116,data/raw/videos/ASL_2008_01_18/scene11-camera1.mov
ns-DETROIT,ns-DETROIT,Liz,ASL_2008_01_18,16,1010,1050,data/raw/videos/ASL_2008_01_18/scene16-camera1.mov
ns-ECUADOR,ns-ECUADOR,Liz,ASL_2008_01_18,28,2090,2130,data/raw/videos/ASL_2008_01_18/scene28-camera1.mov
ns-EGYPT,ns-EGYPT,Liz,ASL_2008_01_18,29,670,706,data/raw/videos/ASL_2008_01_18/scene29-camera1.mov
ns-EL-SALVADOR,ns-EL-SALVADOR,Liz,ASL_2008_01_18,29,2550,2587,data/raw/videos/ASL_2008_01_18/scene29-camera1.mov
ns-ENGLAND/ENGLISH,ns-ENGLAND/ENGLISH,Liz,ASL_2008_01_18,32,525,565,data/raw/videos/ASL_2008_01_18/scene32-camera1.mov
ns-EUROPE,ns-EUROPE,Liz,ASL_2008_01_18,33,1270,1316,data/raw/videos/ASL_2008_01_18/scene33-camera1.mov
ns-FORT-WORTH,ns-FORT-WORTH,Liz,ASL_2008_01_18,48,1665,1700,data/raw/videos/ASL_2008_01_18/scene48-camera1.mov
ns-FORT-WORTH-DALLAS,ns-FORT-WORTH-DALLAS,Tyler,ASL_2008_05_29a,28,1515,1545,data/raw/videos/ASL_2008_05_29a/scene28-camera1.mov
ns-FRANCE,ns-FRANCE,Liz,ASL_2008_01_18,49,840,865,data/raw/videos/ASL_2008_01_18/scene49-camera1.mov
ns-GALLAUDET,ns-GALLAUDET,Liz,ASL_2008_02_01,2,601,640,data/raw/videos/ASL_2008_02_01/scene2-camera1.mov
ns-GERMANY,ns-GERMANY,Liz,ASL_2008_02_01,3,1475,1520,data/raw/videos/ASL_2008_02_01/scene3-camera1.mov
ns-GOLDEN-ARCHES,ns-GOLDEN-ARCHES,Liz,ASL_2010_08_10_Liz_additional_lexicon_signs,21,483,525,data/raw/videos/ASL_2010_08_10_Liz_additional_lexicon_signs/scene21-camera1.mov
ns-GREECE,ns-GREECE,Liz,ASL_2008_02_01,11,3120,3150,data/raw/videos/ASL_2008_02_01/scene11-camera1.mov
ns-GREECE_2,ns-GREECE_2,Tyler,ASL_2008_05_29a,41,5047,5080,data/raw/videos/ASL_2008_05_29a/scene41-camera1.mov
ns-HAWAII,ns-HAWAII,Brady,ASL_2011_06_14_Brady,32,3518,3553,data/raw/videos/ASL_2011_06_14_Brady/scene32-camera1.mov
ns-HOLLYWOOD,ns-HOLLYWOOD+,Brady,ASL_2011_06_14_Brady,35,1149,1185,data/raw/videos/ASL_2011_06_14_Brady/scene35-camera1.mov
ns-HOUSTON,ns-HOUSTON,Liz,ASL_2008_02_01,25,1445,1477,data/raw/videos/ASL_2008_02_01/scene25-camera1.mov
ns-HUNGARY,ns-HUNGARY,Liz,ASL_2008_02_01,26,2202,2246,data/raw/videos/ASL_2008_02_01/scene26-camera1.mov
ns-INDIA,ns-INDIA,Liz,ASL_2008_02_01,31,465,501,data/raw/videos/ASL_2008_02_01/scene31-camera1.mov
ns-IRAQ,ns-IRAQ,Liz,ASL_2008_02_01,35,482,525,data/raw/videos/ASL_2008_02_01/scene35-camera1.mov
ns-IRELAND,ns-IRELAND,Liz,ASL_2008_02_01,35,720,761,data/raw/videos/ASL_2008_02_01/scene35-camera1.mov
ns-ISLAND-HAITI,ns-ISLAND-HAITI,Liz,ASL_2008_02_01,15,2010,2075,data/raw/videos/ASL_2008_02_01/scene15-camera1.mov
ns-ISRAEL,ns-ISRAEL,Liz,ASL_2008_02_01,35,4276,4326,data/raw/videos/ASL_2008_02_01/scene35-camera1.mov
ns-ITALY,ns-ITALY,Liz,ASL_2008_02_01,36,1161,1211,data/raw/videos/ASL_2008_02_01/scene36-camera1.mov
ns-JESUS,ns-JESUS,Liz,ASL_2008_02_01,37,1507,1545,data/raw/videos/ASL_2008_02_01/scene37-camera1.mov
ns-JESUS+AGENT,ns-JESUS+AGENT,Liz,ASL_2008_01_11,76,893,970,data/raw/videos/ASL_2008_01_11/scene76-camera1.mov
ns-JESUS+BOOK,ns-JESUS+BOOK,Liz,ASL_2008_01_11,41,1298,1363,data/raw/videos/ASL_2008_01_11/scene41-camera1.mov
ns-LINCOLN,ns-LINCOLN,Liz,ASL_2010_08_10_Liz_additional_lexicon_signs,21,158,202,data/raw/videos/ASL_2010_08_10_Liz_additional_lexicon_signs/scene21-camera1.mov
ns-LONDON,ns-LONDON,Liz,ASL_2008_02_01,52,520,570,data/raw/videos/ASL_2008_02_01/scene52-camera1.mov
ns-MAINE,ns-MAINE,Brady,ASL_2011_07_19_Brady,34,2079,2107,data/raw/videos/ASL_2011_07_19_Brady/scene34-camera1.mov
ns-MCDONALD,ns-MCDONALD,Liz,ASL_2010_08_10_Liz_additional_lexicon_signs,21,331,398,data/raw/videos/ASL_2010_08_10_Liz_additional_lexicon_signs/scene21-camera1.mov
ns-MEXICO/SPAIN,ns-MEXICO/SPAIN,Liz,ASL_2008_02_15,4,960,1020,data/raw/videos/ASL_2008_02_15/scene4-camera1.mov
ns-MIAMI,ns-MIAMI,Liz,ASL_2008_02_15,4,2055,2090,data/raw/videos/ASL_2008_02_15/scene4-camera1.mov
ns-MICKEY-MOUSE,ns-MICKEY-MOUSE,Liz,ASL_2010_08_10_Liz_additional_lexicon_signs,21,667,719,data/raw/videos/ASL_2010_08_10_Liz_additional_lexicon_signs/scene21-camera1.mov
ns-MONTANA,ns-MONTANA,Liz,ASL_2008_02_15,8,746,785,data/raw/videos/ASL_2008_02_15/scene8-camera1.mov
ns-MOSES,ns-MOSES,Liz,ASL_2008_02_15,10,985,1041,data/raw/videos/ASL_2008_02_15/scene10-camera1.mov
ns-NETHERLANDS,ns-NETHERLANDS,Liz,ASL_2008_02_01,23,1262,1310,data/raw/videos/ASL_2008_02_01/scene23-camera1.mov
ns-NEW-ORLEANS,ns-NEW-ORLEANS,Liz,ASL_2008_02_15,18,600,652,data/raw/videos/ASL_2008_02_15/scene18-camera1.mov
ns-NEW-YORK,ns-NEW-YORK,Liz,ASL_2008_02_15,18,1245,1281,data/raw/videos/ASL_2008_02_15/scene18-camera1.mov
ns-NIGERIA,ns-NIGERIA,Liz,ASL_2008_02_15,19,2095,2140,data/raw/videos/ASL_2008_02_15/scene19-camera1.mov
ns-NORTH-AMERICA,ns-NORTH-AMERICA,Liz,ASL_2008_02_15,20,1725,1782,data/raw/videos/ASL_2008_02_15/scene20-camera1.mov
ns-PARIS,ns-PARIS,Liz,ASL_2008_02_15,31,1090,1141,data/raw/videos/ASL_2008_02_15/scene31-camera1.mov
ns-PEPSI,ns-PEPSI,Lana,ASL_2006_10_10,21,369,395,data/raw/videos/ASL_2006_10_10/scene21-camera1.mov
ns-PHILADELPHIA,ns-PHILADELPHIA,Liz,ASL_2008_02_15,37,1370,1435,data/raw/videos/ASL_2008_02_15/scene37-camera1.mov
ns-PINOCCHIO,ns-PINOCCHIO,Brady,ASL_2011_07_19_Brady,33,5279,5306,data/raw/videos/ASL_2011_07_19_Brady/scene33-camera1.mov
ns-PITTSBURGH,ns-PITTSBURGH,Liz,ASL_2008_02_15,40,3067,3130,data/raw/videos/ASL_2008_02_15/scene40-camera1.mov
ns-PORTUGAL,ns-PORTUGAL,Brady,ASL_2011_07_19_Brady,38,3788,3807,data/raw/videos/ASL_2011_07_19_Brady/scene38-camera1.mov
ns-PORTUGAL_2,ns-PORTUGAL_2,Liz,ASL_2008_02_15,44,2790,2847,data/raw/videos/ASL_2008_02_15/scene44-camera1.mov
ns-PUERTO-RICO,ns-PUERTO-RICO,Liz,ASL_2008_02_15,51,2071,2120,data/raw/videos/ASL_2008_02_15/scene51-camera1.mov
ns-PUERTO-RICO_2,ns-PUERTO-RICO_2,Liz,ASL_2008_02_15,51,2330,2390,data/raw/videos/ASL_2008_02_15/scene51-camera1.mov
ns-QUEBEC,ns-QUEBEC,Liz,ASL_2010_08_10_Liz_additional_lexicon_signs,13,1076,1125,data/raw/videos/ASL_2010_08_10_Liz_additional_lexicon_signs/scene13-camera1.mov
ns-RICHMOND,ns-RICHMOND,Liz,ASL_2008_02_29,15,332,365,data/raw/videos/ASL_2008_02_29/scene15-camera1.mov
ns-RUSSIA,ns-RUSSIA,Liz,ASL_2008_02_29,20,1795,1832,data/raw/videos/ASL_2008_02_29/scene20-camera1.mov
ns-SANTA-CLAUS,ns-SANTA-CLAUS,Liz,ASL_2008_02_29,21,3910,3955,data/raw/videos/ASL_2008_02_29/scene21-camera1.mov
ns-SCOTLAND,ns-SCOTLAND,Liz,ASL_2008_02_29,24,1265,1325,data/raw/videos/ASL_2008_02_29/scene24-camera1.mov
ns-SINGAPORE,ns-SINGAPORE,Brady,ASL_2011_07_22_Brady,53,217,255,data/raw/videos/ASL_2011_07_22_Brady/scene53-camera1.mov
ns-SWEDEN,ns-SWEDEN,Liz,ASL_2008_03_28,2,315,361,data/raw/videos/ASL_2008_03_28/scene2-camera1.mov
ns-SWITZERLAND,ns-SWITZERLAND,Liz,ASL_2008_03_28,2,6955,7015,data/raw/videos/ASL_2008_03_28/scene2-camera1.mov
ns-TEXAS,ns-TEXAS,Liz,ASL_2008_03_28,8,1206,1240,data/raw/videos/ASL_2008_03_28/scene8-camera1.mov
ns-VIETNAM,ns-VIETNAM,Liz,ASL_2008_03_28,32,142,180,data/raw/videos/ASL_2008_03_28/scene32-camera1.mov
ns-WASHINGTON,ns-WASHINGTON,Liz,ASL_2008_03_28,36,810,850,data/raw/videos/ASL_2008_03_28/scene36-camera1.mov
ns-WASHINGTON+fs-DC,ns-WASHINGTON+fs-DC,Liz,ASL_2008_03_28,36,555,626,data/raw/videos/ASL_2008_03_28/scene36-camera1.mov
ns-fs-BEIJING,ns-fs-BEIJING,Brady,ASL_2011_06_08_Brady,18,8333,8376,data/raw/videos/ASL_2011_06_08_Brady/scene18-camera1.mov
ns-fs-CHILE,ns-fs-CHILE,Brady,ASL_2011_06_08_Brady,27,8017,8052,data/raw/videos/ASL_2011_06_08_Brady/scene27-camera1.mov
ns-fs-COKE,ns-fs-COKE,Dana,ASL_2007_05_24,9,2583,2626,data/raw/videos/ASL_2007_05_24/scene9-camera1.mov
ns-fs-DALLAS,ns-fs-DALLAS,Brady,ASL_2011_06_08_Brady,32,3108,3148,data/raw/videos/ASL_2011_06_08_Brady/scene32-camera1.mov
ns-fs-JORDAN,ns-fs-JORDAN,Brady,ASL_2011_06_14_Brady,43,5924,5968,data/raw/videos/ASL_2011_06_14_Brady/scene43-camera1.mov
ns-nat-AMSTERDAM,ns-nat-AMSTERDAM,Liz,ASL_2008_01_11,14,325,371,data/raw/videos/ASL_2008_01_11/scene14-camera1.mov
ns-nat-AUSTRALIA,ns-nat-AUSTRALIA,Liz,ASL_2008_01_11,26,611,645,data/raw/videos/ASL_2008_01_11/scene26-camera1.mov
ns-nat-AUSTRIA,ns-nat-AUSTRIA,Liz,ASL_2008_01_11,26,916,955,data/raw/videos/ASL_2008_01_11/scene26-camera1.mov
ns-nat-BEIJING,ns-nat-BEIJING,Liz,ASL_2008_01_11,38,1395,1426,data/raw/videos/ASL_2008_01_11/scene38-camera1.mov
ns-nat-BOLIVIA,ns-nat-BOLIVIA,Liz,ASL_2008_01_11,49,1136,1180,data/raw/videos/ASL_2008_01_11/scene49-camera1.mov
ns-nat-BOMBAY,ns-nat-BOMBAY,Liz,ASL_2008_01_11,50,461,510,data/raw/videos/ASL_2008_01_11/scene50-camera1.mov
ns-nat-BRAZIL,ns-nat-BRAZIL,Liz,ASL_2008_01_11,39,695,720,data/raw/videos/ASL_2008_01_11/scene39-camera1.mov
ns-nat-CANADA,ns-nat-CANADA,Liz,ASL_2008_01_11,63,290,320,data/raw/videos/ASL_2008_01_11/scene63-camera1.mov
ns-nat-CHILE,ns-nat-CHILE,Liz,ASL_2008_01_11,74,1490,1524,data/raw/videos/ASL_2008_01_11/scene74-camera1.mov
ns-nat-CHINA,ns-nat-CHINA,Liz,ASL_2008_01_11,75,456,515,data/raw/videos/ASL_2008_01_11/scene75-camera1.mov
ns-nat-CUBA,ns-nat-CUBA,Liz,ASL_2008_01_18,10,392,415,data/raw/videos/ASL_2008_01_18/scene10-camera1.mov
ns-nat-DENMARK,ns-nat-DENMARK,Liz,ASL_2008_01_18,14,1595,1647,data/raw/videos/ASL_2008_01_18/scene14-camera1.mov
ns-nat-DOMINICAN-REPUBLIC,ns-nat-DOMINICAN-REPUBLIC,Liz,ASL_2008_01_18,21,1912,1955,data/raw/videos/ASL_2008_01_18/scene21-camera1.mov
ns-nat-DUBLIN,ns-nat-DUBLIN,Liz,ASL_2008_01_18,26,696,730,data/raw/videos/ASL_2008_01_18/scene26-camera1.mov
ns-nat-FINLAND,ns-nat-FINLAND,Liz,ASL_2008_01_18,42,1342,1375,data/raw/videos/ASL_2008_01_18/scene42-camera1.mov
ns-nat-GERMANY,ns-nat-GERMANY,Liz,ASL_2008_02_01,3,1700,1745,data/raw/videos/ASL_2008_02_01/scene3-camera1.mov
ns-nat-GREECE,ns-nat-GREECE,Liz,ASL_2008_02_01,12,290,350,data/raw/videos/ASL_2008_02_01/scene12-camera1.mov
ns-nat-GUATEMALA,ns-nat-GUATEMALA,Liz,ASL_2008_02_01,13,881,952,data/raw/videos/ASL_2008_02_01/scene13-camera1.mov
ns-nat-HAMBURG,ns-nat-HAMBURG,Liz,ASL_2008_02_01,16,1465,1515,data/raw/videos/ASL_2008_02_01/scene16-camera1.mov
ns-nat-HONG-KONG,ns-nat-HONG-KONG,Liz,ASL_2008_02_01,24,692,719,data/raw/videos/ASL_2008_02_01/scene24-camera1.mov
ns-nat-HUNGARY,ns-nat-HUNGARY,Liz,ASL_2008_02_01,26,2430,2455,data/raw/videos/ASL_2008_02_01/scene26-camera1.mov
ns-nat-INDONESIA,ns-nat-INDONESIA,Liz,ASL_2008_02_01,31,876,922,data/raw/videos/ASL_2008_02_01/scene31-camera1.mov
ns-nat-ISTANBUL,ns-nat-ISTANBUL,Liz,ASL_2008_02_01,36,431,487,data/raw/videos/ASL_2008_02_01/scene36-camera1.mov
ns-nat-ITALY,ns-nat-ITALY,Liz,ASL_2008_02_01,36,920,960,data/raw/videos/ASL_2008_02_01/scene36-camera1.mov
ns-nat-JAMAICA,ns-nat-JAMAICA,Liz,ASL_2008_02_01,36,1651,1700,data/raw/videos/ASL_2008_02_01/scene36-camera1.mov
ns-nat-JAPAN,ns-nat-JAPAN,Liz,ASL_2008_02_01,36,1880,1915,data/raw/videos/ASL_2008_02_01/scene36-camera1.mov
ns-nat-JERUSALEM,ns-nat-JERUSALEM,Liz,ASL_2008_02_01,37,1216,1260,data/raw/videos/ASL_2008_02_01/scene37-camera1.mov
ns-nat-JORDAN,ns-nat-JORDAN,Liz,ASL_2008_02_01,37,3059,3105,data/raw/videos/ASL_2008_02_01/scene37-camera1.mov
ns-nat-KOREA,ns-nat-KOREA,Liz,ASL_2008_02_01,42,2120,2187,data/raw/videos/ASL_2008_02_01/scene42-camera1.mov
ns-nat-LEBANON,ns-nat-LEBANON,Liz,ASL_2008_02_01,45,2505,2550,data/raw/videos/ASL_2008_02_01/scene45-camera1.mov
ns-nat-MALAYSIA,ns-nat-MALAYSIA,Liz,ASL_2008_02_01,57,720,780,data/raw/videos/ASL_2008_02_01/scene57-camera1.mov
ns-nat-MEXICO,ns-nat-MEXICO,Liz,ASL_2008_02_15,3,4410,4455,data/raw/videos/ASL_2008_02_15/scene3-camera1.mov
ns-nat-MILAN,ns-nat-MILAN,Liz,ASL_2008_02_15,4,4000,4066,data/raw/videos/ASL_2008_02_15/scene4-camera1.mov
ns-nat-NETHERLANDS,ns-nat-NETHERLANDS,Liz,ASL_2008_02_01,23,1465,1516,data/raw/videos/ASL_2008_02_01/scene23-camera1.mov
ns-nat-PAKISTAN,ns-nat-PAKISTAN,Liz,ASL_2008_02_15,29,2428,2506,data/raw/videos/ASL_2008_02_15/scene29-camera1.mov
ns-nat-POLAND,ns-nat-POLAND,Liz,ASL_2008_02_15,43,2541,2600,data/raw/videos/ASL_2008_02_15/scene43-camera1.mov
ns-nat-RUSSIA,ns-nat-RUSSIA,Liz,ASL_2008_02_01,24,480,516,data/raw/videos/ASL_2008_02_01/scene24-camera1.mov
ns-nat-SHANGHAI,ns-nat-SHANGHAI,Liz,ASL_2008_02_29,28,2355,2576,data/raw/videos/ASL_2008_02_29/scene28-camera1.mov
ns-nat-SPAIN,ns-nat-SPAIN,Liz,ASL_2008_02_29,40,790,840,data/raw/videos/ASL_2008_02_29/scene40-camera1.mov
ns-nat-SRI-LANKA,ns-nat-SRI-LANKA,Liz,ASL_2008_02_29,42,1812,1865,data/raw/videos/ASL_2008_02_29/scene42-camera1.mov
ns-nat-THAILAND,ns-nat-THAILAND,Liz,ASL_2008_03_28,8,1495,1525,data/raw/videos/ASL_2008_03_28/scene8-camera1.mov
ns-nat-TRINIDAD-AND-TOBAGO,ns-nat-TRINIDAD-AND-TOBAGO,Liz,ASL_2008_03_28,23,505,567,data/raw/videos/ASL_2008_03_28/scene23-camera1.mov
